data,hora,natureza_acidente,situacao,bairro,endereco,numero,detalhe_endereco_acidente,complemento,endereco_cruzamento,numero_cruzamento,referencia_cruzamento,bairro_cruzamento,num_semaforo,sentido_via,tipo,descricao,auto,moto,ciclom,ciclista,pedestre,onibus,caminhao,viatura,outros,vitimas,vitimasfatais,acidente_verificado,tempo_clima,situacao_semaforo,sinalizacao,condicao_via,conservacao_via,ponto_controle,situacao_placa,velocidade_max_via,mao_direcao,divisao_via1,divisao_via2,divisao_via3,,,,
2018-01-06,07:37:00,SEM VÍTIMA,FINALIZADA,ENCRUZILHADA,RUA FERNANDO CESAR,258,,E/F A RESIDENCIA,RUA FERNANDO CESAR,258,E/F A RESIDENCIA,ENCRUZILHADA,,,COLISÃO,SEM VÍTIMAS,1,1,,,,,,,,0,,,,,,,,,,,,,,,,,,
2018-01-06,07:40:00,SEM VÍTIMA,FINALIZADA,TOTÓ,AV LIBERDADE,612,,EM FRENTE DE MARCOS CARBORADOR,AV LIBERDADE,612,EM FRENTE DE MARCOS CARBORADOR,TOTÓ,,,COLISÃO,COL.S/V.SET.JARDIM SÃO PAULO,1,1,,,,,,,,0,,,,,,,,,,,,,,,,,,
2018-01-06,07:54:00,SEM VÍTIMA,FINALIZADA,BOA VISTA,RUA DAS NINFAS,189,,E/F AO EDF. MOZART, SENTIDO CONDE DA BOA VISTA,RUA DAS NINFAS,189,E/F AO EDF. MOZART, SENTIDO CONDE DA BOA VISTA,BOA VISTA,,,COLISÃO,SEM VÍTIMAS,,,,,,,,,,0,,,,,,,,,,,,,,,,
2018-01-06,09:05:00,SEM VÍTIMA,FINALIZADA,DERBY,RUA AMAURI DE MEDEIROS,110,,PROX AO COLEGIO MILITAR EM FRENTE AO EDIFICIO DERBY PARQUE,RUA AMAURI DE MEDEIROS,110,PROX AO COLEGIO MILITAR EM FRENTE AO EDIFICIO DERBY PARQUE,DERBY,,,COLISÃO,COLISÃO SEM VITIMAS,2,,,,,,,,,0,,,,,,,,,,,,,,,,,,
2018-01-06,09:58:00,SEM VÍTIMA,FINALIZADA,LINHA DO TIRO,RUA URIEL DE HOLANDA,371,,E/F A ESCOLA CECILIA MEIRELES,RUA URIEL DE HOLANDA,371,E/F A ESCOLA CECILIA MEIRELES,LINHA DO TIRO,,,COLISÃO,SEM VÍTIMAS.,2,,,,,,,,,0,,,,,,,,,,,,,,,,,,
2018-01-06,10:08:00,SEM VÍTIMA,FINALIZADA,BOA VIAGEM,AV BOA VIAGEM,2170,,SEGUNDO JARDIM EM FRENTE AO EDIFICIO JACARANDA,AV BOA VIAGEM,2170,SEGUNDO JARDIM EM FRENTE AO EDIFICIO JACARANDA,BOA VIAGEM,,,COLISÃO,COLISÃO SEM VITIMAS,2,,,,,,,,,0,,,,,,,,,,,,,,,,,,
2018-01-06,11:35:00,COM VÍTIMA,FINALIZADA,BOA VISTA,AV CONDE DA BOA VISTA,,,EM FRENTE AO RESTAURANTE MUSTANG,AV CONDE DA BOA VISTA,,EM FRENTE AO RESTAURANTE MUSTANG,BOA VISTA,,,COLISÃO,COLISÃO COM VÍTIMA,1,,1,,,,,,,2,,,,,,,,,,,,,,,,,,
2018-01-06,11:39:00,SEM VÍTIMA,FINALIZADA,AFOGADOS,RUA DA PAZ,,,EM FRENTE AO BANCO ITAU,RUA DA PAZ,,EM FRENTE AO BANCO ITAU,AFOGADOS,,,COLISÃO,COLISÃO SEM VÍTIMA,1,,,,,1,,,,0,,,,,,,,,,,,,,,,,,
2018-01-06,12:25:00,COM VÍTIMA,FINALIZADA,TAMARINEIRA,EST VELHA DE AGUA FRIA,,,APOS O DENOX, ANTES DA FERREIRA COSTA,EST VELHA DE AGUA FRIA,,APOS O DENOT, ANTES DA FERREIRA COSTA,TAMARINEIRA,,,COLISÃO,COLISÃO COM VÍTIMA,1,1,,,,,,,,1,,,,,,,,,,,,,,,,
2018-01-06,12:23:00,COM VÍTIMA,FINALIZADA,CABANGA,PTE GOVERNADOR PAULO GUERRA,,,NO INICIO DA PONTE/ SENTIDO BOA VIAGEM,PTE GOVERNADOR PAULO GUERRA,,NO INICIO DA PONTE/ SENTIDO BOA VIAGEM,CABANGA,,,COLISÃO,COLISÃO COM VÍTIMA,1,1,,,,,,,,1,,,,,,,,,,,,,,,,,,
2018-01-06,12:34:00,SEM VÍTIMA,FINALIZADA,GRAÇAS,AV RUI BARBOSA,,,PROX. AO PARQUE DA JAQUEIRA, DEFRONTE AO COLGIO NUCLEO,AV RUI BARBOSA,,PROX. AO PARQUE DA JAQUEIRA, DEFRONTE AO COLGIO NUCLEO,GRAÇAS,,,COLISÃO,COLISÃO SEM VITIMA,1,,,,,,,,1,0,,,,,,,,,,,,,,,,
2018-01-06,12:54:00,SEM VÍTIMA,CANCELADA,AFOGADOS,RUA NICOLAU PEREIRA,,RUA DA PAZ,COM A RUA DA PAZ, AO LADO DA FABRICA DE SABÃO ASA, NO SEMAFORO 073,RUA NICOLAU PEREIRA,,COM A RUA DA PAZ, AO LADO DA FABRICA DE SABÃO ASA, NO SEMAFORO 073,AFOGADOS,,,COLISÃO,AUTO E CAMINHÃO,1,,,,,,1,,,0,,,,,,,,,,,,,,
2018-01-06,13:20:00,SEM VÍTIMA,FINALIZADA,CABANGA,AV SATURNINO DE BRITO,1253,,ESTAÇÃO DE TRATAMENTO COMPESA,AV SATURNINO DE BRITO,1253,ESTAÇÃO DE TRATAMENTO COMPESA,CABANGA,,,COLISÃO,COLISÃO ENVOLVENDO DOIS AUTOS SEM VÍTIMAS,2,,,,,,,,,0,,,,,,,,,,,,,,,,,,
2018-01-06,14:34:00,SEM VÍTIMA,FINALIZADA,CASA FORTE,AV DEZESSETE DE AGOSTO,,,DEFRONTE AO EMPRESARIAL CASA FORTE,AV DEZESSETE DE AGOSTO,,DEFRONTE AO EMPRESARIAL CASA FORTE,CASA FORTE,,,COLISÃO,COLISÃO ENVOLVENDO DOIS AUTOS SEM VÍTIMAS,2,,,,,,,,,0,,,,,,,,,,,,,,,,,,
2018-01-06,15:37:00,SEM VÍTIMA,CANCELADA,BOA VISTA,RUA DA GLORIA,252,,PROX. DA DELEGACIA DO IDOSO E GRAFICA FERREIRA,RUA DA GLORIA,252,PROX. DA DELEGACIA DO IDOSO E GRAFICA FERREIRA,BOA VISTA,,,COLISÃO,DOIS AUTOS,2,,,,,,,,,0,,,,,,,,,,,,,,,,,,
2018-01-06,15:48:00,SEM VÍTIMA,FINALIZADA,IPSEP,AV RECIFE,2734,,PROX. AO NUCLEO DE POLICIA,AV RECIFE,2734,PROX. AO NUCLEO DE POLICIA,IPSEP,,,COLISÃO,COLISÃO SEM VÍTIMA,1,,,,,,,1,,0,,,,,,,,,,,,,,,,,,
2018-01-06,16:33:00,SEM VÍTIMA,FINALIZADA,PINA,AV ANTONIO DE GOES,,,EM FRENTE AO RESTAURANTE BARGAÇO,AV ANTONIO DE GOES,,EM FRENTE AO RESTAURANTE BARGAÇO,PINA,,,COLISÃO,DOIS AUTOS,2,,,,,,,,,0,,,,,,,,,,,,,,,,,,
2018-01-06,17:26:00,SEM VÍTIMA,EQUIPE EM DESLOCAMENTO,CASA AMARELA,RUA PAULA BATISTA,,,DEFRONTE AO BOM PREÇO,RUA PAULA BATISTA,,DEFRONTE AO BOM PREÇO,CASA AMARELA,,,COLISÃO,COLISÃO SEM VÍTIMA,1,1,,,,,,,,0,,,,,,,,,,,,,,,,,,
2018-01-06,17:29:00,SEM VÍTIMA,FINALIZADA,MADALENA,AV VISCONDE DE ALBUQUERQUE,862,,EM FRENTE A CLINICA FIGUEIREDO,AV VISCONDE DE ALBUQUERQUE,862,EM FRENTE A CLINICA FIGUEIREDO,MADALENA,,,COLISÃO,COLISÃO SEM VÍTIMA,2,,,,,,,,,0,,,,,,,,,,,,,,,,,,
2018-01-06,17:34:00,COM VÍTIMA,FINALIZADA,JORDÃO,RUA DR ALVARO FERRAZ,,,DEFRONTE A ESCOLA ESTADUAL PINTOR LULA CARDOSO AIRES,RUA DR ALVARO FERRAZ,,DEFRONTE A ESCOLA ESTADUAL PINTOR LULA CARDOSO AIRES,JORDÃO,,,COLISÃO,COLISÃO COM VITIMA,1,1,,,,,,,,1,,,,,,,,,,,,,,,,,,
2018-01-06,17:36:00,SEM VÍTIMA,FINALIZADA,IPUTINGA,AV CAXANGA,,,EM FRENTE A ITALIANA/ SEMÁFORO 608/ SENTIDO CIDADE,AV CAXANGA,,EM FRENTE A ITALIANA/ SEMÁFORO 608/ SENTIDO CIDADE,IPUTINGA,,,COLISÃO,COLISÃO SEM VÍTIMA,3,,,,,,,,,0,,,,,,,,,,,,,,,,,,
2018-01-06,19:16:00,SEM VÍTIMA,FINALIZADA,CASA FORTE,RUA AFONSO DE ALBUQUERQUE MELO,,RUA NESTOR SILVA,COM A RUA NESTOR SILVA,RUA AFONSO DE ALBUQUERQUE MELO,,COM A RUA NESTOR SILVA,CASA FORTE,,,COLISÃO,COLISÃO SEM VITIMAS,2,,,,,,,,,0,,,,,,,,,,,,,,,,,,
2018-01-06,19:58:00,SEM VÍTIMA,FINALIZADA,ROSARINHO,RUA AMARO COUTINHO,,,PRAÇA DO ROSARINHO,RUA AMARO COUTINHO,,PRAÇA DO ROSARINHO,ROSARINHO,,,COLISÃO,COLISÃO SEM VÍTIMA,1,,1,,,,,,,0,,,,,,,,,,,,,,,,,,
2018-01-06,23:32:00,SEM VÍTIMA,CANCELADA,SANTO AMARO,RUA TREZE DE MAIO,719,RUA BARROS BARRETO,CRUZAMENTO DA TREZE DE MAIO COM A BARROS BARRETO, DEFRONTE A ESCOLA JOSE MARIA,RUA TREZE DE MAIO,719,CRUZAMENTO DA TREZE DE MAIO COM A BARROS BARRETO, DEFRONTE A ESCOLA JOSE MARIA,SANTO AMARO,,,COLISÃO,COLISÃO SEM VÍTIMA,2,,,,,,,,,0,,,,,,,,,,,,,,,,
2018-01-07,09:15:00,COM VÍTIMA,FINALIZADA,BOA VIAGEM,RUA BALTAZAR PASSOS,440,RUA SA E SOUZA,DE ESQUINA COM A RUA SA E SOUZA EM FRENTE A CULTURA INGLESA,RUA BALTAZAR PASSOS,440,DE ESQUINA COM A RUA SA E SOUZA EM FRENTE A CULTURA INGLESA,BOA VIAGEM,,,COLISÃO,COLISÃO COM 1 VITIMA A ESPERA DO SAMU,2,,,,,,,,1,1,,,,,,,,,,,,,,,,,,
2018-01-07,09:19:00,COM VÍTIMA,FINALIZADA,CASA AMARELA,RUA MAJOR NEREU GUERRA,166,,E/F AO ESPAÇO FISIO ARMONIA,RUA MAJOR NEREU GUERRA,166,E/F AO ESPAÇO FISIO ARMONIA,CASA AMARELA,,,COLISÃO,COM UMA VÍTIMA.,1,1,,,,,,,,1,,,,,,,,,,,,,,,,,,
2018-01-07,09:57:00,SEM VÍTIMA,FINALIZADA,CASA FORTE,EST DAS UBAIAS,,,EST DO ENCANAMENTO,CRUZ COM A ESTRADA DO ENCANAMENTO DE ESQUINA COM A FARMACIA DROGASIL,EST DAS UBAIAS,,,CRUZ COM A ESTRADA DO ENCANAMENTO DE ESQUINA COM A FARMACIA DROGASIL,CASA FORTE,,,COLISÃO,COLISÃO SEM VITIMAS,2,,,,,,,,,0,,,,,,,,,,,,,,,,
2018-01-07,12:39:00,COM VÍTIMA,FINALIZADA,IMBIRIBEIRA,RUA ARQUITETO LUIZ NUNES,29,,POR TRAS DO ASSAI ATACADISTA EM FRENTE A GALERIA VISUAL MODAS,RUA ARQUITETO LUIZ NUNES,29,POR TRAS DO ASSAI ATACADISTA EM FRENTE A GALERIA VISUAL MODAS,IMBIRIBEIRA,,,COLISÃO,COLISÃO COM VITIMA,1,1,,,,,,,,1,,,,,,,,,,,,,,,,,,
2018-01-07,14:28:00,COM VÍTIMA,FINALIZADA,BOA VIAGEM,RUA BARAO DE SOUZA LEAO,631,,EM FRENTE A DROGARIA SÃO PAULO,RUA BARAO DE SOUZA LEAO,631,EM FRENTE A DROGARIA SÃO PAULO,BOA VIAGEM,,,COLISÃO,COLISÃO COM VÍTIMA,1,1,,,,,,,,1,,,,,,,,,,,,,,,,,,
2018-01-07,15:30:00,SEM VÍTIMA,FINALIZADA,TOTÓ,AV LIBERDADE,1609,,AO LADO DA GARAGEM DE ONIBUS DA MIRIM EM FRENTE AO ARMAZEM QUARTZOLIT,AV LIBERDADE,1609,AO LADO DA GARAGEM DE ONIBUS DA MIRIM EM FRENTE AO ARMAZEM QUARTZOLIT,TOTÓ,,,COLISÃO,COLISÃO SEM VITIMAS,1,1,,,,,,,,0,,,,,,,,,,,,,,,,,,
2018-01-07,17:11:00,SEM VÍTIMA,FINALIZADA,TEJIPIÓ,AV LIBERDADE,,,SENTIDO TOTO EM FRENTE AO CEMITERIO PARQUE DAS FLORES,AV LIBERDADE,,SENTIDO TOTO EM FRENTE AO CEMITERIO PARQUE DAS FLORES,TEJIPIÓ,,,COLISÃO,COLISÃO COM VITIMA,1,1,,,,,,,,0,,,,,,,,,,,,,,,,,,
2018-01-07,17:12:00,SEM VÍTIMA,CANCELADA,BAIRRO DO RECIFE,PTE BUARQUE DE MACEDO,,,EM CIMA DA PONTE,PTE BUARQUE DE MACEDO,,EM CIMA DA PONTE,BAIRRO DO RECIFE,,,COLISÃO,COLISÃO SEM VÍTIMA,1,,,,,1,,,,0,,,,,,,,,,,,,,,,,,
2018-01-07,18:21:00,COM VÍTIMA,FINALIZADA,ESPINHEIRO,AV CONS ROSA E SILVA,650,RUA AMELIA,LOGO DEPOIS DO PAO DE AÇUCAR CRUZAMENTO COM A RUA AMELIA,AV CONS ROSA E SILVA,650,LOGO DEPOIS DO PAO DE AÇUCAR CRUZAMENTO COM A RUA AMELIA,ESPINHEIRO,,,COLISÃO,DOIS AUTO,2,,,,,,,,,1,,,,,,,,,,,,,,,,,,
2018-01-07,19:18:00,SEM VÍTIMA,FINALIZADA,MADALENA,AV JOSE GONCALVES DE MEDEIROS,118,,POR TRAS DO EXTRA DA MADALENA PROX AO CARLITOS BURGUERIA,AV JOSE GONCALVES DE MEDEIROS,118,POR TRAS DO EXTRA DA MADALENA PROX AO CARLITOS BURGUERIA,MADALENA,,,COLISÃO,DOIS AUTO E UMA MOTO,2,1,,,,,,,,0,,,,,,,,,,,,,,,,,,
2018-01-07,19:22:00,SEM VÍTIMA,FINALIZADA,BOA VIAGEM,AV BOA VIAGEM,3040,,PROX. Á PADARIA BOA VIAGEM,AV BOA VIAGEM,3040,PROX. Á PADARIA BOA VIAGEM,BOA VIAGEM,,,COLISÃO,AUTO E MOTO,1,1,,,,,,,,0,,,,,,,,,,,,,,,,,,
2018-01-07,19:46:00,COM VÍTIMA,FINALIZADA,APIPUCOS,AV DEZESSETE DE AGOSTO,15,,ENF AO BATALHAO DECIMO PRIMEIRO,AV DEZESSETE DE AGOSTO,15,ENF AO BATALHAO DECIMO PRIMEIRO,APIPUCOS,,,COLISÃO,AUTO E SHINERAY,1,,1,,,,,,,1,,,,,,,,,,,,,,,,,,
2018-01-07,20:41:00,SEM VÍTIMA,FINALIZADA,IBURA,AV MANAUS,377,,PROX AO CLUB NACIONAL,AV MANAUS,377,PROX AO CLUB NACIONAL,IBURA,,,COLISÃO,DOIS AUTO,2,,,,,,,,,0,,,,,,,,,,,,,,,,,,
2018-01-07,20:49:00,COM VÍTIMA,FINALIZADA,CASA AMARELA,EST DO ENCANAMENTO,248,EST DAS UBAIAS,COM EST. DAS UBAIAS, EM FRENTE DA FARMACIA DROGASIL,EST DO ENCANAMENTO,248,COM EST. DAS UBAIAS, EM FRENTE DA FARMACIA DROGASIL,CASA AMARELA,,,COLISÃO,AUTO E MOTO,1,1,,,,,,,,1,,,,,,,,,,,,,,,,
2018-01-07,23:15:00,SEM VÍTIMA,FINALIZADA,CASA FORTE,AV DEZESSETE DE AGOSTO,2133,,PROX. DA FUNDAÇÃO JOAQUIM NABUCO,AV DEZESSETE DE AGOSTO,2133,PROX. DA FUNDAÇÃO JOAQUIM NABUCO,CASA FORTE,,,COLISÃO,DOIS AUTOS,2,,,,,,,,,0,,,,,,,,,,,,,,,,,,
2018-01-08,06:17:00,SEM VÍTIMA,FINALIZADA,SANTO AMARO,AV CRUZ CABUGA,871,AV NORTE,CRUZ COM A AV NORTE,AV CRUZ CABUGA,871,CRUZ COM A AV NORTE,SANTO AMARO,,,COLISÃO,SEM VITIMAS,2,,,,,,,,,0,,,,,,,,,,,,,,,,,,
2018-01-08,07:49:00,SEM VÍTIMA,FINALIZADA,IPUTINGA,AV CAXANGA,3969,,SEMAFORO 533,AO LADO DA IPUTINGA AUTOMOVEIS,AV CAXANGA,3969,SEMAFORO 533,AO LADO DA IPUTINGA AUTOMOVEIS,IPUTINGA,,,COLISÃO,SEM VITIMAS,1,,,,,1,,,,0,,,,,,,,,,,,,,,,
2018-01-08,08:21:00,SEM VÍTIMA,FINALIZADA,PAISSANDU,RUA PAISSANDU,,,SEMAFORO 069,AO LADO DO INSTITUTO CERVANTES,RUA PAISSANDU,,SEMAFORO 069,AO LADO DO INSTITUTO CERVANTES,PAISSANDU,,,COLISÃO,SEM VITIMAS,2,,,,,,,,,0,,,,,,,,,,,,,,,,
2018-01-08,08:38:00,SEM VÍTIMA,FINALIZADA,IMBIRIBEIRA,RUA PAMPULHA,,,E/F A RENAULT SELECT, SENTIDO BOA VIAGEM. SEMÁFORO 534,RUA PAMPULHA,,E/F A RENAULT SELECT, SENTIDO BOA VIAGEM. SEMÁFORO 534,IMBIRIBEIRA,,,COLISÃO,SEM VÍTIMAS,2,,,,,,,,,0,,,,,,,,,,,,,,,,
2018-01-08,09:05:00,SEM VÍTIMA,FINALIZADA,IMBIRIBEIRA,AV MARECHAL MASCARENHAS DE MORAES,7955,,EM FRENTE A BELGO CERCAS, SENTIDO RECIFE,AV MARECHAL MASCARENHAS DE MORAES,7955,EM FRENTE A BELGO CERCAS, SENTIDO RECIFE,IMBIRIBEIRA,,,ENGAVETAMENTO,QUATRO VEICULOS S/V,4,,,,,,,,,0,,,,,,,,,,,,,,,,
2018-01-08,09:32:00,SEM VÍTIMA,FINALIZADA,CAXANGÁ,RUA RIBEIRO PESSOA,,,POSTO SHELL AO LADO DA UPA DA CAXANGA,RUA RIBEIRO PESSOA,,POSTO SHELL AO LADO DA UPA DA CAXANGA,CAXANGÁ,,,COLISÃO,SEM VITIMAS,1,,,,,,1,,,0,,,,,,,,,,,,,,,,,,
2018-01-08,09:48:00,COM VÍTIMA,FINALIZADA,IMBIRIBEIRA,RUA ITACARI,162,,E/F A EMPRESA DRYFOR,RUA ITACARI,162,E/F A EMPRESA DRYFOR,IMBIRIBEIRA,,,ATROPELAMENTO,COM UMA VÍTIMA JA SOCORRIDA PELO SAMU,1,,,,1,,,,,1,,,,,,,,,,,,,,,,,,
2018-01-08,10:28:00,COM VÍTIMA,FINALIZADA,CORDEIRO,AV CAXANGA,1260,,PROX. A CAIXA ECONOMICA, SENTIDO HOSPITAL BARAO DE LUCENA,AV CAXANGA,1260,PROX. A CAIXA ECONOMICA, SENTIDO HOSPITAL BARAO DE LUCENA,CORDEIRO,,,COLISÃO,AUTO E MOTO C/V,1,1,,,,,,,,1,,,,,,,,,,,,,,,,
2018-01-08,11:25:00,SEM VÍTIMA,FINALIZADA,PINA,AV HERCULANO BANDEIRA,,,EM FRENTE JBS SEMAFORO 660,AV HERCULANO BANDEIRA,,EM FRENTE JBS SEMAFORO 660,PINA,,,COLISÃO,SEM VITIMAS,1,1,,,,,,,,0,,,,,,,,,,,,,,,,,,
2018-01-08,11:30:00,SEM VÍTIMA,FINALIZADA,SANTO ANTÔNIO,RUA DO FOGO,,,POR TRAS DA CASA PIU,RUA DO FOGO,,POR TRAS DA CASA PIU,SANTO ANTÔNIO,,,COLISÃO,DOIS AUTOS,2,,,,,,,,,0,,,,,,,,,,,,,,,,,,
2018-01-08,12:07:00,SEM VÍTIMA,CANCELADA,SANTO AMARO,AV GOVERNADOR AGAMENON MAGALHAES,,,EM FRENTE AO MINISTERIO DO TRABALHO/ SENTIDO BOA VIAGEM,AV GOVERNADOR AGAMENON MAGALHAES,,EM FRENTE AO MINISTERIO DO TRABALHO/ SENTIDO BOA VIAGEM,SANTO AMARO,,,COLISÃO,COLISÃO SEM VÍTIMA,,,,,,2,,,,0,,,,,,,,,,,,,,,,,,
2018-01-08,12:13:00,SEM VÍTIMA,CANCELADA,MADALENA,RUA DEMOCRITO DE SOUZA FILHO,490,,PROX. AO POSTO DE GASOLINA BR,RUA DEMOCRITO DE SOUZA FILHO,490,PROX. AO POSTO DE GASOLINA BR,MADALENA,,,COLISÃO,DOIS AUTOS S/V,2,,,,,,,,,0,,,,,,,,,,,,,,,,,,
2018-01-08,12:57:00,SEM VÍTIMA,CANCELADA,CASA FORTE,AV DEZESSETE DE AGOSTO,,,DEFRONTE A FUNDAÇÃO JOAQUIM NABUCO,AV DEZESSETE DE AGOSTO,,DEFRONTE A FUNDAÇÃO JOAQUIM NABUCO,CASA FORTE,,,COLISÃO,COLISÃO SEM VÍTIMA,2,,,,,,,,,0,,,,,,,,,,,,,,,,,,
2018-01-08,13:23:00,SEM VÍTIMA,CANCELADA,BOA VIAGEM,RUA JOAO CARDOSO AIRES,,,NA ESQUINA DO COLEGIO MADRE DE DEUS,RUA JOAO CARDOSO AIRES,,NA ESQUINA DO COLEGIO MADRE DE DEUS,BOA VIAGEM,,,COLISÃO,COLISÃO SEM VÍTIMA,2,,,,,,,,,0,,,,,,,,,,,,,,,,,,
2018-01-08,13:51:00,SEM VÍTIMA,FINALIZADA,DERBY,RUA JOAQUIM NABUCO,,,DEFRONTE AO HOSP. SANTA JOANA,RUA JOAQUIM NABUCO,,DEFRONTE AO HOSP. SANTA JOANA,DERBY,,,COLISÃO,COLISÃO SEM VÍTIMA,2,,,,,,,,,0,,,,,,,,,,,,,,,,,,
2018-01-08,14:01:00,SEM VÍTIMA,FINALIZADA,COELHOS,PTE JOAQUIM CARDOSO,,,PROX. AO IMIP NA SUBIDA DO VIA DUTO, SENTIDO COQUE,PTE JOAQUIM CARDOSO,,PROX. AO IMIP NA SUBIDA DO VIA DUTO, SENTIDO COQUE,COELHOS,,,COLISÃO,DOIS AUTOS,2,,,,,,,,,0,,,,,,,,,,,,,,,,
2018-01-08,14:03:00,SEM VÍTIMA,FINALIZADA,CASA AMARELA,AV NORTE,5623,,EM FRENTE A JOMAR ART MOVEIS/ SENTIDO CIDADE,AV NORTE,5623,EM FRENTE A JOMAR ART MOVEIS/ SENTIDO CIDADE,CASA AMARELA,,,COLISÃO,COLISÃO SEM VÍTIMA,1,,,,,1,,,,0,,,,,,,,,,,,,,,,,,
2018-01-08,14:10:00,SEM VÍTIMA,FINALIZADA,SAN MARTIN,RUA VINTE E UM DE ABRIL,3185,,EM FRENTE AO DEPOSITO BRASILGAS,RUA VINTE E UM DE ABRIL,3185,EM FRENTE AO DEPOSITO BRASILGAS,SAN MARTIN,,,COLISÃO,COLISÃO SEM VÍTIMA,2,,,,,,,,,0,,,,,,,,,,,,,,,,,,
2018-01-08,14:14:00,SEM VÍTIMA,FINALIZADA,IMBIRIBEIRA,AV MARECHAL MASCARENHAS DE MORAES,,,NA ENTRADA DO AEROPORTO,AV MARECHAL MASCARENHAS DE MORAES,,NA ENTRADA DO AEROPORTO,IMBIRIBEIRA,,,COLISÃO,COLISÃO SEM VÍTIMA,2,,,,,,,,,0,,,,,,,,,,,,,,,,,,
2018-01-08,14:19:00,SEM VÍTIMA,FINALIZADA,TORREÃO,AV NORTE,1655,,LADO OPOSTO AO MARTELINHO DE OURO/ SENTIDO CIDADE,AV NORTE,1655,LADO OPOSTO AO MARTELINHO DE OURO/ SENTIDO CIDADE,TORREÃO,,,COLISÃO,COLISÃO SEM VÍTIMA,2,1,,,,,,,,0,,,,,,,,,,,,,,,,,,
2018-01-08,14:42:00,SEM VÍTIMA,FINALIZADA,NOVA DESCOBERTA,RUA DANTAS,117,,PROX. A CASA DO INSPETOR FILHO, NO ALTO DO CRUZEIRO,RUA DANTAS,117,PROX. A CASA DO INSPETOR FILHO, NO ALTO DO CRUZEIRO,NOVA DESCOBERTA,,,COLISÃO,COLISÃO SEM VÍTIMA,1,,,,,,1,,,0,,,,,,,,,,,,,,,,
2018-01-08,14:43:00,SEM VÍTIMA,FINALIZADA,BOA VIAGEM,RUA LUIZ DE FARIA BARBOSA,306,,NA RUA DA ACADEMIA DE BALLET AGELA BOTTERO,RUA LUIZ DE FARIA BARBOSA,306,NA RUA DA ACADEMIA DE BALLET AGELA BOTTERO,BOA VIAGEM,,,COLISÃO,DOIS AUTOS S/V,2,,,,,,,,,0,,,,,,,,,,,,,,,,,,
2018-01-08,14:47:00,SEM VÍTIMA,FINALIZADA,ÁGUA FRIA,AV BEBERIBE,2360,,DEFRONTE A PERNAMBUCO MOTOS, A CLINICA VETERINARIA,AV BEBERIBE,2360,DEFRONTE A PERNAMBUCO MOTOS, A CLINICA VETERINARIA,ÁGUA FRIA,,,COLISÃO,COLISÃO SEM VÍTIMA,2,,,,,,,,,0,,,,,,,,,,,,,,,,
2018-01-08,15:24:00,SEM VÍTIMA,FINALIZADA,BOA VIAGEM,RUA FRANCISCO DA CUNHA,129,,EDF. BELO JARDIM,RUA FRANCISCO DA CUNHA,129,EDF. BELO JARDIM,BOA VIAGEM,,,COLISÃO,COLISÃO SEM VÍTIMA,2,,,,,,,,,0,,,,,,,,,,,,,,,,,,
2018-01-08,15:39:00,SEM VÍTIMA,CANCELADA,MADALENA,RUA RENATO DE MEDEIROS,300,,ASTRAL VEICULOS,RUA RENATO DE MEDEIROS,300,ASTRAL VEICULOS,MADALENA,,,COLISÃO,COLISÃO SEM VÍTIMA,1,1,,,,,,,,0,,,,,,,,,,,,,,,,,,
2018-01-08,16:12:00,SEM VÍTIMA,FINALIZADA,COELHOS,RUA DOS COELHOS,,,AO LADO DO IMIP,RUA DOS COELHOS,,AO LADO DO IMIP,COELHOS,,,COLISÃO,COLISÃO SEM VÍTIMA,1,,,,,,,,1,0,,,,,,,,,,,,,,,,,,
2018-01-08,16:27:00,SEM VÍTIMA,FINALIZADA,BOA VISTA,AV AGAMENON MAGALHAES,,AV RUI BARBOSA,RUI BARBOSA COM AGAMENOM MAGALHES EM FRENTE A IGREJA DA CAPUNGA.,AV GOVERNADOR AGAMENON MAGALHAES,,RUI BARBOSA COM AGAMENOM MAGALHES EM FRENTE A IGREJA DA CAPUNGA.,BOA VISTA,,,COLISÃO,COLISÃO SEM VITIMA,1,,,,,,1,,,0,,,,,,,,,,,,,,,,,,
2018-01-08,16:57:00,SEM VÍTIMA,FINALIZADA,VÁRZEA,RUA PROFESSOR ANTONIO COELHO,,,NO SEMÁFORO 651,RUA PROFESSOR ANTONIO COELHO,,NO SEMÁFORO 651,VÁRZEA,,,COLISÃO,COLISÃO SEM VÍTIMA,1,1,,,,,,,,0,,,,,,,,,,,,,,,,,,
2018-01-08,18:22:00,COM VÍTIMA,FINALIZADA,CABANGA,PRC GOVERNADOR PAULO GUERRA,,,SEMÁFORO DE Nº662 SENTIDO BOA VIAGEM.,PRC GOVERNADOR PAULO GUERRA,,SEMÁFORO DE Nº662 SENTIDO BOA VIAGEM.,CABANGA,,,COLISÃO,COLISÃO COM VÍTIMA,,1,,,,1,,,,1,,,,,,,,,,,,,,,,,,
2018-01-08,18:32:00,SEM VÍTIMA,FINALIZADA,MADALENA,AV VISCONDE DE ALBUQUERQUE,123,RUA LOPES DE CARVALHO,COM RUA LOPES DE CARVALHO, ANTES DA FREE SABOR,AV VISCONDE DE ALBUQUERQUE,123,COM RUA LOPES DE CARVALHO, ANTES DA FREE SABOR,MADALENA,,,COLISÃO,MOTO E AUTO,1,1,,,,,,,,0,,,,,,,,,,,,,,,,
2018-01-08,18:39:00,SEM VÍTIMA,FINALIZADA,AFOGADOS,RUA MOTOCOLOMBO,,,APOS A PONTE, SENT. RECIFE ANTIGO EM FRENTE Á OFICINA TROCÃO,RUA MOTOCOLOMBO,,APOS A PONTE, SENT. RECIFE ANTIGO EM FRENTE Á OFICINA TROCÃO,AFOGADOS,,,COLISÃO,DOIS AUTOS,2,,,,,,,,,0,,,,,,,,,,,,,,,,
2018-01-08,20:06:00,SEM VÍTIMA,FINALIZADA,PINA,AV CONSELHEIRO AGUIAR,,AV ANTONIO DE GOES,CRUZAMENTO COM AV ANTONIO DE GOES,AV CONSELHEIRO AGUIAR,,CRUZAMENTO COM AV ANTONIO DE GOES,PINA,,,COLISÃO,ONIBUS X CLIO,1,,,,,1,,,,0,,,,,,,,,,,,,,,,,,