data,hora,natureza_acidente,situacao,bairro,endereco,numero,detalhe_endereco_acidente,complemento,endereco_cruzamento,numero_cruzamento,referencia_cruzamento,bairro_cruzamento,num_semaforo,sentido_via,tipo,descricao,auto,moto,ciclom,ciclista,pedestre,onibus,caminhao,viatura,outros,vitimas,vitimasfatais,acidente_verificado,tempo_clima,situacao_semaforo,sinalizacao,condicao_via,conservacao_via,ponto_controle,situacao_placa,velocidade_max_via,mao_direcao,divisao_via1,divisao_via2,divisao_via3,,,,
2018-01-08,20:57:00,COM VÍTIMA,FINALIZADA,VÁRZEA,AV AFONSO OLINDENSE,,,EM FRENTE Á PRAÇA DA VARZEA, AO LADO DA FARMACIA ESPERANÇA,AV AFONSO OLINDENSE,,EM FRENTE Á PRAÇA DA VARZEA, AO LADO DA FARMACIA ESPERANÇA,VÁRZEA,,,ATROPELAMENTO,ONIBUS E PEDESTRE,,,,,1,1,,,,1,,,,,,,,,,,,,,,,
2018-01-08,22:17:00,SEM VÍTIMA,FINALIZADA,CABANGA,RUA CAPITAO TEMUDO,44,,POR BAIXO DO VIADUTO CAPITAO TEMUDO COLADO COM O MURO DO METRO,RUA CAPITAO TEMUDO,44,POR BAIXO DO VIADUTO CAPITAO TEMUDO COLADO COM O MURO DO METRO,CABANGA,,,COLISÃO,DOIS AUTO,2,,,,,,,,,0,,,,,,,,,,,,,,,,,,
2018-01-08,23:41:00,SEM VÍTIMA,FINALIZADA,MADALENA,AV ENGENHEIRO ABDIAS DE CARVALHO,480,,EM FRENTE DA CASA DE PISCINA IGUI E PROX. DA HABIB´S,AV ENGENHEIRO ABDIAS DE CARVALHO,480,EM FRENTE DA CASA DE PISCINA IGUI E PROX. DA HABIB´S,MADALENA,,,COLISÃO,ONIBUS E AUTO,1,,,,,1,,,,0,,,,,,,,,,,,,,,,,,
2018-01-09,06:27:00,SEM VÍTIMA,FINALIZADA,TORRE,RUA COMPOSITOR JOAO SANTIAGO,17,,EM FRENTE AO MERCADINHO SAGENTO OSIRES,RUA COMPOSITOR JOAO SANTIAGO,17,EM FRENTE AO MERCADINHO SAGENTO OSIRES,TORRE,,,COLISÃO,COL.S/V,SET.CD,1,1,,,,,,,,0,,,,,,,,,,,,,,,,,
2018-01-09,06:50:00,SEM VÍTIMA,FINALIZADA,ESPINHEIRO,RUA DO ESPINHEIRO,,,AO LADO DO EXTRA, SEMÁFORO 089,RUA DO ESPINHEIRO,,AO LADO DO EXTRA, SEMÁFORO 089,ESPINHEIRO,,,COLISÃO,SEM VÍTIMAS,1,,,,,1,,,,0,,,,,,,,,,,,,,,,
2018-01-09,07:24:00,SEM VÍTIMA,CANCELADA,IMBIRIBEIRA,AV MARECHAL MASCARENHAS DE MORAES,,,EM FRENTE A TUPAN,AV MARECHAL MASCARENHAS DE MORAES,,EM FRENTE A TUPAN,IMBIRIBEIRA,,,COLISÃO,COL.S/VSET.AFOGADO,2,,,,,,,,,0,,,,,,,,,,,,,,,,,,
2018-01-09,07:40:00,COM VÍTIMA,FINALIZADA,IMBIRIBEIRA,AV MARECHAL MASCARENHAS DE MORAES,,,E/F AO ATACADO DOS PRESENTES, SENTIDO AFOGADOS. SEMÁFORO 310,AV MARECHAL MASCARENHAS DE MORAES,,E/F AO ATACADO DOS PRESENTES, SENTIDO AFOGADOS. SEMÁFORO 310,IMBIRIBEIRA,,,COLISÃO,COM UMA VÍTIMA EM ATENDIMENTO PELOS BOMBEIROS,1,1,,,,,,,,1,,,,,,,,,,,,,,,,
2018-01-09,08:19:00,SEM VÍTIMA,FINALIZADA,BOA VIAGEM,RUA ERNESTO DE PAULA SANTOS,960,,EM FRENTE AO POSTO SETA,RUA ERNESTO DE PAULA SANTOS,960,EM FRENTE AO POSTO SETA,BOA VIAGEM,,,COLISÃO,DOIS AUTOS,2,,,,,,,,,0,,,,,,,,,,,,,,,,,,
2018-01-09,08:22:00,COM VÍTIMA,FINALIZADA,CAMPO GRANDE,RUA OLIVEIRA FONSECA,318,,NA RUA DO COLEGIO MUNICIPAL MARIO MELO,RUA OLIVEIRA FONSECA,318,NA RUA DO COLEGIO MUNICIPAL MARIO MELO,CAMPO GRANDE,,,COLISÃO,COL..C/V,1,1,,,,,,,,2,,,,,,,,,,,,,,,,,,
2018-01-09,08:26:00,COM VÍTIMA,FINALIZADA,IMBIRIBEIRA,AV MARECHAL MASCARENHAS DE MORAES,,,SENTIDO CIDADE, E/F A UPA. SEMÁFORO 310.,AV MARECHAL MASCARENHAS DE MORAES,,SENTIDO CIDADE, E/F A UPA. SEMÁFORO 310.,IMBIRIBEIRA,,,COLISÃO,COM UMA VÍTIMA JÁ SOCORRIDA,,1,,,,,1,,,1,,,,,,,,,,,,,,,,
2018-01-09,08:29:00,SEM VÍTIMA,FINALIZADA,IMBIRIBEIRA,AV MARECHAL MASCARENHAS DE MORAES,149,,NO INICIO DO VIADUTO DO AEROPORTO,AV MARECHAL MASCARENHAS DE MORAES,149,NO INICIO DO VIADUTO DO AEROPORTO,IMBIRIBEIRA,,,COLISÃO,COL.S/V ,SET.AEROPORTO,1,,,,,1,,,,0,,,,,,,,,,,,,,,,,
2018-01-09,08:41:00,COM VÍTIMA,FINALIZADA,ESPINHEIRO,RUA CONS PORTELA,,,EM FRENTE A GALERIA 23,RUA CONS PORTELA,,EM FRENTE A GALERIA 23,ESPINHEIRO,,,ATROPELAMENTO,,1,,,,1,,,,,1,,,,,,,,,,,,,,,,,,
2018-01-09,08:45:00,COM VÍTIMA,FINALIZADA,CAXANGÁ,AV CAXANGA,1753,,E/F A CENTRO CAR, SENTIDO CIDADE.,AV CAXANGA,1753,E/F A CENTRO CAR, SENTIDO CIDADE.,CAXANGÁ,,,COLISÃO,COM DUAS VÍTIMAS JÁ SOCORRIDAS PELO SAMU. OS VEÍCULOS FORAM REMOVIDOS DO LOCAL E COLOCADOS DENTRO DO ESTACIONAMENTO DA OFICINA.,1,1,,,,,,,,2,,,,,,,,,,,,,,,,
2018-01-09,08:57:00,SEM VÍTIMA,CANCELADA,DERBY,RUA CLEMENTE PEREIRA,,RUA DA BAIXA VERDE,CRUZAMENTO COM A RUA DA BAIXA VERDE,RUA CLEMENTE PEREIRA,,CRUZAMENTO COM A RUA DA BAIXA VERDE,DERBY,,,COLISÃO,SEM VITIMAS,2,,,,,,,,,0,,,,,,,,,,,,,,,,,,
2018-01-09,09:23:00,SEM VÍTIMA,FINALIZADA,SANTO AMARO,AV NORTE,,,SENT/CIDADE,EM FRENTE AO 21 CSM QUARTEL DO EXERCITO,AV NORTE,,SENT/CIDADE,EM FRENTE AO 21 CSM QUARTEL DO EXERCITO,SANTO AMARO,,,COLISÃO,SEM VITIMAS ,VIATURA DA PM,1,,,,,,,1,,0,,,,,,,,,,,,,,,
2018-01-09,11:05:00,SEM VÍTIMA,FINALIZADA,IMBIRIBEIRA,RUA ARQUITETO LUIZ NUNES,1100,,EM FRENTE DO LAVA JATO DO IRMÃO //POR TRAS DO SUPERMECADO ASSAI,RUA ARQUITETO LUIZ NUNES,1100,EM FRENTE DO LAVA JATO DO IRMÃO //POR TRAS DO SUPERMECADO ASSAI,IMBIRIBEIRA,,,COLISÃO,COL.S/V,2,,,,,,,,,0,,,,,,,,,,,,,,,,,,
2018-01-09,11:03:00,SEM VÍTIMA,FINALIZADA,TORRE,RUA JOSE BONIFACIO,,,E/F A PADARIA MASSA NOBRE. SEMÁFORO 193,RUA JOSE BONIFACIO,,E/F A PADARIA MASSA NOBRE. SEMÁFORO 193,TORRE,,,COLISÃO,SEM VÍTIMAS,1,,,,,1,,,,0,,,,,,,,,,,,,,,,,,
2018-01-09,11:17:00,SEM VÍTIMA,FINALIZADA,TORRE,RUA JOSE DE HOLANDA,258,,EM FRENTE AO ANTIGO SESI DA TORRE,RUA JOSE DE HOLANDA,258,EM FRENTE AO ANTIGO SESI DA TORRE,TORRE,,,COLISÃO,DOIS AUTOS,,,,,,,,,,0,,,,,,,,,,,,,,,,,,
2018-01-09,12:12:00,SEM VÍTIMA,FINALIZADA,PINA,AV ANTONIO DE GOES,,,EM FRENTE A RECEITA FEDERAL / PISTA DA DIREITA,AV ANTONIO DE GOES,,EM FRENTE A RECEITA FEDERAL / PISTA DA DIREITA,PINA,,,COLISÃO,COLISÃO SEM VÍTIMA,2,,,,,,,,,0,,,,,,,,,,,,,,,,,,
2018-01-09,12:19:00,SEM VÍTIMA,FINALIZADA,SANTO ANTÔNIO,RUA DO SOL,,AV GUARARAPES,CRUZAMENTO COM A GUARARAPES, SENTIDO ESTAÇAO CENTRAL, APOS O SEMAFORO DOS CORREIOS,RUA DO SOL,,CRUZAMENTO COM A GUARARAPES, SENTIDO ESTAÇAO CENTRAL, APOS O SEMAFORO DOS CORREIOS,SANTO ANTÔNIO,,,COLISÃO,DOIS AUTOS,2,,,,,,,,,0,,,,,,,,,,,,,,
2018-01-09,12:31:00,COM VÍTIMA,FINALIZADA,APIPUCOS,RUA DE APIPUCOS,261,,EM FRENTE AO EDIFICIO ENGENHO APIPUCOS,RUA DE APIPUCOS,261,EM FRENTE AO EDIFICIO ENGENHO APIPUCOS,APIPUCOS,,,COLISÃO COM CICLISTA,COLISÃO COM VÍTIMA,2,,,1,,,,,,1,,,,,,,,,,,,,,,,,,
2018-01-09,12:55:00,COM VÍTIMA,FINALIZADA,AFLITOS,RUA QUARENTA E OITO,895,,EM FRENTE AO EDIFICIO ITAPISSUMA COLONIAL,RUA QUARENTA E OITO,895,EM FRENTE AO EDIFICIO ITAPISSUMA COLONIAL,AFLITOS,,,COLISÃO,COLISÃO COM VÍTIMA,1,1,,,,,,,,2,,,,,,,,,,,,,,,,,,
2018-01-09,13:03:00,SEM VÍTIMA,CANCELADA,CAMPO GRANDE,RUA BIANOR DE OLIVEIRA,,RUA FARIAS NEVES,CRUZAMENTO COM RUA FARIAZ NEVES, PROX. A PRAÇA DE CAMPO GRANDE,RUA BIANOR DE OLIVEIRA,,CRUZAMENTO COM RUA FARIAZ NEVES, PROX. A PRAÇA DE CAMPO GRANDE,CAMPO GRANDE,,,COLISÃO,AUTO E MOTO,1,,1,,,,,,,0,,,,,,,,,,,,,,,,
2018-01-09,13:10:00,SEM VÍTIMA,CANCELADA,ILHA DO LEITE,RUA PAISSANDU,,,APOS O HOSP. PORTUGUES, SENTIDO BOA VIAGEM,RUA PAISSANDU,,APOS O HOSP. PORTUGUES, SENTIDO BOA VIAGEM,ILHA DO LEITE,,,COLISÃO,COLISAÕ SEM VÍTIMAS,2,,,,,,,,,0,,,,,,,,,,,,,,,,
2018-01-09,13:29:00,SEM VÍTIMA,CANCELADA,BAIRRO DO RECIFE,RUA DO OBSERVATORIO,,,EM FRENTE A MARINHA DOS PORTOS,RUA DO OBSERVATORIO,,EM FRENTE A MARINHA DOS PORTOS,BAIRRO DO RECIFE,,,COLISÃO,COLISÃO SEM VÍTIMA,2,,,,,,,,,0,,,,,,,,,,,,,,,,,,
2018-01-09,16:18:00,COM VÍTIMA,FINALIZADA,SANTO AMARO,AV CRUZ CABUGA,,AV MARIO MELO,COM MÁRIO MELO, SEMÁFORO 171,AV CRUZ CABUGA,,COM MÁRIO MELO, SEMÁFORO 171,SANTO AMARO,,,COLISÃO,COLISÃO COM VÍTIMA,,,,,,,,,,1,,,,,,,,,,,,,,,,
2018-01-09,16:55:00,COM VÍTIMA,FINALIZADA,BOA VIAGEM,RUA RIBEIRO DE BRITO,,,APOS UNISSAU, NA SUBIDA DO VIA DUTO TANCREDO NEVES, SENTIDO AV. RECIFE,RUA RIBEIRO DE BRITO,,APOS UNISSAU, NA SUBIDA DO VIA DUTO TANCREDO NEVES, SENTIDO AV. RECIFE,BOA VIAGEM,,,COLISÃO,AUTO E MOTO,1,1,,,,,,,,1,,,,,,,,,,,,,,
2018-01-09,17:33:00,SEM VÍTIMA,FINALIZADA,BOA VIAGEM,AV BOA VIAGEM,,,PRIMEIRO JARDIM DE BOA VIAGEM/ DEFRONTE AO EDF JARDINS,AV BOA VIAGEM,,PRIMEIRO JARDIM DE BOA VIAGEM/ DEFRONTE AO EDF JARDINS,BOA VIAGEM,,,COLISÃO,COLISÃO SEM VITIMA,2,,,,,,,,,0,,,,,,,,,,,,,,,,,,
2018-01-09,17:45:00,SEM VÍTIMA,FINALIZADA,BOA VISTA,RUA DOM BOSCO,,AV GOV AGAMENON MAGALHAES,SEMÁFORO 157 / CRUZ COM A AV AGAMENON MAGA / AO LADO DO HOSPITAL DA RESTAURAÇÃO,RUA DOM BOSCO,,SEMÁFORO 157 / CRUZ COM A AV AGAMENON MAGA / AO LADO DO HOSPITAL DA RESTAURAÇÃO,BOA VISTA,,,COLISÃO,ENTRE 2 AUTOS. S/V ** GERSON E ALAN NO LOCAL **,2,,,,,,,,,0,,,,,,,,,,,,,,,,,,
2018-01-09,18:04:00,SEM VÍTIMA,FINALIZADA,IMBIRIBEIRA,AV MARECHAL MASCARENHAS DE MORAES,1919,,E/F A COORDENADORIA DOS JUIZADOS ESPECIAIS E A HYUNDAI VEÍCULOS / SNT AEROPORTO / ANTES DO AÇAI,AV MARECHAL MASCARENHAS DE MORAES,1919,E/F A COORDENADORIA DOS JUIZADOS ESPECIAIS E A HYUNDAI VEÍCULOS / SNT AEROPORTO / ANTES DO AÇAI,IMBIRIBEIRA,,,COLISÃO,ENTRE TÁXI E AUTO PASSEIO. S/V,2,,,,,,,,,0,,,,,,,,,,,,,,,,,,
2018-01-09,18:57:00,COM VÍTIMA,FINALIZADA,CASA AMARELA,RUA DA HARMONIA,,RUA DONA ROSA DA FONSECA,CRUZAMENTO COM A RUA DN ROSA DA FONSECA,RUA DA HARMONIA,,CRUZAMENTO COM A RUA DN ROSA DA FONSECA,CASA AMARELA,,,COLISÃO,AUTO E MOTO,1,1,,,,,,,,1,,,,,,,,,,,,,,,,,,
2018-01-09,19:34:00,SEM VÍTIMA,FINALIZADA,BOMBA DO HEMETÉRIO,RUA CHA DE ALEGRIA,237,,E/F A PADARIA PAN RECORD E AO CESTÃO DA BOMBA,RUA CHA DE ALEGRIA,237,E/F A PADARIA PAN RECORD E AO CESTÃO DA BOMBA,BOMBA DO HEMETÉRIO,,,COLISÃO,ENTRE AUTO E CAMINHÃO. S/V,1,,,,,,1,,,0,,,,,,,,,,,,,,,,,,
2018-01-09,19:39:00,COM VÍTIMA,FINALIZADA,CURADO,AV PREFEITO ANTONIO PEREIRA,705,,E/F AO TERMINAL RODOVIÁRIO ((TIP)) / NA SAÍDA DO ESTACIONAMENTO,AV PREFEITO ANTONIO PEREIRA,705,E/F AO TERMINAL RODOVIÁRIO ((TIP)) / NA SAÍDA DO ESTACIONAMENTO,CURADO,,,COLISÃO,ENTRE AUTO E ÔNIBUS. C/V,1,,,,,1,,,,1,,,,,,,,,,,,,,,,,,
2018-01-09,20:21:00,SEM VÍTIMA,FINALIZADA,CORDEIRO,RUA TAMBORIL,18,,ENF: A JOAO DA CARNE DE SOL (RESTAURANTE),RUA TAMBORIL,18,ENF: A JOAO DA CARNE DE SOL (RESTAURANTE),CORDEIRO,,,COLISÃO,SANDERO X VECTRA,2,,,,,,,,,0,,,,,,,,,,,,,,,,,,
2018-01-09,21:18:00,COM VÍTIMA,FINALIZADA,CASA AMARELA,AV DEZESSETE DE AGOSTO,S/N,,EM FRENTE A CAOA,AV DEZESSETE DE AGOSTO,S/N,EM FRENTE A CAOA,CASA AMARELA,,,COLISÃO,,1,1,,,,,,,,1,,,,,,,,,,,,,,,,,,
2018-01-09,22:06:00,SEM VÍTIMA,FINALIZADA,BARRO,RUA MAJOR CHAGAS DE OLIVEIRA,,,PROX A AV JOSE RUFINO E AO HOTEL OLIMPIKUS,RUA MAJOR CHAGAS DE OLIVEIRA,,PROX A AV JOSE RUFINO E AO HOTEL OLIMPIKUS,BARRO,,,COLISÃO,RENNO X AUTO,2,,,,,,,,,0,,,,,,,,,,,,,,,,,,
2018-01-10,04:39:00,SEM VÍTIMA,FINALIZADA,GUABIRABA,RUA ALTO DA BICA,,,NO TERMINAL DE ÔNIBUS VASCO DA GAMA/ DERBY,RUA ALTO DA BICA,,NO TERMINAL DE ÔNIBUS VASCO DA GAMA/ DERBY,GUABIRABA,,,CHOQUE,CAMINHOETE CHOCOU-SE CONTRA O MURO DE DUAS CASAS,,,,,,,1,,,0,,,,,,,,,,,,,,,,,,
2018-01-10,07:09:00,SEM VÍTIMA,FINALIZADA,MACAXEIRA,AV NORTE,7123,,E/F A IGREJA PRESBITERIANA. SENTIDO CIDADE, SEMÁFORO 596,AV NORTE,7123,E/F A IGREJA PRESBITERIANA. SENTIDO CIDADE, SEMÁFORO 596,MACAXEIRA,,,COLISÃO,SEM VÍTIMAS,2,,,,,,,,,0,,,,,,,,,,,,,,,,
2018-01-10,07:13:00,SEM VÍTIMA,FINALIZADA,SANTO AMARO,RUA DA AURORA,,,EM FRENTE AO TRIBUNAL DE CONTAS,RUA DA AURORA,,EM FRENTE AO TRIBUNAL DE CONTAS,SANTO AMARO,,,COLISÃO,SEM VITIMAS,2,,,,,,,,,0,,,,,,,,,,,,,,,,,,
2018-01-10,07:24:00,COM VÍTIMA,FINALIZADA,SANTO AMARO,AV NORTE,,,E/F AO 21º CFM, SENTIDO SUBÚRBIO. SEMÁFORO 589,AV NORTE,,E/F AO 21º CFM, SENTIDO SUBÚRBIO. SEMÁFORO 589,SANTO AMARO,,,COLISÃO,COM UMA VÍTIMA. GM NO LOCAL.,,1,,,,,1,,,1,,,,,,,,,,,,,,,,
2018-01-10,08:12:00,SEM VÍTIMA,FINALIZADA,ENCRUZILHADA,AV NORTE,2829,,EM FRENTE AO EXTRA BOM,AV NORTE,2829,EM FRENTE AO EXTRA BOM,ENCRUZILHADA,,,COLISÃO,SEM VÍTIMA,1,,,,,1,,,,0,,,,,,,,,,,,,,,,,,
2018-01-10,08:59:00,SEM VÍTIMA,FINALIZADA,BOA VIAGEM,AV ENGENHEIRO DOMINGOS FERREIRA,2279,,EM FRENTE A FARMACIA BIGBEM,SEMAFORO 139,AV ENGENHEIRO DOMINGOS FERREIRA,2279,EM FRENTE A FARMACIA BIGBEM,SEMAFORO 139,BOA VIAGEM,,,COLISÃO,SEM VITIMAS,2,,,,,,,,,0,,,,,,,,,,,,,,,,
2018-01-10,09:25:00,SEM VÍTIMA,CANCELADA,PRADO,AV ENGENHEIRO ABDIAS DE CARVALHO,,,E/F A FARMACIA PAGUE MENOS, SENTIDO CIDADE.,AV ENGENHEIRO ABDIAS DE CARVALHO,,E/F A FARMACIA PAGUE MENOS, SENTIDO CIDADE.,PRADO,,,COLISÃO,SEM VÍTIMAS. VT 17 NO LOCAL,1,1,,,,,,,,0,,,,,,,,,,,,,,,,
2018-01-10,09:26:00,SEM VÍTIMA,CANCELADA,IPSEP,RUA JEAN EMILE FAVRE,,,AO DA PADARIA PAO NORTE,RUA JEAN EMILE FAVRE,,AO DA PADARIA PAO NORTE,IPSEP,,,COLISÃO,DOIS AUTOS,2,,,,,,,,,0,,,,,,,,,,,,,,,,,,
2018-01-10,10:53:00,SEM VÍTIMA,FINALIZADA,ESTÂNCIA,AV RECIFE,29,,E/F AO POSTO PETROBRAS, SENTIDO CAXANGÁ,AV RECIFE,29,E/F AO POSTO PETROBRAS, SENTIDO CAXANGÁ,ESTÂNCIA,,,COLISÃO,SEM VÍTIMAS.,1,,,,,,1,,,0,,,,,,,,,,,,,,,,
2018-01-10,11:07:00,SEM VÍTIMA,FINALIZADA,BONGI,AV ENGENHEIRO ABDIAS DE CARVALHO,,,EM FRENTE A DROGARIA BONGI / SENT SUB,AV ENGENHEIRO ABDIAS DE CARVALHO,,EM FRENTE A DROGARIA BONGI / SENT SUB,BONGI,,,ENGAVETAMENTO,DOIS AUTOS UM ONIBUS E UMACARRETA,2,,,,,1,1,,,0,,,,,,,,,,,,,,,,,,
2018-01-10,11:20:00,SEM VÍTIMA,FINALIZADA,DERBY,PRC DO DERBY,S/N,,QUARTEL DO DERBY,PRC DO DERBY,S/N,QUARTEL DO DERBY,DERBY,,,COLISÃO,COLISÃO SEM VÍTIMA ENVOLVENDO VIATURA DA POLICIA CIVIL E MOTOCICLETA,,1,,,,,,1,,0,,,,,,,,,,,,,,,,,,
2018-01-10,11:56:00,SEM VÍTIMA,CANCELADA,BOA VIAGEM,AV CONSELHEIRO AGUIAR,2333,,EMPRESARIAL JOÃO ROMA,AV CONSELHEIRO AGUIAR,2333,EMPRESARIAL JOÃO ROMA,BOA VIAGEM,,,COLISÃO,SEM VÍTIMAS,,,,,,1,,1,,0,,,,,,,,,,,,,,,,,,
2018-01-10,13:11:00,COM VÍTIMA,FINALIZADA,CASA AMARELA,AV NORTE,,,EM FRENTE A RETIFICA PADRÃO,AV NORTE,,EM FRENTE A RETIFICA PADRÃO,CASA AMARELA,,,ATROPELAMENTO,MOTOCICLETA E PEDESTRE,,1,,,1,,,,,1,,,,,,,,,,,,,,,,,,
2018-01-10,13:21:00,COM VÍTIMA,FINALIZADA,BONGI,RUA ACAJUTIBA,,,TERMINAL DO ONIBUS DO BONGI,RUA ACAJUTIBA,,TERMINAL DO ONIBUS DO BONGI,BONGI,,,ATROPELAMENTO,AUTO E PEDESTRE( SENHORA),1,,,,1,,,,,1,,,,,,,,,,,,,,,,,,
2018-01-10,13:54:00,SEM VÍTIMA,FINALIZADA,IMBIRIBEIRA,AV MARECHAL MASCARENHAS DE MORAES,141,,ANTES DO VIA DUTO TANCREDO NEVES, SEMAFORO 471, SENTIDO AFOGADOS,AV MARECHAL MASCARENHAS DE MORAES,141,ANTES DO VIA DUTO TANCREDO NEVES, SEMAFORO 471, SENTIDO AFOGADOS,IMBIRIBEIRA,,,COLISÃO,AUTO E ONIBUS ,1,,,,,1,,,,0,,,,,,,,,,,,,,
2018-01-10,14:02:00,SEM VÍTIMA,FINALIZADA,BAIRRO DO RECIFE,AV ENGENHEIRO JOSE ESTELITA,,,DEFRONTE A LOMBADA , SENTIDO RIO MAR,AV ENGENHEIRO JOSE ESTELITA,,DEFRONTE A LOMBADA , SENTIDO RIO MAR,BAIRRO DO RECIFE,,,COLISÃO,COLISÃO SEM VITIMA,1,,,,,,1,,,0,,,,,,,,,,,,,,,,
2018-01-10,14:49:00,SEM VÍTIMA,FINALIZADA,IMBIRIBEIRA,AV MARECHAL MASCARENHAS DE MORAES,6211,,DEFRONTE A NAC E AO MARTELINHO DE OURO, AO LADO DA INFRAERO, SENTIDO PRAZERES,AV MARECHAL MASCARENHAS DE MORAES,6211,DEFRONTE A NAC E AO MARTELINHO DE OURO, AO LADO DA INFRAERO, SENTIDO PRAZERES,IMBIRIBEIRA,,,COLISÃO,COLISÃO SEM VITIMA,1,,,,,,1,,,0,,,,,,,,,,,,,,
2018-01-10,14:59:00,SEM VÍTIMA,FINALIZADA,IMBIRIBEIRA,AV MARECHAL MASCARENHAS DE MORAES,7955,,NO FINAL DO MURO DO AEROPORTO, SENTIDO SUB/CIDADE,AV MARECHAL MASCARENHAS DE MORAES,7955,NO FINAL DO MURO DO AEROPORTO, SENTIDO SUB/CIDADE,IMBIRIBEIRA,,,ENGAVETAMENTO,DOIS AUTOS E UMA VT DE TRANSITO DE JABOATAO,2,,,,,,,1,,0,,,,,,,,,,,,,,,,
2018-01-10,15:22:00,SEM VÍTIMA,CANCELADA,ENCRUZILHADA,RUA OLIMPIO DE ARROUXELAS GALVAO,196,,E/F AO EDF NETY / NA PRAÇA DOS CAMIONEIROS,RUA OLIMPIO DE ARROUXELAS GALVAO,196,E/F AO EDF NETY / NA PRAÇA DOS CAMIONEIROS,ENCRUZILHADA,,,COLISÃO,2 AUTOS. S/V,2,,,,,,,,,0,,,,,,,,,,,,,,,,,,
2018-01-10,15:25:00,SEM VÍTIMA,CANCELADA,SANTO AMARO,AV MARIO MELO,,,AO LADO DO COLEGIO SIZENANDO SILVEIRA,AV MARIO MELO,,AO LADO DO COLEGIO SIZENANDO SILVEIRA,SANTO AMARO,,,COLISÃO,DOIS AUTOS S/V,2,,,,,,,,,0,,,,,,,,,,,,,,,,,,
2018-01-10,16:40:00,SEM VÍTIMA,FINALIZADA,ÁGUA FRIA,AV BEBERIBE,2143,,POSTO DE GASOLINA BR, A AO ARRASTAPE,AV BEBERIBE,2143,POSTO DE GASOLINA BR, A AO ARRASTAPE,ÁGUA FRIA,,,COLISÃO,COLISÃO SEM VITIMA,1,,,,,1,,,,0,,,,,,,,,,,,,,,,
2018-01-10,17:09:00,SEM VÍTIMA,CANCELADA,TOTÓ,RUA PAULINO DE FARIAS,200,,PADARIA ANA BETH,RUA PAULINO DE FARIAS,200,PADARIA ANA BETH,TOTÓ,,,COLISÃO,DUAS MOTO,,2,,,,,,,,0,,,,,,,,,,,,,,,,,,
2018-01-10,18:23:00,SEM VÍTIMA,FINALIZADA,BOA VISTA,AV GOVERNADOR CARLOS DE LIMA CAVALCANTI,168,,E/F A ESCOLA LEALCE E A CLÍNICA LUCILO MARANHÃO. SNT CIDADE,AV GOVERNADOR CARLOS DE LIMA CAVALCANTI,168,E/F A ESCOLA LEALCE E A CLÍNICA LUCILO MARANHÃO. SNT CIDADE,BOA VISTA,,,COLISÃO,2 AUTOS. S/V,2,,,,,,,,,0,,,,,,,,,,,,,,,,,,
2018-01-10,18:26:00,COM VÍTIMA,FINALIZADA,TAMARINEIRA,RUA SIMAO MENDES,200,,,RUA SIMAO MENDES,200,,TAMARINEIRA,,,COLISÃO,SANDERO X MOTO,1,1,,,,,,,,1,,,,,,,,,,,,,,,,,,
2018-01-10,19:14:00,SEM VÍTIMA,FINALIZADA,MADALENA,RUA REAL DA TORRE,S/N,RUA LOPES DE CARVALHO,CRUZAMENTO COM A RUA LOPES DE CARVALHO PROX AO COLEGIO PROF PAULO FREIRE,RUA REAL DA TORRE,S/N,CRUZAMENTO COM A RUA LOPES DE CARVALHO PROX AO COLEGIO PROF PAULO FREIRE,MADALENA,,,COLISÃO,MERIVA X HB20,2,,,,,,,,,0,,,,,,,,,,,,,,,,,,
2018-01-10,19:20:00,COM VÍTIMA,CANCELADA,IMBIRIBEIRA,AV MARECHAL MASCARENHAS DE MORAES,1482,,ENF AO DEPOSITO DA LASER ELETRO,AV MARECHAL MASCARENHAS DE MORAES,1482,ENF AO DEPOSITO DA LASER ELETRO,IMBIRIBEIRA,,,COLISÃO,AUTO E MOTO,1,1,,,,,,,,1,,,,,,,,,,,,,,,,,,
2018-01-11,01:36:00,SEM VÍTIMA,FINALIZADA,VÁRZEA,AV BARAO DE BONITO,515,,PRÓXIMO A FÁBRICA DA BRASILIT // EM FRENTE AO SUPERMERCADO BEM MAIS BARATO,AV BARAO DE BONITO,515,PRÓXIMO A FÁBRICA DA BRASILIT // EM FRENTE AO SUPERMERCADO BEM MAIS BARATO,VÁRZEA,,,CHOQUE,CAMINHÃO CHOCOU-SE CONTRA O MURO DO EDIFÍCIO,,,,,,,1,,,0,,,,,,,,,,,,,,,,,,
2018-01-11,03:18:00,SEM VÍTIMA,FINALIZADA,BOA VIAGEM,RUA DEZ DE JULHO,,RUA CAMBOIM,CRUZAMENTO COM ACOM A RUA CAMBOIM, SENTIDO BOA VIAGEM, EM FRENTE A CASA DE FESTA MAILSON CRISTAL,RUA DEZ DE JULHO,,CRUZAMENTO COM ACOM A RUA CAMBOIM, SENTIDO BOA VIAGEM, EM FRENTE A CASA DE FESTA MAILSON CRISTAL,BOA VIAGEM,,,COLISÃO,COLISÃO ENTRE AUTO E CAMINHÃO S/V,1,,,,,,1,,,0,,,,,,,,,,,,,,
2018-01-11,06:22:00,COM VÍTIMA,FINALIZADA,CASA FORTE,AV DEZESSETE DE AGOSTO,,,E/F AO PARQUE REGIONAL MANUTENÇÃO 7º MINISTÉRIO DO EXÉRCITO.,AV DEZESSETE DE AGOSTO,,E/F AO PARQUE REGIONAL MANUTENÇÃO 7º MINISTÉRIO DO EXÉRCITO.,CASA FORTE,,,COLISÃO,COM UMA VÍTIMA.,,,,,,2,,,,1,,,,,,,,,,,,,,,,,,
2018-01-11,07:08:00,SEM VÍTIMA,FINALIZADA,PINA,AV ANTONIO DE GOES,,,EM FRENTE DA PRF,AV ANTONIO DE GOES,,EM FRENTE DA PRF,PINA,,,COLISÃO,COL.S/V,1,,,,,1,,,,0,,,,,,,,,,,,,,,,,,