data,hora,natureza_acidente,situacao,bairro,endereco,numero,detalhe_endereco_acidente,complemento,endereco_cruzamento,numero_cruzamento,referencia_cruzamento,bairro_cruzamento,num_semaforo,sentido_via,tipo,descricao,auto,moto,ciclom,ciclista,pedestre,onibus,caminhao,viatura,outros,vitimas,vitimasfatais,acidente_verificado,tempo_clima,situacao_semaforo,sinalizacao,condicao_via,conservacao_via,ponto_controle,situacao_placa,velocidade_max_via,mao_direcao,divisao_via1,divisao_via2,divisao_via3,,,,
2018-01-15,17:59:00,SEM VÍTIMA,FINALIZADA,SANTO ANTÔNIO,AV MARTINS DE BARROS,593,,ENFR AO FORUM THOMAZ DE AQUINO,AV MARTINS DE BARROS,593,ENFR AO FORUM THOMAZ DE AQUINO,SANTO ANTÔNIO,,,COLISÃO,TAXI X UBER,2,,,,,,,,,0,,,,,,,,,,,,,,,,,,
2018-01-15,18:04:00,SEM VÍTIMA,FINALIZADA,AFOGADOS,RUA SAO MIGUEL,412,,E/F AO MARCOS' SAPATO / PROX A IGREJA LARGO DA PAZ,RUA SAO MIGUEL,412,E/F AO MARCOS' SAPATO / PROX A IGREJA LARGO DA PAZ,AFOGADOS,,,COLISÃO,ÕNIBUS E AUTO PASSEIO. S/V,1,,,,,1,,,,0,,,,,,,,,,,,,,,,,,
2018-01-15,18:21:00,COM VÍTIMA,FINALIZADA,MADALENA,AV VISCONDE DE ALBUQUERQUE,964,RUA JOSE BONIFACIO,PROX AO POSTO IPIRANGA CRUZAMENTO COM A RUA JOSE BONIFACIO,AV VISCONDE DE ALBUQUERQUE,964,PROX AO POSTO IPIRANGA CRUZAMENTO COM A RUA JOSE BONIFACIO,MADALENA,,,COLISÃO COM CICLISTA,ONIBUS X CICLISTA,,,,1,,1,,,,1,,,,,,,,,,,,,,,,,,
2018-01-15,18:56:00,SEM VÍTIMA,FINALIZADA,AFOGADOS,RUA SAO MIGUEL,800,,AO LADO DO 14 BATALHAO DE LOGITICA DO EXERCITO / AO LADO DA GUARITA E E/F A RN DISTRIBUIDORA,RUA SAO MIGUEL,800,AO LADO DO 14 BATALHAO DE LOGITICA DO EXERCITO / AO LADO DA GUARITA E E/F A RN DISTRIBUIDORA,AFOGADOS,,,COLISÃO,DOIS AUTO,2,,,,,,,,,0,,,,,,,,,,,,,,,,,,
2018-01-15,18:58:00,SEM VÍTIMA,FINALIZADA,CAXANGÁ,RUA EMILIANO BRAGA,185,,E/F AO RESTAURANTE PARAIBANO E PROX AO ANTIGO HIPERBOMPREÇO,RUA EMILIANO BRAGA,185,E/F AO RESTAURANTE PARAIBANO E PROX AO ANTIGO HIPERBOMPREÇO,CAXANGÁ,,,COLISÃO,AUTO E CAMINHÃO. S/V,1,,,,,,1,,,0,,,,,,,,,,,,,,,,,,
2018-01-15,19:35:00,SEM VÍTIMA,FINALIZADA,CASA AMARELA,AV NORTE,,,E/F A RECIFICA PADRÃO / SEMÁFORO 095,AV NORTE,,E/F A RECIFICA PADRÃO / SEMÁFORO 095,CASA AMARELA,,,COLISÃO,ÕNIBUS E AUTO PASSEIO. S/V,1,,,,,1,,,,0,,,,,,,,,,,,,,,,,,
2018-01-15,20:03:00,COM VÍTIMA,FINALIZADA,MADALENA,RUA DR SEVERINO PINHEIRO,,,PRÓXIMO AO CLUBE INTERNACIONAL, SENTIDO CAXANGA,RUA DR SEVERINO PINHEIRO,,PRÓXIMO AO CLUBE INTERNACIONAL, SENTIDO CAXANGA,MADALENA,,,COLISÃO,AUTO E MOTO,1,1,,,,,,,,2,,,,,,,,,,,,,,,,
2018-01-15,20:42:00,SEM VÍTIMA,FINALIZADA,IPSEP,AV RECIFE,2662,RUA SAO NICOLAU,CRUZAMENTO COM A RUA SAO NICOLAO SEMAFORO 055,AV RECIFE,2662,CRUZAMENTO COM A RUA SAO NICOLAO SEMAFORO 055,IPSEP,,,COLISÃO,DOIS AUTO,2,,,,,,,,,0,,,,,,,,,,,,,,,,,,
2018-01-15,20:46:00,COM VÍTIMA,CANCELADA,APIPUCOS,RUA MANDACARU,251,,PROX AO AÇUCE DE APIPUCOS E APÓS A PIZZARIA DO ANDRÉ,RUA MANDACARU,251,PROX AO AÇUCE DE APIPUCOS E APÓS A PIZZARIA DO ANDRÉ,APIPUCOS,,,COLISÃO,AUTO E MOTO. S/V,1,1,,,,,,,,1,,,,,,,,,,,,,,,,,,
2018-01-15,22:05:00,SEM VÍTIMA,CANCELADA,DERBY,AV GOVERNADOR AGAMENON MAGALHAES,,AV RUI BARBOSA,CRUZ COM A AV RUI BARBOSA E PROX A RESTAURAÇÃO E MCDONALDS -- VT 18 NO LOCAL,AV GOVERNADOR AGAMENON MAGALHAES,,CRUZ COM A AV RUI BARBOSA E PROX A RESTAURAÇÃO E MCDONALDS -- VT 18 NO LOCAL,DERBY,,,COLISÃO,2 AUTOS. S/V,,,,,,,,,,0,,,,,,,,,,,,,,,,,,
2018-01-16,06:53:00,COM VÍTIMA,FINALIZADA,SAN MARTIN,AV GENERAL SAN MARTIN,,,EM FRENTE A CAVALARIA SENT SUB,AV GENERAL SAN MARTIN,,EM FRENTE A CAVALARIA SENT SUB,SAN MARTIN,,,COLISÃO,MOTO E AUTO,1,1,,,,,,,,1,,,,,,,,,,,,,,,,,,
2018-01-16,07:20:00,SEM VÍTIMA,FINALIZADA,IPSEP,RUA PINTOR ANTONIO ALBUQUERQUE,170,,E/F ADVENTISTA DO SETIMO DIA, SEMÁFORO 293. SENTIDO CIDADE,RUA PINTOR ANTONIO ALBUQUERQUE,170,E/F ADVENTISTA DO SETIMO DIA, SEMÁFORO 293. SENTIDO CIDADE,IPSEP,,,COLISÃO,SEM VÍTIMAS,1,,,,,,1,,,0,,,,,,,,,,,,,,,,
2018-01-16,07:27:00,SEM VÍTIMA,FINALIZADA,SAN MARTIN,RUA DOM EXPEDITO LOPES,145,,RESIDENCIA AO LADO DA EMPRESA KOBLIC,RUA DOM EXPEDITO LOPES,145,RESIDENCIA AO LADO DA EMPRESA KOBLIC,SAN MARTIN,,,COLISÃO,COLISÃO SEM VITIMAS,,,,,,,2,,,0,,,,,,,,,,,,,,,,,,
2018-01-16,07:39:00,SEM VÍTIMA,FINALIZADA,DERBY,AV GOVERNADOR AGAMENON MAGALHAES,1114,,E/F A EMBRATEL, SEMÁFORO 174. SENTIDO BOA VIAGEM,AV GOVERNADOR AGAMENON MAGALHAES,1114,E/F A EMBRATEL, SEMÁFORO 174. SENTIDO BOA VIAGEM,DERBY,,,COLISÃO,SM VÍTIMAS,1,1,,,,,,,,0,,,,,,,,,,,,,,,,
2018-01-16,07:54:00,SEM VÍTIMA,FINALIZADA,BOA VISTA,RUA HENRIQUE DIAS,,RUA DOM BOSCO,COM RUA DOM BOSCO / EM FRENTE A RADIO PATRULHA,RUA HENRIQUE DIAS,,COM RUA DOM BOSCO / EM FRENTE A RADIO PATRULHA,BOA VISTA,,,COLISÃO,ONIBUS E AUTO,1,,,,,1,,,,0,,,,,,,,,,,,,,,,,,
2018-01-16,08:19:00,SEM VÍTIMA,FINALIZADA,DERBY,RUA JENER DE SOUZA,,,AO LADO DA PRAÇA DO DERBY,RUA JENER DE SOUZA,,AO LADO DA PRAÇA DO DERBY,DERBY,,,COLISÃO,COLISÃO SEM VITIMAS ,1,,,,,,1,,,0,,,,,,,,,,,,,,,,,,
2018-01-16,08:31:00,SEM VÍTIMA,FINALIZADA,SANTO ANTÔNIO,AV MARTINS DE BARROS,,,EM FRENTE AO FORUM THOMAZ DE AQUINO,AV MARTINS DE BARROS,,EM FRENTE AO FORUM THOMAZ DE AQUINO,SANTO ANTÔNIO,,,COLISÃO,COLISÃO SEM VITIMAS,2,,,,,1,,,,0,,,,,,,,,,,,,,,,,,
2018-01-16,08:34:00,SEM VÍTIMA,FINALIZADA,ILHA DO RETIRO,RUA SPORT CLUBE DO RECIFE,,,EM FRENTE AO SEMAFORO 355,SENT/BR 232 EM FRENTE AO POSTO IPIRANGA,RUA SPORT CLUBE DO RECIFE,,EM FRENTE AO SEMAFORO 355,SENT/BR 232 EM FRENTE AO POSTO IPIRANGA,ILHA DO RETIRO,,,COLISÃO,SEM VITIMAS,2,,,,,,,,,0,,,,,,,,,,,,,,,,
2018-01-16,08:46:00,SEM VÍTIMA,FINALIZADA,NOVA DESCOBERTA,AV JOSELIA,289,,APOS A FEIRA DE NOVA DESCOBERTA PRIMEIRA A DIREITA,AV JOSELIA,289,APOS A FEIRA DE NOVA DESCOBERTA PRIMEIRA A DIREITA,NOVA DESCOBERTA,,,COLISÃO,SEM VITIMAS.,1,,,,,,1,,,0,,,,,,,,,,,,,,,,,,
2018-01-16,09:04:00,SEM VÍTIMA,FINALIZADA,AFOGADOS,AV SUL,1950,,EM FRENTE A DISMAR,AV SUL,1950,EM FRENTE A DISMAR,AFOGADOS,,,COLISÃO,SEM VITIMAS,1,,,,,,1,,,0,,,,,,,,,,,,,,,,,,
2018-01-16,09:56:00,SEM VÍTIMA,FINALIZADA,MADALENA,AV BEIRA RIO,879,,EM FRENTE AO EDF QUATRO ESTAÇÕES,AV BEIRA RIO,879,EM FRENTE AO EDF QUATRO ESTAÇÕES,MADALENA,,,COLISÃO,SEM VITIMAS,2,,,,,,,,,0,,,,,,,,,,,,,,,,,,
2018-01-16,10:06:00,SEM VÍTIMA,FINALIZADA,DERBY,PRC DO DERBY,,,SEMAFORO 075,SENT/CIDADE,PRC DO DERBY,,SEMAFORO 075,SENT/CIDADE,DERBY,,,COLISÃO,SEM VITIMAS,1,,,,,1,,,,0,,,,,,,,,,,,,,,,
2018-01-16,10:13:00,SEM VÍTIMA,FINALIZADA,BOA VIAGEM,AV ENGENHEIRO DOMINGOS FERREIRA,,,SEMAFORO 200,BATEDORES 27,03 NO LOCAL VAI FAZER B.O,AV ENGENHEIRO DOMINGOS FERREIRA,,SEMAFORO 200,BATEDORES 27,03 NO LOCAL VAI FAZER B.O,BOA VIAGEM,,,COLISÃO,SEM VITIMAS,3,,,,,,,,,0,,,,,,,,,,,,,,
2018-01-16,10:46:00,SEM VÍTIMA,FINALIZADA,ILHA JOANA BEZERRA,TRV DO RAPOSO,,,PROX. AO FORUM DE JOANA BEZERRA / SENT RUA IMPERIAL,TRV DO RAPOSO,,PROX. AO FORUM DE JOANA BEZERRA / SENT RUA IMPERIAL,ILHA JOANA BEZERRA,,,COLISÃO,SEM VÍTIMAS,2,,,,,,,,,0,,,,,,,,,,,,,,,,,,
2018-01-16,10:58:00,SEM VÍTIMA,FINALIZADA,BOA VIAGEM,RUA JOAO CARDOSO AIRES,823,,EM FRENTE AO EDIFICIO JOSE RODOVALHO,RUA JOAO CARDOSO AIRES,823,EM FRENTE AO EDIFICIO JOSE RODOVALHO,BOA VIAGEM,,,COLISÃO,COLISÃO SEM VITIMAS,3,,,,,,,,,0,,,,,,,,,,,,,,,,,,
2018-01-16,11:12:00,SEM VÍTIMA,FINALIZADA,BOA VIAGEM,RUA VISCONDE DE JEQUITINHONHA,396,,EM FRENTE AO MERCADINHO SOBERANO,RUA VISCONDE DE JEQUITINHONHA,396,EM FRENTE AO MERCADINHO SOBERANO,BOA VIAGEM,,,COLISÃO,SEM VITIMAS,3,,,,,,,,,0,,,,,,,,,,,,,,,,,,
2018-01-16,11:23:00,SEM VÍTIMA,FINALIZADA,DERBY,AV GOVERNADOR AGAMENON MAGALHAES,,,SENTIDO BOA VIAGEM EM FRENTE A CLINICA ODONTO CAPE,AV GOVERNADOR AGAMENON MAGALHAES,,SENTIDO BOA VIAGEM EM FRENTE A CLINICA ODONTO CAPE,DERBY,,,COLISÃO,COLISÃO SEM VITIMAS,1,,,,,1,,,,0,,,,,,,,,,,,,,,,,,
2018-01-16,11:27:00,SEM VÍTIMA,FINALIZADA,SANTO AMARO,AV JOAO DE BARROS,,,EM FRENTE AO CONSERVATORIO PERNAMBUCANO DE MUSICA,AV JOAO DE BARROS,,EM FRENTE AO CONSERVATORIO PERNAMBUCANO DE MUSICA,SANTO AMARO,,,COLISÃO,COLISÃO SEM VITIMAS,1,,,,,,,,1,0,,,,,,,,,,,,,,,,,,
2018-01-16,13:02:00,SEM VÍTIMA,CANCELADA,CAXANGÁ,AV CAXANGA,,,DEFRONTE A HIPER DA CAXANGA, SENTIDO CIDADE,AV CAXANGA,,DEFRONTE A HIPER DA CAXANGA, SENTIDO CIDADE,CAXANGÁ,,,COLISÃO,COLISÃO SEM VITIMAS,2,,,,,,,,,0,,,,,,,,,,,,,,,,
2018-01-16,13:24:00,SEM VÍTIMA,CANCELADA,ILHA DO LEITE,AV LINS PETIT,,RUA ESTADO DE ISRAEL,ESQUINA COM O POSTO SHEL, SEMAFORO 653,AV LINS PETIT,,ESQUINA COM O POSTO SHEL, SEMAFORO 653,ILHA DO LEITE,,,COLISÃO,DOIS AUTOS S/V,2,,,,,,,,,0,,,,,,,,,,,,,,,,
2018-01-16,13:41:00,SEM VÍTIMA,CANCELADA,SÃO JOSÉ,RUA SAO JOAO,,,E/F AO FORTE DAS CINCO PONTAS,RUA SAO JOAO,,E/F AO FORTE DAS CINCO PONTAS,SÃO JOSÉ,,,COLISÃO,2 AUTOS. S/V,2,,,,,,,,,0,,,,,,,,,,,,,,,,,,
2018-01-16,15:20:00,SEM VÍTIMA,FINALIZADA,ENCRUZILHADA,AV NORTE,,,SEMAFORO 043, SENTIDO RECIFE,AV NORTE,,SEMAFORO 043, SENTIDO RECIFE,ENCRUZILHADA,,,COLISÃO,AUTO E ONIBUS DA,,,,,,,,,,0,,,,,,,,,,,,,,,,
2018-01-16,15:22:00,SEM VÍTIMA,CANCELADA,IBURA,AV PERNAMBUCO,,,PRACA DO R1,AV PERNAMBUCO,,PRACA DO R1,IBURA,,,COLISÃO,COLISÃO SEM VITIMAS,1,,,,,1,,,,0,,,,,,,,,,,,,,,,,,
2018-01-16,15:34:00,SEM VÍTIMA,CANCELADA,BOA VISTA,RUA JOAO FERNANDES VIEIRA,,,AO LADO DO BOMPREÇO DO PARQUE AMORIM,RUA JOAO FERNANDES VIEIRA,,AO LADO DO BOMPREÇO DO PARQUE AMORIM,BOA VISTA,,,COLISÃO,COLISAO ENTRE KOMBI E TAXI S/V,2,,,,,,,,,0,,,,,,,,,,,,,,,,,,
2018-01-16,16:40:00,SEM VÍTIMA,FINALIZADA,AFOGADOS,EST DOS REMEDIOS,,,DEFRONTE AO POSTO IPIRANGA, SENTIDO CIDADE,EST DOS REMEDIOS,,DEFRONTE AO POSTO IPIRANGA, SENTIDO CIDADE,AFOGADOS,,,COLISÃO,COLISÃO SEM VITIMAS,3,,,,,,,,,0,,,,,,,,,,,,,,,,
2018-01-16,17:37:00,SEM VÍTIMA,FINALIZADA,BOA VIAGEM,RUA SA E SOUZA,,,SEMÁFORO 420,RUA SA E SOUZA,,SEMÁFORO 420,BOA VIAGEM,,,COLISÃO,2 AUTOS. S/V,2,,,,,,,,,0,,,,,,,,,,,,,,,,,,
2018-01-16,20:43:00,SEM VÍTIMA,FINALIZADA,VÁRZEA,RUA PROFESSOR ANTONIO COELHO,139,,E/F AO EDF CONCORDE E PROX A DELICATESSEN,RUA PROFESSOR ANTONIO COELHO,139,E/F AO EDF CONCORDE E PROX A DELICATESSEN,VÁRZEA,,,COLISÃO,2 AUTOS. S/V,2,,,,,,,,,0,,,,,,,,,,,,,,,,,,
2018-01-16,20:56:00,SEM VÍTIMA,FINALIZADA,TORRE,RUA REAL DA TORRE,,RUA CONDE DE IRAJA,CRUZAMENTO COM A RUA CONDE DE IRAJA, ESQUINA COM O EXTRA BOM,RUA REAL DA TORRE,,CRUZAMENTO COM A RUA CONDE DE IRAJA, ESQUINA COM O EXTRA BOM,TORRE,,,COLISÃO,COLISÃO ENTRE AMBULÂNCIA E MICRO ÔNIBUS S/V,,,,,,1,,1,,0,,,,,,,,,,,,,,,,
2018-01-16,21:12:00,SEM VÍTIMA,CANCELADA,VASCO DA GAMA,RUA ALTO DO EUCALIPTO,445,,PROX A ASSEMBLEIA DE DEUS, PROX DO TERMINAL DO ALTO DO EUCALIPTO,RUA ALTO DO EUCALIPTO,445,PROX A ASSEMBLEIA DE DEUS, PROX DO TERMINAL DO ALTO DO EUCALIPTO,VASCO DA GAMA,,,COLISÃO,COLISÃO ENTRE ÔNIBUS E AUTO S/V,1,,,,,1,,,,0,,,,,,,,,,,,,,,,
2018-01-16,22:16:00,SEM VÍTIMA,FINALIZADA,BOA VIAGEM,AV DOM JOAO VI,,,ANTES DO TUNEL AUGUSTO LUCENA. SNT PIEDADE // POR TRÁS DO SHOPPING RECIFE.,AV DOM JOAO VI,,ANTES DO TUNEL AUGUSTO LUCENA. SNT PIEDADE // POR TRÁS DO SHOPPING RECIFE.,BOA VIAGEM,,,COLISÃO,2 AUTOS. S/V,2,,,,,,,,,0,,,,,,,,,,,,,,,,,,
2018-01-16,23:43:00,SEM VÍTIMA,FINALIZADA,CORDEIRO,RUA ODETE MONTEIRO,,,PROX DO GOE, PROX DA FEIRINHA PASSIRA,RUA ODETE MONTEIRO,,PROX DO GOE, PROX DA FEIRINHA PASSIRA,CORDEIRO,,,COLISÃO,COLISÃO ENTRE DOIS AUTOS S/V,2,,,,,,,,,0,,,,,,,,,,,,,,,,
2018-01-17,00:41:00,COM VÍTIMA,FINALIZADA,SÃO JOSÉ,RUA IMPERIAL,,,SEMAFORO 207, EM FRENTE A IGREJA MATRIZ DE SÃO JOSE,RUA IMPERIAL,,SEMAFORO 207, EM FRENTE A IGREJA MATRIZ DE SÃO JOSE,SÃO JOSÉ,,,COLISÃO,COLISÃO ENTRE ÔNIBUS E MOTO C/V,,1,,,,1,,,,1,,,,,,,,,,,,,,,,
2018-01-17,04:45:00,SEM VÍTIMA,FINALIZADA,BOA VIAGEM,RUA DOS NAVEGANTES,911,RUA RIBUEIRO DE BRITO,CRUZAMENTO COM A RUA RIBEIRO DE BRITO // EM FRENTE AO EDIFÍCIO PORTO COLON // PRÓXIMO AO HOLLIDAY,RUA DOS NAVEGANTES,911,CRUZAMENTO COM A RUA RIBEIRO DE BRITO // EM FRENTE AO EDIFÍCIO PORTO COLON // PRÓXIMO AO HOLLIDAY,BOA VIAGEM,,,CHOQUE,VIATURA DA PM PERDEU O CONTROLE E CHOCOU-SE CONTRA VEÍCULOS ESTACIONADOS,4,,,,,,,1,,0,,,,,,,,,,,,,,,,,,
2018-01-17,07:05:00,SEM VÍTIMA,FINALIZADA,ENCRUZILHADA,RUA MARECHAL DEODORO,155,,PROX A PRAÇADA PICANHA,RUA MARECHAL DEODORO,155,PROX A PRAÇADA PICANHA,ENCRUZILHADA,,,COLISÃO,DOIS AUTOS,2,,,,,,,,,0,,,,,,,,,,,,,,,,,,
2018-01-17,07:15:00,COM VÍTIMA,FINALIZADA,CASA FORTE,AV DEZESSETE DE AGOSTO,,,ROSE BELTRÃO RECEPÇÕES,AV DEZESSETE DE AGOSTO,,ROSE BELTRÃO RECEPÇÕES,CASA FORTE,,,COLISÃO,COLISÃO COM VÍTIMA/ CARRO E MOTO,1,1,,,,,,,,1,,,,,,,,,,,,,,,,,,
2018-01-17,,SEM VÍTIMA,FINALIZADA,CAXANGÁ,AV CAXANGA,2555,,SENTIDO DERBY, APÓS O POSTO FEDERAL. E/F A AUTO PEÇAS SÃO JOÃO,AV CAXANGA,2555,SENTIDO DERBY, APÓS O POSTO FEDERAL. E/F A AUTO PEÇAS SÃO JOÃO,CAXANGÁ,,,COLISÃO,SEM VÍTIMAS,2,,,,,,,,,0,,,,,,,,,,,,,,,,
2018-01-17,08:50:00,SEM VÍTIMA,FINALIZADA,BOA VIAGEM,AV BOA VIAGEM,6500,,E/F AO EDF. EL GRECO,AV BOA VIAGEM,6500,E/F AO EDF. EL GRECO,BOA VIAGEM,,,COLISÃO,SEM VÍTIMAS,2,,,,,,,,,0,,,,,,,,,,,,,,,,,,
2018-01-17,09:06:00,SEM VÍTIMA,FINALIZADA,BOA VIAGEM,AV CONSELHEIRO AGUIAR,,RUA ANTONIO DE GOES,COM A RUA ANTONIO DE GOES / SEMAF 226,AV CONSELHEIRO AGUIAR,,COM A RUA ANTONIO DE GOES / SEMAF 226,BOA VIAGEM,,,COLISÃO,DOIS AUTOS,2,,,,,,,,,0,,,,,,,,,,,,,,,,,,
2018-01-17,09:18:00,SEM VÍTIMA,FINALIZADA,SANTO AMARO,RUA COELHO LEITE,,,EM FRENTE A RECEITA FEDERAL,RUA COELHO LEITE,,EM FRENTE A RECEITA FEDERAL,SANTO AMARO,,,COLISÃO,AUTO E MOTO,1,1,,,,,,,,0,,,,,,,,,,,,,,,,,,
2018-01-17,09:40:00,SEM VÍTIMA,FINALIZADA,CAXANGÁ,AV CAXANGA,2689,,EM FRENTE A KI PEÇAS,AV CAXANGA,2689,EM FRENTE A KI PEÇAS,CAXANGÁ,,,COLISÃO,DOIS AUTOS,2,,,,,,,,,0,,,,,,,,,,,,,,,,,,
2018-01-17,09:44:00,SEM VÍTIMA,FINALIZADA,BAIRRO DO RECIFE,RUA MADRE DEUS,,,DEFRONTE A IGREJA MADRE DE DEUS,RUA MADRE DEUS,,DEFRONTE A IGREJA MADRE DE DEUS,BAIRRO DO RECIFE,,,COLISÃO,COLISÃO SEM VITIMAS,1,,,,,,1,,,0,,,,,,,,,,,,,,,,,,
2018-01-17,10:45:00,SEM VÍTIMA,CANCELADA,DERBY,AV GOVERNADOR AGAMENON MAGALHAES,,,JUNTO AO SEMAFORO 173, SENTIDO BOA VIAGEM,AV GOVERNADOR AGAMENON MAGALHAES,,JUNTO AO SEMAFORO 173, SENTIDO BOA VIAGEM,DERBY,,,COLISÃO,COLISÃO SEM VITIMAS,1,,,,,,1,,,0,,,,,,,,,,,,,,,,
2018-01-17,10:51:00,SEM VÍTIMA,FINALIZADA,IMBIRIBEIRA,AV MARECHAL MASCARENHAS DE MORAES,,,SENTIDO CIDADE. E/F AO GERALDÃO. SEMÁFORO 290,AV MARECHAL MASCARENHAS DE MORAES,,SENTIDO CIDADE. E/F AO GERALDÃO. SEMÁFORO 290,IMBIRIBEIRA,,,COLISÃO,SEM VÍTIMAS.,3,,,,,,,,,0,,,,,,,,,,,,,,,,,,
2018-01-17,10:53:00,SEM VÍTIMA,FINALIZADA,AFOGADOS,RUA COSME VIANA,227,,EM FRENTE A TUPAN,RUA COSME VIANA,227,EM FRENTE A TUPAN,AFOGADOS,,,COLISÃO,DOIS AUTOS,2,,,,,,,,,0,,,,,,,,,,,,,,,,,,
2018-01-17,11:02:00,SEM VÍTIMA,CANCELADA,BARRO,RUA FALCAO DE LACERDA,,,PROX. AO COLEGIO IMACULADA CONCEIÇÃO,RUA FALCAO DE LACERDA,,PROX. AO COLEGIO IMACULADA CONCEIÇÃO,BARRO,,,COLISÃO,COLISÃO SEM VITIMAS,1,1,,,,,,,,0,,,,,,,,,,,,,,,,,,
2018-01-17,11:52:00,SEM VÍTIMA,FINALIZADA,BOA VISTA,RUA DOM BOSCO,,,E/F AO AMERICANO BATISTA E A FACULDADE SÃO MIGUEL. SENTIDO MADALENA,RUA DOM BOSCO,,E/F AO AMERICANO BATISTA E A FACULDADE SÃO MIGUEL. SENTIDO MADALENA,BOA VISTA,,,COLISÃO,SEM VÍTIMAS,3,,,,,,,,,0,,,,,,,,,,,,,,,,,,
2018-01-17,11:58:00,SEM VÍTIMA,FINALIZADA,IBURA,AV DOM HELDER CAMARA,,AV RECIFE,CRUZAMENTO COM A AV RECIFE SENTIDO AEROPORTO,AV DOM HELDER CAMARA,,CRUZAMENTO COM A AV RECIFE SENTIDO AEROPORTO,IBURA,,,COLISÃO,SM VÍTIMA,1,,,,,,1,,,0,,,,,,,,,,,,,,,,,,
2018-01-17,12:52:00,SEM VÍTIMA,FINALIZADA,TORRÕES,AV BICENTENARIO DA REVOLUCAO FRANCESA,900,,EM FRENTE A LOJA FRANCINE,RUA DO TERMINAL DOS ONIBUS DE RODA DE FOGO,AV BICENTENARIO DA REVOLUCAO FRANCESA,900,EM FRENTE A LOJA FRANCINE,RUA DO TERMINAL DOS ONIBUS DE RODA DE FOGO,TORRÕES,,,COLISÃO,SEM VITIMAS,2,,,,,,,,,0,,,,,,,,,,,,,,,,
2018-01-17,13:08:00,SEM VÍTIMA,FINALIZADA,JARDIM SÃO PAULO,RUA LORENA,213,RUA LEANDRO BARRETO,CRUZ COM A RUA LEANDRO BARRETO , A 50 METROS DA ACADEMIA WS,RUA LORENA,213,CRUZ COM A RUA LEANDRO BARRETO , A 50 METROS DA ACADEMIA WS,JARDIM SÃO PAULO,,,CHOQUE,COLISÃO EM SEGUIDA DE UM CHOQUE CONDUTOR BATEU CONTRA UMA ARVORE E UMA RESIDENCIA SEM VITIMAS,2,,,,,,,,,0,,,,,,,,,,,,,,,,
2018-01-17,14:17:00,COM VÍTIMA,FINALIZADA,MADALENA,AV VISCONDE DE ALBUQUERQUE,400,,EM FRENTE A LOJA SPUK,AV VISCONDE DE ALBUQUERQUE,400,EM FRENTE A LOJA SPUK,MADALENA,,,COLISÃO,COM UMA VITIMA,SAMU NO LOCAL,1,1,,,,,,,,1,,,,,,,,,,,,,,,,,
2018-01-17,14:22:00,COM VÍTIMA,FINALIZADA,BARRO,RUA PADRE DIOGO RODRIGUES,394,,EM FRENTE AO ARMAZEM TINTAS FREVO,RUA PADRE DIOGO RODRIGUES,394,EM FRENTE AO ARMAZEM TINTAS FREVO,BARRO,,,COLISÃO,AUTO E CIQUENTINHA,1,,1,,,,,,,1,,,,,,,,,,,,,,,,,,
2018-01-17,14:40:00,SEM VÍTIMA,FINALIZADA,ESPINHEIRO,RUA AMELIA,114,,AO LADO DO ESPINHEIRO SHOPPING,RUA AMELIA,114,AO LADO DO ESPINHEIRO SHOPPING,ESPINHEIRO,,,COLISÃO,SEM VITIMAS,2,,,,,,,,,0,,,,,,,,,,,,,,,,,,
2018-01-17,14:43:00,SEM VÍTIMA,FINALIZADA,CASA AMARELA,COR DO BARTOLOMEU,,AV NORTE,CRUZAMENTO COM A AV NORTE (NO SEMAFORO 079),COR DO BARTOLOMEU,,CRUZAMENTO COM A AV NORTE (NO SEMAFORO 079),CASA AMARELA,,,COLISÃO,COLISAO DE ONIBUS E AUTO S/V,1,,,,,1,,,,0,,,,,,,,,,,,,,,,,,
2018-01-17,15:06:00,SEM VÍTIMA,FINALIZADA,ILHA DO RETIRO,RUA TABAIARES,,,EM FRENTE AO SEBRAE,RUA TABAIARES,,EM FRENTE AO SEBRAE,ILHA DO RETIRO,,,COLISÃO,COLISAO ENTRE AUTO E MOTO,1,1,,,,,,,,0,,,,,,,,,,,,,,,,,,
2018-01-17,15:20:00,SEM VÍTIMA,FINALIZADA,ENCRUZILHADA,AV JOAO DE BARROS,,,EM FRENTE AO COLEGIO ETEPAM, SENTIDO ESPINHEIRO,AV JOAO DE BARROS,,EM FRENTE AO COLEGIO ETEPAM, SENTIDO ESPINHEIRO,ENCRUZILHADA,,,COLISÃO,AUTO E MOTO S/V,1,1,,,,,,,,0,,,,,,,,,,,,,,,,
2018-01-17,15:36:00,SEM VÍTIMA,FINALIZADA,MADALENA,RUA PROFESSORA ANUNCIADA DA ROCHA MELO,30,,ESQUINA DA IGREJA METODISTA,RUA PROFESSORA ANUNCIADA DA ROCHA MELO,30,ESQUINA DA IGREJA METODISTA,MADALENA,,,COLISÃO,COLISAO DE TRES AUTOS S/V,3,,,,,,,,,0,,,,,,,,,,,,,,,,,,
2018-01-17,15:40:00,SEM VÍTIMA,FINALIZADA,CASA FORTE,RUA AGRESTINA,,,AO LADO DO ITAU,RUA AGRESTINA,,AO LADO DO ITAU,CASA FORTE,,,COLISÃO,DOIS AUTOS S/V,2,,,,,,,,,0,,,,,,,,,,,,,,,,,,
2018-01-17,15:45:00,SEM VÍTIMA,FINALIZADA,TORRE,RUA CONDE DE IRAJA,275,,EM FRENTE A ESCOLA CRIATIVA,RUA CONDE DE IRAJA,275,EM FRENTE A ESCOLA CRIATIVA,TORRE,,,COLISÃO,DOIS AUTOS S/V,2,,,,,,,,,0,,,,,,,,,,,,,,,,,,
2018-01-17,17:16:00,COM VÍTIMA,FINALIZADA,AFOGADOS,RUA SAO MIGUEL,,,E/F DA MATERNIDADE BANDEIRA FILHO,RUA SAO MIGUEL,,E/F DA MATERNIDADE BANDEIRA FILHO,AFOGADOS,,,COLISÃO,COLISAO DE AUTO E MOTO S/V,1,1,,,,,,,,1,,,,,,,,,,,,,,,,,,