data,hora,natureza_acidente,situacao,bairro,endereco,numero,detalhe_endereco_acidente,complemento,endereco_cruzamento,numero_cruzamento,referencia_cruzamento,bairro_cruzamento,num_semaforo,sentido_via,tipo,descricao,auto,moto,ciclom,ciclista,pedestre,onibus,caminhao,viatura,outros,vitimas,vitimasfatais,acidente_verificado,tempo_clima,situacao_semaforo,sinalizacao,condicao_via,conservacao_via,ponto_controle,situacao_placa,velocidade_max_via,mao_direcao,divisao_via1,divisao_via2,divisao_via3,,,,
2018-01-19,16:56:00,SEM VÍTIMA,CANCELADA,BOA VIAGEM,AV ENGENHEIRO DOMINGOS FERREIRA,2886,,EM FRENTE AO REI DOS GALETOS/ PISTA DA DIREITA,AV ENGENHEIRO DOMINGOS FERREIRA,2886,EM FRENTE AO REI DOS GALETOS/ PISTA DA DIREITA,BOA VIAGEM,,,COLISÃO,COLISÃO SEM VÍTIMA,3,,,,,,,,,0,,,,,,,,,,,,,,,,,,
2018-01-19,17:20:00,SEM VÍTIMA,FINALIZADA,BOA VIAGEM,RUA BARAO DE SOUZA LEAO,,,PROX DO AEROPORTO E/F MAX PISCINAS,RUA BARAO DE SOUZA LEAO,,PROX DO AEROPORTO E/F MAX PISCINAS,BOA VIAGEM,,,COLISÃO,COLISAO ENTRE CARRETA E AUTO S/V,1,,,,,,1,,,0,,,,,,,,,,,,,,,,,,
2018-01-19,17:50:00,SEM VÍTIMA,EQUIPE NO LOCAL,MADALENA,RUA COMENDADOR BENTO AGUIAR,84,AV JOSE GONCALVES DE MEDEIROS,CRUZAMENTO COM AV JOSE CONÇALVES DE MEDEIROS,RUA COMENDADOR BENTO AGUIAR,84,CRUZAMENTO COM AV JOSE CONÇALVES DE MEDEIROS,MADALENA,,,COLISÃO,COLISÃO SEM VÍTIMA,2,,,,,,,,,0,,,,,,,,,,,,,,,,,,
2018-01-19,18:23:00,SEM VÍTIMA,FINALIZADA,MADALENA,AV ENGENHEIRO ABDIAS DE CARVALHO,,EST DOS REMEDIOS,COM EST. DOS REMEDIOS, EM FRENTE Á FARMACIA BIG BEN NO SEMAFORO 052,AV ENGENHEIRO ABDIAS DE CARVALHO,,COM EST. DOS REMEDIOS, EM FRENTE Á FARMACIA BIG BEN NO SEMAFORO 052,MADALENA,,,COLISÃO,DOIS AUTOS,2,,,,,,,,,0,,,,,,,,,,,,,,,,
2018-01-19,19:59:00,COM VÍTIMA,FINALIZADA,CASA FORTE,EST DO ENCANAMENTO,751,,PROX. DO HOSPITAL DE OLHOS SANTA LUZIA,EST DO ENCANAMENTO,751,PROX. DO HOSPITAL DE OLHOS SANTA LUZIA,CASA FORTE,,,COLISÃO,VT- DA PM E AUTO,1,,,,,,,1,,2,,,,,,,,,,,,,,,,,,
2018-01-19,20:13:00,SEM VÍTIMA,FINALIZADA,MADALENA,RUA REAL DA TORRE,825,,ENF AO ED APOLO E LACUCA OFICINA DE PIZZA,RUA REAL DA TORRE,825,ENF AO ED APOLO E LACUCA OFICINA DE PIZZA,MADALENA,,,COLISÃO,ONIBUS E DOIS AUTO,2,,,,,1,,,,0,,,,,,,,,,,,,,,,,,
2018-01-19,20:16:00,COM VÍTIMA,FINALIZADA,PAISSANDU,AV FREI MATIAS TEVES,83,RUA SENADOR JOSE HENRIQUE,CRUZAMENTO COM A RUA SAN .JOSE HENRIQUE,AV FREI MATIAS TEVES,83,CRUZAMENTO COM A RUA SAN .JOSE HENRIQUE,PAISSANDU,,,COLISÃO,ONIBUS X AUTO,1,,,,,1,,,,2,,,,,,,,,,,,,,,,,,
2018-01-19,23:19:00,SEM VÍTIMA,FINALIZADA,BOA VIAGEM,AV ARMINDO MOURA,,RUA VISCONDE DE JEQUITINHONHA,CRUZAMENTO COM A JEQUITINHONHA SEMAFORO 258,AV ARMINDO MOURA,,CRUZAMENTO COM A JEQUITINHONHA SEMAFORO 258,BOA VIAGEM,,,COLISÃO,AUTO E CAMINHAO,1,,,,,,1,,,0,,,,,,,,,,,,,,,,,,
2018-01-20,00:09:00,SEM VÍTIMA,FINALIZADA,PINA,AV HERCULANO BANDEIRA,434,,PROX DA GALERIA JOANA D´ARC, PROX DA IGREJA NOSSA SENHORA DO ROSÁRIO DO PINA,AV HERCULANO BANDEIRA,434,PROX DA GALERIA JOANA D´ARC, PROX DA IGREJA NOSSA SENHORA DO ROSÁRIO DO PINA,PINA,,,COLISÃO,COLISÃO ENTRE AUTO E MOTO S/V,1,1,,,,,,,,0,,,,,,,,,,,,,,,,
2018-01-20,05:26:00,SEM VÍTIMA,FINALIZADA,SANTO AMARO,RUA TREZE DE MAIO,,,AO LADO DO INSS.,RUA TREZE DE MAIO,,AO LADO DO INSS.,SANTO AMARO,,,ACID. DE PERCURSO,MOTOQUEIRO CHOCOU-SE COM UMA ARVORE,,1,,,,,,,,0,,,,,,,,,,,,,,,,,,
2018-01-20,07:18:00,COM VÍTIMA,FINALIZADA,ROSARINHO,RUA DR JOSE MARIA,512,,E/F AO EDF. PRIVILEGE ROSARINHO,RUA DR JOSE MARIA,512,E/F AO EDF. PRIVILEGE ROSARINHO,ROSARINHO,,,COLISÃO,COM UMA VÍTIMA JÁ SOCORRIDA PELOS BOMBEIROS,1,1,,,,,,,,1,,,,,,,,,,,,,,,,,,
2018-01-20,09:00:00,COM VÍTIMA,FINALIZADA,CAMPO GRANDE,EST DE BELEM,,RUA PRUDENTE DE MORAIS,CRUZAMENTO COM RUA PRUDENTE DE MORAIS AO LADO DO POSTO TOTAL,EST DE BELEM,,CRUZAMENTO COM RUA PRUDENTE DE MORAIS AO LADO DO POSTO TOTAL,CAMPO GRANDE,,,COLISÃO,CAMINHAO E MOTO,,1,,,,,1,,,2,,,,,,,,,,,,,,,,,,
2018-01-20,09:12:00,SEM VÍTIMA,FINALIZADA,SAN MARTIN,AV GENERAL SAN MARTIN,,AV ENG ABDIAS DE CARVALHO,SEMÁFORO 058 NO CRUZAMENTO. E/F AO COMPAZ,AV GENERAL SAN MARTIN,,SEMÁFORO 058 NO CRUZAMENTO. E/F AO COMPAZ,SAN MARTIN,,,COLISÃO,SEM VÍTIMAS,1,,,,,,1,,,0,,,,,,,,,,,,,,,,,,
2018-01-20,09:28:00,SEM VÍTIMA,FINALIZADA,AREIAS,AV RECIFE,,,EM FRENTE AO WALMART, SENTIDO BOA VIAGEM,AV RECIFE,,EM FRENTE AO WALMART, SENTIDO BOA VIAGEM,AREIAS,,,COLISÃO,DOIS AUTOS,2,,,,,,,,,0,,,,,,,,,,,,,,,,
2018-01-20,09:38:00,SEM VÍTIMA,FINALIZADA,PAISSANDU,AV GOVERNADOR AGAMENON MAGALHAES,,,DEFRONTE AO BANCO ITAU, SENTIDO OLINDA,AV GOVERNADOR AGAMENON MAGALHAES,,DEFRONTE AO BANCO ITAU, SENTIDO OLINDA,PAISSANDU,,,COLISÃO,COLISÃO SEM VITIMAS,1,,,,,,1,,,0,,,,,,,,,,,,,,,,
2018-01-20,09:49:00,SEM VÍTIMA,CANCELADA,BOA VISTA,RUA VISCONDE DE GOIANA,522,,EDF. VISCONDE DE GOIANA,RUA VISCONDE DE GOIANA,522,EDF. VISCONDE DE GOIANA,BOA VISTA,,,COLISÃO,COLISÃO SEM VITIMAS,1,,,,,,1,,,0,,,,,,,,,,,,,,,,,,
2018-01-20,11:17:00,SEM VÍTIMA,FINALIZADA,AREIAS,RUA APURA,169,,VILA CARDEAL, PROX. AO INSS,RUA APURA,169,VILA CARDEAL, PROX. AO INSS,AREIAS,,,COLISÃO,DOIS AUTOS,2,,,,,,,,,0,,,,,,,,,,,,,,,,
2018-01-20,11:21:00,COM VÍTIMA,FINALIZADA,IPSEP,AV RECIFE,2706,,SEMAFORO 016,EM FRENTE AO NUCLEO DA PM,AV RECIFE,2706,SEMAFORO 016,EM FRENTE AO NUCLEO DA PM,IPSEP,,,COLISÃO,COM DUAS VITIMAS AGUARDANDO SAMU,1,,,,,,,,,2,,,,,,,,,,,,,,,,
2018-01-20,11:49:00,SEM VÍTIMA,CANCELADA,DOIS UNIDOS,AV HILDEBRANDO DE VASCONCELOS,,,JUNTO AO TERMINAL DE DOIS UNIDOS,AV HILDEBRANDO DE VASCONCELOS,,JUNTO AO TERMINAL DE DOIS UNIDOS,DOIS UNIDOS,,,COLISÃO,COLISÃO SEM VITIMAS,,1,,,,1,,,,0,,,,,,,,,,,,,,,,,,
2018-01-20,12:24:00,SEM VÍTIMA,FINALIZADA,PINA,AV ANTONIO DE GOES,,,DEFRONTE AO JCPM..,AV ANTONIO DE GOES,,DEFRONTE AO JCPM..,PINA,,,COLISÃO,COLISÃO SEM VITIMAS,1,,,,,1,,,,0,,,,,,,,,,,,,,,,,,
2018-01-20,12:45:00,SEM VÍTIMA,FINALIZADA,BOA VIAGEM,AV DOM JOAO VI,,,NO SEMAFORO 543,AV DOM JOAO VI,,NO SEMAFORO 543,BOA VIAGEM,,,COLISÃO,COLISAO DE DOIS AUTOS S/V,2,,,,,,,,,0,,,,,,,,,,,,,,,,,,
2018-01-20,15:00:00,COM VÍTIMA,FINALIZADA,TAMARINEIRA,AV NORTE,3889,RUA CONEGO BARATA,PRÓXIMO AO CRUZAMENTO C/ RUA CÔNEGO BARATA S/C,AV NORTE,3889,PRÓXIMO AO CRUZAMENTO C/ RUA CÔNEGO BARATA S/C,TAMARINEIRA,,,COLISÃO,COLISÃO C/ VÍTIMA,1,1,,,,,,,,1,,,,,,,,,,,,,,,,,,
2018-01-20,16:12:00,SEM VÍTIMA,FINALIZADA,BAIRRO DO RECIFE,AV ALFREDO LISBOA,1168,,E/F DO MINISTERIO DA FAZENDA,AV ALFREDO LISBOA,1168,E/F DO MINISTERIO DA FAZENDA,BAIRRO DO RECIFE,,,COLISÃO,COLISAO DE DOIS AUTOS S/V,2,,,,,,,,,0,,,,,,,,,,,,,,,,,,
2018-01-20,16:21:00,SEM VÍTIMA,FINALIZADA,BOA VIAGEM,RUA BARAO DE SOUZA LEAO,,,PROX DA ESTAÇAO DO METRO NO SEMAFORO 644,RUA BARAO DE SOUZA LEAO,,PROX DA ESTAÇAO DO METRO NO SEMAFORO 644,BOA VIAGEM,,,COLISÃO,COLISAO DE DOIS AUTOS S/V,2,,,,,,,,,0,,,,,,,,,,,,,,,,,,
2018-01-20,16:46:00,COM VÍTIMA,FINALIZADA,CASA FORTE,RUA LEONARDO BEZERRA CAVALCANTE,646,,NA SAIDA DO HIPER, EM FRENTE AO PLAZA,RUA LEONARDO BEZERRA CAVALCANTE,646,NA SAIDA DO HIPER, EM FRENTE AO PLAZA,CASA FORTE,,,COLISÃO,AUTO MOTO,1,1,,,,,,,,1,,,,,,,,,,,,,,,,
2018-01-20,16:43:00,COM VÍTIMA,CANCELADA,TEJIPIÓ,AV DR JOSE RUFINO,3795,,PE/F DA ESTAÇAO TEJIPIO,AV DR JOSE RUFINO,3795,PE/F DA ESTAÇAO TEJIPIO,TEJIPIÓ,,,COLISÃO,COLISAO DE MOTO E AUTO COM UMA VITIMA,1,1,,,,,,,,1,,,,,,,,,,,,,,,,,,
2018-01-20,18:02:00,COM VÍTIMA,FINALIZADA,MACAXEIRA,AV JOSE AMERICO DE ALMEIDA,151,,EM FRENTE DO RESIDENCIAL AQUARELA,AV JOSE AMERICO DE ALMEIDA,151,EM FRENTE DO RESIDENCIAL AQUARELA,MACAXEIRA,,,ATROPELAMENTO,MOTO E PEDESTRE,,1,,,1,,,,,1,,,,,,,,,,,,,,,,,,
2018-01-20,19:04:00,SEM VÍTIMA,FINALIZADA,ENCRUZILHADA,RUA EUCLIDES FONSECA,186,,DE ESQUINA COM O ARRAIAL CHICO XAVIER,RUA EUCLIDES FONSECA,186,DE ESQUINA COM O ARRAIAL CHICO XAVIER,ENCRUZILHADA,,,COLISÃO,DOIS AUTOS,2,,,,,,,,,0,,,,,,,,,,,,,,,,,,
2018-01-20,19:09:00,COM VÍTIMA,FINALIZADA,TAMARINEIRA,AV CONS ROSA E SILVA,2000,RUA DR JOSE MARIA,COM A RUA DR. JOSE MARIA, EM FRENTE A FARMACIA PAGUE MENOS E EXTRAFARMA,AV CONS ROSA E SILVA,2000,COM A RUA DR. JOSE MARIA, EM FRENTE A FARMACIA PAGUE MENOS E EXTRAFARMA,TAMARINEIRA,,,COLISÃO,MOTO E AUTO,1,1,,,,,,,,1,,,,,,,,,,,,,,,,
2018-01-20,19:18:00,SEM VÍTIMA,FINALIZADA,BARRO,AV DR JOSE RUFINO,2533,,PROX. Á SOCORRO VENANCIO RECEPÇÕES, PROX. DO VIADULTO DA BR SENT. RECIFE,AV DR JOSE RUFINO,2533,PROX. Á SOCORRO VENANCIO RECEPÇÕES, PROX. DO VIADULTO DA BR SENT. RECIFE,BARRO,,,COLISÃO,DOIS AUTOS,2,,,,,,,,,0,,,,,,,,,,,,,,,,
2018-01-20,19:34:00,SEM VÍTIMA,FINALIZADA,BOA VISTA,AV CONDE DA BOA VISTA,S/N,RUA DA SOLEDADE,ENF AO ED MODULO DE ESQUINA COM SOLEDADE SENTIDO RECIFE ANTIGO SEMAFORO 025,AV CONDE DA BOA VISTA,S/N,ENF AO ED MODULO DE ESQUINA COM SOLEDADE SENTIDO RECIFE ANTIGO SEMAFORO 025,BOA VISTA,,,ENGAVETAMENTO,TRES AUTO,3,,,,,,,,,0,,,,,,,,,,,,,,,,,,
2018-01-20,19:37:00,SEM VÍTIMA,FINALIZADA,CAMPO GRANDE,RUA MARQUES DE ABRANTES,123,RUA PRUDENTE DE MORAIS,COM PRUDENTE DE MORAES, PROX. SUBWAY E POSTO DE GASOLINA TOTAL,RUA MARQUES DE ABRANTES,123,COM PRUDENTE DE MORAES, PROX. SUBWAY E POSTO DE GASOLINA TOTAL,CAMPO GRANDE,,,COLISÃO,DOIS AUTOS,2,,,,,,,,,0,,,,,,,,,,,,,,,,
2018-01-20,20:43:00,SEM VÍTIMA,FINALIZADA,AREIAS,AV DR JOSE RUFINO,1495,,EM FRENTE Á IGREJA PRESBITERIANA,AV DR JOSE RUFINO,1495,EM FRENTE Á IGREJA PRESBITERIANA,AREIAS,,,COLISÃO,AUTO E MOTO, VT-08,1,1,,,,,,,,0,,,,,,,,,,,,,,,,,
2018-01-20,21:00:00,COM VÍTIMA,FINALIZADA,IMBIRIBEIRA,AV MARECHAL MASCARENHAS DE MORAES,6133,,ENF A EMPRESA FOCO ALUGUEL DE VEICULOS,AV MARECHAL MASCARENHAS DE MORAES,6133,ENF A EMPRESA FOCO ALUGUEL DE VEICULOS,IMBIRIBEIRA,,,COLISÃO,AUTO E MOTO,1,1,,,,,,,,2,,,,,,,,,,,,,,,,,,
2018-01-20,21:07:00,SEM VÍTIMA,FINALIZADA,CAXANGÁ,AV CAXANGA,3942,,EM FRENTE AO BOMPREÇO AO LADO DO POSTO DE GASOLINA BR, SENT. CIDADE,AV CAXANGA,3942,EM FRENTE AO BOMPREÇO AO LADO DO POSTO DE GASOLINA BR, SENT. CIDADE,CAXANGÁ,,,COLISÃO,DOIS AUTOS,2,,,,,,,,,0,,,,,,,,,,,,,,,,
2018-01-20,22:07:00,COM VÍTIMA,FINALIZADA,ROSARINHO,AV NORTE,,AV SANTOS DUMONT,CRUZAMENTO COM AV SANTOS DUMONT ENF A PADARIA ROSARINHO SENTIDO SUBURBIO,AV NORTE,,CRUZAMENTO COM AV SANTOS DUMONT ENF A PADARIA ROSARINHO SENTIDO SUBURBIO,ROSARINHO,,,COLISÃO,CLIO X YAMAHA 125,1,1,,,,,,,,1,,,,,,,,,,,,,,,,,,
2018-01-20,22:29:00,COM VÍTIMA,FINALIZADA,ESPINHEIRO,AV JOAO DE BARROS,,RUA AFONSO BATISTA,COM AFONSO BATISTA, NO SEMAFORO 089,AV JOAO DE BARROS,,COM AFONSO BATISTA, NO SEMAFORO 089,ESPINHEIRO,,,COLISÃO,ONIBUS E MOTO,,1,,,,1,,,,2,,,,,,,,,,,,,,,,
2018-01-20,22:31:00,SEM VÍTIMA,FINALIZADA,BOA VIAGEM,RUA RIBEIRO DE BRITO,,AV ENG DOMINGOS FERREIRA,CRUZAMENTO COM AV ENG. DOMIGOS FERREIRA SEMAFORO 155,RUA RIBEIRO DE BRITO,,CRUZAMENTO COM AV ENG. DOMIGOS FERREIRA SEMAFORO 155,BOA VIAGEM,,,COLISÃO,TAXI X GOL,2,,,,,,,,,0,,,,,,,,,,,,,,,,,,
2018-01-20,22:36:00,SEM VÍTIMA,FINALIZADA,TAMARINEIRA,AV NORTE,3798,RUA CONEGO BARATA,NO SEMAFORO 062, CRUZAMENTO COM A RUA CONEGO BARATA,AV NORTE,3798,NO SEMAFORO 062, CRUZAMENTO COM A RUA CONEGO BARATA,TAMARINEIRA,,,COLISÃO,DOIS AUTOS,2,,,,,,,,,0,,,,,,,,,,,,,,,,
2018-01-20,22:58:00,SEM VÍTIMA,CANCELADA,PRADO,AV ENGENHEIRO ABDIAS DE CARVALHO,1111,,EM FRENTE Á ENGREFRIO, SENT. CURADO AO LADO DO POSTO DE GASOLINA BR,AV ENGENHEIRO ABDIAS DE CARVALHO,1111,EM FRENTE Á ENGREFRIO, SENT. CURADO AO LADO DO POSTO DE GASOLINA BR,PRADO,,,COLISÃO,DUAS MOTOS,,2,,,,,,,,0,,,,,,,,,,,,,,,,
2018-01-20,23:14:00,SEM VÍTIMA,FINALIZADA,JARDIM SÃO PAULO,RUA LORENA,275,RUA LEANDRO BARRETO,COM A RUA LEANDRO BARRETO,RUA LORENA,275,COM A RUA LEANDRO BARRETO,JARDIM SÃO PAULO,,,COLISÃO,DOIS AUTOS,2,,,,,,,,,0,,,,,,,,,,,,,,,,,,
2018-01-21,09:28:00,SEM VÍTIMA,FINALIZADA,MADALENA,RUA PROFESSORA ANUNCIADA DA ROCHA MELO,25,,RUA EM FRENTE A IGREJA METODISTA DA MADALENA,RUA PROFESSORA ANUNCIADA DA ROCHA MELO,25,RUA EM FRENTE A IGREJA METODISTA DA MADALENA,MADALENA,,,COLISÃO,SEM VITIMAS,2,1,,,,,,,,0,,,,,,,,,,,,,,,,,,
2018-01-21,11:00:00,SEM VÍTIMA,FINALIZADA,BREJO DA GUABIRABA,AV VEREADOR OTACILIO AZEVEDO,65,,AO LADO DO HOTEL VIP,AV VEREADOR OTACILIO AZEVEDO,65,AO LADO DO HOTEL VIP,BREJO DA GUABIRABA,,,COLISÃO,SEM VÍTIMAS,1,1,,,,,,,,0,,,,,,,,,,,,,,,,,,
2018-01-21,11:09:00,SEM VÍTIMA,CANCELADA,MANGUEIRA,RUA BOM JARDIM,822,,DEPOSITO DE RECICLAGEM,RUA BOM JARDIM,822,DEPOSITO DE RECICLAGEM,MANGUEIRA,,,COLISÃO,COLISÃO SEM VITIMAS,2,,,,,,,,,0,,,,,,,,,,,,,,,,,,
2018-01-21,14:36:00,SEM VÍTIMA,FINALIZADA,BOA VIAGEM,RUA ERNESTO DE PAULA SANTOS,1368,,AO LADO DO POSTO BR, POR TRAS DA FACULDADE UNINASSAU, NA DESCIDA DO VIA DUTO, SENTIDO SHOPPING RECIFE,RUA ERNESTO DE PAULA SANTOS,1368,AO LADO DO POSTO BR, POR TRAS DA FACULDADE UNINASSAU, NA DESCIDA DO VIA DUTO, SENTIDO SHOPPING RECIFE,BOA VIAGEM,,,COLISÃO,DOIS ONIBUS E ASA BRANCA,,,,,,2,,,,0,,,,,,,,,,,,
2018-01-21,14:49:00,SEM VÍTIMA,FINALIZADA,MADALENA,RUA PADRE ANCHIETA,473,,EM FRENTE AO EDIFICIO ILHA DE KÉA,RUA PADRE ANCHIETA,473,EM FRENTE AO EDIFICIO ILHA DE KÉA,MADALENA,,,COLISÃO,COLISÃO SEM VÍTIMA,,,,,,,,,,0,,,,,,,,,,,,,,,,,,
2018-01-21,15:56:00,SEM VÍTIMA,FINALIZADA,SANTO AMARO,AV GOVERNADOR AGAMENON MAGALHAES,,,SEMAFORO 049,AV GOVERNADOR AGAMENON MAGALHAES,,SEMAFORO 049,SANTO AMARO,,,COLISÃO,AUTO E ONIBUS DA CIDADE ALTA, SENTIDO OLINDA,1,,,,,1,,,,0,,,,,,,,,,,,,,,,,
2018-01-21,17:14:00,SEM VÍTIMA,FINALIZADA,IPSEP,AV RECIFE,5008,,EM FRENTE AO MAKRO, SENTIDO SEASA,AV RECIFE,5008,EM FRENTE AO MAKRO, SENTIDO SEASA,IPSEP,,,COLISÃO,DOIS AUTOS,2,,,,,,,,,0,,,,,,,,,,,,,,,,
2018-01-21,17:30:00,SEM VÍTIMA,FINALIZADA,BOA VISTA,RUA DAS NINFAS,189,RUA DO PROGRESSO,PROX. AO MINISTERIO PUBLICO, CRUZAMENTO COM RUA DO PROGRESSO,RUA DAS NINFAS,189,PROX. AO MINISTERIO PUBLICO, CRUZAMENTO COM RUA DO PROGRESSO,BOA VISTA,,,COLISÃO,DOIS AUTOS S/V,2,,,,,,,,,0,,,,,,,,,,,,,,,,
2018-01-21,18:09:00,SEM VÍTIMA,CANCELADA,TORRÕES,RUA OSCAR BRANDAO,241,,PROX. AO YOKI DA ABIDIAS,RUA OSCAR BRANDAO,241,PROX. AO YOKI DA ABIDIAS,TORRÕES,,,COLISÃO,AUTO E CAMINHAO,1,,,,,,1,,,0,,,,,,,,,,,,,,,,,,
2018-01-21,18:11:00,SEM VÍTIMA,CANCELADA,MADALENA,AV VISCONDE DE ALBUQUERQUE,140,,APOS O BOMPREÇOI DA BENFICA,AV VISCONDE DE ALBUQUERQUE,140,APOS O BOMPREÇOI DA BENFICA,MADALENA,,,COLISÃO,AUTO E ONIBUS,1,,,,,1,,,,0,,,,,,,,,,,,,,,,,,
2018-01-21,20:36:00,SEM VÍTIMA,FINALIZADA,BARRO,AV DR JOSE RUFINO,2241,,,AV DR JOSE RUFINO,2241,,BARRO,,,COLISÃO,DOIS AUTO,2,,,,,,,,,0,,,,,,,,,,,,,,,,,,
2018-01-21,21:57:00,SEM VÍTIMA,FINALIZADA,TEJIPIÓ,AV DR JOSE RUFINO,XX,,PROXIMO A ESTAÇÃO DE TEGIPIO,AV DR JOSE RUFINO,XX,PROXIMO A ESTAÇÃO DE TEGIPIO,TEJIPIÓ,,,ACID. DE PERCURSO,VIEICULO E MOTO COLIDIRÃO,1,1,,,,,,,,0,,,,,,,,,,,,,,,,,,
2018-01-21,23:16:00,SEM VÍTIMA,CANCELADA,SÃO JOSÉ,RUA IMPERIAL,1217,,PROX A PANIFICADORA PAO PAO,RUA IMPERIAL,1217,PROX A PANIFICADORA PAO PAO,SÃO JOSÉ,,,COLISÃO,TAXI X AUTO,2,,,,,,,,,0,,,,,,,,,,,,,,,,,,
2018-01-22,05:07:00,SEM VÍTIMA,FINALIZADA,BOA VIAGEM,RUA CORONEL ANIZIO RODRIGUES COELHO,,RUA DES JOAO PAES,CRUZAMENTO COM A RUA DES JOAO PAES,RUA CORONEL ANIZIO RODRIGUES COELHO,,CRUZAMENTO COM A RUA DES JOAO PAES,BOA VIAGEM,,,COLISÃO,COLISÃO ENTRE DOIS AUTOS S/V,2,,,,,,,,,0,,,,,,,,,,,,,,,,,,
2018-01-22,06:33:00,SEM VÍTIMA,FINALIZADA,BOA VIAGEM,AV BOA VIAGEM,4574,,EM FRENTE AO EDF MANGARÁ AO LADO DO CASTELINHO,AV BOA VIAGEM,4574,EM FRENTE AO EDF MANGARÁ AO LADO DO CASTELINHO,BOA VIAGEM,,,COLISÃO,SEM VITIMAS,4,,,,,,,,,0,,,,,,,,,,,,,,,,,,
2018-01-22,08:30:00,SEM VÍTIMA,FINALIZADA,MADALENA,AV ENGENHEIRO ABDIAS DE CARVALHO,,,EM FRENTE A SUBWAY,SENT/AFOGADOS,AV ENGENHEIRO ABDIAS DE CARVALHO,,EM FRENTE A SUBWAY,SENT/AFOGADOS,MADALENA,,,COLISÃO,SEM VITIMAS,2,,,,,,,,,0,,,,,,,,,,,,,,,,
2018-01-22,08:36:00,SEM VÍTIMA,FINALIZADA,PARNAMIRIM,RUA AFONSO CELSO,246,,EM FRENTE AO EDF MARIA SONIA,RUA AFONSO CELSO,246,EM FRENTE AO EDF MARIA SONIA,PARNAMIRIM,,,COLISÃO,DOIS AUTOS,2,,,,,,,,,0,,,,,,,,,,,,,,,,,,
2018-01-22,08:45:00,SEM VÍTIMA,FINALIZADA,TORRE,RUA MARQUES DE MARICA,172,,DE ESQUINA COM EDIFICIO PRAÇA DA CAMELIA,RUA MARQUES DE MARICA,172,DE ESQUINA COM EDIFICIO PRAÇA DA CAMELIA,TORRE,,,COLISÃO,COLISÃO SEM VITIMAS,2,,,,,,,,,0,,,,,,,,,,,,,,,,,,
2018-01-22,09:12:00,SEM VÍTIMA,FINALIZADA,IPSEP,RUA JEAN EMILE FAVRE,861,,EM FRENTE AO ARCO MIX,RUA JEAN EMILE FAVRE,861,EM FRENTE AO ARCO MIX,IPSEP,,,COLISÃO,DOIS AUTOS,2,,,,,,,,,0,,,,,,,,,,,,,,,,,,
2018-01-22,09:12:00,SEM VÍTIMA,FINALIZADA,SANTO AMARO,AV VISCONDE DE SUASSUNA,,,EM FRENTE AO PARQUE TREZE DE MAIO SENTIDO CENTRO EM BAIXO DO SEMAFORO 032,AV VISCONDE DE SUASSUNA,,EM FRENTE AO PARQUE TREZE DE MAIO SENTIDO CENTRO EM BAIXO DO SEMAFORO 032,SANTO AMARO,,,COLISÃO,COLISÃO SEM VITIMAS,1,,,,,1,,,,0,,,,,,,,,,,,,,,,,,
2018-01-22,09:25:00,SEM VÍTIMA,FINALIZADA,IMBIRIBEIRA,AV MARECHAL MASCARENHAS DE MORAES,,,SENTIDO AEROPORTO EM FRENTE AO GERALDÃO,AV MARECHAL MASCARENHAS DE MORAES,,SENTIDO AEROPORTO EM FRENTE AO GERALDÃO,IMBIRIBEIRA,,,COLISÃO,COLISÃO SEM VITIMAS,1,,,,,1,,,,0,,,,,,,,,,,,,,,,,,
2018-01-22,10:14:00,SEM VÍTIMA,CANCELADA,DOIS IRMÃOS,RUA DOIS IRMAOS,1012,,EM FRENTE AO LAFEPE,RUA DOIS IRMAOS,1012,EM FRENTE AO LAFEPE,DOIS IRMÃOS,,,COLISÃO,SEM VITIMAS,2,,,,,,,,,0,,,,,,,,,,,,,,,,,,
2018-01-22,10:15:00,SEM VÍTIMA,FINALIZADA,BOA VIAGEM,RUA PROFESSOR JOSE BRANDAO,,,EM FRENTE AO RESIDENCIAL BEACH CLASS,RUA PROFESSOR JOSE BRANDAO,,EM FRENTE AO RESIDENCIAL BEACH CLASS,BOA VIAGEM,,,COLISÃO,COLISÃO SEM VITIMAS,2,,,,,,,,,0,,,,,,,,,,,,,,,,,,
2018-01-22,10:21:00,SEM VÍTIMA,FINALIZADA,MACAXEIRA,AV NORTE,,,NO SENTIDO GUABIRABA,AV NORTE,,NO SENTIDO GUABIRABA,MACAXEIRA,,,COLISÃO,COLISÃO SEM VITIMAS,2,,,,,,1,,,0,,,,,,,,,,,,,,,,,,
2018-01-22,10:22:00,SEM VÍTIMA,FINALIZADA,BOA VIAGEM,RUA CORONEL BENEDITO CHAVES,188,,POR TRAS DO ITAU DA CONS AGUIAR,RUA CORONEL BENEDITO CHAVES,188,POR TRAS DO ITAU DA CONS AGUIAR,BOA VIAGEM,,,COLISÃO,SEM VITIMAS,2,,,,,,,,,0,,,,,,,,,,,,,,,,,,
2018-01-22,10:34:00,,CANCELADA,BOA VIAGEM,RUA CORONEL BENEDITO CHAVES,,,ENTRE A CONSELHEIRO AGUIAR NA ENTRADA DO ESTACIONAMENTO DO BANCO ITAU E A PIZZARIA DONATA,RUA CORONEL BENEDITO CHAVES,,ENTRE A CONSELHEIRO AGUIAR NA ENTRADA DO ESTACIONAMENTO DO BANCO ITAU E A PIZZARIA DONATA,BOA VIAGEM,,,COLISÃO,COLISÃO SEM VITIMAS,2,,,,,,,,,0,,,,,,,,,,,,,,,,,,
2018-01-22,10:46:00,SEM VÍTIMA,FINALIZADA,CAJUEIRO,RUA DR ALBERTO WANDERLEY,436,,AO LADO BAR DA FAVA,RUA DR ALBERTO WANDERLEY,436,AO LADO BAR DA FAVA,CAJUEIRO,,,CAPOTAMENTO,VEICULO CAPOTOU,SEM VITIMA,1,,,,,,,,,0,,,,,,,,,,,,,,,,,