data,hora,natureza_acidente,situacao,bairro,endereco,numero,detalhe_endereco_acidente,complemento,endereco_cruzamento,numero_cruzamento,referencia_cruzamento,bairro_cruzamento,num_semaforo,sentido_via,tipo,descricao,auto,moto,ciclom,ciclista,pedestre,onibus,caminhao,viatura,outros,vitimas,vitimasfatais,acidente_verificado,tempo_clima,situacao_semaforo,sinalizacao,condicao_via,conservacao_via,ponto_controle,situacao_placa,velocidade_max_via,mao_direcao,divisao_via1,divisao_via2,divisao_via3,,,,
2018-01-22,10:51:00,SEM VÍTIMA,FINALIZADA,SANTO AMARO,AV GOVERNADOR AGAMENON MAGALHAES,674,,SEMAFORO 378 SENT/OLINDA,AV GOVERNADOR AGAMENON MAGALHAES,674,SEMAFORO 378 SENT/OLINDA,SANTO AMARO,,,COLISÃO,SEM VITIMAS,2,,,,,,,,,0,,,,,,,,,,,,,,,,,,
2018-01-22,11:49:00,SEM VÍTIMA,FINALIZADA,MADALENA,RUA JOSE OSORIO,,,SEMAFORO 050 ,EM FRENTE A FARMACIA DO TRABALHADOR,RUA JOSE OSORIO,,SEMAFORO 050 ,EM FRENTE A FARMACIA DO TRABALHADOR,MADALENA,,,COLISÃO,SEM VITIMAS,1,,,,,1,,,,0,,,,,,,,,,,,,,,,
2018-01-22,11:55:00,SEM VÍTIMA,FINALIZADA,DERBY,AV GOVERNADOR AGAMENON MAGALHAES,,,EM FRENTE AO HOSPITAL DA RESTAURAÇÃO,AV GOVERNADOR AGAMENON MAGALHAES,,EM FRENTE AO HOSPITAL DA RESTAURAÇÃO,DERBY,,,COLISÃO,COLISÃO SEM VITIMAS GM QTH,2,,,,,,,,,0,,,,,,,,,,,,,,,,,,
2018-01-22,12:01:00,SEM VÍTIMA,CANCELADA,SANCHO,AV LIBERDADE,,,E/F AO CEMITÉRIO PARQUE DAS FLORES,AV LIBERDADE,,E/F AO CEMITÉRIO PARQUE DAS FLORES,SANCHO,,,COLISÃO,SEM VÍTIMAS,2,,,,,,,,,0,,,,,,,,,,,,,,,,,,
2018-01-22,12:03:00,SEM VÍTIMA,CANCELADA,AFOGADOS,EST DOS REMEDIOS,1603,,E/F A IGREJA NOSSA SENHORA DOS REMEDIOS, SENTIDO CIDADE,EST DOS REMEDIOS,1603,E/F A IGREJA NOSSA SENHORA DOS REMEDIOS, SENTIDO CIDADE,AFOGADOS,,,COLISÃO,SEM VÍTIMAS,2,,,,,,,,,0,,,,,,,,,,,,,,,,
2018-01-22,12:25:00,COM VÍTIMA,FINALIZADA,CAMPO GRANDE,RUA PAULO DE ARRUDA,201,,APOS O RESTAURANTE PASSIRA DE CAMPO GRANDE PRIMEIRA RUA A DIREITA,RUA PAULO DE ARRUDA,201,APOS O RESTAURANTE PASSIRA DE CAMPO GRANDE PRIMEIRA RUA A DIREITA,CAMPO GRANDE,,,COLISÃO,COLISAO DE AUTO E MOTO COM UMA VITIMA,1,1,,,,,,,,1,,,,,,,,,,,,,,,,,,
2018-01-22,12:29:00,SEM VÍTIMA,FINALIZADA,ESPINHEIRO,RUA DA HORA,170,,EM FRENTE A HERING,RUA DA HORA,170,EM FRENTE A HERING,ESPINHEIRO,,,COLISÃO,DOIS AUTOS S/V,2,,,,,,,,,0,,,,,,,,,,,,,,,,,,
2018-01-22,12:58:00,SEM VÍTIMA,FINALIZADA,AREIAS,AV RECIFE,5586,,E/F AO POSTO BR E AO LADO DA PADARIA RECIPÃO / SNT CIDADE UNIV,AV RECIFE,5586,E/F AO POSTO BR E AO LADO DA PADARIA RECIPÃO / SNT CIDADE UNIV,AREIAS,,,COLISÃO,ENTRE 2 AUTOS. S/V,2,,,,,,,,,0,,,,,,,,,,,,,,,,,,
2018-01-22,13:03:00,SEM VÍTIMA,FINALIZADA,PINA,AV ANTONIO DE GOES,,,EM FRENTE AO DNIT,AV ANTONIO DE GOES,,EM FRENTE AO DNIT,PINA,,,COLISÃO,AUTO E ONIBUS ,1,,,,,1,,,,0,,,,,,,,,,,,,,,,,,
2018-01-22,13:10:00,COM VÍTIMA,FINALIZADA,NOVA DESCOBERTA,RUA CORREGO DA AREIA,871,,E/F DA ASSEMBLEIA DE DEUS,RUA CORREGO DA AREIA,871,E/F DA ASSEMBLEIA DE DEUS,NOVA DESCOBERTA,,,ATROPELAMENTO,ATROPELAMENTO DE MOTO COM PEDESTRE,,1,,,1,,,,,1,,,,,,,,,,,,,,,,,,
2018-01-22,13:21:00,SEM VÍTIMA,FINALIZADA,SANTO AMARO,AV MARIO MELO,,,E/F A ESCOLA ESTADUAL SILVIO RABELO. NO COMPLEXO DO IEP,AV MARIO MELO,,E/F A ESCOLA ESTADUAL SILVIO RABELO. NO COMPLEXO DO IEP,SANTO AMARO,,,COLISÃO,ENTRE 2 AUTOS. S/V,2,,,,,,,,,0,,,,,,,,,,,,,,,,,,
2018-01-22,13:39:00,COM VÍTIMA,FINALIZADA,ROSARINHO,RUA AMARO COUTINHO,750,AV SANTOS DUMONT,NO CRUZAMENTO COM A SANTOS DUMONT / E/F A FARMACIA BONGI E PROX A PRAÇA DO ROSARINHO,RUA AMARO COUTINHO,750,NO CRUZAMENTO COM A SANTOS DUMONT / E/F A FARMACIA BONGI E PROX A PRAÇA DO ROSARINHO,ROSARINHO,,,COLISÃO,ENTRE AUTO E MOTO. C/V,1,1,,,,,,,,1,,,,,,,,,,,,,,,,,,
2018-01-22,14:07:00,SEM VÍTIMA,CANCELADA,ARRUDA,AV BEBERIBE,,RUA DAS MOCAS,CRUZAMENTO COM A R DAS MOÇAS / E/F A UNIÃO CORRETORA DE VEÍCULOS,AV BEBERIBE,,CRUZAMENTO COM A R DAS MOÇAS / E/F A UNIÃO CORRETORA DE VEÍCULOS,ARRUDA,,,COLISÃO,ENTRE ONIBUS E AUTO. S/V,1,,,,,1,,,,0,,,,,,,,,,,,,,,,,,
2018-01-22,14:10:00,SEM VÍTIMA,CANCELADA,AFLITOS,AV CONS ROSA E SILVA,1224,,APOS O CLUBE NAUTICO, A PRIMEIRA PARADA DE ONIBUS,AV CONS ROSA E SILVA,1224,APOS O CLUBE NAUTICO, A PRIMEIRA PARADA DE ONIBUS,AFLITOS,,,COLISÃO,AUTO E MOTO,1,1,,,,,,,,0,,,,,,,,,,,,,,,,
2018-01-22,14:27:00,SEM VÍTIMA,FINALIZADA,DERBY,RUA JENER DE SOUZA,,RUA DA BAIXA VERDE,C/ RUA DA BAIXA VERDE,RUA JENER DE SOUZA,,C/ RUA DA BAIXA VERDE,DERBY,,,COLISÃO,DOIS AUTOS PASSEIO,2,,,,,,,,,0,,,,,,,,,,,,,,,,,,
2018-01-22,14:35:00,SEM VÍTIMA,FINALIZADA,CAXANGÁ,AV JOAQUIM RIBEIRO,501,,E/F DA BORRA BORRACHARIA DO NADO PROX DA UPA S/T DOIS IRMAOS,AV JOAQUIM RIBEIRO,501,E/F DA BORRA BORRACHARIA DO NADO PROX DA UPA S/T DOIS IRMAOS,CAXANGÁ,,,COLISÃO,COLISAO DE AUTO COM REBOQUE,1,,,,,,1,,,0,,,,,,,,,,,,,,,,,,
2018-01-22,14:47:00,SEM VÍTIMA,FINALIZADA,IMBIRIBEIRA,AV MARECHAL MASCARENHAS DE MORAES,2560,,APOS P BANCO ITAU, EM FRENTE DA IGREJA BOLA DE NEVE, SENTIDO BOA VIAGEM,AV MARECHAL MASCARENHAS DE MORAES,2560,APOS P BANCO ITAU, EM FRENTE DA IGREJA BOLA DE NEVE, SENTIDO BOA VIAGEM,IMBIRIBEIRA,,,COLISÃO,DOIS AUTOS,2,,,,,,,,,0,,,,,,,,,,,,,,
2018-01-22,15:03:00,COM VÍTIMA,FINALIZADA,AFOGADOS,EST DOS REMEDIOS,60,,E/F À FARMÁCIA INDEPENDENTE,EST DOS REMEDIOS,60,E/F À FARMÁCIA INDEPENDENTE,AFOGADOS,,,COLISÃO,COLISÃO ENTRE AUTO PASSEIO E MOTOCICLETA COM LESÕES.,1,1,,,,,,8,,1,,,,,,,,,,,,,,,,,,
2018-01-22,15:30:00,SEM VÍTIMA,FINALIZADA,ILHA DO LEITE,RUA ESTADO DE ISRAEL,230,,E/F AO HOTEL MERCURY,RUA ESTADO DE ISRAEL,230,E/F AO HOTEL MERCURY,ILHA DO LEITE,,,COLISÃO,ENTRE AUTO E MOTO. S/V,1,1,,,,,,,,0,,,,,,,,,,,,,,,,,,
2018-01-22,15:35:00,SEM VÍTIMA,FINALIZADA,MADALENA,RUA REAL DA TORRE,954,,E/F AO POSTO TORRE,RUA REAL DA TORRE,954,E/F AO POSTO TORRE,MADALENA,,,COLISÃO,COLISAO DE DOIS AUTOS S/V,2,,,,,,,,,0,,,,,,,,,,,,,,,,,,
2018-01-22,17:50:00,SEM VÍTIMA,FINALIZADA,CORDEIRO,RUA GOMES TABORDA,275,RUA CLAUDIO BROTHERHOOD,NO CRUZ COM A R CLAUDIO BROTHERHOOD,RUA GOMES TABORDA,275,NO CRUZ COM A R CLAUDIO BROTHERHOOD,CORDEIRO,,,COLISÃO,ENTRE 2 AUTOS S/V,2,,,,,,,,,0,,,,,,,,,,,,,,,,,,
2018-01-22,18:00:00,SEM VÍTIMA,FINALIZADA,BOA VIAGEM,RUA CAPITAO ZUZINHA,180,,,RUA CAPITAO ZUZINHA,180,,BOA VIAGEM,,,COLISÃO,ONIBUS E AUTO,2,,,,,,,,,0,,,,,,,,,,,,,,,,,,
2018-01-22,19:21:00,SEM VÍTIMA,FINALIZADA,JIQUIÁ,RUA SAO MIGUEL,2149,,PROX AO VILLA KIDS E E/F AO BEZERRA REBOQUES,RUA SAO MIGUEL,2149,PROX AO VILLA KIDS E E/F AO BEZERRA REBOQUES,JIQUIÁ,,,COLISÃO,ENTRE 2 AUTOS S/V,2,,,,,,,,,0,,,,,,,,,,,,,,,,,,
2018-01-22,19:32:00,SEM VÍTIMA,FINALIZADA,TEJIPIÓ,AV DR JOSE RUFINO,3162,RUA ITAENGA,E/F AO 4 BATALHÃO DE COMUNICAÇOES / SEMÁFORO 208,AV DR JOSE RUFINO,3162,E/F AO 4 BATALHÃO DE COMUNICAÇOES / SEMÁFORO 208,TEJIPIÓ,,,ENGAVETAMENTO,ENTRE 4 AUTOS. S/V,4,,,,,,,,,0,,,,,,,,,,,,,,,,,,
2018-01-22,19:41:00,SEM VÍTIMA,FINALIZADA,PINA,RUA MARQUES DE ALEGRETE,99,,PROX DO SHOPPING RIOMAR E DO CALDINHO DO NENEN E/F DO EDF FORT DO SAO PEDRO,RUA MARQUES DE ALEGRETE,99,PROX DO SHOPPING RIOMAR E DO CALDINHO DO NENEN E/F DO EDF FORT DO SAO PEDRO,PINA,,,COLISÃO,COLISAO DE DOIS AUTOS S/V,2,,,,,,,,,0,,,,,,,,,,,,,,,,,,
2018-01-22,19:58:00,SEM VÍTIMA,FINALIZADA,VÁRZEA,RUA SERRA NOVA,,,NO TERMINAL DE ONIBUS DA VÁRZEA,RUA SERRA NOVA,,NO TERMINAL DE ONIBUS DA VÁRZEA,VÁRZEA,,,COLISÃO,COLISAO DE ONIBUS E AUTO S/V,1,,,,,1,,,,0,,,,,,,,,,,,,,,,,,
2018-01-22,20:09:00,SEM VÍTIMA,FINALIZADA,IBURA,AV DOIS RIOS,,,NA SUBIDA DA LADEIRA DA COHAB,AV DOIS RIOS,,NA SUBIDA DA LADEIRA DA COHAB,IBURA,,,COLISÃO,COLISAO DE DOIS AUTOS S/V BATEDOR DA MOTO 19 E 27,1,1,,,,,,,,0,,,,,,,,,,,,,,,,,,
2018-01-22,20:13:00,COM VÍTIMA,FINALIZADA,IPSEP,RUA PROFESSOR JOSE VICENTE,518C,RUA PINTOR ANTONIO DE ALBUQUERQUE,COM A RUA PINTOR ANTONIO DE ALBURQUERQUE E/F DO POSTO SHEL,RUA PROFESSOR JOSE VICENTE,518C,COM A RUA PINTOR ANTONIO DE ALBURQUERQUE E/F DO POSTO SHEL,IPSEP,,,COLISÃO,COLISAO DE AUTO E MOTO COM UMA VITIMA,1,1,,,,,,,,1,,,,,,,,,,,,,,,,,,
2018-01-22,20:19:00,COM VÍTIMA,FINALIZADA,CAXANGÁ,AV CAXANGA,,,E/F AO BANCO SANTANDER S/T SUB,AV CAXANGA,,E/F AO BANCO SANTANDER S/T SUB,CAXANGÁ,,,COLISÃO,COLISAO DE AUTO E MOTO COM UMA VITIMA,1,1,,,,,,,,1,,,,,,,,,,,,,,,,,,
2018-01-22,22:28:00,SEM VÍTIMA,FINALIZADA,BOA VIAGEM,AV CONSELHEIRO AGUIAR,,,E/F AO EDF HOLLIDAY E POSTO BR.,AV CONSELHEIRO AGUIAR,,E/F AO EDF HOLLIDAY E POSTO BR.,BOA VIAGEM,,,COLISÃO,ENTRE 2 AUTOS S/V,1,,,,,,1,,,0,,,,,,,,,,,,,,,,,,
2018-01-23,03:25:00,SEM VÍTIMA,FINALIZADA,BOA VIAGEM,AVENIDA CELSO FURTADO (VIA MANGUE),,,SENTIDO BOA VIAGEM, APÓS O RIOMAR,AVENIDA CELSO FURTADO (VIA MANGUE),,SENTIDO BOA VIAGEM, APÓS O RIOMAR,BOA VIAGEM,,,CHOQUE,VEÍCULO CHOCOU-SE CONTRA A MURETA DE PROTEÇÃO,1,,,,,,,,,0,,,,,,,,,,,,,,,,
2018-01-23,06:48:00,SEM VÍTIMA,FINALIZADA,SÃO JOSÉ,AV SUL,74,,SENTIDO CAIS DE SANTA RITA, SEMÁFORO 509,AV SUL,74,SENTIDO CAIS DE SANTA RITA, SEMÁFORO 509,SÃO JOSÉ,,,COLISÃO,SEM VÍTIMAS,2,,,,,,,,,0,,,,,,,,,,,,,,,,
2018-01-23,06:58:00,SEM VÍTIMA,FINALIZADA,IMBIRIBEIRA,AV MARECHAL MASCARENHAS DE MORAES,,,SENT/AFOGADOS,EM FRENTE AO ATACADO DOS PRESENTES,SEMAFORO 310,AV MARECHAL MASCARENHAS DE MORAES,,SENT/AFOGADOS,EM FRENTE AO ATACADO DOS PRESENTES,SEMAFORO 310,IMBIRIBEIRA,,,COLISÃO,SEM VITIMAS,2,,,,,,,,,0,,,,,,,,,,,,,,
2018-01-23,07:10:00,SEM VÍTIMA,FINALIZADA,IMBIRIBEIRA,AV MARECHAL MASCARENHAS DE MORAES,,,EMBAIXO DA PASSARELA DO AEROPORTO/ SENTIDO CENTRO,AV MARECHAL MASCARENHAS DE MORAES,,EMBAIXO DA PASSARELA DO AEROPORTO/ SENTIDO CENTRO,IMBIRIBEIRA,,,COLISÃO,COLISÃO SEM VITIMAS/ DOIS AUTOS PASSEIO E UM CAMINHÃO,2,,,,,,1,,,0,,,,,,,,,,,,,,,,,,
2018-01-23,07:13:00,SEM VÍTIMA,CANCELADA,ROSARINHO,AV SANTOS DUMONT,,AV NORTE,SEMAFORO 081,CRUZAMENTO COM A AV NORTE,AV SANTOS DUMONT,,SEMAFORO 081,CRUZAMENTO COM A AV NORTE,ROSARINHO,,,COLISÃO,SEM VITIMAS,2,,,,,,,,,0,,,,,,,,,,,,,,,,
2018-01-23,07:24:00,SEM VÍTIMA,CANCELADA,DOIS IRMÃOS,RUA MANUEL DE MEDEIROS,,,NA ENTRADA DA CLINICA VETERINARIA DE DOIS IRMÃOS,RUA MANUEL DE MEDEIROS,,NA ENTRADA DA CLINICA VETERINARIA DE DOIS IRMÃOS,DOIS IRMÃOS,,,COLISÃO,SEM VITIMAS,1,1,,,,,,,,0,,,,,,,,,,,,,,,,,,
2018-01-23,08:00:00,SEM VÍTIMA,FINALIZADA,AREIAS,AV RECIFE,,,PROX. AO POSTO BR, APOS O MAKRO /SENTIDO BOA VIAGEM,AV RECIFE,,PROX. AO POSTO BR, APOS O MAKRO /SENTIDO BOA VIAGEM,AREIAS,,,COLISÃO,COLISÃO SEM VITIMAS,2,,,,,,,,,0,,,,,,,,,,,,,,,,
2018-01-23,08:53:00,SEM VÍTIMA,CANCELADA,IPSEP,AV RECIFE,165,,E/F A MERCEARIA DE MOVEIS SOB MEDIDA. SEMÁFORO 393, SENTIDO BR 232,AV RECIFE,165,E/F A MERCEARIA DE MOVEIS SOB MEDIDA. SEMÁFORO 393, SENTIDO BR 232,IPSEP,,,COLISÃO,SEM VÍTIMAS,2,,,,,,,,,0,,,,,,,,,,,,,,,,
2018-01-23,10:53:00,SEM VÍTIMA,FINALIZADA,ILHA DO LEITE,RUA ANTONIO GOMES DE FREITAS,,,ENTRE O HOPE E O HOSPITAL ESPERANÇA. SEMÁFORO 490, SENTIDO IMIP,RUA ANTONIO GOMES DE FREITAS,,ENTRE O HOPE E O HOSPITAL ESPERANÇA. SEMÁFORO 490, SENTIDO IMIP,ILHA DO LEITE,,,COLISÃO,SEM VÍTIMAS,2,,,,,,,,,0,,,,,,,,,,,,,,,,
2018-01-23,11:24:00,SEM VÍTIMA,FINALIZADA,BOA VISTA,RUA DO PRINCIPE,,,SEMAFORO 176,EM FRENTE AO CENTRO EMPRESARIAL DO PRINCIPE,RUA DO PRINCIPE,,SEMAFORO 176,EM FRENTE AO CENTRO EMPRESARIAL DO PRINCIPE,BOA VISTA,,,COLISÃO,SEM VITIMAS,2,,,,,,,,,0,,,,,,,,,,,,,,,,
2018-01-23,12:08:00,SEM VÍTIMA,CANCELADA,PARNAMIRIM,AV DEZESSETE DE AGOSTO,,,EM FRENTE A FARMACIA DROGASIL,AV DEZESSETE DE AGOSTO,,EM FRENTE A FARMACIA DROGASIL,PARNAMIRIM,,,COLISÃO,COLISÃO SEM VITIMAS,2,,,,,,,,,0,,,,,,,,,,,,,,,,,,
2018-01-23,12:09:00,SEM VÍTIMA,FINALIZADA,AFLITOS,AV CONS ROSA E SILVA,1002,,PROX. AO NAUTICO,AV CONS ROSA E SILVA,1002,PROX. AO NAUTICO,AFLITOS,,,COLISÃO,AUTO E ONIBUS GLOBO,1,,,,,,,,,0,,,,,,,,,,,,,,,,,,
2018-01-23,12:09:00,SEM VÍTIMA,FINALIZADA,ESPINHEIRO,RUA CONS PORTELA,,,NO SEMÁFORO 011,RUA CONS PORTELA,,NO SEMÁFORO 011,ESPINHEIRO,,,COLISÃO,COLISÃO SEM VÍTIMA,3,,,,,,,,,0,,,,,,,,,,,,,,,,,,
2018-01-23,12:11:00,SEM VÍTIMA,FINALIZADA,SAN MARTIN,AV GENERAL SAN MARTIN,2096,,E/F DA FARMASUL,AV GENERAL SAN MARTIN,2096,E/F DA FARMASUL,SAN MARTIN,,,COLISÃO,COLISAO DE DOIS AUTOS S/V,2,,,,,,,,,0,,,,,,,,,,,,,,,,,,
2018-01-23,12:26:00,SEM VÍTIMA,FINALIZADA,TORRÕES,AV ENGENHEIRO ABDIAS DE CARVALHO,,,APOS O YOKI E/F DA PRAÇA DA CHESF S/T CID,AV ENGENHEIRO ABDIAS DE CARVALHO,,APOS O YOKI E/F DA PRAÇA DA CHESF S/T CID,TORRÕES,,,COLISÃO,COLISAO DE TRES AUTOS S/V,3,,,,,,,,,0,,,,,,,,,,,,,,,,,,
2018-01-23,12:44:00,COM VÍTIMA,FINALIZADA,SANCHO,AV LIBERDADE,623,,PROX. A PIZZARIA MANA,AV LIBERDADE,623,PROX. A PIZZARIA MANA,SANCHO,,,COLISÃO,AUTO E MOTO,1,1,,,,,,,,1,,,,,,,,,,,,,,,,,,
2018-01-23,13:38:00,COM VÍTIMA,FINALIZADA,BOA VISTA,AV VISCONDE DE SUASSUNA,,,E/F DO SENAC,AV VISCONDE DE SUASSUNA,,E/F DO SENAC,BOA VISTA,,,COLISÃO,COLISAO DE AUTO E MOTO COM UMA VITIMA BATEDOR DA MOTO 10/16 ESTA NO LOCAL,1,1,,,,,,,,1,,,,,,,,,,,,,,,,,,
2018-01-23,13:47:00,SEM VÍTIMA,FINALIZADA,ROSARINHO,RUA DR JOSE MARIA,882,,EM FRENTE A PADARIA PÃO RECIFE E A FRUT VERDE,RUA DR JOSE MARIA,882,EM FRENTE A PADARIA PÃO RECIFE E A FRUT VERDE,ROSARINHO,,,COLISÃO,COLISÃO SEM VITIMAS,4,,,,,,,,,0,,,,,,,,,,,,,,,,,,
2018-01-23,14:19:00,SEM VÍTIMA,CANCELADA,ESTÂNCIA,AV DR JOSE RUFINO,,,AO LADO DO COLEGIO VISAO,AV DR JOSE RUFINO,,AO LADO DO COLEGIO VISAO,ESTÂNCIA,,,COLISÃO,COLISAO DE DUAS MOTOS SEM VITIMAS,,2,,,,,,,,0,,,,,,,,,,,,,,,,,,
2018-01-23,15:17:00,SEM VÍTIMA,FINALIZADA,ILHA DO LEITE,RUA JOSE DE ALENCAR,269,,NA RUA DO HOSPITAL DA UNIMED,RUA JOSE DE ALENCAR,269,NA RUA DO HOSPITAL DA UNIMED,ILHA DO LEITE,,,COLISÃO,COLISAO DE DOIS AUTOS S/V,2,,,,,,,,,0,,,,,,,,,,,,,,,,,,
2018-01-23,16:31:00,SEM VÍTIMA,FINALIZADA,ESPINHEIRO,AV GOVERNADOR AGAMENON MAGALHAES,,,SENTIDO OLINDA CENTRO DE ESQUINA COM A UNIMED RECIFE,AV GOVERNADOR AGAMENON MAGALHAES,,SENTIDO OLINDA CENTRO DE ESQUINA COM A UNIMED RECIFE,ESPINHEIRO,,,COLISÃO,COLISÃO SEM VITIMAS,1,,,,,,1,,,0,,,,,,,,,,,,,,,,,,
2018-01-23,16:58:00,SEM VÍTIMA,EQUIPE EM DESLOCAMENTO,MADALENA,EST DOS REMEDIOS,,,EM FRENTE AO HOSPITAL LESSA DE ANDRADE,EST DOS REMEDIOS,,EM FRENTE AO HOSPITAL LESSA DE ANDRADE,MADALENA,,,COLISÃO,COLISÃO SEM VITIMAS,2,,,,,,,,,0,,,,,,,,,,,,,,,,,,
2018-01-23,17:16:00,SEM VÍTIMA,FINALIZADA,JOANA BEZERRA,RUA IMPERIAL,,RUA CABO EUTROPIO,CRUZAMENTO COM A RUA CABO EUTRÓPIO (NO SEMÁFORO 352).,RUA IMPERIAL,,CRUZAMENTO COM A RUA CABO EUTRÓPIO (NO SEMÁFORO 352).,JOANA BEZERRA,,,COLISÃO,COLISÃO SEM VÍTIMA,2,,,,,,,,,0,,,,,,,,,,,,,,,,,,
2018-01-23,17:35:00,SEM VÍTIMA,FINALIZADA,GRAÇAS,RUA JOAQUIM NABUCO,,,PROX A PADARIA DAS GRAÇAS EM FRENTE A FARMACIA QUATRO CANTOS,RUA JOAQUIM NABUCO,,PROX A PADARIA DAS GRAÇAS EM FRENTE A FARMACIA QUATRO CANTOS,GRAÇAS,,,COLISÃO,COLISÃO SEM VITIMAS,2,,,,,,,,,0,,,,,,,,,,,,,,,,,,
2018-01-23,17:38:00,SEM VÍTIMA,FINALIZADA,SAN MARTIN,AV CONSUL VILARES FRAGOSO,470,,PROX. A SECRETARIA ESTADUAL DE SAUDE / POR TRÁS DO EDF MORADA COLONIAL,AV CONSUL VILARES FRAGOSO,470,PROX. A SECRETARIA ESTADUAL DE SAUDE / POR TRÁS DO EDF MORADA COLONIAL,SAN MARTIN,,,COLISÃO,DOIS AUTOS,2,,,,,,,,,0,,,,,,,,,,,,,,,,,,
2018-01-23,18:25:00,COM VÍTIMA,FINALIZADA,ILHA DO RETIRO,AV BEIRA RIO,,,NA ENTRADA DO TUNEL CHICO SCIENCE,AV BEIRA RIO,,NA ENTRADA DO TUNEL CHICO SCIENCE,ILHA DO RETIRO,,,COLISÃO,COLISÃO ENTRE AUTO E MOTO C/V,1,1,,,,,,,,1,,,,,,,,,,,,,,,,,,
2018-01-23,18:37:00,SEM VÍTIMA,FINALIZADA,BOMBA DO HEMETÉRIO,RUA CHA DE ALEGRIA,235,,E/F AO ESPETINHO DA SEÇA,RUA CHA DE ALEGRIA,235,E/F AO ESPETINHO DA SEÇA,BOMBA DO HEMETÉRIO,,,COLISÃO,AUTO E ONIBUS . S/V,1,,,,,1,,,,0,,,,,,,,,,,,,,,,,,
2018-01-23,19:06:00,SEM VÍTIMA,CANCELADA,ESTÂNCIA,AV RECIFE,5425,,PROX DO POSTO TOTAL, EM FRENTE AO HOTEL ESTORIL, SENTIDO AEROPORTO,AV RECIFE,5425,PROX DO POSTO TOTAL, EM FRENTE AO HOTEL ESTORIL, SENTIDO AEROPORTO,ESTÂNCIA,,,COLISÃO,COLISÃO ENTRE DOIS AUTOS S/V,2,,,,,,,,,0,,,,,,,,,,,,,,
2018-01-23,20:15:00,SEM VÍTIMA,FINALIZADA,MADALENA,RUA REAL DA TORRE,913,,EM FRENTE AO WIZARD, PROX DO CERPE, PROX DO POSTO DE COMBUSTIVEL TORRE,RUA REAL DA TORRE,913,EM FRENTE AO WIZARD, PROX DO CERPE, PROX DO POSTO DE COMBUSTIVEL TORRE,MADALENA,,,COLISÃO,COLISÃO ENTRE DOIS AUTOS S/V,2,,,,,,,,,0,,,,,,,,,,,,,,
2018-01-23,23:10:00,SEM VÍTIMA,FINALIZADA,IPSEP,RUA VIRGINIA HERACLIO,639,,AO LADO DO SINDICATO DOS TAXISTAS,RUA VIRGINIA HERACLIO,639,AO LADO DO SINDICATO DOS TAXISTAS,IPSEP,,,COLISÃO,ENTRE 2 AUTOS S/V,2,,,,,,,,,0,,,,,,,,,,,,,,,,,,
2018-01-23,23:37:00,SEM VÍTIMA,FINALIZADA,SANTO AMARO,AV NORTE,,,PROX DO POSTO ALVORADA, PROX DA PRAÇA PROFESSOR AGAMENON MAGALHÃES, SENTIDO CIDADE SUBÚRBIO,AV NORTE,,PROX DO POSTO ALVORADA, PROX DA PRAÇA PROFESSOR AGAMENON MAGALHÃES, SENTIDO CIDADE SUBÚRBIO,SANTO AMARO,,,COLISÃO,COLISÃO ENTRE AUTO PASSEIO E VIATURA PM S/V,1,,,,,,,1,,0,,,,,,,,,,,,,,
2018-01-24,03:59:00,SEM VÍTIMA,FINALIZADA,PINA,AV HERCULANO BANDEIRA,,,PROX DO ATACADO DA CONSTRUÇÃO, PROX DO NEWSEDAN MERCEDES-BENZ,AV HERCULANO BANDEIRA,,PROX DO ATACADO DA CONSTRUÇÃO, PROX DO NEWSEDAN MERCEDES-BENZ,PINA,,,COLISÃO,COLISÃO ENTRE AUTO E ÔNIBUS S/V,1,,,,,1,,,,0,,,,,,,,,,,,,,,,
2018-01-24,06:27:00,SEM VÍTIMA,FINALIZADA,IMBIRIBEIRA,AV MARECHAL MASCARENHAS DE MORAES,1801,,EM FRENTE A CONCESSIONARIA HONDA,AV MARECHAL MASCARENHAS DE MORAES,1801,EM FRENTE A CONCESSIONARIA HONDA,IMBIRIBEIRA,,,CHOQUE,CAMINHAO CHOCOU-SE COM MURO,,,,,,,1,,,0,,,,,,,,,,,,,,,,,,
2018-01-24,07:12:00,SEM VÍTIMA,FINALIZADA,ILHA JOANA BEZERRA,AV DES GUERRA BARRETO,,,SENT AGAMENON MAGALHAES / PROX AO CABANGA,EM CIMA DO VIADUTO CAPITÃO TEMUDO,AV DES GUERRA BARRETO,,SENT AGAMENON MAGALHAES / PROX AO CABANGA,EM CIMA DO VIADUTO CAPITÃO TEMUDO,ILHA JOANA BEZERRA,,,COLISÃO,ONIBUS E AUTO,1,,,,,1,,,,0,,,,,,,,,,,,,,,,
2018-01-24,07:17:00,SEM VÍTIMA,FINALIZADA,ARRUDA,RUA ZEFERINO AGRA,,,NA ESQUINA DA IGREJA DE SANTO ANTONIO,RUA ZEFERINO AGRA,,NA ESQUINA DA IGREJA DE SANTO ANTONIO,ARRUDA,,,COLISÃO,COLISÃO SEM VITIMA,2,,,,,,,,,0,,,,,,,,,,,,,,,,,,
2018-01-24,07:22:00,SEM VÍTIMA,FINALIZADA,PRADO,AV ENGENHEIRO ABDIAS DE CARVALHO,,,EM FRENTE A LOJA ENGEFRIO,AV ENGENHEIRO ABDIAS DE CARVALHO,,EM FRENTE A LOJA ENGEFRIO,PRADO,,,COLISÃO,COLISÃO SEM VITIMAS SENTIDO CENTRO,2,,,,,,,,,0,,,,,,,,,,,,,,,,,,
2018-01-24,07:38:00,COM VÍTIMA,CANCELADA,SAN MARTIN,AV GENERAL SAN MARTIN,,,EM FRENTE A CAVALARIA ENTRE A PRAÇA DE SAN MARTIN,AV GENERAL SAN MARTIN,,EM FRENTE A CAVALARIA ENTRE A PRAÇA DE SAN MARTIN,SAN MARTIN,,,COLISÃO,COLISÃO COM VITIMA,,1,,,,,,,,1,,,,,,,,,,,,,,,,,,