data,hora,natureza_acidente,situacao,bairro,endereco,numero,detalhe_endereco_acidente,complemento,endereco_cruzamento,numero_cruzamento,referencia_cruzamento,bairro_cruzamento,num_semaforo,sentido_via,tipo,descricao,auto,moto,ciclom,ciclista,pedestre,onibus,caminhao,viatura,outros,vitimas,vitimasfatais,acidente_verificado,tempo_clima,situacao_semaforo,sinalizacao,condicao_via,conservacao_via,ponto_controle,situacao_placa,velocidade_max_via,mao_direcao,divisao_via1,divisao_via2,divisao_via3,,,,
2018-01-29,08:31:00,SEM VÍTIMA,FINALIZADA,SANTO ANTÔNIO,AV MARTINS DE BARROS,,,SEMAFORO 204,AV MARTINS DE BARROS,,SEMAFORO 204,SANTO ANTÔNIO,,,COLISÃO,DOIS AUTOS INSP NO QTH,2,,,,,,,,,0,,,,,,,,,,,,,,,,,,
2018-01-29,08:46:00,SEM VÍTIMA,FINALIZADA,BOA VIAGEM,RUA BALTAZAR PASSOS,515,,EM FRENTE A ESCOLA EVOLUIR,RUA BALTAZAR PASSOS,515,EM FRENTE A ESCOLA EVOLUIR,BOA VIAGEM,,,COLISÃO,SEM VITIMAS,2,,,,,,,,,0,,,,,,,,,,,,,,,,,,
2018-01-29,08:52:00,SEM VÍTIMA,FINALIZADA,BOA VISTA,AV GOVERNADOR AGAMENON MAGALHAES,3539,,JUNTO AO SEGURO BRADESCO,SENTIDO OLINDA,AV GOVERNADOR AGAMENON MAGALHAES,3539,JUNTO AO SEGURO BRADESCO,SENTIDO OLINDA,BOA VISTA,,,COLISÃO,COLISÃO SEM VITIMA,1,1,,,,,,,,0,,,,,,,,,,,,,,,,
2018-01-29,09:08:00,SEM VÍTIMA,FINALIZADA,TORRE,AV BEIRA RIO,109,,E/F AO EDF. DUAS NAÇÕES,AV BEIRA RIO,109,E/F AO EDF. DUAS NAÇÕES,TORRE,,,COLISÃO,SEM VÍTIMAS,2,,,,,,,,,0,,,,,,,,,,,,,,,,,,
2018-01-29,09:20:00,SEM VÍTIMA,FINALIZADA,AREIAS,AV RECIFE,,,NA SAÍDA DO INÊS ANDREAZZA, SENTIDO BOA VIAGEM/ CEASA,AV RECIFE,,NA SAÍDA DO INÊS ANDREAZZA, SENTIDO BOA VIAGEM/ CEASA,AREIAS,,,COLISÃO,3 AUTOS,,,,,,,,,,0,,,,,,,,,,,,,,,,
2018-01-29,09:37:00,SEM VÍTIMA,FINALIZADA,BOA VIAGEM,RUA RIBEIRO DE BRITO,1250,,EM FRENTE AO HOTEL NACIONA INN,RUA RIBEIRO DE BRITO,1250,EM FRENTE AO HOTEL NACIONA INN,BOA VIAGEM,,,COLISÃO,DOIS AUTOS,3,,,,,,,,,0,,,,,,,,,,,,,,,,,,
2018-01-29,10:18:00,SEM VÍTIMA,FINALIZADA,ESTÂNCIA,AV RECIFE,,,NA DESCIDA DO VIADUTO ULICES GUIMARAES. SENTIDO CIDADE,AV RECIFE,,NA DESCIDA DO VIADUTO ULICES GUIMARAES. SENTIDO CIDADE,ESTÂNCIA,,,COLISÃO,SEM VÍTIMAS,2,,,,,,,,,0,,,,,,,,,,,,,,,,,,
2018-01-29,10:19:00,SEM VÍTIMA,FINALIZADA,PRADO,RUA SANTA EDWIRGES,,RUA PADRE TEOFILO TWORZ,RUA DO AMBULATORIO DO TRIBUNAL DE JUSTIÇA / COM A RUA PADRE TEOFILO,RUA SANTA EDWIRGES,,RUA DO AMBULATORIO DO TRIBUNAL DE JUSTIÇA / COM A RUA PADRE TEOFILO,PRADO,,,COLISÃO,DOIS AUTOS,2,,,,,,,,,0,,,,,,,,,,,,,,,,,,
2018-01-29,12:59:00,SEM VÍTIMA,FINALIZADA,BOA VIAGEM,RUA VISCONDE DE JEQUITINHONHA,,,ENFRENTE A LOCALISA,RUA VISCONDE DE JEQUITINHONHA,,ENFRENTE A LOCALISA,BOA VIAGEM,,,COLISÃO,COLISÃO SEM VÍTIMA,1,,,,,,1,,,0,,,,,,,,,,,,,,,,,,
2018-01-29,11:59:00,SEM VÍTIMA,CANCELADA,SÃO JOSÉ,AV SUL,,,PROX A PRAÇA SERGIO LORETO EM FRENTE AO POSTO DE GASOLINA SÃO JOSE,AV SUL,,PROX A PRAÇA SERGIO LORETO EM FRENTE AO POSTO DE GASOLINA SÃO JOSE,SÃO JOSÉ,,,COLISÃO,COLISÃO SEM VITIMAS,1,,,,,,1,,,0,,,,,,,,,,,,,,,,,,
2018-01-29,12:03:00,SEM VÍTIMA,CANCELADA,MADALENA,RUA BARTOLOMEU DE GUSMAO,,AV VISCONDE DE ALBUQUERQUE,ESQUINA COM VISCONDE DE ALBUQUERQUE, PROX. COMEDORIA DELICATESSEN DA MADALENA,RUA BARTOLOMEU DE GUSMAO,,ESQUINA COM VISCONDE DE ALBUQUERQUE, PROX. COMEDORIA DELICATESSEN DA MADALENA,MADALENA,,,COLISÃO,DOIS AUTOS S/V,2,,,,,,,,,0,,,,,,,,,,,,,,,,
2018-01-29,12:24:00,SEM VÍTIMA,FINALIZADA,MADALENA,RUA PADRE ANCHIETA,,,EM BAIXO DO SEMAFORO 193 PROX A PADARIA MASSA NOBRE,RUA PADRE ANCHIETA,,EM BAIXO DO SEMAFORO 193 PROX A PADARIA MASSA NOBRE,MADALENA,,,COLISÃO,COLISÃO SEM VITIMAS,2,,,,,,,,,0,,,,,,,,,,,,,,,,,,
2018-01-29,12:49:00,SEM VÍTIMA,FINALIZADA,ESTÂNCIA,AV JOAO CABRAL DE MELO NETO,2000,,PROX. DO LABORATORIO DO CERPE, E DA ENTRADA DE SAN MARTIM, SENTIDO JARDIM SAO PAULO,AV JOAO CABRAL DE MELO NETO,2000,PROX. DO LABORATORIO DO CERPE, E DA ENTRADA DE SAN MARTIM, SENTIDO JARDIM SAO PAULO,ESTÂNCIA,,,COLISÃO,AUTO E CAMINHAO,1,,,,,,1,,,0,,,,,,,,,,,,,,
2018-01-29,13:04:00,SEM VÍTIMA,FINALIZADA,DERBY,AV GOVERNADOR AGAMENON MAGALHAES,,,E/F DA URGENCIA PEDIATRICA DA UNIMED S/T BOA VIAGEM,AV GOVERNADOR AGAMENON MAGALHAES,,E/F DA URGENCIA PEDIATRICA DA UNIMED S/T BOA VIAGEM,DERBY,,,COLISÃO,COLISAO DE CARRETA E AUTO S/V,1,,,,,,1,,,0,,,,,,,,,,,,,,,,,,
2018-01-29,13:25:00,SEM VÍTIMA,FINALIZADA,MADALENA,EST DOS REMEDIOS,2294,,EM FRENTE A NAGEM,EST DOS REMEDIOS,2294,EM FRENTE A NAGEM,MADALENA,,,COLISÃO,AUTO E ONIBUS ,1,,,,,1,,,,0,,,,,,,,,,,,,,,,,,
2018-01-29,13:26:00,SEM VÍTIMA,FINALIZADA,DERBY,PRC DO DERBY,,,EM FRENTE AO MANUMENTO DO QUARTEL DO DERBY EM BAIXO DO SEMAFORO 040,PRC DO DERBY,,EM FRENTE AO MANUMENTO DO QUARTEL DO DERBY EM BAIXO DO SEMAFORO 040,DERBY,,,COLISÃO,COLISÃO SEM VITIMAS,1,,,,,,,1,,0,,,,,,,,,,,,,,,,,,
2018-01-29,13:29:00,SEM VÍTIMA,FINALIZADA,ILHA DO RETIRO,RUA SPORT CLUBE DO RECIFE,,,EM FRENTE A LOJA OFICIAL DO SPORT/ SENTIDO CIDADE,RUA SPORT CLUBE DO RECIFE,,EM FRENTE A LOJA OFICIAL DO SPORT/ SENTIDO CIDADE,ILHA DO RETIRO,,,COLISÃO,COLISÃO SEM VÍTIMA,2,,,,,,,,,0,,,,,,,,,,,,,,,,,,
2018-01-29,13:44:00,SEM VÍTIMA,FINALIZADA,IPUTINGA,RUA MAURICIO DE NASSAU,,,PROX. AO POSTO DE SAUDE DR. JOSE DUSTAN, APOS A LOMBADA ELETRONICA DA MAURICIO DE NASSAU, SENTIDO SUB,RUA MAURICIO DE NASSAU,,PROX. AO POSTO DE SAUDE DR. JOSE DUSTAN, APOS A LOMBADA ELETRONICA DA MAURICIO DE NASSAU, SENTIDO SUB,IPUTINGA,,,COLISÃO,DOIS AUTOS S/V,2,,,,,,,,,0,,,,,,,,,,,,,,
2018-01-29,13:56:00,,CANCELADA,MADALENA,EST DOS REMEDIOS,,,EM FRENTE A CONCESSIONARIA PB AUTO MOVEIS MULT MARCAS,EST DOS REMEDIOS,,EM FRENTE A CONCESSIONARIA PB AUTO MOVEIS MULT MARCAS,MADALENA,,,COLISÃO,COLISÃO SEM VITIMAS,1,,,,,1,,,,0,,,,,,,,,,,,,,,,,,
2018-01-29,14:17:00,SEM VÍTIMA,FINALIZADA,BOA VIAGEM,RUA BRUNO VELOSO,,,SAÍDA SO SHOPPING RECIFE. POSTO BR. ACADEMIA R2.,RUA BRUNO VELOSO,,SAÍDA SO SHOPPING RECIFE. POSTO BR. ACADEMIA R2.,BOA VIAGEM,,,COLISÃO,S/V DOIS AUTOS,2,,,,,,,,,0,,,,,,,,,,,,,,,,,,
2018-01-29,14:22:00,COM VÍTIMA,FINALIZADA,ILHA DO LEITE,RUA ESTADO DE ISRAEL,,,PRÓXIMO A ESCOLA ESTADUAL POETA MANOEL BANDEIRA,RUA ESTADO DE ISRAEL,,PRÓXIMO A ESCOLA ESTADUAL POETA MANOEL BANDEIRA,ILHA DO LEITE,,,COLISÃO,COLISÃO ENTRE AUTO E MOTO, COM VÍTIMA.,1,1,,,,,,,,1,,,,,,,,,,,,,,,,,
2018-01-29,15:31:00,SEM VÍTIMA,FINALIZADA,BOA VIAGEM,AV ENGENHEIRO DOMINGOS FERREIRA,2742,,EM FRENTE A MISTER SONO,AV ENGENHEIRO DOMINGOS FERREIRA,2742,EM FRENTE A MISTER SONO,BOA VIAGEM,,,ENGAVETAMENTO,TRES AUTOS S/V,3,,,,,,,,,0,,,,,,,,,,,,,,,,,,
2018-01-29,16:10:00,SEM VÍTIMA,FINALIZADA,SANTO ANTÔNIO,RUA PRIMEIRO DE MARCO,,,EM FRENTE A PRAÇA DO DIARIO,RUA PRIMEIRO DE MARCO,,EM FRENTE A PRAÇA DO DIARIO,SANTO ANTÔNIO,,,COLISÃO,COLISÃO SEM VÍTIMA,1,,,,,1,,,,0,,,,,,,,,,,,,,,,,,
2018-01-29,16:10:00,SEM VÍTIMA,FINALIZADA,ILHA DO LEITE,PRC MIGUEL DE CERVANTES,,,EM FRENTE A MATERNIDADE ESPERANÇA,PRC MIGUEL DE CERVANTES,,EM FRENTE A MATERNIDADE ESPERANÇA,ILHA DO LEITE,,,COLISÃO,COLISÃO SEM VITIMAS,3,,,,,,,,,0,,,,,,,,,,,,,,,,,,
2018-01-29,16:22:00,SEM VÍTIMA,FINALIZADA,BOA VIAGEM,AV CONSELHEIRO AGUIAR,,RUA BENEDITO CHAVES,CRUZ COM A RUA BENEDITO CHAVES EM FRENTE A LANCHONETE PONTO DO AÇAI,AV CONSELHEIRO AGUIAR,,CRUZ COM A RUA BENEDITO CHAVES EM FRENTE A LANCHONETE PONTO DO AÇAI,BOA VIAGEM,,,COLISÃO,COLISÃO SEM VITIMAS,1,1,,,,,,,,0,,,,,,,,,,,,,,,,,,
2018-01-29,16:26:00,SEM VÍTIMA,FINALIZADA,TORRÕES,EST DO FORTE DO ARRAIAL N. DO B. JESUS,1441,,E/F DO ARMAZEM FORTE PISO,EST DO FORTE DO ARRAIAL N. DO B. JESUS,1441,E/F DO ARMAZEM FORTE PISO,TORRÕES,,,COLISÃO,COLISAO DE CAMINHAO REBOQUE A EAUTO S/V,1,,,,,,1,,,0,,,,,,,,,,,,,,,,,,
2018-01-29,17:49:00,SEM VÍTIMA,CANCELADA,BEBERIBE,AV BEBERIBE,2971,,EM FRENTE A ASSEMBLEIA DE DEUS,AV BEBERIBE,2971,EM FRENTE A ASSEMBLEIA DE DEUS,BEBERIBE,,,COLISÃO,DOIS AUTOS S/V,,,,,,,,,,0,,,,,,,,,,,,,,,,,,
2018-01-29,17:58:00,COM VÍTIMA,FINALIZADA,BOA VIAGEM,AV BOA VIAGEM,2846,,EM FRENTE Á PADARIA BOA VIAGEM,AV BOA VIAGEM,2846,EM FRENTE Á PADARIA BOA VIAGEM,BOA VIAGEM,,,COLISÃO COM CICLISTA,AUTO E CICLISTA, BATEDOR RAY NO LOCAL,1,,,1,,,,,,1,,,,,,,,,,,,,,,,,
2018-01-29,18:45:00,SEM VÍTIMA,FINALIZADA,IMBIRIBEIRA,AV PINHEIROS,51,,EM FRENTE A LOJA GRILLO HOME DECOR,AV PINHEIROS,51,EM FRENTE A LOJA GRILLO HOME DECOR,IMBIRIBEIRA,,,COLISÃO,CAMINHÃO E AUTO,1,,,,,,1,,,0,,,,,,,,,,,,,,,,,,
2018-01-29,18:47:00,SEM VÍTIMA,FINALIZADA,CABANGA,AV ENGENHEIRO JOSE ESTELITA,,,E/F AO CABANGA,AV ENGENHEIRO JOSE ESTELITA,,E/F AO CABANGA,CABANGA,,,COLISÃO,ENTRE 2 AUTOS. S/V,2,,,,,,,,,0,,,,,,,,,,,,,,,,,,
2018-01-29,19:22:00,SEM VÍTIMA,FINALIZADA,ESTÂNCIA,AV DR JOSE RUFINO,,,SEMÁFORO 491- SNT BARRO,AV DR JOSE RUFINO,,SEMÁFORO 491- SNT BARRO,ESTÂNCIA,,,COLISÃO,ENTRE ÔNIBUS E UM AUTO PASSEIO. S/V,1,,,,,1,,,,0,,,,,,,,,,,,,,,,,,
2018-01-29,19:23:00,SEM VÍTIMA,CANCELADA,SANTO AMARO,AV PREFEITO ARTUR LIMA CAVALCANTI,,,POR TRAS DO CEMITERIO DOS INGLESES,AV PREFEITO ARTUR LIMA CAVALCANTI,,POR TRAS DO CEMITERIO DOS INGLESES,SANTO AMARO,,,COLISÃO,DOIS AUTOS,2,,,,,,,,,0,,,,,,,,,,,,,,,,,,
2018-01-30,06:58:00,SEM VÍTIMA,FINALIZADA,SANTO AMARO,AV GOVERNADOR AGAMENON MAGALHAES,,,SENTIDO TACARUNA EM FRENTE AO MINISTERIO PUBLICO,AV GOVERNADOR AGAMENON MAGALHAES,,SENTIDO TACARUNA EM FRENTE AO MINISTERIO PUBLICO,SANTO AMARO,,,COLISÃO,COLISÃO SEM VITIMAS,1,,,,,,1,,,0,,,,,,,,,,,,,,,,,,
2018-01-30,08:02:00,COM VÍTIMA,FINALIZADA,ÁGUA FRIA,EST VELHA DE AGUA FRIA,1751,,EM FRENTE AO LOJA BR BOMBONIERI,EST VELHA DE AGUA FRIA,1751,EM FRENTE AO LOJA BR BOMBONIERI,ÁGUA FRIA,,,COLISÃO,COLISÃO COM VITIMA GM QTH,1,1,,,,,,,,1,,,,,,,,,,,,,,,,,,
2018-01-30,08:25:00,SEM VÍTIMA,FINALIZADA,JORDÃO,RUA ALBERTO LUNDGREN,,,JORDÃO BAIXO NA SAIDA DA ALVARES FERRAZ EM FRENTE AO SUPERMERCADO ATACAREJO MIX,RUA ALBERTO LUNDGREN,,JORDÃO BAIXO NA SAIDA DA ALVARES FERRAZ EM FRENTE AO SUPERMERCADO ATACAREJO MIX,JORDÃO,,,COLISÃO,COLISÃO SEM VITIMAS,1,,,,,1,,,,0,,,,,,,,,,,,,,,,,,
2018-01-30,08:27:00,SEM VÍTIMA,FINALIZADA,JORDÃO,RUA SERTANIA,,,NA FRENTE DA ESCOLA PROF. ADLTO PONTES, JUNTO AO TERMINAL DO MICRO ONIBUS JORDÃO ALTO,RUA SERTANIA,,NA FRENTE DA ESCOLA PROF. ADLTO PONTES, JUNTO AO TERMINAL DO MICRO ONIBUS JORDÃO ALTO,JORDÃO,,,COLISÃO,COLISÃO SEM VITIMAS,1,,,,,1,,,,0,,,,,,,,,,,,,,,,
2018-01-30,09:14:00,SEM VÍTIMA,FINALIZADA,ESPINHEIRO,AV CONS ROSA E SILVA,,,EM FRENTE AO HOSPITAL DOS SERVIDORES EM FRENTE AO ESTACIONAMENTO DA DROGARIA SÃO PAULO,AV CONS ROSA E SILVA,,EM FRENTE AO HOSPITAL DOS SERVIDORES EM FRENTE AO ESTACIONAMENTO DA DROGARIA SÃO PAULO,ESPINHEIRO,,,COLISÃO,COLISÃO SEM VITIMAS,2,,,,,,,,,0,,,,,,,,,,,,,,,,,,
2018-01-30,09:11:00,SEM VÍTIMA,FINALIZADA,VÁRZEA,RUA GENERAL POLIDORO,460,,LOJA IAR CICLO,RUA GENERAL POLIDORO,460,LOJA IAR CICLO,VÁRZEA,,,COLISÃO,COLISÃO SEM VITIMA,1,,,,,,1,,,0,,,,,,,,,,,,,,,,,,
2018-01-30,09:19:00,SEM VÍTIMA,FINALIZADA,BOA VIAGEM,AVENIDA CELSO FURTADO (VIA MANGUE),,,NO INICIO DA VIA MANGUE SENT/OLINDA,AVENIDA CELSO FURTADO (VIA MANGUE),,NO INICIO DA VIA MANGUE SENT/OLINDA,BOA VIAGEM,,,COLISÃO,SEM VITIMAS,2,,,,,,,,,0,,,,,,,,,,,,,,,,,,
2018-01-30,09:37:00,SEM VÍTIMA,FINALIZADA,IMBIRIBEIRA,AV MARECHAL MASCARENHAS DE MORAES,4989,,SENTIDO CENTRO EM FRENTE AO UM ESTACIONAMENTO ESTACIONE,AV MARECHAL MASCARENHAS DE MORAES,4989,SENTIDO CENTRO EM FRENTE AO UM ESTACIONAMENTO ESTACIONE,IMBIRIBEIRA,,,COLISÃO,COLISÃO SEM VITIMAS,1,,,,,,1,,,0,,,,,,,,,,,,,,,,,,
2018-01-30,10:13:00,SEM VÍTIMA,FINALIZADA,IMBIRIBEIRA,AV MARECHAL MASCARENHAS DE MORAES,,,EM FRENTE A VENEZA DIESEL,AV MARECHAL MASCARENHAS DE MORAES,,EM FRENTE A VENEZA DIESEL,IMBIRIBEIRA,,,COLISÃO,COLISÃO SEM VITIMA /VEICULO DO INSTITUTO RECURSOS HUMANOS (IRH),1,,,,,,1,,,0,,,,,,,,,,,,,,,,,,
2018-01-30,10:17:00,SEM VÍTIMA,FINALIZADA,AREIAS,AV RECIFE,996,,SENTIDO BOA VIAGEM EM FRENTE A AUTO ESCOLA ARCO IRIS,AV RECIFE,996,SENTIDO BOA VIAGEM EM FRENTE A AUTO ESCOLA ARCO IRIS,AREIAS,,,COLISÃO,COLISÃO SEM VITIMAS,1,,,,,1,,,,0,,,,,,,,,,,,,,,,,,
2018-01-30,10:18:00,COM VÍTIMA,FINALIZADA,TORRE,AV VISCONDE DE ALBUQUERQUE,,,TERCEIRA RUA APOS O BOM PREÇO,AV VISCONDE DE ALBUQUERQUE,,TERCEIRA RUA APOS O BOM PREÇO,TORRE,,,COLISÃO,COLISÃO COM VITIMA,2,,,,,,,,,1,,,,,,,,,,,,,,,,,,
2018-01-30,10:34:00,SEM VÍTIMA,FINALIZADA,IPSEP,RUA PADRE LIMA E SA,107,RUA ADERBAL DE MELO,CRUZAMENTO COM A RUA ADERBAL DE MELO,RUA PADRE LIMA E SA,107,CRUZAMENTO COM A RUA ADERBAL DE MELO,IPSEP,,,COLISÃO,SEM VITIMAS,2,,,,,,,,,0,,,,,,,,,,,,,,,,,,
2018-01-30,10:58:00,COM VÍTIMA,CANCELADA,DERBY,AV GOVERNADOR AGAMENON MAGALHAES,,,EM FRENTE AO CLUBE PORTUGUES ,SENT/BOA VIAGEM,AV GOVERNADOR AGAMENON MAGALHAES,,EM FRENTE AO CLUBE PORTUGUES ,SENT/BOA VIAGEM,DERBY,,,COLISÃO,COM VITIMA,1,1,,,,,,,,1,,,,,,,,,,,,,,,,
2018-01-30,11:32:00,SEM VÍTIMA,FINALIZADA,JARDIM SÃO PAULO,RUA JOSE NATARIO,38,AV DR JOSE RUFINO,COM A DR JOSE RUFINO / SEMAFORO 44,RUA JOSE NATARIO,38,COM A DR JOSE RUFINO / SEMAFORO 44,JARDIM SÃO PAULO,,,COLISÃO,TRES VEICULOS,2,,,,,,,,,0,,,,,,,,,,,,,,,,,,
2018-01-30,12:40:00,SEM VÍTIMA,FINALIZADA,GRAÇAS,RUA DAS PERNAMBUCANAS,255,,EM FRENTE A PADARIA PÃO E VINHO,RUA DAS PERNAMBUCANAS,255,EM FRENTE A PADARIA PÃO E VINHO,GRAÇAS,,,COLISÃO,COLISÃO SEM VÍTIMA,2,,,,,,,,,0,,,,,,,,,,,,,,,,,,
2018-01-30,12:40:00,SEM VÍTIMA,FINALIZADA,BOA VIAGEM,RUA CAMBOIM,515,RUA CRUZEIRO DO FORTE,COM RUA CRUZEIRO DO FORTE, PROX. DO TERMINAL DE ONIBUS DE SETUBAL,RUA CAMBOIM,515,COM RUA CRUZEIRO DO FORTE, PROX. DO TERMINAL DE ONIBUS DE SETUBAL,BOA VIAGEM,,,COLISÃO,AUTO E VT DA PM,2,,,,,,,,,0,,,,,,,,,,,,,,,,
2018-01-30,13:43:00,SEM VÍTIMA,FINALIZADA,DERBY,RUA JENER DE SOUZA,,,AO LADO DO QUARTEL DO DERBY,RUA JENER DE SOUZA,,AO LADO DO QUARTEL DO DERBY,DERBY,,,COLISÃO,COLISÃO SEM VÍTIMA,2,,,,,,,,,0,,,,,,,,,,,,,,,,,,
2018-01-30,13:48:00,COM VÍTIMA,FINALIZADA,ROSARINHO,AV NORTE,,,SOB O SEMÁFORO 456,AV NORTE,,SOB O SEMÁFORO 456,ROSARINHO,,,COLISÃO COM CICLISTA,BICICLETA E MOTOCIVCLETA,,1,,1,,,,,,1,,,,,,,,,,,,,,,,,,
2018-01-30,13:52:00,SEM VÍTIMA,FINALIZADA,MORRO DA CONCEIÇÃO,RUA MORRO DA CONCEICAO,318,,EM FRENTE DO SUPERMERCADO PREÇO BOM,RUA MORRO DA CONCEICAO,318,EM FRENTE DO SUPERMERCADO PREÇO BOM,MORRO DA CONCEIÇÃO,,,COLISÃO,DUAS MOTOS,,2,,,,,,,,0,,,,,,,,,,,,,,,,,,
2018-01-30,15:03:00,SEM VÍTIMA,CANCELADA,CORDEIRO,RUA MAURICIO DE NASSAU,350,,E/F CMEI ESCOLA MUNICIPAL DARCY RIBEIRO,RUA MAURICIO DE NASSAU,350,E/F CMEI ESCOLA MUNICIPAL DARCY RIBEIRO,CORDEIRO,,,COLISÃO,COLISAO DE MOTO E AUTO S/V,1,1,,,,,,,,0,,,,,,,,,,,,,,,,,,
2018-01-30,15:03:00,COM VÍTIMA,CANCELADA,DOIS IRMÃOS,EST DOS PINTOS,136,,PROX. AO TERMINAL DE ONIBUS,EST DOS PINTOS,136,PROX. AO TERMINAL DE ONIBUS,DOIS IRMÃOS,,,COLISÃO,ONIBUS E MOTO,,,,,,,,,,1,,,,,,,,,,,,,,,,,,
2018-01-30,15:36:00,SEM VÍTIMA,FINALIZADA,CASA AMARELA,EST DO ARRAIAL,,,AO LADO DO BRADESCO,EST DO ARRAIAL,,AO LADO DO BRADESCO,CASA AMARELA,,,COLISÃO,COLISAO DE DOIS AUTOS S/V,2,,,,,,,,,0,,,,,,,,,,,,,,,,,,
2018-01-30,15:48:00,SEM VÍTIMA,FINALIZADA,ESPINHEIRO,RUA ALFREDO DE CARVALHO,162,,PROXIMO A DELEGACIA DO ESPINHEIRO,RUA ALFREDO DE CARVALHO,162,PROXIMO A DELEGACIA DO ESPINHEIRO,ESPINHEIRO,,,COLISÃO,COLISÃO SEM VÍTIMA,2,,,,,,,,,0,,,,,,,,,,,,,,,,,,
2018-01-30,15:50:00,SEM VÍTIMA,FINALIZADA,CAXANGÁ,AV CAXANGA,1690,,EM FRENTE Á AGRONETO E BANCO ITAU,AV CAXANGA,1690,EM FRENTE Á AGRONETO E BANCO ITAU,CAXANGÁ,,,COLISÃO,CAMINHÃO E AUTO,1,,,,,,1,,,0,,,,,,,,,,,,,,,,,,
2018-01-30,17:13:00,SEM VÍTIMA,FINALIZADA,JOANA BEZERRA,RUA IMPERIAL,1485,,,RUA IMPERIAL,1485,,JOANA BEZERRA,,,COLISÃO,01 AUTO E 01 CAMONHÃO,1,,,,,,1,,,0,,,,,,,,,,,,,,,,,,
2018-01-30,17:35:00,SEM VÍTIMA,FINALIZADA,BOA VIAGEM,AV CONSELHEIRO AGUIAR,4417,,APOS A PRACINHA DE BOA VIAGEM NA TERCEIRA PARADA DE ONIBUS E/F DA GALERIA SAO BRAZ S/T CID,AV CONSELHEIRO AGUIAR,4417,APOS A PRACINHA DE BOA VIAGEM NA TERCEIRA PARADA DE ONIBUS E/F DA GALERIA SAO BRAZ S/T CID,BOA VIAGEM,,,COLISÃO,COLISAO DE ONIBUS E AUTO S/V,1,,,,,1,,,,0,,,,,,,,,,,,,,,,,,
2018-01-30,17:53:00,SEM VÍTIMA,FINALIZADA,VÁRZEA,RUA GENERAL POLIDORO,340,,E/F AO EDF ALFAVILLE E ORTOBOM,RUA GENERAL POLIDORO,340,E/F AO EDF ALFAVILLE E ORTOBOM,VÁRZEA,,,ENGAVETAMENTO,ENTRE 3 AUTOS. S/V,3,,,,,,,,,0,,,,,,,,,,,,,,,,,,
2018-01-30,18:16:00,SEM VÍTIMA,FINALIZADA,PINA,AV HERCULANO BANDEIRA,1001,,AO LADO DO ATACADO DOS PRESENTES E JBS. SNT CIDADE/SUB,AV HERCULANO BANDEIRA,1001,AO LADO DO ATACADO DOS PRESENTES E JBS. SNT CIDADE/SUB,PINA,,,ENGAVETAMENTO,ENTRE 3 AUTOS. S/V,3,,,,,,,,,0,,,,,,,,,,,,,,,,,,
2018-01-30,18:39:00,SEM VÍTIMA,CANCELADA,IPSEP,AV RECIFE,3021,,ANTES DA ENTRADA DO IBURA NA LATERAL DO AEROPORTO E ENFRENTE AO POSTO FEDERAL,AV RECIFE,3021,ANTES DA ENTRADA DO IBURA NA LATERAL DO AEROPORTO E ENFRENTE AO POSTO FEDERAL,IPSEP,,,COLISÃO,CAMINHAO DA INDAIA X AUTO,1,,,,,,1,,,0,,,,,,,,,,,,,,,,,,
2018-01-30,18:48:00,SEM VÍTIMA,FINALIZADA,JARDIM SÃO PAULO,AV JOAO CABRAL DE MELO NETO,,AV RECIFE,SEMÁFORO 259 / CRUZAMENTO COM A AV RECIFE,AV JOAO CABRAL DE MELO NETO,,SEMÁFORO 259 / CRUZAMENTO COM A AV RECIFE,JARDIM SÃO PAULO,,,COLISÃO,ENTRE 2 AUTOS. S/V,2,,,,,,,,,0,,,,,,,,,,,,,,,,,,
2018-01-30,19:20:00,COM VÍTIMA,FINALIZADA,SANTO AMARO,AV GOVERNADOR AGAMENON MAGALHAES,3621,,SNT OLINDA / E/F A UNICORDIS E PROX AO POSTO DISLUB,AV GOVERNADOR AGAMENON MAGALHAES,3621,SNT OLINDA / E/F A UNICORDIS E PROX AO POSTO DISLUB,SANTO AMARO,,,COLISÃO,ENTRE AUTO E MOTO. C/V,1,1,,,,,,,,1,,,,,,,,,,,,,,,,,,
2018-01-30,19:27:00,SEM VÍTIMA,CANCELADA,MADALENA,RUA JOSE OSORIO,153,,LOGO APOIS A PONTE NO POSTO SHELL,RUA JOSE OSORIO,153,LOGO APOIS A PONTE NO POSTO SHELL,MADALENA,,,COLISÃO,PALIO X CLASSIC,2,,,,,,,,,0,,,,,,,,,,,,,,,,,,
2018-01-30,19:54:00,SEM VÍTIMA,FINALIZADA,BOA VIAGEM,AV ENGENHEIRO DOMINGOS FERREIRA,90,,APÓS A IGREJA CATÓLICA DO PINA / E/F AO SISTEMA DE SERVIÇOS DA SAMSUNG. SNT CANDEIAS,AV ENGENHEIRO DOMINGOS FERREIRA,90,APÓS A IGREJA CATÓLICA DO PINA / E/F AO SISTEMA DE SERVIÇOS DA SAMSUNG. SNT CANDEIAS,BOA VIAGEM,,,COLISÃO,ENTRE AUTO E ÔNIBUS. S/V,1,,,,,1,,,,0,,,,,,,,,,,,,,,,,,
2018-01-30,20:45:00,SEM VÍTIMA,EQUIPE EM DESLOCAMENTO,ESTÂNCIA,AV RECIFE,336,,ENFR AO GALETOS SENTIDO BR 101,AV RECIFE,336,ENFR AO GALETOS SENTIDO BR 101,ESTÂNCIA,,,COLISÃO,CAMINHAO BAU X GOL,1,,,,,,1,,,0,,,,,,,,,,,,,,,,,,
2018-01-30,21:45:00,SEM VÍTIMA,FINALIZADA,PORTO DA MADEIRA,AV BEBERIBE,3390,,E/F AO ARENA SHOW BAR / SEMÁFORO 381 / SNT ÁGUA FRIA,AV BEBERIBE,3390,E/F AO ARENA SHOW BAR / SEMÁFORO 381 / SNT ÁGUA FRIA,PORTO DA MADEIRA,,,ENGAVETAMENTO,ENTRE 3 AUTOS. S/V,3,,,,,,,,,0,,,,,,,,,,,,,,,,,,