data,hora,natureza_acidente,situacao,bairro,endereco,numero,detalhe_endereco_acidente,complemento,endereco_cruzamento,numero_cruzamento,referencia_cruzamento,bairro_cruzamento,num_semaforo,sentido_via,tipo,descricao,auto,moto,ciclom,ciclista,pedestre,onibus,caminhao,viatura,outros,vitimas,vitimasfatais,acidente_verificado,tempo_clima,situacao_semaforo,sinalizacao,condicao_via,conservacao_via,ponto_controle,situacao_placa,velocidade_max_via,mao_direcao,divisao_via1,divisao_via2,divisao_via3,,,,
2018-02-01,16:48:00,SEM VÍTIMA,FINALIZADA,IPSEP,RUA ABDIAS CABRAL DE MOURA,,RUA PINTOR ANTONIO DE ALBUQUERQUE,COM A RUA OINTOR ANTONIO DE ALBUQUERQUE,RUA ABDIAS CABRAL DE MOURA,,COM A RUA OINTOR ANTONIO DE ALBUQUERQUE,IPSEP,,,COLISÃO,COLISÃO SEM VITIMA,2,,,,,,,,,0,,,,,,,,,,,,,,,,,,
2018-02-01,17:01:00,SEM VÍTIMA,CANCELADA,TAMARINEIRA,RUA CONEGO BARATA,,,E/F DO HOSPITAL PEDIATRICO HELENA MOURA,RUA CONEGO BARATA,,E/F DO HOSPITAL PEDIATRICO HELENA MOURA,TAMARINEIRA,,,COLISÃO,COLISAO DE ONIBUS E AUTO S/V,1,,,,,1,,,,0,,,,,,,,,,,,,,,,,,
2018-02-01,17:30:00,SEM VÍTIMA,FINALIZADA,GRAÇAS,AV RUI BARBOSA,,,NA PRAÇA DOS QUATRO CANTOS, LATERAL DA DR BANDEIRA FILHO,AV RUI BARBOSA,,NA PRAÇA DOS QUATRO CANTOS, LATERAL DA DR BANDEIRA FILHO,GRAÇAS,,,COLISÃO,COLISÃO SEM VITIMA,3,,,,,,,,,0,,,,,,,,,,,,,,,,
2018-02-01,17:42:00,SEM VÍTIMA,FINALIZADA,IMBIRIBEIRA,RUA JAMAICA,,,FACULDADE BOA VIAGEM, SENTIDO LAGOA DO ARAÇA,RUA JAMAICA,,FACULDADE BOA VIAGEM, SENTIDO LAGOA DO ARAÇA,IMBIRIBEIRA,,,COLISÃO,COLISÃO SEM VITIMA,1,,,,,1,,,,0,,,,,,,,,,,,,,,,
2018-02-01,18:02:00,COM VÍTIMA,EQUIPE EM DESLOCAMENTO,TORRE,RUA SOUZA BANDEIRA,415,,AO LADO DA IGREJA ASSEMBLEIA DE DEUS E COLEGIO LUBIENSKA,RUA SOUZA BANDEIRA,415,AO LADO DA IGREJA ASSEMBLEIA DE DEUS E COLEGIO LUBIENSKA,TORRE,,,COLISÃO,AUTO E MOTO,1,1,,,,,,,,1,,,,,,,,,,,,,,,,,,
2018-02-01,18:46:00,COM VÍTIMA,CANCELADA,PINA,AV ENGENHEIRO DOMINGOS FERREIRA,143,,PROX AO JCPM SENTIDO BOAVIAGEM,AV ENGENHEIRO DOMINGOS FERREIRA,143,PROX AO JCPM SENTIDO BOAVIAGEM,PINA,,,ATROPELAMENTO,TAXI X PEDESTRE,1,,,,1,,,,,1,,,,,,,,,,,,,,,,,,
2018-02-01,19:05:00,SEM VÍTIMA,CANCELADA,JOANA BEZERRA,AV CENTRAL,,,RUA AO LADO DO TERMINAL DE JOANA BEZERRA,AV CENTRAL,,RUA AO LADO DO TERMINAL DE JOANA BEZERRA,JOANA BEZERRA,,,CHOQUE,VEICULO CHOCOU-SE COM POSTE,1,,,,,,,,,0,,,,,,,,,,,,,,,,,,
2018-02-01,19:09:00,SEM VÍTIMA,FINALIZADA,TORRE,AV PROFESSOR ESTEVAO FRANCISCO DA COSTA,120,AV CAXANGA,CRUZAMENTO COM A AV CAXANGA,AV PROFESSOR ESTEVAO FRANCISCO DA COSTA,120,CRUZAMENTO COM A AV CAXANGA,TORRE,,,COLISÃO,ONIBUS X AUTO,1,,,,,1,,,,0,,,,,,,,,,,,,,,,,,
2018-02-01,19:25:00,SEM VÍTIMA,EQUIPE NO LOCAL,BOA VISTA,RUA VELHA,,,EM CIMA DA PONTE VELHA,RUA VELHA,,EM CIMA DA PONTE VELHA,BOA VISTA,,,COLISÃO,VT DA PM E MOTO DA CIVIL,,1,,,,,,1,,0,,,,,,,,,,,,,,,,,,
2018-02-01,19:35:00,SEM VÍTIMA,FINALIZADA,CASA AMARELA,EST DAS UBAIAS,,105,,ENF AO SUPERMERCADO BOM DE MAIS,EST DAS UBAIAS,,105,ENF AO SUPERMERCADO BOM DE MAIS,CASA AMARELA,,,COLISÃO,ONIBUS X AUTO,1,,,,,1,,,,0,,,,,,,,,,,,,,,,
2018-02-01,20:14:00,SEM VÍTIMA,CANCELADA,CAXANGÁ,AV CAXANGA,431,,EM FRENTE Á CAXANGA VEICULOS E CHURRASCARIA BRAZZETTUS,AV CAXANGA,431,EM FRENTE Á CAXANGA VEICULOS E CHURRASCARIA BRAZZETTUS,CAXANGÁ,,,COLISÃO,AUTO E MOTO,1,1,,,,,,,,0,,,,,,,,,,,,,,,,,,
2018-02-01,20:27:00,SEM VÍTIMA,FINALIZADA,DERBY,AV GOVERNADOR AGAMENON MAGALHAES,,,SENTIDO BOA VIAGEM ENF. A PRC DO DERBY VIA PRINCIPAL,AV GOVERNADOR AGAMENON MAGALHAES,,SENTIDO BOA VIAGEM ENF. A PRC DO DERBY VIA PRINCIPAL,DERBY,,,COLISÃO,CAMINHAO E AUTO,1,,,,,,1,,,0,,,,,,,,,,,,,,,,,,
2018-02-01,22:39:00,SEM VÍTIMA,FINALIZADA,DOIS IRMÃOS,RUA DOIS IRMAOS,,,EMBAIXO DO VIADULTO DOIS IRMAO,RUA DOIS IRMAOS,,EMBAIXO DO VIADULTO DOIS IRMAO,DOIS IRMÃOS,,,COLISÃO,PAILO X AUTO,2,,,,,,,,,0,,,,,,,,,,,,,,,,,,
2018-02-01,23:50:00,COM VÍTIMA,FINALIZADA,MACAXEIRA,AV NORTE,7811,,EM FRENTE DA ACADEMIA DA CIDADE,AV NORTE,7811,EM FRENTE DA ACADEMIA DA CIDADE,MACAXEIRA,,,COLISÃO,AUTO E MOTO,1,1,,,,,,,,1,,,,,,,,,,,,,,,,,,
2018-02-02,01:31:00,,CANCELADA,AFOGADOS,RUA SAO MIGUEL,,,EM FRENTE A MATERNIDADE BANDEIRA FILHO,RUA SAO MIGUEL,,EM FRENTE A MATERNIDADE BANDEIRA FILHO,AFOGADOS,,,COLISÃO,COLISÃO ENTRE AUTO E CAMINHÃO SEM VÍTIMAS,1,,,,,,1,,,0,,,,,,,,,,,,,,,,,,
2018-02-02,02:34:00,COM VÍTIMA,FINALIZADA,AFOGADOS,RUA SAO MIGUEL,431,,APOS O DEPATRI, EM FRENTE A ESCOLA NOSSA SENHORA DE FATIMA,RUA SAO MIGUEL,431,APOS O DEPATRI, EM FRENTE A ESCOLA NOSSA SENHORA DE FATIMA,AFOGADOS,,,COLISÃO,AUTO E CAMINHÃO,1,,,,,,1,,,1,,,,,,,,,,,,,,,,
2018-02-02,07:30:00,SEM VÍTIMA,FINALIZADA,MADALENA,RUA PROFESSOR BENEDITO MONTEIRO,,,EM FRENTE A ESCOLA POLITECNICA,RUA PROFESSOR BENEDITO MONTEIRO,,EM FRENTE A ESCOLA POLITECNICA,MADALENA,,,COLISÃO,TRES AUTOS,3,,,,,,,,,0,,,,,,,,,,,,,,,,,,
2018-02-02,07:39:00,SEM VÍTIMA,FINALIZADA,IMBIRIBEIRA,AV MARECHAL MASCARENHAS DE MORAES,7935,,EM AO MURO DO AEROPORTO ,SENT/PRAZERES,AV MARECHAL MASCARENHAS DE MORAES,7935,EM AO MURO DO AEROPORTO ,SENT/PRAZERES,IMBIRIBEIRA,,,COLISÃO,SEM VITIMAS,1,,,,,,1,,,0,,,,,,,,,,,,,,,,
2018-02-02,07:44:00,SEM VÍTIMA,FINALIZADA,GRAÇAS,AV RUI BARBOSA,,,DEFRENTE COM A PRAÇA, NA ESQUINA DO ITAU,AV RUI BARBOSA,,DEFRENTE COM A PRAÇA, NA ESQUINA DO ITAU,GRAÇAS,,,COLISÃO,COLISÃO SEM VITIMAS,2,,,,,,,,,0,,,,,,,,,,,,,,,,
2018-02-02,08:03:00,SEM VÍTIMA,CANCELADA,APIPUCOS,RUA DOIS IRMAOS,,,LATERAL DO VIADUTO DE DOIS IRMÃO, APOS O TERMINAL DA MACAXEIRA, HA CINQUENTA METROS DO SEMAFORO 416,RUA DOIS IRMAOS,,LATERAL DO VIADUTO DE DOIS IRMÃO, APOS O TERMINAL DA MACAXEIRA, HA CINQUENTA METROS DO SEMAFORO 416,APIPUCOS,,,COLISÃO,COLISÃO SEM VITIMAS,1,,,,,,1,,,0,,,,,,,,,,,,,,
2018-02-02,08:39:00,SEM VÍTIMA,FINALIZADA,BONGI,AV GENERAL SAN MARTIN,2163,,E/F A FARMACIA FARMA CENTER, SENTIDO TERMINAL DE SAN MARTIN,AV GENERAL SAN MARTIN,2163,E/F A FARMACIA FARMA CENTER, SENTIDO TERMINAL DE SAN MARTIN,BONGI,,,COLISÃO,SEM VÍTIMAS,1,,,,,,1,,,0,,,,,,,,,,,,,,,,
2018-02-02,09:08:00,SEM VÍTIMA,FINALIZADA,BEBERIBE,AV BEBERIBE,4552,,E/F A 1º IGREJ A BATISTA, SEMÁFORO 398. SENTIDO CIDADE,AV BEBERIBE,4552,E/F A 1º IGREJ A BATISTA, SEMÁFORO 398. SENTIDO CIDADE,BEBERIBE,,,COLISÃO,SEM VÍTIMAS,2,,,,,,,,,0,,,,,,,,,,,,,,,,
2018-02-02,09:21:00,SEM VÍTIMA,FINALIZADA,ILHA DO LEITE,AV GOVERNADOR AGAMENON MAGALHAES,4779,,SENTIDO OLINDA,EM FRENTE AO EMPRESARIAL ISACC NEWTON,AV GOVERNADOR AGAMENON MAGALHAES,4779,SENTIDO OLINDA,EM FRENTE AO EMPRESARIAL ISACC NEWTON,ILHA DO LEITE,,,COLISÃO,SEM VITIMAS,1,2,,,,,,,,0,,,,,,,,,,,,,,,,
2018-02-02,09:43:00,SEM VÍTIMA,FINALIZADA,TORRE,RUA CONDE DE IRAJA,128,,NA DESCIDA DA PONTE DA TORRE SENT/CAXANGA,RUA CONDE DE IRAJA,128,NA DESCIDA DA PONTE DA TORRE SENT/CAXANGA,TORRE,,,COLISÃO,SEM VITIMAS,1,,,,,,1,,,0,,,,,,,,,,,,,,,,,,
2018-02-02,10:06:00,SEM VÍTIMA,FINALIZADA,ILHA DO LEITE,RUA FRANCISCO ALVES,,,EM FRENTE AO SEOPE,RUA FRANCISCO ALVES,,EM FRENTE AO SEOPE,ILHA DO LEITE,,,COLISÃO,SEM VITIMAS,2,,,,,,,,,0,,,,,,,,,,,,,,,,,,
2018-02-02,10:08:00,SEM VÍTIMA,FINALIZADA,SANTO AMARO,AV CRUZ CABUGA,,,AO LADO DA CAIXA D´AGUA DO TACARUNA,AV CRUZ CABUGA,,AO LADO DA CAIXA D´AGUA DO TACARUNA,SANTO AMARO,,,COLISÃO,COLISÃO SEM VITIMAS,1,,,,,1,,,,0,,,,,,,,,,,,,,,,,,
2018-02-02,10:49:00,SEM VÍTIMA,FINALIZADA,ROSARINHO,RUA DR JOSE MARIA,866,,E/F AO EDF. HENRIQUE V,RUA DR JOSE MARIA,866,E/F AO EDF. HENRIQUE V,ROSARINHO,,,COLISÃO,SEM VÍTIMAS,1,1,,,,,,,,0,,,,,,,,,,,,,,,,,,
2018-02-02,10:59:00,SEM VÍTIMA,FINALIZADA,PRADO,RUA JOAO IVO DA SILVA,,AV ENG ABDIAS DE CARVALHO,CRUZAMENTO COM A AV ABDIAS DE CARVALHO - JUNTO AO SEMAFORO 132,RUA JOAO IVO DA SILVA,,CRUZAMENTO COM A AV ABDIAS DE CARVALHO - JUNTO AO SEMAFORO 132,PRADO,,,COLISÃO,COLISÃO SEM VITIMAS,1,,,,,,,,1,0,,,,,,,,,,,,,,,,,,
2018-02-02,11:04:00,COM VÍTIMA,FINALIZADA,IBURA,RUA RIO XINGU,193,RUA SANTA LEOPOLDINA,CRUZ/COM A RUA SANTA LEOPOLDINA,RUA DO COLEGIO RITA DE CASSIA,RUA RIO XINGU,193,CRUZ/COM A RUA SANTA LEOPOLDINA,RUA DO COLEGIO RITA DE CASSIA,IBURA,,,COLISÃO COM CICLISTA,COM UMA VITIMA CTTU NO LOCAL,,1,,1,,,,,,1,,,,,,,,,,,,,,,,
2018-02-02,11:36:00,SEM VÍTIMA,FINALIZADA,SANTO AMARO,AV CRUZ CABUGA,1806,,EM FRENTE AO TACARUNA /SENT/OLINDA,AV CRUZ CABUGA,1806,EM FRENTE AO TACARUNA /SENT/OLINDA,SANTO AMARO,,,COLISÃO,SEM VITIMAS,1,,,,,,1,,,0,,,,,,,,,,,,,,,,,,
2018-02-02,11:42:00,SEM VÍTIMA,CANCELADA,IPSEP,AV RECIFE,1540,,AO LADO DA SÃO PAULO VEICULOS, SENTIDO BOA VIAGEM,AV RECIFE,1540,AO LADO DA SÃO PAULO VEICULOS, SENTIDO BOA VIAGEM,IPSEP,,,COLISÃO,COLISÃO SEM VITIMAS,1,,,,,,1,,,0,,,,,,,,,,,,,,,,
2018-02-02,11:54:00,SEM VÍTIMA,FINALIZADA,IPSEP,AV RECIFE,,,EM FRENTE AO MAKRO / SENT CEASA,AV RECIFE,,EM FRENTE AO MAKRO / SENT CEASA,IPSEP,,,COLISÃO,ONIBUS E AUTO,1,,,,,1,,,,0,,,,,,,,,,,,,,,,,,
2018-02-02,12:27:00,SEM VÍTIMA,CANCELADA,ESPINHEIRO,RUA SANTO ELIAS,,RUA DO ESPINHEIRO,COM A RUA DO ESPINHEIRO E/F DO POSTO IPIRANGA,RUA SANTO ELIAS,,COM A RUA DO ESPINHEIRO E/F DO POSTO IPIRANGA,ESPINHEIRO,,,COLISÃO,COLISAO DE DOIS AUTOS S/V,2,,,,,,,,,0,,,,,,,,,,,,,,,,,,
2018-02-02,12:44:00,SEM VÍTIMA,FINALIZADA,SANTO AMARO,AV NORTE,,,NA SUBIDA DA PONTE DA PREFEITURA NO SEMAFORO 243,AV NORTE,,NA SUBIDA DA PONTE DA PREFEITURA NO SEMAFORO 243,SANTO AMARO,,,COLISÃO,COLISAO DE DOIS AUTOS S/V,2,,,,,,,,,0,,,,,,,,,,,,,,,,,,
2018-02-02,12:47:00,SEM VÍTIMA,FINALIZADA,MADALENA,AV VISCONDE DE ALBUQUERQUE,,,NO SEMÁFORO 050,AV VISCONDE DE ALBUQUERQUE,,NO SEMÁFORO 050,MADALENA,,,COLISÃO,COLISÃO SEM VÍTIMA,3,,,,,,,,,0,,,,,,,,,,,,,,,,,,
2018-02-02,12:48:00,SEM VÍTIMA,CANCELADA,BOA VIAGEM,RUA DES JOAO PAES,1007,,PROX DA FERREIRA PINTO DE BOA VIAGEM,RUA DES JOAO PAES,1007,PROX DA FERREIRA PINTO DE BOA VIAGEM,BOA VIAGEM,,,COLISÃO,COLISAO DE TRES AUTOS S/V,3,,,,,,,,,0,,,,,,,,,,,,,,,,,,
2018-02-02,12:55:00,COM VÍTIMA,FINALIZADA,COQUEIRAL,RUA FALCAO DE LACERDA,,,E/F DA IGREJA CATOLICA NO SEMAFORO 091,RUA FALCAO DE LACERDA,,E/F DA IGREJA CATOLICA NO SEMAFORO 091,COQUEIRAL,,,COLISÃO,COLISAO DE AUTO E MOTO COM UMA VITIMA,1,1,,,,,,,,1,,,,,,,,,,,,,,,,,,
2018-02-02,12:58:00,SEM VÍTIMA,CANCELADA,GRAÇAS,AV CONS ROSA E SILVA,,,EM FRENTE AO CLUBE PORTUGUES, E A PRAÇA DO ENTRONCAMENTO,AV CONS ROSA E SILVA,,EM FRENTE AO CLUBE PORTUGUES, E A PRAÇA DO ENTRONCAMENTO,GRAÇAS,,,COLISÃO,DOIS AUTOS,2,,,,,,,,,0,,,,,,,,,,,,,,,,
2018-02-02,13:11:00,COM VÍTIMA,FINALIZADA,IPUTINGA,EST DO BARBALHO,,,AO LADO DO WALMART, EM FRENTE A SUPRANO,EST DO BARBALHO,,AO LADO DO WALMART, EM FRENTE A SUPRANO,IPUTINGA,,,COLISÃO,AUTO E MOTO,1,1,,,,,,,,1,,,,,,,,,,,,,,,,
2018-02-02,13:14:00,SEM VÍTIMA,FINALIZADA,GRAÇAS,PRC DO ENTRONCAMENTO,66,,AO LADO DA PRAÇA DO ENTRONCAMENTO,PRC DO ENTRONCAMENTO,66,AO LADO DA PRAÇA DO ENTRONCAMENTO,GRAÇAS,,,COLISÃO,,2,,,,,,,,,0,,,,,,,,,,,,,,,,,,
2018-02-02,13:24:00,SEM VÍTIMA,FINALIZADA,BOA VIAGEM,RUA BARAO DE SOUZA LEAO,1120,,PROXIMO AO SUPERMERCADO TREVO,RUA BARAO DE SOUZA LEAO,1120,PROXIMO AO SUPERMERCADO TREVO,BOA VIAGEM,,,COLISÃO,COLISÃO SEM VÍTIMA,2,,,,,,,,,0,,,,,,,,,,,,,,,,,,
2018-02-02,13:37:00,COM VÍTIMA,FINALIZADA,MADALENA,AV ENGENHEIRO ABDIAS DE CARVALHO,,,EM FRENTE A ESTÁCIO, SENTIDO SUBÚRBIO.,AV ENGENHEIRO ABDIAS DE CARVALHO,,EM FRENTE A ESTÁCIO, SENTIDO SUBÚRBIO.,MADALENA,,,COLISÃO,COLISÃO COM VÍTIMA, ENVOLVENDO DUAS MOTOS.,,2,,,,,,,,1,,,,,,,,,,,,,,,
2018-02-02,14:16:00,SEM VÍTIMA,FINALIZADA,BOA VIAGEM,AV CONSELHEIRO AGUIAR,3303,RUA FELIX DE BRITO,COM RUA FELIX DE BRITO E/F DO BRADESCO S/T CID,AV CONSELHEIRO AGUIAR,3303,COM RUA FELIX DE BRITO E/F DO BRADESCO S/T CID,BOA VIAGEM,,,COLISÃO,COLISAO DE TRESAUTOS S/V,3,,,,,,,,,0,,,,,,,,,,,,,,,,,,
2018-02-02,14:47:00,SEM VÍTIMA,FINALIZADA,IPUTINGA,EST DO BARBALHO,738,,EM FRENTE CONAB,EST DO BARBALHO,738,EM FRENTE CONAB,IPUTINGA,,,COLISÃO,COLISÃO SEM VÍTIMA,1,1,,,,,,,,0,,,,,,,,,,,,,,,,,,
2018-02-02,15:21:00,SEM VÍTIMA,FINALIZADA,BOA VIAGEM,AV DOM JOAO VI,,,EM FRENTE AO RESIDENCIAL BOA VIAGEM/ SENTIDO PIEDADE,AV DOM JOAO VI,,EM FRENTE AO RESIDENCIAL BOA VIAGEM/ SENTIDO PIEDADE,BOA VIAGEM,,,COLISÃO,COLISÃO SEM VÍTIMA,2,,,,,,,,,0,,,,,,,,,,,,,,,,,,
2018-02-02,15:23:00,SEM VÍTIMA,FINALIZADA,TORRE,RUA ALBERTO PAIVA,,,PROX DA PONTE DA TORRE E/F DA TOYOLEX,RUA ALBERTO PAIVA,,PROX DA PONTE DA TORRE E/F DA TOYOLEX,TORRE,,,COLISÃO,COLISAO DE CAMINHAO E AUTO,1,,,,,,,,,0,,,,,,,,,,,,,,,,,,
2018-02-02,15:57:00,SEM VÍTIMA,FINALIZADA,BOA VIAGEM,RUA JORNALISTA FRANCISCO ALMEIDA,1896,,EM FRENTE POSTO POLICIAL,RUA JORNALISTA FRANCISCO ALMEIDA,1896,EM FRENTE POSTO POLICIAL,BOA VIAGEM,,,COLISÃO,COLISÃO SEM VÍTIMA,2,,,,,,,,,0,,,,,,,,,,,,,,,,,,
2018-02-02,16:02:00,SEM VÍTIMA,FINALIZADA,ESTÂNCIA,RUA JOAO PESSOA,,,POR TRAS DA RECIPÃO,RUA JOAO PESSOA,,POR TRAS DA RECIPÃO,ESTÂNCIA,,,COLISÃO,COLISAO DE CAMINHAO DO LIXO E AUTO S/V,1,,,,,,1,,,0,,,,,,,,,,,,,,,,,,
2018-02-02,16:25:00,COM VÍTIMA,FINALIZADA,TOTÓ,AV LIBERDADE,,,EM FRENTE AO CEMITERIO PARQUE DAS FLORES, E O POSTO DE GASOLINA JARDIM,AV LIBERDADE,,EM FRENTE AO CEMITERIO PARQUE DAS FLORES, E O POSTO DE GASOLINA JARDIM,TOTÓ,,,COLISÃO,AUTO E MOTO,1,1,,,,,,,,2,,,,,,,,,,,,,,,,
2018-02-02,16:37:00,SEM VÍTIMA,FINALIZADA,MUSTARDINHA,RUA VINTE E UM DE ABRIL,983,,EM FRENTE AO CAFE PETINHO,RUA VINTE E UM DE ABRIL,983,EM FRENTE AO CAFE PETINHO,MUSTARDINHA,,,COLISÃO,COLISÃO SEM VÍTIMA,1,,,,,,1,,,0,,,,,,,,,,,,,,,,,,
2018-02-02,16:41:00,SEM VÍTIMA,FINALIZADA,GRAÇAS,RUA ALBERTO PAIVA,,,POR TRAS DA PEDRAGON,RUA ALBERTO PAIVA,,POR TRAS DA PEDRAGON,GRAÇAS,,,COLISÃO,COLISAO DE CAMINHAO E AUTO S/V,1,,,,,,1,,,0,,,,,,,,,,,,,,,,,,
2018-02-02,17:09:00,SEM VÍTIMA,FINALIZADA,CASA AMARELA,AV NORTE,,RUA PADRE LEMOS,COM RUA PADRE LEMOS NA ENTRADA DO VASCO DA GAMA,AV NORTE,,COM RUA PADRE LEMOS NA ENTRADA DO VASCO DA GAMA,CASA AMARELA,,,COLISÃO,COLISAO DE ONIBUS E KOMBI S/V,1,,,,,1,,,,0,,,,,,,,,,,,,,,,,,
2018-02-02,17:37:00,SEM VÍTIMA,FINALIZADA,SANTO AMARO,AV CRUZ CABUGA,,,EM FRENTE A VICE GOVERNADORIA, SENTIDO OLINDA,AV CRUZ CABUGA,,EM FRENTE A VICE GOVERNADORIA, SENTIDO OLINDA,SANTO AMARO,,,COLISÃO,VT DA PM E ONIBUS DA CIDADE ALTA,,,,,,1,,1,,0,,,,,,,,,,,,,,,,
2018-02-02,17:43:00,SEM VÍTIMA,FINALIZADA,MADALENA,RUA REAL DA TORRE,246,,EM FRENTE A LA BATERIA,RUA REAL DA TORRE,246,EM FRENTE A LA BATERIA,MADALENA,,,COLISÃO,COLISÃO SEM VÍTIMA,2,,,,,,,,,0,,,,,,,,,,,,,,,,,,
2018-02-02,17:45:00,SEM VÍTIMA,FINALIZADA,SANTO AMARO,AV DR JAYME DA FONTE,,AV GOV AGAMENON MAGALHAES,CRUZAMENTO COM A AGAMENON,AV DR JAYME DA FONTE,,CRUZAMENTO COM A AGAMENON,SANTO AMARO,,,COLISÃO,DOIS AUTOS,2,,,,,,,,,0,,,,,,,,,,,,,,,,,,
2018-02-02,18:33:00,SEM VÍTIMA,FINALIZADA,ARRUDA,AV BEBERIBE,,RUA COUTO MAGALHAES,CRUZAMENTO COM A RUA COUTO MAGALHAES SEMAFORO 063,AV BEBERIBE,,CRUZAMENTO COM A RUA COUTO MAGALHAES SEMAFORO 063,ARRUDA,,,COLISÃO,ONIBUS X CLASSIC,1,,,,,1,,,,0,,,,,,,,,,,,,,,,,,
2018-02-02,19:04:00,SEM VÍTIMA,CANCELADA,CAXANGÁ,AV CAXANGA,,,SEMÁFORO 533 / POR BAIXO DO VIADUTO,AV CAXANGA,,SEMÁFORO 533 / POR BAIXO DO VIADUTO,CAXANGÁ,,,COLISÃO,ENTRE AUTO E CAMINHÃO. S/V,1,,,,,,1,,,0,,,,,,,,,,,,,,,,,,
2018-02-02,19:11:00,SEM VÍTIMA,CANCELADA,MADALENA,RUA BRAULIO GONCALVES,,,JA CHEGANDO NA BEIRA RIO,RUA BRAULIO GONCALVES,,JA CHEGANDO NA BEIRA RIO,MADALENA,,,COLISÃO,TRES AUTO,3,,,,,,,,,0,,,,,,,,,,,,,,,,,,
2018-02-02,21:48:00,SEM VÍTIMA,CANCELADA,ENCRUZILHADA,AV NORTE,,AV JOAO DE BARROS,COM A AV JOÃO DE BARROS / E/F A FARMACIA BIG BEN / PROX AO PONTO DE TÁXI,AV NORTE,,COM A AV JOÃO DE BARROS / E/F A FARMACIA BIG BEN / PROX AO PONTO DE TÁXI,ENCRUZILHADA,,,CHOQUE,CHOQUE ENTRE UM AUTO PASSEIO E UM PRISMA DE CONCRETO, O MESMO SE ENCONTRA JOGADO NO MEIO DA VIA.,1,,,,,,,,,0,,,,,,,,,,,,,,,,,
2018-02-02,22:52:00,COM VÍTIMA,FINALIZADA,SÃO JOSÉ,RUA GERVASIO PIRES,,AV MANOEL BORBA,SEMÁFORO 169 / CRUZAMENTO COM A AV MANOEL BORBA,RUA GERVASIO PIRES,,SEMÁFORO 169 / CRUZAMENTO COM A AV MANOEL BORBA,SÃO JOSÉ,,,COLISÃO,ENTRE 2 AUTOS. C/V (( AS CONDUTORAS APRESETAM EMBRIAGUEZ)),2,,,,,,,,,1,,,,,,,,,,,,,,,,,,
2018-02-03,00:10:00,COM VÍTIMA,FINALIZADA,AFOGADOS,RUA SAO MIGUEL,1401,,EM FRENTE AO BODE DO NÔ, EM FRENTE AO EMPORIO DIGITAL, PROX DO POSTO IPIRANGA,RUA SAO MIGUEL,1401,EM FRENTE AO BODE DO NÔ, EM FRENTE AO EMPORIO DIGITAL, PROX DO POSTO IPIRANGA,AFOGADOS,,,COLISÃO,COLISÃO ENTRE AUTO E MOTO C/V,1,1,,,,,,,,1,,,,,,,,,,,,,,
2018-02-03,00:17:00,SEM VÍTIMA,CANCELADA,AFOGADOS,RUA SAO MIGUEL,,,EM FRENTE AS LOJAS AMERICANAS,RUA SAO MIGUEL,,EM FRENTE AS LOJAS AMERICANAS,AFOGADOS,,,COLISÃO,COLISÃO ENTRE DOIS AUTOS S/V,2,,,,,,,,,0,,,,,,,,,,,,,,,,,,
2018-02-03,07:49:00,COM VÍTIMA,FINALIZADA,ESTÂNCIA,AV DR JOSE RUFINO,528,,RESIDENCIA. SENTIDO SUBÚRBIO,AV DR JOSE RUFINO,528,RESIDENCIA. SENTIDO SUBÚRBIO,ESTÂNCIA,,,COLISÃO,COM DUAS VÍTIMAS.,1,1,,,,,,,,2,,,,,,,,,,,,,,,,,,
2018-02-03,08:11:00,SEM VÍTIMA,CANCELADA,AFOGADOS,EST DO BONGI,1235,,DENTRO DO POSTO PETROBRAS,EST DO BONGI,1235,DENTRO DO POSTO PETROBRAS,AFOGADOS,,,COLISÃO,SEM VÍTIMAS,2,,,,,,,,,0,,,,,,,,,,,,,,,,,,
2018-02-03,08:49:00,SEM VÍTIMA,FINALIZADA,SANTO AMARO,RUA COELHO LEITE,725,,AO LADO DA CTTU,RUA COELHO LEITE,725,AO LADO DA CTTU,SANTO AMARO,,,COLISÃO,SEM VÍTIMAS,2,,,,,,,,,0,,,,,,,,,,,,,,,,,,
2018-02-03,09:14:00,SEM VÍTIMA,FINALIZADA,AREIAS,AV RECIFE,,,NO SEMÁFORO 055/ SENTIDO AEROPORTO,AV RECIFE,,NO SEMÁFORO 055/ SENTIDO AEROPORTO,AREIAS,,,COLISÃO,COLISÃO SEM VÍTIMA,1,,,,,,1,,,0,,,,,,,,,,,,,,,,,,
2018-02-03,09:26:00,SEM VÍTIMA,FINALIZADA,VÁRZEA,RUA GENERAL POLIDORO,4507,,AO LADO ACADEMIA REEF,RUA GENERAL POLIDORO,4507,AO LADO ACADEMIA REEF,VÁRZEA,,,COLISÃO,COLISÃO SEM VÍTIMA,3,,,,,,,,,0,,,,,,,,,,,,,,,,,,
2018-02-03,09:51:00,COM VÍTIMA,FINALIZADA,BOA VIAGEM,RUA ANTONIO FALCAO,499,,EM FRENTE A PANIFICADORA PAN FALCÃO,RUA ANTONIO FALCAO,499,EM FRENTE A PANIFICADORA PAN FALCÃO,BOA VIAGEM,,,ATROPELAMENTO,COM UMA VITIMA ,SAMU NO LOCAL,1,,,,1,,,,,1,,,,,,,,,,,,,,,,,
2018-02-03,10:04:00,SEM VÍTIMA,FINALIZADA,BOA VIAGEM,RUA PADRE CARAPUCEIRO,,,EM FRENTE AO WALMART,RUA PADRE CARAPUCEIRO,,EM FRENTE AO WALMART,BOA VIAGEM,,,COLISÃO,COLISÃO SEM VÍTIMA,2,,,,,,,,,0,,,,,,,,,,,,,,,,,,
2018-02-03,10:08:00,SEM VÍTIMA,FINALIZADA,ARRUDA,EST VELHA DE AGUA FRIA,619,,EM FRENTE AO BAR DO CHICO,E AO LADO DA DELICATESSE MANÁ/SENT ARRUDA,EST VELHA DE AGUA FRIA,619,EM FRENTE AO BAR DO CHICO,E AO LADO DA DELICATESSE MANÁ/SENT ARRUDA,ARRUDA,,,COLISÃO,SEM VITIMAS,1,,,,,,1,,,0,,,,,,,,,,,,,,,,