data,hora,natureza_acidente,situacao,bairro,endereco,numero,detalhe_endereco_acidente,complemento,endereco_cruzamento,numero_cruzamento,referencia_cruzamento,bairro_cruzamento,num_semaforo,sentido_via,tipo,descricao,auto,moto,ciclom,ciclista,pedestre,onibus,caminhao,viatura,outros,vitimas,vitimasfatais,acidente_verificado,tempo_clima,situacao_semaforo,sinalizacao,condicao_via,conservacao_via,ponto_controle,situacao_placa,velocidade_max_via,mao_direcao,divisao_via1,divisao_via2,divisao_via3,,,,
2018-02-05,17:41:00,SEM VÍTIMA,FINALIZADA,GRAÇAS,RUA GUILHERME PINTO,,RUA JOAQUIM NABUCO,COM JOAQUIM NABUCO, PROX. Á ACADEMIA TRENO FITNES,RUA GUILHERME PINTO,,COM JOAQUIM NABUCO, PROX. Á ACADEMIA TRENO FITNES,GRAÇAS,,,COLISÃO,DOIS AUTOS,2,,,,,,,,,0,,,,,,,,,,,,,,,,
2018-02-05,17:48:00,SEM VÍTIMA,FINALIZADA,IMBIRIBEIRA,AV MARECHAL MASCARENHAS DE MORAES,4561,,AO LADO DO MINISTERIO DO TRABALHO, SENT. CIDADE,AV MARECHAL MASCARENHAS DE MORAES,4561,AO LADO DO MINISTERIO DO TRABALHO, SENT. CIDADE,IMBIRIBEIRA,,,COLISÃO,ONIBUS E AUTO,1,,,,,1,,,,0,,,,,,,,,,,,,,,,
2018-02-05,18:53:00,SEM VÍTIMA,FINALIZADA,SANTO AMARO,AV NORTE,,,POR TRAS DO CEMITERIO DOS INGLESES,AV NORTE,,POR TRAS DO CEMITERIO DOS INGLESES,SANTO AMARO,,,ENGAVETAMENTO,TRES AUTO,3,,,,,,,,,0,,,,,,,,,,,,,,,,,,
2018-02-05,19:10:00,SEM VÍTIMA,CANCELADA,BOA VISTA,RUA PAISSANDU,419,,NA VIA LOCAL SENTIDO OLINDA PROX AO MEMORIAL SAO JOSE,RUA PAISSANDU,419,NA VIA LOCAL SENTIDO OLINDA PROX AO MEMORIAL SAO JOSE,BOA VISTA,,,COLISÃO,DOIS ONIBUS ( E ),,,,,,2,,,,0,,,,,,,,,,,,,,,,,,
2018-02-05,19:28:00,COM VÍTIMA,FINALIZADA,PORTO DA MADEIRA,AV BEBERIBE,3390,,E/F AO ARENA IBIZA CLUB, SNT ILHA DO TIRO // PROX AO POSTO IVINI,AV BEBERIBE,3390,E/F AO ARENA IBIZA CLUB, SNT ILHA DO TIRO // PROX AO POSTO IVINI,PORTO DA MADEIRA,,,COLISÃO,ENTRE AUTO E MOTO. C/V,1,1,,,,,,,,1,,,,,,,,,,,,,,,,
2018-02-05,19:53:00,SEM VÍTIMA,FINALIZADA,BOA VIAGEM,RUA FELIX DE BRITO E MELO,,AV ENG DOMINGO FERREIRA,CRUZAMENTO COM A DOMINGOS FERREIRA,RUA FELIX DE BRITO E MELO,,CRUZAMENTO COM A DOMINGOS FERREIRA,BOA VIAGEM,,,COLISÃO,DOIS AUTO,2,,,,,,,,,0,,,,,,,,,,,,,,,,,,
2018-02-05,20:17:00,SEM VÍTIMA,FINALIZADA,SÃO JOSÉ,C SANTA RITA,591,,E/F AS TORRES GÊMEAS E PROX AO 16° BPM BATALHÃO FREI CANECA,C SANTA RITA,591,E/F AS TORRES GÊMEAS E PROX AO 16° BPM BATALHÃO FREI CANECA,SÃO JOSÉ,,,COLISÃO,ENTRE 2 AUTOS. S/V,2,,,,,,,,,0,,,,,,,,,,,,,,,,,,
2018-02-05,20:58:00,SEM VÍTIMA,FINALIZADA,MADALENA,AV VISCONDE DE ALBUQUERQUE,205,,E/F A CULTURA INGLESA,AV VISCONDE DE ALBUQUERQUE,205,E/F A CULTURA INGLESA,MADALENA,,,COLISÃO,ENTRE 2 AUTOS. S/V,2,,,,,,,,,0,,,,,,,,,,,,,,,,,,
2018-02-05,21:11:00,SEM VÍTIMA,FINALIZADA,CAXANGÁ,AV CAXANGA,,RUA PROF JOAQUIM CAVALCANTI,AO LADO DO VIAUTO DE CAXANGÁ E SUPRANOR RECIFE / CRUZAMENTO COM A R PROF JOAQUIM CAVALCANTI,AV CAXANGA,,AO LADO DO VIAUTO DE CAXANGÁ E SUPRANOR RECIFE / CRUZAMENTO COM A R PROF JOAQUIM CAVALCANTI,CAXANGÁ,,,COLISÃO,ENTRE AUTOS. S/V,2,,,,,,,,,0,,,,,,,,,,,,,,,,,,
2018-02-05,22:30:00,SEM VÍTIMA,FINALIZADA,IMBIRIBEIRA,AV MARECHAL MASCARENHAS DE MORAES,,,E/F A TOYOYA E PROX AO TRIBUNAL DO TRABALHO, NA SAIDA DA AV RECIFE / SNT AEROPORTO,AV MARECHAL MASCARENHAS DE MORAES,,E/F A TOYOYA E PROX AO TRIBUNAL DO TRABALHO, NA SAIDA DA AV RECIFE / SNT AEROPORTO,IMBIRIBEIRA,,,COLISÃO,ENTRE AUTO E CAMINHÃO. S/V,1,,,,,,1,,,0,,,,,,,,,,,,,,,,
2018-02-05,23:42:00,SEM VÍTIMA,FINALIZADA,ENCRUZILHADA,RUA PROFESSOR MIRANDA CURIO,101,,PROX DO BODEGA RETRÔ, EM FRENTE AO TABERNÁCULO ESPIRITA APOSTOLOS CRISTO,RUA PROFESSOR MIRANDA CURIO,101,PROX DO BODEGA RETRÔ, EM FRENTE AO TABERNÁCULO ESPIRITA APOSTOLOS CRISTO,ENCRUZILHADA,,,COLISÃO,COLISÃO ENTRE DOIS AUTOS S/V,2,,,,,,,,,0,,,,,,,,,,,,,,,,
2018-02-06,06:55:00,COM VÍTIMA,FINALIZADA,SANTO AMARO,AV JOAO DE BARROS,,,SOBRE O VIADUTO, SENTIDO OLINDA,AV JOAO DE BARROS,,SOBRE O VIADUTO, SENTIDO OLINDA,SANTO AMARO,,,COLISÃO,COM UMA VÍTIMA. VT 03 NO LOCAL,1,1,,,,,,,,1,,,,,,,,,,,,,,,,
2018-02-06,07:12:00,COM VÍTIMA,FINALIZADA,CAMPO GRANDE,AV PROFESSOR JOSE DOS ANJOS,354,,PROX, AO TERMINAL DE CHÃO DE ESTRELAS,AV PROFESSOR JOSE DOS ANJOS,354,PROX, AO TERMINAL DE CHÃO DE ESTRELAS,CAMPO GRANDE,,,COLISÃO,COLISÃO COM VITIMAS,1,1,,,,,,,,1,,,,,,,,,,,,,,,,
2018-02-06,08:25:00,SEM VÍTIMA,FINALIZADA,CORDEIRO,AV GENERAL SAN MARTIN,,,SEMÁFORO 067, E/F AO POSTO TOTAL,AV GENERAL SAN MARTIN,,SEMÁFORO 067, E/F AO POSTO TOTAL,CORDEIRO,,,COLISÃO,SEM VÍTIMAS. VT 14 NO LOCAL,2,,,,,,,,,0,,,,,,,,,,,,,,,,
2018-02-06,08:34:00,COM VÍTIMA,FINALIZADA,CAXANGÁ,AV CAXANGA,5073,,E/F A ACADEMIA SHALON E A IGREJA PAZ E VIDA. SENTIDOCIDADE,AV CAXANGA,5073,E/F A ACADEMIA SHALON E A IGREJA PAZ E VIDA. SENTIDOCIDADE,CAXANGÁ,,,ATROPELAMENTO,ATROPELAMENTO SEGUIDO DE COLISÃO. COM UMA VÍTIMA EM ATENDIMENTO PELOS BOMBEIROS.,1,1,,,1,,,,,1,,,,,,,,,,,,,,,,,,
2018-02-06,08:35:00,SEM VÍTIMA,FINALIZADA,AFOGADOS,RUA COSME VIANA,1042,,DAFRENTE DA OFICINA RECUPERAÇÃO DE RODAS,RUA COSME VIANA,1042,DAFRENTE DA OFICINA RECUPERAÇÃO DE RODAS,AFOGADOS,,,COLISÃO,COLISÃO SEM VITIMAS,1,,,,,1,,,,0,,,,,,,,,,,,,,,,,,
2018-02-06,08:48:00,SEM VÍTIMA,CANCELADA,IPUTINGA,EST DO BARBALHO,247,,E/F AO SALÃO DO REINO DAS TESTEMUNHAS DE JEOVÁ,EST DO BARBALHO,247,E/F AO SALÃO DO REINO DAS TESTEMUNHAS DE JEOVÁ,IPUTINGA,,,COLISÃO,SEM VÍTIMAS.,2,,,,,,,,,0,,,,,,,,,,,,,,,,,,
2018-02-06,08:56:00,SEM VÍTIMA,FINALIZADA,SANTO AMARO,PTE PRINCESA IZABEL,,,PONTE PRINCESA IZABEL,PTE PRINCESA IZABEL,,PONTE PRINCESA IZABEL,SANTO AMARO,,,COLISÃO,CAMINHAO E AUTO / MOTO 15 NO QTH,1,,,,,,1,,,0,,,,,,,,,,,,,,,,,,
2018-02-06,09:20:00,SEM VÍTIMA,FINALIZADA,TORRÕES,EST DO FORTE DO ARRAIAL N. DO B. JESUS,,,SEMAFORO 249,VT 13 DA CTTU NO LOCAL,EST DO FORTE DO ARRAIAL N. DO B. JESUS,,SEMAFORO 249,VT 13 DA CTTU NO LOCAL,TORRÕES,,,COLISÃO,SEM VITIMAS,1,,,,,1,,,,0,,,,,,,,,,,,,,,,
2018-02-06,09:38:00,SEM VÍTIMA,CANCELADA,JORDÃO,AV DONA CARENTINA,23,,E/F A PRAÇA DO JORDÃO, AO LDO DA LOJA O BOTICÁRIO,AV DONA CARENTINA,23,E/F A PRAÇA DO JORDÃO, AO LDO DA LOJA O BOTICÁRIO,JORDÃO,,,COLISÃO,SEM VÍTIMAS,1,,,,,,1,,,0,,,,,,,,,,,,,,,,
2018-02-06,12:10:00,SEM VÍTIMA,CANCELADA,TORRE,RUA PADRE ANCHIETA,125,RUA REAL DA TORRE,COM A RUA REAL DA TORRE PROX DO EDF ESTAÇÃO DA TORRE,RUA PADRE ANCHIETA,125,COM A RUA REAL DA TORRE PROX DO EDF ESTAÇÃO DA TORRE,TORRE,,,COLISÃO,COLISAO DE DOIS AUTOS S/V,2,,,,,,,,,0,,,,,,,,,,,,,,,,,,
2018-02-06,12:38:00,SEM VÍTIMA,FINALIZADA,DERBY,AV GOVERNADOR AGAMENON MAGALHAES,,,EM FRENTE AO AMERICANO BATISTA ,SENT/BOA VIAGEM,AV GOVERNADOR AGAMENON MAGALHAES,,EM FRENTE AO AMERICANO BATISTA ,SENT/BOA VIAGEM,DERBY,,,COLISÃO,SEM VITIMAS CTTU NO LOCAL,GM VAI FAZER B.O,2,,,,,,,,,0,,,,,,,,,,,,,,,
2018-02-06,13:10:00,SEM VÍTIMA,FINALIZADA,BOA VISTA,AV GOVERNADOR AGAMENON MAGALHAES,,,AO LADO WALMART/ SENTIDO OLINDA/ PISTA LOCAL,AV GOVERNADOR AGAMENON MAGALHAES,,AO LADO WALMART/ SENTIDO OLINDA/ PISTA LOCAL,BOA VISTA,,,COLISÃO,COLISÃO SEM VÍTIMA,1,,,,,,1,,,0,,,,,,,,,,,,,,,,,,
2018-02-06,13:36:00,SEM VÍTIMA,CANCELADA,ESPINHEIRO,RUA QUARENTA E OITO,623,,PROXIMO AO RESTAURANTE CHINES,RUA QUARENTA E OITO,623,PROXIMO AO RESTAURANTE CHINES,ESPINHEIRO,,,COLISÃO,COLISÃO SEM VÍTIMA,1,1,,,,,,,,0,,,,,,,,,,,,,,,,,,
2018-02-06,14:32:00,SEM VÍTIMA,CANCELADA,TORRE,RUA BEIRA RIO,,RUA JOSE OSORIO,SEMAFORO 387,CRUZAMENTO COM A RUA JOSE OSORIO,RUA BEIRA RIO,,SEMAFORO 387,CRUZAMENTO COM A RUA JOSE OSORIO,TORRE,,,COLISÃO,SEM VITMAS,2,,,,,,,,,0,,,,,,,,,,,,,,,,
2018-02-06,15:09:00,COM VÍTIMA,FINALIZADA,ESPINHEIRO,AV GOVERNADOR AGAMENON MAGALHAES,2656,,E/F AO EMPRESARIAL AGAMENON MAGALHAES S/T BOA VIAGEM,AV GOVERNADOR AGAMENON MAGALHAES,2656,E/F AO EMPRESARIAL AGAMENON MAGALHAES S/T BOA VIAGEM,ESPINHEIRO,,,COLISÃO,COLISAO DE AUTO E MOTO COM UMA VITIMA,1,1,,,,,,,,1,,,,,,,,,,,,,,,,,,
2018-02-06,15:11:00,SEM VÍTIMA,FINALIZADA,CAXANGÁ,AV JOAQUIM RIBEIRO,282,,HA DEZ METROS DO SUPERMERCADO TEM,SENT/CAMARAGIBE,AV JOAQUIM RIBEIRO,282,HA DEZ METROS DO SUPERMERCADO TEM,SENT/CAMARAGIBE,CAXANGÁ,,,COLISÃO,,1,,,,,,1,,,0,,,,,,,,,,,,,,,,
2018-02-06,15:25:00,SEM VÍTIMA,FINALIZADA,MADALENA,RUA LOPES DE CARVALHO,361,,EM FRENTE A BATERIA LA,RUA LOPES DE CARVALHO,361,EM FRENTE A BATERIA LA,MADALENA,,,COLISÃO,COLISÃO SEM VÍTIMA,1,,,,,,1,,,0,,,,,,,,,,,,,,,,,,
2018-02-06,15:35:00,SEM VÍTIMA,FINALIZADA,CAJUEIRO,RUA DR ALBERTO WANDERLEY,150,,PROXIMO AO BAR DA FAVA,RUA DR ALBERTO WANDERLEY,150,PROXIMO AO BAR DA FAVA,CAJUEIRO,,,COLISÃO,COLISÃO SEM VÍTIMA,2,,,,,,,,,0,,,,,,,,,,,,,,,,,,
2018-02-06,15:46:00,SEM VÍTIMA,CANCELADA,SANTO ANTÔNIO,AV DANTAS BARRETO,,RUA PRIMEIRO DE MARÇO,CRUZAMENTO COM RUA A PRIMEIRO DE MARÇO,EM FRENTE A FARMACIA PERMANENTE,AV DANTAS BARRETO,,CRUZAMENTO COM RUA A PRIMEIRO DE MARÇO,EM FRENTE A FARMACIA PERMANENTE,SANTO ANTÔNIO,,,COLISÃO,SEM VITIMAS,2,,,,,,,,,0,,,,,,,,,,,,,,,,
2018-02-06,15:50:00,SEM VÍTIMA,FINALIZADA,PARNAMIRIM,RUA VIRGINIA LORETO,209,,AO LADO DA CULTURA INGLESA,RUA VIRGINIA LORETO,209,AO LADO DA CULTURA INGLESA,PARNAMIRIM,,,COLISÃO,SEM VITIMAS,1,,,,,,1,,,0,,,,,,,,,,,,,,,,,,
2018-02-06,15:58:00,SEM VÍTIMA,FINALIZADA,CORDEIRO,AV ENGENHEIRO ABDIAS DE CARVALHO,,AV GENERAL SAN MARTIN,CRUZAMENTO COM A AV GENERAL SAN MARTIN,AV ENGENHEIRO ABDIAS DE CARVALHO,,CRUZAMENTO COM A AV GENERAL SAN MARTIN,CORDEIRO,,,COLISÃO,SEM VÍTIMA,1,2,,,,,,,,0,,,,,,,,,,,,,,,,,,
2018-02-06,16:10:00,SEM VÍTIMA,FINALIZADA,BOA VISTA,RUA DO PRINCIPE,213,RUA GERVASIO PIRES,COM A RUA GERVASIO PIRES E/F AO CALDINHO DO PRINCIPE APOS A CATÓLICA,RUA DO PRINCIPE,213,COM A RUA GERVASIO PIRES E/F AO CALDINHO DO PRINCIPE APOS A CATÓLICA,BOA VISTA,,,COLISÃO,COLISAO DE DOIS AUTOS S/V,2,,,,,,,,,0,,,,,,,,,,,,,,,,,,
2018-02-06,17:26:00,COM VÍTIMA,FINALIZADA,IMBIRIBEIRA,AV MARECHAL MASCARENHAS DE MORAES,4797,,EM FRENTE AO MARTELINHO DE OURO/ SENTIDO AFOGADOS,AV MARECHAL MASCARENHAS DE MORAES,4797,EM FRENTE AO MARTELINHO DE OURO/ SENTIDO AFOGADOS,IMBIRIBEIRA,,,COLISÃO,COLISÃO COM VÍTIMA,1,1,,,,,,,,1,,,,,,,,,,,,,,,,,,
2018-02-06,17:27:00,SEM VÍTIMA,CANCELADA,GRAÇAS,RUA DO FUTURO,222,,EM FRENTE AO BL MUSIC,RUA DO FUTURO,222,EM FRENTE AO BL MUSIC,GRAÇAS,,,COLISÃO,COLISÃO SEM VÍTIMA,2,,,,,,,,,0,,,,,,,,,,,,,,,,,,
2018-02-06,18:11:00,SEM VÍTIMA,CANCELADA,VASCO DA GAMA,AV VEREADOR OTACILIO AZEVEDO,4656,,PROX. Á DELEGACIA,AV VEREADOR OTACILIO AZEVEDO,4656,PROX. Á DELEGACIA,VASCO DA GAMA,,,COLISÃO,AUTO E MOTO,1,1,,,,,,,,0,,,,,,,,,,,,,,,,,,
2018-02-06,18:23:00,SEM VÍTIMA,FINALIZADA,DOIS IRMÃOS,RUA DOIS IRMAOS,,,EMBAIXO DO VIADUTO,RUA DOIS IRMAOS,,EMBAIXO DO VIADUTO,DOIS IRMÃOS,,,COLISÃO,SIENA X GOL,2,,,,,,,,,0,,,,,,,,,,,,,,,,,,
2018-02-06,18:52:00,SEM VÍTIMA,FINALIZADA,MADALENA,RUA BENFICA,,RUA EUCLIDES DA CUNHA,NO SEMAFORO 590, COM A RUA EUCLIDES DA CUNHA,RUA BENFICA,,NO SEMAFORO 590, COM A RUA EUCLIDES DA CUNHA,MADALENA,,,COLISÃO,CARRO FORTE E AUTO,1,,,,,,1,,,0,,,,,,,,,,,,,,,,
2018-02-06,18:52:00,SEM VÍTIMA,FINALIZADA,DERBY,AV GOVERNADOR AGAMENON MAGALHAES,,,SEMAFORO 075, PROX. AO CLUBE INTERNACIONAL,AV GOVERNADOR AGAMENON MAGALHAES,,SEMAFORO 075, PROX. AO CLUBE INTERNACIONAL,DERBY,,,COLISÃO,ONIBUS X AUTO,1,,,,,1,,,,0,,,,,,,,,,,,,,,,
2018-02-06,19:12:00,SEM VÍTIMA,FINALIZADA,ILHA DO RETIRO,AV ENGENHEIRO ABDIAS DE CARVALHO,,,ENF AO ESPORT SENTIDO SUBURBIO,AV ENGENHEIRO ABDIAS DE CARVALHO,,ENF AO ESPORT SENTIDO SUBURBIO,ILHA DO RETIRO,,,COLISÃO,GOL X GOLF OBS:: SUSPEITA DE EMBRIAGUEZ,2,,,,,,,,,0,,,,,,,,,,,,,,,,,,
2018-02-06,19:32:00,SEM VÍTIMA,FINALIZADA,PAISSANDU,RUA PAISSANDU,414,,PROX A UNIMED RECIFE,RUA PAISSANDU,414,PROX A UNIMED RECIFE,PAISSANDU,,,COLISÃO,PALIO X AUTO,2,,,,,,,,,0,,,,,,,,,,,,,,,,,,
2018-02-06,19:57:00,SEM VÍTIMA,FINALIZADA,SANTO AMARO,AV GOVERNADOR AGAMENON MAGALHAES,,,ENF AO SHOPPING TACARUNA SENTIDO OLINDA PROX AO VIADUTO,AV GOVERNADOR AGAMENON MAGALHAES,,ENF AO SHOPPING TACARUNA SENTIDO OLINDA PROX AO VIADUTO,SANTO AMARO,,,COLISÃO,CAMINHAO E AUTO,1,,,,,,1,,,0,,,,,,,,,,,,,,,,,,
2018-02-06,20:01:00,SEM VÍTIMA,CANCELADA,IPSEP,RUA ITANAGE,37,RUA BLUMENAL,CRUZAMENTO COM A RUA BLUMENAL,RUA ITANAGE,37,CRUZAMENTO COM A RUA BLUMENAL,IPSEP,,,COLISÃO,AUTO E MOTO,1,1,,,,,,,,0,,,,,,,,,,,,,,,,,,
2018-02-06,20:38:00,SEM VÍTIMA,FINALIZADA,TORRE,RUA PROFESSOR TRAJANO DE MENDONCA,440,,APOS O ATACADO DOS PRESENTES SENT. AFOGADOS,RUA PROFESSOR TRAJANO DE MENDONCA,440,APOS O ATACADO DOS PRESENTES SENT. AFOGADOS,TORRE,,,COLISÃO,AUTO E ONIBUS,1,,,,,1,,,,0,,,,,,,,,,,,,,,,,,
2018-02-06,21:13:00,SEM VÍTIMA,FINALIZADA,DOIS IRMÃOS,RUA MANOEL DE MORAIS,,,ENF A PRC DOIS IRMAOS OBS RUA DOM MANOEL DE MEDEIROS,RUA MANOEL DE MORAIS,,ENF A PRC DOIS IRMAOS OBS RUA DOM MANOEL DE MEDEIROS,DOIS IRMÃOS,,,COLISÃO,CAMINHAO X AUTO,1,,,,,,1,,,0,,,,,,,,,,,,,,,,,,
2018-02-06,21:27:00,SEM VÍTIMA,FINALIZADA,MADALENA,RUA BENFICA,,,EM FRENTE AO INTERNACIONAL,RUA BENFICA,,EM FRENTE AO INTERNACIONAL,MADALENA,,,COLISÃO,TAXI E MOTO,1,1,,,,,,,,0,,,,,,,,,,,,,,,,,,
2018-02-06,21:53:00,COM VÍTIMA,CANCELADA,BARRO,AV DR JOSE RUFINO,2626,,AO LADO DO HOTEL OLIMPICOS,AV DR JOSE RUFINO,2626,AO LADO DO HOTEL OLIMPICOS,BARRO,,,COLISÃO,DUAS MOTO,,2,,,,,,,,1,,,,,,,,,,,,,,,,,,
2018-02-06,22:19:00,SEM VÍTIMA,FINALIZADA,SÃO JOSÉ,RUA IMPERIAL,,RUA DO PEIXOTO,CRUZAMENTO CO RUA DO PEXOTO ENF AO T.R.E,RUA IMPERIAL,,CRUZAMENTO CO RUA DO PEXOTO ENF AO T.R.E,SÃO JOSÉ,,,COLISÃO,ONIBUS X AUTO,1,,,,,1,,,,0,,,,,,,,,,,,,,,,,,
2018-02-06,23:46:00,COM VÍTIMA,FINALIZADA,ILHA DO RETIRO,RUA SPORT CLUBE DO RECIFE,S/N,,NO TÚNEL CHICO SCIENS,RUA SPORT CLUBE DO RECIFE,S/N,NO TÚNEL CHICO SCIENS,ILHA DO RETIRO,,,COLISÃO,SPIN / MOTO BROS,1,1,,,,,,,,1,,,,,,,,,,,,,,,,,,
2018-02-07,00:11:00,SEM VÍTIMA,CANCELADA,BARRO,AV DR JOSE RUFINO,,,PROX DO CONTORNO QUE DA ACESSO A BR 101, PROX DA ESCOLA ALBERTO,AV DR JOSE RUFINO,,PROX DO CONTORNO QUE DA ACESSO A BR 101, PROX DA ESCOLA ALBERTO,BARRO,,,COLISÃO,COLISÃO ENTRE TRÊS AUTOS S/V,3,,,,,,,,,0,,,,,,,,,,,,,,,,
2018-02-07,09:14:00,SEM VÍTIMA,FINALIZADA,PINA,RUA AMAZONAS,,RUA TOMÉ GIBSON,CRUZAMENTO COM A RUA TOMÉ GIBSON,RUA AMAZONAS,,CRUZAMENTO COM A RUA TOMÉ GIBSON,PINA,,,COLISÃO,SEM VITIMAS,2,,,,,,,,,0,,,,,,,,,,,,,,,,,,
2018-02-07,09:12:00,SEM VÍTIMA,FINALIZADA,IBURA,AV DOIS RIOS,,,EM FRENTE AO POSTO TOTAL/ IGREJA EL SHADAI,AV DOIS RIOS,,EM FRENTE AO POSTO TOTAL/ IGREJA EL SHADAI,IBURA,,,COLISÃO,SEM VITIMAS,2,,,,,,,,,0,,,,,,,,,,,,,,,,,,
2018-02-07,10:05:00,SEM VÍTIMA,FINALIZADA,IMBIRIBEIRA,AV MARECHAL MASCARENHAS DE MORAES,,,EM FRENTE A FACULDADE UNIVERSO,AV MARECHAL MASCARENHAS DE MORAES,,EM FRENTE A FACULDADE UNIVERSO,IMBIRIBEIRA,,,COLISÃO,02 AUTOS,2,,,,,,,,,0,,,,,,,,,,,,,,,,,,
2018-02-07,10:09:00,SEM VÍTIMA,FINALIZADA,SANTO AMARO,RUA FRANCISCO JACINTO,,RUA BARROS BARRETO,COM A BARROS BARRETO,RUA FRANCISCO JACINTO,,COM A BARROS BARRETO,SANTO AMARO,,,COLISÃO,COLISÃO SEM VITIMA - VEICULO LOCADO A POLICIA CÍVIL,2,,,,,,,,,0,,,,,,,,,,,,,,,,,,
2018-02-07,12:10:00,SEM VÍTIMA,FINALIZADA,JOANA BEZERRA,RUA DES GUERRA BARRETO,,,E/F DA ACADEMIA DA CIDADE NO TREVO S/T FORUM JOANA BEZERRA,RUA DES GUERRA BARRETO,,E/F DA ACADEMIA DA CIDADE NO TREVO S/T FORUM JOANA BEZERRA,JOANA BEZERRA,,,COLISÃO,COLISAO DE VT DA POLICIA E AUTO S/V,2,,,,,,,,,0,,,,,,,,,,,,,,,,,,
2018-02-07,13:48:00,SEM VÍTIMA,FINALIZADA,TAMARINEIRA,AV NORTE,3604,,NO SEMÁFORO 062/ SENTIDO SUBURBIO,AV NORTE,3604,NO SEMÁFORO 062/ SENTIDO SUBURBIO,TAMARINEIRA,,,COLISÃO,COLISÃO SEM VÍTIMA,2,,,,,,,,,0,,,,,,,,,,,,,,,,,,
2018-02-07,14:07:00,SEM VÍTIMA,FINALIZADA,SANTO AMARO,AV NORTE,1048,,,AV NORTE,1048,,SANTO AMARO,,,COLISÃO,COLISÃO SEM VÍTIMA,1,,,,,1,,,,0,,,,,,,,,,,,,,,,,,
2018-02-07,14:17:00,SEM VÍTIMA,FINALIZADA,PRADO,AV ENGENHEIRO ABDIAS DE CARVALHO,,EST DOS REMEDIOS,CRUZAMENTO COM EST. DOS REMÉDIOS,AV ENGENHEIRO ABDIAS DE CARVALHO,,CRUZAMENTO COM EST. DOS REMÉDIOS,PRADO,,,COLISÃO,COLISÃO ENTRE AUTO E MOTO SEM VÍTIMA,1,1,,,,,,,,0,,,,,,,,,,,,,,,,,,
2018-02-07,14:21:00,SEM VÍTIMA,FINALIZADA,ARRUDA,RUA ALEGRE,192,,,RUA ALEGRE,192,,ARRUDA,,,COLISÃO,COLISÃO SEM VITIMA,2,,,,,,,,,0,,,,,,,,,,,,,,,,,,
2018-02-07,15:15:00,SEM VÍTIMA,FINALIZADA,IMBIRIBEIRA,AV MARECHAL MASCARENHAS DE MORAES,,,EM FRENTE AO POSTO IPIRANGA, PROX. AO AEROPORTO, E AO RETORNO SENTIDO CIDADE,AV MARECHAL MASCARENHAS DE MORAES,,EM FRENTE AO POSTO IPIRANGA, PROX. AO AEROPORTO, E AO RETORNO SENTIDO CIDADE,IMBIRIBEIRA,,,COLISÃO,COLIAo ENTRE DOIS AUTOS S/V,2,,,,,,,,,0,,,,,,,,,,,,,,
2018-02-07,15:45:00,SEM VÍTIMA,FINALIZADA,TORRE,RUA CONDE DE IRAJA,1015,,PROX DA IGREJA DA TORRE,RUA CONDE DE IRAJA,1015,PROX DA IGREJA DA TORRE,TORRE,,,COLISÃO,COLISAO DE VT DA POLICIA E AUTO S/V,2,,,,,,,,,0,,,,,,,,,,,,,,,,,,
2018-02-07,15:51:00,SEM VÍTIMA,FINALIZADA,DERBY,AV RUI BARBOSA,,AV GOV AGAMENON MAGALHAES,COM A AV GOV AGAMENON MAGALHÃES,AV RUI BARBOSA,,COM A AV GOV AGAMENON MAGALHÃES,DERBY,,,COLISÃO,COLISÃO SEM VITIMA,2,,,,,,,,,0,,,,,,,,,,,,,,,,,,
2018-02-07,15:59:00,SEM VÍTIMA,FINALIZADA,PRADO,RUA SANTA EDWIRGES,390,,EM FRENTE AO ARQUIVO GERAL DO TRIBUNAL DE JUSTIÇA,RUA SANTA EDWIRGES,390,EM FRENTE AO ARQUIVO GERAL DO TRIBUNAL DE JUSTIÇA,PRADO,,,COLISÃO,COLISÃO SEM VÍTIMA,1,,,,,1,,,,0,,,,,,,,,,,,,,,,,,
2018-02-07,16:01:00,SEM VÍTIMA,FINALIZADA,ILHA DO LEITE,AV GOVERNADOR AGAMENON MAGALHAES,,,DESCIDA DO VIADUTO CAPITÃO TEMUDO, SENTIDO OLINDA,AV GOVERNADOR AGAMENON MAGALHAES,,DESCIDA DO VIADUTO CAPITÃO TEMUDO, SENTIDO OLINDA,ILHA DO LEITE,,,COLISÃO,COLISÃO ENTRE CAMINHÃO E AUTO SEM VÍTIMA,1,,,,,,1,,,0,,,,,,,,,,,,,,,,
2018-02-07,16:36:00,SEM VÍTIMA,FINALIZADA,IPSEP,AV RECIFE,3419,,POR TRÁS DO RESIDENCIAL EULER BENTES/ SENTIDO JARDIM SÃO PAULO,AV RECIFE,3419,POR TRÁS DO RESIDENCIAL EULER BENTES/ SENTIDO JARDIM SÃO PAULO,IPSEP,,,COLISÃO,COLISÃO SEM VÍTIMA,2,,,,,,,,,0,,,,,,,,,,,,,,,,,,
2018-02-07,16:56:00,SEM VÍTIMA,EQUIPE EM DESLOCAMENTO,TORRE,RUA LAURA CAMPELO,,,APÓS A IGREJA DA TORRE,RUA LAURA CAMPELO,,APÓS A IGREJA DA TORRE,TORRE,,,COLISÃO,COLISÃO SEM VITIMA,2,,,,,,,,,0,,,,,,,,,,,,,,,,,,
2018-02-07,17:17:00,SEM VÍTIMA,CANCELADA,SANTO ANTÔNIO,RUA PEDRO AFONSO,,,CAMPO SANTO,RUA PEDRO AFONSO,,CAMPO SANTO,SANTO ANTÔNIO,,,COLISÃO,COLISÃO SEM VITIMA,2,,,,,,,,,0,,,,,,,,,,,,,,,,,,
2018-02-07,17:26:00,SEM VÍTIMA,FINALIZADA,CASA FORTE,RUA LEONARDO BEZERRA CAVALCANTE,698,,EM FRENTE AO WALMART,RUA LEONARDO BEZERRA CAVALCANTE,698,EM FRENTE AO WALMART,CASA FORTE,,,COLISÃO,COLISÃO SEM VITIMAS,2,,,,,,,,,0,,,,,,,,,,,,,,,,,,