data,hora,natureza_acidente,situacao,bairro,endereco,numero,detalhe_endereco_acidente,complemento,endereco_cruzamento,numero_cruzamento,referencia_cruzamento,bairro_cruzamento,num_semaforo,sentido_via,tipo,descricao,auto,moto,ciclom,ciclista,pedestre,onibus,caminhao,viatura,outros,vitimas,vitimasfatais,acidente_verificado,tempo_clima,situacao_semaforo,sinalizacao,condicao_via,conservacao_via,ponto_controle,situacao_placa,velocidade_max_via,mao_direcao,divisao_via1,divisao_via2,divisao_via3,,,,
2018-02-07,17:37:00,SEM VÍTIMA,EQUIPE EM DESLOCAMENTO,SANTO AMARO,RUA TREZE DE MAIO,,,EM FRENTE AO SESC,RUA TREZE DE MAIO,,EM FRENTE AO SESC,SANTO AMARO,,,COLISÃO,COLISÃO SEM VITIMAS,3,,,,,,,,,0,,,,,,,,,,,,,,,,,,
2018-02-07,19:09:00,SEM VÍTIMA,FINALIZADA,BOA VIAGEM,RUA TENENTE DOMINGOS DE BRITO,1002,,ENF A FARMACIA DROGASIL,RUA TENENTE DOMINGOS DE BRITO,1002,ENF A FARMACIA DROGASIL,BOA VIAGEM,,,COLISÃO,AUTO E ONIBUS,1,,,,,1,,,,0,,,,,,,,,,,,,,,,,,
2018-02-07,19:14:00,SEM VÍTIMA,CANCELADA,GRAÇAS,RUA DAS CREOULAS,,,EM FRENTE AO RESTAURANTE MACUNAIMA,RUA DAS CREOULAS,,EM FRENTE AO RESTAURANTE MACUNAIMA,GRAÇAS,,,COLISÃO,COLISÃO SEM VITIMAS,,,,,,,,,,0,,,,,,,,,,,,,,,,,,
2018-02-07,19:19:00,SEM VÍTIMA,FINALIZADA,ESPINHEIRO,RUA QUARENTA E OITO,,RUA DO ESPINHEIRO,NO SEMAFORO 166, CRUZAMENTO COM A RUA DO ESPINHEIRO,RUA QUARENTA E OITO,,NO SEMAFORO 166, CRUZAMENTO COM A RUA DO ESPINHEIRO,ESPINHEIRO,,,COLISÃO,AUTO E MOTO,1,1,,,,,,,,0,,,,,,,,,,,,,,,,
2018-03-05,06:25:00,SEM VÍTIMA,CANCELADA,,,,,,,,,,,,COLISÃO,,,,,,,,,,,0,,,,,,,,,,,,,,,,,,
2018-02-07,19:28:00,SEM VÍTIMA,FINALIZADA,BAIRRO DO RECIFE,AV ALFREDO LISBOA,,,ENF A RECEITA FEDERAL,AV ALFREDO LISBOA,,ENF A RECEITA FEDERAL,BAIRRO DO RECIFE,,,ENGAVETAMENTO,TRES AUTOS,3,,,,,,,,,0,,,,,,,,,,,,,,,,,,
2018-02-07,19:51:00,SEM VÍTIMA,FINALIZADA,SANTO AMARO,RUA ALVARES DE AZEVEDO,,,PROX. AO PROCAPE, NO SEMAFORO 093,RUA ALVARES DE AZEVEDO,,PROX. AO PROCAPE, NO SEMAFORO 093,SANTO AMARO,,,COLISÃO,ONIBUS E AUTO,1,,,,,1,,,,0,,,,,,,,,,,,,,,,
2018-02-07,20:10:00,SEM VÍTIMA,FINALIZADA,AFOGADOS,EST DOS REMEDIOS,1918,RUA MARIA VIEIRA,COM A RUA MARIA VIEIRA, EM FRENTE Á UMA GALERIA,EST DOS REMEDIOS,1918,COM A RUA MARIA VIEIRA, EM FRENTE Á UMA GALERIA,AFOGADOS,,,COLISÃO,TAXI E AUTO,2,,,,,,,,,0,,,,,,,,,,,,,,,,
2018-02-07,20:42:00,SEM VÍTIMA,FINALIZADA,BOA VISTA,AV LINS PETIT,35,,ENF AO HOSPITAL UNIMAD E PRC CHORA MININO,AV LINS PETIT,35,ENF AO HOSPITAL UNIMAD E PRC CHORA MININO,BOA VISTA,,,COLISÃO,DOIS AUTO,2,,,,,,,,,0,,,,,,,,,,,,,,,,,,
2018-02-07,20:45:00,SEM VÍTIMA,FINALIZADA,BOA VIAGEM,AV FERNANDO SIMOES BARBOSA,,RUA FAUSTO PINHO,COM A FAUSTO PINHO ALVES, NA ENTRADA DO SHOPPING RECIFE,AV FERNANDO SIMOES BARBOSA,,COM A FAUSTO PINHO ALVES, NA ENTRADA DO SHOPPING RECIFE,BOA VIAGEM,,,COLISÃO,ONIBUS E AUTO,1,,,,,1,,,,0,,,,,,,,,,,,,,,,
2018-02-07,21:21:00,SEM VÍTIMA,FINALIZADA,AFOGADOS,RUA SAO MIGUEL,268,,ENF AO DEPATRI,RUA SAO MIGUEL,268,ENF AO DEPATRI,AFOGADOS,,,COLISÃO,DOIS AUTO,2,,,,,,,,,0,,,,,,,,,,,,,,,,,,
2018-02-07,22:12:00,SEM VÍTIMA,FINALIZADA,JORDÃO,RUA DR ALVARO FERRAZ,788,,EM FRENTE DO TERMINAL DE JORDÃO BAIXO, E FARMACIA DO TRABALHADOR,RUA DR ALVARO FERRAZ,788,EM FRENTE DO TERMINAL DE JORDÃO BAIXO, E FARMACIA DO TRABALHADOR,JORDÃO,,,COLISÃO,AUTO E MOTO,1,1,,,,,,,,0,,,,,,,,,,,,,,,,
2018-02-08,03:59:00,SEM VÍTIMA,FINALIZADA,IMBIRIBEIRA,AV MARECHAL MASCARENHAS DE MORAES,,RUA JOAO FONTES,COM RUA JOAO FONTES, NO SEMAFORO 471,AV MARECHAL MASCARENHAS DE MORAES,,COM RUA JOAO FONTES, NO SEMAFORO 471,IMBIRIBEIRA,,,COLISÃO,AUTO E ONIBUS,1,,,,,1,,,,0,,,,,,,,,,,,,,,,
2018-02-08,06:00:00,SEM VÍTIMA,CANCELADA,TAMARINEIRA,AV CONS ROSA E SILVA,,RUA PADRE ROMA,CRUZ COM A PADRE ROMA EM FRENTE A LOJA CASA JOSE ARAUJO,AV CONS ROSA E SILVA,,CRUZ COM A PADRE ROMA EM FRENTE A LOJA CASA JOSE ARAUJO,TAMARINEIRA,,,COLISÃO,COLISÃO SEM VITIMAS OBS SOLICITA ETILOMETRO UM DOS CONDUTORES ENCONTRA SE COM SINTOMAS DE EMBRIAGUEZ,,2,,,,,,,,0,,,,,,,,,,,,,,,,,,
2018-02-08,07:12:00,COM VÍTIMA,FINALIZADA,JORDÃO,AV MARIA IRENE,,,PRÓXIMO A PRAÇA DO JORDÃO BAIXO - SEMÁFORO 581,AV MARIA IRENE,,PRÓXIMO A PRAÇA DO JORDÃO BAIXO - SEMÁFORO 581,JORDÃO,,,COLISÃO,COM VÍTIMA,,1,,,,1,,,,1,,,,,,,,,,,,,,,,,,
2018-02-08,07:41:00,SEM VÍTIMA,FINALIZADA,BOA VISTA,RUA PRINCESA IZABEL,,,EM FRENTE A FACULDADE DE DIREITO,RUA PRINCESA IZABEL,,EM FRENTE A FACULDADE DE DIREITO,BOA VISTA,,,COLISÃO,COLISÃO SEM VITIMA,,,,,,,,,,0,,,,,,,,,,,,,,,,,,
2018-02-08,09:07:00,SEM VÍTIMA,FINALIZADA,AFOGADOS,RUA COSME VIANA,,,EM FRENTE A TUPAN,RUA COSME VIANA,,EM FRENTE A TUPAN,AFOGADOS,,,COLISÃO,COLISÃO SEM VÍTIMA,1,,,,,1,,,,0,,,,,,,,,,,,,,,,,,
2018-02-08,09:25:00,SEM VÍTIMA,CANCELADA,LINHA DO TIRO,RUA URIEL DE HOLANDA,715,,MB MOTOS,RUA URIEL DE HOLANDA,715,MB MOTOS,LINHA DO TIRO,,,COLISÃO,SEM VÍTIMAS,2,,,,,,,,,0,,,,,,,,,,,,,,,,,,
2018-02-08,09:35:00,SEM VÍTIMA,FINALIZADA,ESPINHEIRO,RUA DO ESPINHEIRO,222,,,RUA DO ESPINHEIRO,222,,ESPINHEIRO,,,COLISÃO,SEM VÍTIMAS,2,,,,,,,,,0,,,,,,,,,,,,,,,,,,
2018-02-08,10:01:00,SEM VÍTIMA,FINALIZADA,BOA VIAGEM,RUA VISCONDE DE JEQUITINHONHA,,RUA CAPITAO ZUZINHA,SEMAFORO 433 APÓS O CRUZAMENTO COM RUA CAPITÃO ZUZINHA,RUA VISCONDE DE JEQUITINHONHA,,SEMAFORO 433 APÓS O CRUZAMENTO COM RUA CAPITÃO ZUZINHA,BOA VIAGEM,,,COLISÃO,SEM VÍTIMAS,2,,,,,,,,,0,,,,,,,,,,,,,,,,,,
2018-02-08,10:26:00,SEM VÍTIMA,FINALIZADA,TORREÃO,AV GOVERNADOR AGAMENON MAGALHAES,,AV JOAO DE BARROS,APÓS O MINISTÉRIO DO TRABALHO, ESQUINA COM A AVENIDA JOÃO DE BARROS, PRÓXIMO A JEEP.,AV GOVERNADOR AGAMENON MAGALHAES,,APÓS O MINISTÉRIO DO TRABALHO, ESQUINA COM A AVENIDA JOÃO DE BARROS, PRÓXIMO A JEEP.,TORREÃO,,,COLISÃO,COLISÃO SEM VÍTIMAS, ENVOLVENDO 2 AUTOS.,2,,,,,,,,,0,,,,,,,,,,,,,
2018-02-08,10:42:00,SEM VÍTIMA,FINALIZADA,CASA FORTE,AV DEZESSETE DE AGOSTO,375,,APOS O SHOPPING, SENTIDO CENTRO,AV DEZESSETE DE AGOSTO,375,APOS O SHOPPING, SENTIDO CENTRO,CASA FORTE,,,COLISÃO,COLISÃO SEM VITIMA,1,,,,,,1,,,0,,,,,,,,,,,,,,,,
2018-02-08,10:55:00,SEM VÍTIMA,FINALIZADA,DOIS IRMÃOS,RUA RIBEIRO PESSOA,,,EM FRENTE A FABRICA DE MILHO PINTO FORMOSO,RUA RIBEIRO PESSOA,,EM FRENTE A FABRICA DE MILHO PINTO FORMOSO,DOIS IRMÃOS,,,COLISÃO,DOIS AUTOS S/V,2,,,,,,,,,0,,,,,,,,,,,,,,,,,,
2018-02-08,11:38:00,SEM VÍTIMA,FINALIZADA,BOA VIAGEM,RUA DOM JOSE LOPES,871,,EM FRENTE AO RESTAURANTE GUAIAMUM,RUA DOM JOSE LOPES,871,EM FRENTE AO RESTAURANTE GUAIAMUM,BOA VIAGEM,,,COLISÃO,AUTO E CAMINHAO,1,,,,,,1,,,0,,,,,,,,,,,,,,,,,,
2018-02-08,12:03:00,SEM VÍTIMA,FINALIZADA,ILHA DO RETIRO,AV ENGENHEIRO ABDIAS DE CARVALHO,,,EM FRENTE AO SPORT CLUB,AV ENGENHEIRO ABDIAS DE CARVALHO,,EM FRENTE AO SPORT CLUB,ILHA DO RETIRO,,,COLISÃO,COM VÍTIMA,1,1,,,,,,,,0,,,,,,,,,,,,,,,,,,
2018-02-08,12:03:00,SEM VÍTIMA,FINALIZADA,IMBIRIBEIRA,AV MARECHAL MASCARENHAS DE MORAES,666,,EM FRENTE A LOJA IRMÃOS CARVALHO/ SENTIDO BOA VIAGEM,AV MARECHAL MASCARENHAS DE MORAES,666,EM FRENTE A LOJA IRMÃOS CARVALHO/ SENTIDO BOA VIAGEM,IMBIRIBEIRA,,,COLISÃO,COLISÃO SEM VÍTIMA,1,,,,,1,,,,0,,,,,,,,,,,,,,,,,,
2018-02-08,13:00:00,SEM VÍTIMA,FINALIZADA,CORDEIRO,AV GENERAL SAN MARTIN,,,PRÓXIMO AO COMPAZ,AV GENERAL SAN MARTIN,,PRÓXIMO AO COMPAZ,CORDEIRO,,,COLISÃO,SEM VITIMA,1,1,,,,,,,,0,,,,,,,,,,,,,,,,,,
2018-02-08,13:39:00,SEM VÍTIMA,FINALIZADA,IPSEP,AV RECIFE,114,,APOS O RESTAURANTE SAL E BRASA NO SEMAFORO 319 S/T SUB,AV RECIFE,114,APOS O RESTAURANTE SAL E BRASA NO SEMAFORO 319 S/T SUB,IPSEP,,,COLISÃO,COLISAO DE DOIS AUTOS S/V,2,,,,,,,,,0,,,,,,,,,,,,,,,,,,
2018-02-08,13:46:00,COM VÍTIMA,FINALIZADA,SANTO AMARO,AV MILITAR,,,NA DESCIDA DA PONTE DO LIMOEIRO,AV MILITAR,,NA DESCIDA DA PONTE DO LIMOEIRO,SANTO AMARO,,,COLISÃO,COLISÃO COM VÍTIMA, ENVOLVENDO UMA MOTO E UM AUTO.,1,1,,,,,,,,1,,,,,,,,,,,,,,,,,
2018-02-08,13:54:00,SEM VÍTIMA,FINALIZADA,SANTO AMARO,AV CRUZ CABUGA,,,EM FRENTE A IGREJA UNIVERSAL,AV CRUZ CABUGA,,EM FRENTE A IGREJA UNIVERSAL,SANTO AMARO,,,COLISÃO,COLISÃO SEM VÍTIMA,1,1,,,,,,,,0,,,,,,,,,,,,,,,,,,
2018-02-08,14:02:00,SEM VÍTIMA,FINALIZADA,JARDIM SÃO PAULO,RUA NOSSA SENHORA DE FATIMA,,,PRÓXIMO AO RESTAURANTE MARIA MARIA,RUA NOSSA SENHORA DE FATIMA,,PRÓXIMO AO RESTAURANTE MARIA MARIA,JARDIM SÃO PAULO,,,COLISÃO,COLISÃO SEM VÍTIMA,2,,,,,,,,,0,,,,,,,,,,,,,,,,,,
2018-02-08,14:04:00,SEM VÍTIMA,FINALIZADA,IMBIRIBEIRA,AV MARECHAL MASCARENHAS DE MORAES,,,ANTES DO VIA DUTO TANCREDO NEVES, E APOS A JUSTIÇA DO TRABALHO, SENTIDO AFOGADOS,AV MARECHAL MASCARENHAS DE MORAES,,ANTES DO VIA DUTO TANCREDO NEVES, E APOS A JUSTIÇA DO TRABALHO, SENTIDO AFOGADOS,IMBIRIBEIRA,,,COLISÃO,CAMINHAO E AUTO,1,,,,,,1,,,0,,,,,,,,,,,,,,
2018-02-08,14:15:00,SEM VÍTIMA,FINALIZADA,VÁRZEA,RUA ACADEMICO HELIO RAMOS,,RUA INACIO DE BARROS BARRETO,ESQUINA COM A RUA INÁCIO DE BARROS BARRETO.,RUA ACADEMICO HELIO RAMOS,,ESQUINA COM A RUA INÁCIO DE BARROS BARRETO.,VÁRZEA,,,COLISÃO,AUTO E ÔNIBUS, SEM VÍTIMAS.,1,,,,,1,,,,0,,,,,,,,,,,,,,,,,
2018-02-08,14:28:00,SEM VÍTIMA,FINALIZADA,APIPUCOS,RUA DE APIPUCOS,,,PROXIMO AO AÇUDE DE APIPUCOS SENTIDO 2 IRMAOS,RUA DE APIPUCOS,,PROXIMO AO AÇUDE DE APIPUCOS SENTIDO 2 IRMAOS,APIPUCOS,,,COLISÃO,COLISÃO ENVOLVENDO 02 AUTOS,2,,,,,,,,,0,,,,,,,,,,,,,,,,,,
2018-02-08,14:32:00,COM VÍTIMA,FINALIZADA,AFOGADOS,RUA COSME VIANA,,PADRE TEOFILO TWORZ,COM PADRE TEÓFILO TWORZ,RUA COSME VIANA,,COM PADRE TEÓFILO TWORZ,AFOGADOS,,,COLISÃO,COLISÃO COM VÍTIMA, ENVOLVENDO UMA MOTO E UM AUTO.,1,1,,,,,,,,1,,,,,,,,,,,,,,,,,
2018-02-08,15:46:00,SEM VÍTIMA,FINALIZADA,CASA FORTE,RUA MARQUES DE TAMANDARE,,,AO LADO DO BARCHEF,RUA MARQUES DE TAMANDARE,,AO LADO DO BARCHEF,CASA FORTE,,,COLISÃO,COLISÃO SEM VÍTIMA,2,,,,,,,,,0,,,,,,,,,,,,,,,,,,
2018-02-08,15:56:00,SEM VÍTIMA,FINALIZADA,AREIAS,AV CAPITAO GREGORIO DE CALDAS,,,NA ESQUINA DO HIPER BOMPREÇO,AV CAPITAO GREGORIO DE CALDAS,,NA ESQUINA DO HIPER BOMPREÇO,AREIAS,,,COLISÃO,AUTO E ONIBUS ,1,,,,,1,,,,0,,,,,,,,,,,,,,,,,,
2018-02-08,15:59:00,SEM VÍTIMA,FINALIZADA,ESPINHEIRO,RUA CONS PORTELA,161,,EM FRENTE A ADVOCACIA R,RUA CONS PORTELA,161,EM FRENTE A ADVOCACIA R,ESPINHEIRO,,,COLISÃO,COLISÃO SEM VÍTIMA,1,1,,,,,,,,0,,,,,,,,,,,,,,,,,,
2018-02-08,17:12:00,SEM VÍTIMA,FINALIZADA,IPSEP,AV RECIFE,2960,,EM FRENTE A MUNDO DA IMPERMEABILIZAÇÃO/ SENTIDO BR,AV RECIFE,2960,EM FRENTE A MUNDO DA IMPERMEABILIZAÇÃO/ SENTIDO BR,IPSEP,,,COLISÃO,COLISÃO SEM VÍTIMA,2,,,,,,1,,,0,,,,,,,,,,,,,,,,,,
2018-02-08,17:34:00,SEM VÍTIMA,FINALIZADA,ESPINHEIRO,RUA DA HORA,936,,EM FRENTE AO LABORATORIO DO HOSPITAL DOS SERVIDORES,RUA DA HORA,936,EM FRENTE AO LABORATORIO DO HOSPITAL DOS SERVIDORES,ESPINHEIRO,,,COLISÃO,COLISÃO SEM VÍTIMA,1,,,,,,,,1,0,,,,,,,,,,,,,,,,,,
2018-02-08,17:36:00,SEM VÍTIMA,FINALIZADA,JORDÃO,AV MARIA IRENE,1225,,PROX. AO BOCAO CHINES,AV MARIA IRENE,1225,PROX. AO BOCAO CHINES,JORDÃO,,,COLISÃO,DOIS AUTOS S/V,2,,,,,,,,,0,,,,,,,,,,,,,,,,,,
2018-02-08,17:41:00,SEM VÍTIMA,FINALIZADA,BONGI,EST DOS REMEDIOS,1988,AV ENG ABDIAS DE CARVALHO,COM AV ABDIAS DE CARVALHO E/F DA HC PNEUS PROX DO SPORT NO SEMAFORO 052,EST DOS REMEDIOS,1988,COM AV ABDIAS DE CARVALHO E/F DA HC PNEUS PROX DO SPORT NO SEMAFORO 052,BONGI,,,COLISÃO,COLISAO DE AUTO E CAMINHAO,1,,,,,,1,,,0,,,,,,,,,,,,,,,,,,
2018-02-08,18:08:00,SEM VÍTIMA,CANCELADA,SANTO ANTÔNIO,RUA PRIMEIRO DE MARCO,,AV MARTINS DE BARROS,CRUZAMENTO COM AV MARTINS DE BARRO PROX A PONTO MAURICIO DE NASSAU,RUA PRIMEIRO DE MARCO,,CRUZAMENTO COM AV MARTINS DE BARRO PROX A PONTO MAURICIO DE NASSAU,SANTO ANTÔNIO,,,COLISÃO,CAMINHAO REBOQUE X UNO DA SECRETARIA DA RESOCIALIZAÇAO,1,,,,,,1,,,0,,,,,,,,,,,,,,,,,,
2018-02-08,19:02:00,SEM VÍTIMA,FINALIZADA,BONGI,RUA ISAAC MARKMAN,,,ENFR A CELPE DO BONGI ENTRADA PRINCIPAL,RUA ISAAC MARKMAN,,ENFR A CELPE DO BONGI ENTRADA PRINCIPAL,BONGI,,,COLISÃO,DOIS AUTO,2,,,,,,,,,0,,,,,,,,,,,,,,,,,,
2018-02-08,19:05:00,SEM VÍTIMA,CANCELADA,PINA,AV CONSELHEIRO AGUIAR,,RUA TOMÉ GIBSON,SEMÁFORO 002 / CRUZ COM A R TOMÉ GIBSON,AV CONSELHEIRO AGUIAR,,SEMÁFORO 002 / CRUZ COM A R TOMÉ GIBSON,PINA,,,COLISÃO,ENTRE AUTO E ÔNIBUS. S/V,1,,,,,1,,,,0,,,,,,,,,,,,,,,,,,
2018-02-08,19:26:00,SEM VÍTIMA,FINALIZADA,CAXANGÁ,AV CAXANGA,400,,E/F AO SORRISO CIA E PROX AO BANCO SANTANDER E ITAU . SNT CIDADE/SUB / NA VIA DA ESQUERDA,AV CAXANGA,400,E/F AO SORRISO CIA E PROX AO BANCO SANTANDER E ITAU . SNT CIDADE/SUB / NA VIA DA ESQUERDA,CAXANGÁ,,,ENGAVETAMENTO,ENTRE 4 AUTOS,4,,,,,,,,,0,,,,,,,,,,,,,,,,,,
2018-02-08,20:08:00,SEM VÍTIMA,CANCELADA,ILHA DO RETIRO,AV BEIRA RIO,,,POR BAIXO DO TUNEL CHICO SCIENCE,AV BEIRA RIO,,POR BAIXO DO TUNEL CHICO SCIENCE,ILHA DO RETIRO,,,COLISÃO,CAMINHAO X PRISMA,1,,,,,,1,,,0,,,,,,,,,,,,,,,,,,
2018-02-08,20:18:00,COM VÍTIMA,FINALIZADA,CASA AMARELA,AV NORTE,,,ENF AO REI DA PICANHA,AV NORTE,,ENF AO REI DA PICANHA,CASA AMARELA,,,COLISÃO,MOTO E ONIBUS ,,,1,,,1,,,,1,,,,,,,,,,,,,,,,,,
2018-02-08,20:36:00,SEM VÍTIMA,FINALIZADA,IMBIRIBEIRA,RUA JOSE DA SILVA LUCENA,273,,PROX A FACULDADE FGV / E/F A LA MONEX NA RUA DO COLEGIO GGE,RUA JOSE DA SILVA LUCENA,273,PROX A FACULDADE FGV / E/F A LA MONEX NA RUA DO COLEGIO GGE,IMBIRIBEIRA,,,COLISÃO,ENTRE 2 AUTOS. S/V,2,,,,,,,,,0,,,,,,,,,,,,,,,,,,
2018-02-08,20:44:00,SEM VÍTIMA,FINALIZADA,BOA VIAGEM,AV BOA VIAGEM,,,SEMÁFORO 120,AV BOA VIAGEM,,SEMÁFORO 120,BOA VIAGEM,,,ENGAVETAMENTO,ENTRE 3 AUTOS S/V,3,,,,,,,,,0,,,,,,,,,,,,,,,,,,
2018-02-08,21:40:00,SEM VÍTIMA,CANCELADA,BOA VIAGEM,AV FERNANDO SIMOES BARBOSA,S/N,,ENF AO ANTIGO BOM PREÇO,AV FERNANDO SIMOES BARBOSA,S/N,ENF AO ANTIGO BOM PREÇO,BOA VIAGEM,,,ACID. DE PERCURSO,VEICULO PEGOU FOGO,1,,,,,,,,,0,,,,,,,,,,,,,,,,,,
2018-02-08,22:22:00,SEM VÍTIMA,CANCELADA,ARRUDA,AV BEBERIBE,,,NO POSTO BUDEGA ENF A CENTRAL DE ATENDIMENTO AO CIDADAO E PIZZARIA DO CHICAO,AV BEBERIBE,,NO POSTO BUDEGA ENF A CENTRAL DE ATENDIMENTO AO CIDADAO E PIZZARIA DO CHICAO,ARRUDA,,,COLISÃO,DOIS AUTO,2,,,,,,,,,0,,,,,,,,,,,,,,,,,,
2018-02-08,23:01:00,SEM VÍTIMA,FINALIZADA,BOA VISTA,AV CONDE DA BOA VISTA,,,PROX AO SHOPPING ENF AO MUSTANGUE,AV CONDE DA BOA VISTA,,PROX AO SHOPPING ENF AO MUSTANGUE,BOA VISTA,,,COLISÃO,DOIS AUTO,2,,,,,,,,,0,,,,,,,,,,,,,,,,,,
2018-02-08,23:10:00,SEM VÍTIMA,FINALIZADA,CABANGA,AV SUL,,RUA NOVA DA CABANGA,CRUZAMENTO COM A R NOVA DA CABANGA / SEMÁFORO 260,AV SUL,,CRUZAMENTO COM A R NOVA DA CABANGA / SEMÁFORO 260,CABANGA,,,COLISÃO,ENTRE AUTO E ÔNIBUS. S/V,1,,,,,1,,,,0,,,,,,,,,,,,,,,,,,
2018-02-09,00:25:00,SEM VÍTIMA,FINALIZADA,BOA VIAGEM,AV CONSELHEIRO AGUIAR,,RUA ARTHUR MUNIZ,CRUZAMENTO COM A RUA ARTUR MUNIZ // AO LADO MC DONALD'S,AV CONSELHEIRO AGUIAR,,CRUZAMENTO COM A RUA ARTUR MUNIZ // AO LADO MC DONALD'S,BOA VIAGEM,,,COLISÃO,COLISÃO ENTRE DOIS AUTOS SEM VÍTIMAS,2,,,,,,,,,0,,,,,,,,,,,,,,,,,,
2018-02-09,02:54:00,COM VÍTIMA,FINALIZADA,ÁGUA FRIA,AV BEBERIBE,,,PRÓX AO MERCADO DE ÁGUA FRIA// EM FRENTE A LOJA MILENA MÓVEIS,AV BEBERIBE,,PRÓX AO MERCADO DE ÁGUA FRIA// EM FRENTE A LOJA MILENA MÓVEIS,ÁGUA FRIA,,,CHOQUE,VEÍCULO CHOCOU-SE CONTRA UMA ESTRUTURA DE EVENTO MONTADA AO LONGO DA VIA,1,,,,,,,,,2,,,,,,,,,,,,,,,,,,
2018-02-09,06:06:00,COM VÍTIMA,FINALIZADA,CAXANGÁ,AV PROFESSOR ESTEVAO FRANCISCO DA COSTA,,RUA ODETE MONTEIRO,NO SEMAFORO 589 ESQUINA DO POSTO PETROCAL S/T CID,AV PROFESSOR ESTEVAO FRANCISCO DA COSTA,,NO SEMAFORO 589 ESQUINA DO POSTO PETROCAL S/T CID,CAXANGÁ,,,COLISÃO,COLISAO AUTO E MOTO COM UMA VITIMA,1,1,,,,,,,,1,,,,,,,,,,,,,,,,,,
2018-02-09,07:01:00,SEM VÍTIMA,FINALIZADA,COELHOS,RUA DOS COELHOS,,,AO LADO DA SAUDE DA FAMILIA, SENTIDO IMIP,RUA DOS COELHOS,,AO LADO DA SAUDE DA FAMILIA, SENTIDO IMIP,COELHOS,,,COLISÃO,COLISÃO SEM VÍTIMA,3,,,,,,,,,0,,,,,,,,,,,,,,,,
2018-02-09,07:06:00,SEM VÍTIMA,FINALIZADA,BOA VIAGEM,AV CONSELHEIRO AGUIAR,,,ENTRE AO TEATRO BARRETO JUNIOR E A PADARIA DIPLOMATA,AV CONSELHEIRO AGUIAR,,ENTRE AO TEATRO BARRETO JUNIOR E A PADARIA DIPLOMATA,BOA VIAGEM,,,COLISÃO,COLISAO DE ONIBUS E AUTO S/V,1,,,,,1,,,,0,,,,,,,,,,,,,,,,,,
2018-02-09,07:42:00,SEM VÍTIMA,FINALIZADA,SANTO ANTÔNIO,RUA DO SOL,,,AO LADO DOS CORREIOS,RUA DO SOL,,AO LADO DOS CORREIOS,SANTO ANTÔNIO,,,COLISÃO,SEM VÍTIMAS,2,,,,,,,,,0,,,,,,,,,,,,,,,,,,
2018-02-09,07:54:00,SEM VÍTIMA,FINALIZADA,IMBIRIBEIRA,RUA ITACARI,162,,EM FRENTE A LOJA DRYFLOR PISOS E FORROS,RUA ITACARI,162,EM FRENTE A LOJA DRYFLOR PISOS E FORROS,IMBIRIBEIRA,,,COLISÃO,COLISÃO SEM VITIMAS,2,,,,,,,,,0,,,,,,,,,,,,,,,,,,
2018-02-09,08:01:00,SEM VÍTIMA,FINALIZADA,ARRUDA,RUA DO TRIUNFO,,RUA DO MACHADO,CRUZ A RUA DO MACHADO POR TRAS DO ARRUDA EM FRENTE AO MERCADINHO DO ARRUDA,RUA DO TRIUNFO,,CRUZ A RUA DO MACHADO POR TRAS DO ARRUDA EM FRENTE AO MERCADINHO DO ARRUDA,ARRUDA,,,COLISÃO,COLISÃO SEM VITIMAS,2,,,,,,,,,0,,,,,,,,,,,,,,,,,,
2018-02-09,08:18:00,SEM VÍTIMA,FINALIZADA,AFOGADOS,EST DOS REMEDIOS,,,SENTIDO LARGO DA PAZ EM BAIXO DO PONTILHÃO DO METRO,EST DOS REMEDIOS,,SENTIDO LARGO DA PAZ EM BAIXO DO PONTILHÃO DO METRO,AFOGADOS,,,COLISÃO,COLISÃO SEM VITIMAS,2,,,,,,,,,0,,,,,,,,,,,,,,,,,,
2018-02-09,09:14:00,SEM VÍTIMA,FINALIZADA,IMBIRIBEIRA,AV MARECHAL MASCARENHAS DE MORAES,,,SENTIDO CIDADE EM FRENTE AOS CORREIOS E A MADER CENTER,AV MARECHAL MASCARENHAS DE MORAES,,SENTIDO CIDADE EM FRENTE AOS CORREIOS E A MADER CENTER,IMBIRIBEIRA,,,COLISÃO,COLISÃO SEM VITIMAS,3,,,,,,,,,0,,,,,,,,,,,,,,,,,,
2018-02-09,09:27:00,SEM VÍTIMA,FINALIZADA,MADALENA,RUA BENFICA,,,E/F DO BRADESCO VT 17 NO LOCAL,RUA BENFICA,,E/F DO BRADESCO VT 17 NO LOCAL,MADALENA,,,COLISÃO,COLISAO DE ONIBUS E AUTO S/V,1,,,,,1,,,,0,,,,,,,,,,,,,,,,,,
2018-02-09,09:29:00,COM VÍTIMA,FINALIZADA,ALTO JOSÉ BONIFÁCIO,RUA CORREGO DO EUCLIDES,,,PROX AO GIRADOURO DA BOMBA,RUA CORREGO DO EUCLIDES,,PROX AO GIRADOURO DA BOMBA,ALTO JOSÉ BONIFÁCIO,,,COLISÃO,COLISÃO COM VITIMA A ESPERA DO SAMU GM QTH,1,1,,,,,,,,1,,,,,,,,,,,,,,,,,,
2018-02-09,09:29:00,SEM VÍTIMA,FINALIZADA,DERBY,AV GOVERNADOR AGAMENON MAGALHAES,,,JUNTO AO SEMAFORO 173, SENTIDO CIDADE,AV GOVERNADOR AGAMENON MAGALHAES,,JUNTO AO SEMAFORO 173, SENTIDO CIDADE,DERBY,,,COLISÃO,COLISÃO SEM VITIMAS,1,,,,,1,,,,0,,,,,,,,,,,,,,,,
2018-02-09,09:39:00,SEM VÍTIMA,FINALIZADA,SÃO JOSÉ,RUA IMPERADOR PEDRO SEGUNDO,,,EM FRENTE A PRAÇA 17,RUA IMPERADOR PEDRO SEGUNDO,,EM FRENTE A PRAÇA 17,SÃO JOSÉ,,,COLISÃO,COLISÃO SEM VITIMAS,1,,,,,1,,,,0,,,,,,,,,,,,,,,,,,