data,hora,natureza_acidente,situacao,bairro,endereco,numero,detalhe_endereco_acidente,complemento,endereco_cruzamento,numero_cruzamento,referencia_cruzamento,bairro_cruzamento,num_semaforo,sentido_via,tipo,descricao,auto,moto,ciclom,ciclista,pedestre,onibus,caminhao,viatura,outros,vitimas,vitimasfatais,acidente_verificado,tempo_clima,situacao_semaforo,sinalizacao,condicao_via,conservacao_via,ponto_controle,situacao_placa,velocidade_max_via,mao_direcao,divisao_via1,divisao_via2,divisao_via3,,,,
2018-02-09,09:52:00,SEM VÍTIMA,FINALIZADA,VÁRZEA,AV AFONSO OLINDENSE,,,E/F AO INSTITUTO PADRE VENANCIO,AV AFONSO OLINDENSE,,E/F AO INSTITUTO PADRE VENANCIO,VÁRZEA,,,COLISÃO,SEM VÍTIMAS,1,,,,,,1,,,0,,,,,,,,,,,,,,,,,,
2018-02-09,09:59:00,COM VÍTIMA,FINALIZADA,AREIAS,AV RECIFE,,,SENTIDO CAXANGÁ. SEMÁFORO 617 E/F AO HOSPITAL GERAL DE AREIAS,AV RECIFE,,SENTIDO CAXANGÁ. SEMÁFORO 617 E/F AO HOSPITAL GERAL DE AREIAS,AREIAS,,,COLISÃO,COM UMA VÍTIMA,1,1,,,,,,,,1,,,,,,,,,,,,,,,,,,
2018-02-09,10:11:00,SEM VÍTIMA,PENDENTE,DERBY,RUA BENFICA,,,NA FRENTE DO INTERNACIONAL, PROX. AO SEMAFORO 515,RUA BENFICA,,NA FRENTE DO INTERNACIONAL, PROX. AO SEMAFORO 515,DERBY,,,COLISÃO,COLISÃO SEM VITIMAS,2,,,,,,,,,0,,,,,,,,,,,,,,,,
2018-02-09,10:33:00,SEM VÍTIMA,FINALIZADA,IPSEP,AV SENADOR ROBERT KENNEDY,,,BEIRA CANAL DA VILA DA SUDENE NO TERMINAL DE ONIBUS,AV SENADOR ROBERT KENNEDY,,BEIRA CANAL DA VILA DA SUDENE NO TERMINAL DE ONIBUS,IPSEP,,,COLISÃO,COLISAO DE AUTO E MOTO S/V,1,1,,,,,,,,0,,,,,,,,,,,,,,,,,,
2018-02-09,11:20:00,SEM VÍTIMA,FINALIZADA,AFOGADOS,RUA COSME VIANA,761 A,,E/F A CASA DO BORRACHEIRO. PROX. A SERTTEL,RUA COSME VIANA,761 A,E/F A CASA DO BORRACHEIRO. PROX. A SERTTEL,AFOGADOS,,,COLISÃO,SEM VÍTIMAS,,1,,,,1,,,,0,,,,,,,,,,,,,,,,,,
2018-02-09,12:03:00,SEM VÍTIMA,FINALIZADA,AFOGADOS,RUA NICOLAU PEREIRA,,RUA DO ACRE,COM A RUA DO ACRE POR TRAS DO MERCADO DE PEIXE DE AFOGADOS,RUA NICOLAU PEREIRA,,COM A RUA DO ACRE POR TRAS DO MERCADO DE PEIXE DE AFOGADOS,AFOGADOS,,,COLISÃO,COLISAO DE DOIS AUTOS S/V,2,,,,,,,,,0,,,,,,,,,,,,,,,,,,
2018-02-09,12:17:00,SEM VÍTIMA,FINALIZADA,TEJIPIÓ,AV DR JOSE RUFINO,,,NA FRENTE DA ESTAÇÃO,AV DR JOSE RUFINO,,NA FRENTE DA ESTAÇÃO,TEJIPIÓ,,,COLISÃO,COLISÃO SEM VITIMAS,2,,,,,,,,1,0,,,,,,,,,,,,,,,,,,
2018-02-09,12:29:00,SEM VÍTIMA,FINALIZADA,PAISSANDU,RUA EPAMINONDAS DE MELO,,,APOS O CERPE, SENTIDO HOSP. PORTUGUES,RUA EPAMINONDAS DE MELO,,APOS O CERPE, SENTIDO HOSP. PORTUGUES,PAISSANDU,,,COLISÃO,COLISÃO SEM VITIMAS,2,,,,,,,,,0,,,,,,,,,,,,,,,,
2018-02-09,12:30:00,,CANCELADA,PAISSANDU,RUA EPAMINONDAS DE MELO,,,NA RUA DO SPETTUS PISTA LOCAL S/T COLEGIO GGE,RUA EPAMINONDAS DE MELO,,NA RUA DO SPETTUS PISTA LOCAL S/T COLEGIO GGE,PAISSANDU,,,COLISÃO,COLISAO DE DOIS AUTOS S/V,2,,,,,,,,,0,,,,,,,,,,,,,,,,,,
2018-02-09,12:40:00,SEM VÍTIMA,CANCELADA,GRAÇAS,AV GOVERNADOR AGAMENON MAGALHAES,,,E/F DA MC DONALD´S,AV GOVERNADOR AGAMENON MAGALHAES,,E/F DA MC DONALD´S,GRAÇAS,,,COLISÃO,COLISAO DE DOIS AUITOS S/V,2,,,,,,,,,0,,,,,,,,,,,,,,,,,,
2018-02-09,12:43:00,SEM VÍTIMA,FINALIZADA,ARRUDA,AV BEBERIBE,,,ANTES DO CAMPO DO ARRUDA E/F AO TROCÃO,AV BEBERIBE,,ANTES DO CAMPO DO ARRUDA E/F AO TROCÃO,ARRUDA,,,COLISÃO,COLISAO DE DOIS AUTOS S/V,2,,,,,,,,,0,,,,,,,,,,,,,,,,,,
2018-02-09,13:49:00,SEM VÍTIMA,FINALIZADA,BOA VISTA,RUA DOM BOSCO,,AV CONDE DA BOA VISTA,CRUZAMENTO COM COM CONDE DA BOA VISTA, SEMAFORO 021,RUA DOM BOSCO,,CRUZAMENTO COM COM CONDE DA BOA VISTA, SEMAFORO 021,BOA VISTA,,,COLISÃO,DOIS AUTOS,2,,,,,,,,,0,,,,,,,,,,,,,,,,
2018-02-09,14:00:00,SEM VÍTIMA,CANCELADA,VÁRZEA,RUA FRANCISCO TORRES,,,AO LADO DO CLUBE CAFUNDO, APOS A PONTE DA CAXANGA, SENTIDO CAMARAGIBE, PRIMEIRA A DIREITA,RUA FRANCISCO TORRES,,AO LADO DO CLUBE CAFUNDO, APOS A PONTE DA CAXANGA, SENTIDO CAMARAGIBE, PRIMEIRA A DIREITA,VÁRZEA,,,COLISÃO,DOIS AUTOS,2,,,,,,,,,0,,,,,,,,,,,,
2018-02-09,14:37:00,SEM VÍTIMA,CANCELADA,MADALENA,AV VISCONDE DE ALBUQUERQUE,123,,DE FRENTE A SPUNK,AV VISCONDE DE ALBUQUERQUE,123,DE FRENTE A SPUNK,MADALENA,,,COLISÃO,COLISÃO SEM VITIMA,1,1,,,,,,,,0,,,,,,,,,,,,,,,,,,
2018-02-09,14:40:00,SEM VÍTIMA,FINALIZADA,SÃO JOSÉ,C SANTA RITA,,,EM FRENTE AO 16 PBM,C SANTA RITA,,EM FRENTE AO 16 PBM,SÃO JOSÉ,,,CHOQUE,PRISMA DE CONCRETO,,,,,,,,,,0,,,,,,,,,,,,,,,,,,
2018-02-09,14:42:00,SEM VÍTIMA,FINALIZADA,IPSEP,RUA JEAN EMILE FAVRE,796,,EM FRENTE A PAGUE MENOS,RUA JEAN EMILE FAVRE,796,EM FRENTE A PAGUE MENOS,IPSEP,,,COLISÃO,DOIS AUTOS S/V,2,,,,,,,,,0,,,,,,,,,,,,,,,,,,
2018-02-09,14:47:00,SEM VÍTIMA,FINALIZADA,DERBY,PRC DO DERBY,,,E/F DA PARADA DO BRT NO SEMAFORO 075 S/T RECIFE,PRC DO DERBY,,E/F DA PARADA DO BRT NO SEMAFORO 075 S/T RECIFE,DERBY,,,COLISÃO,COLISAO DE DOIS AUTOS S/V,2,,,,,,,,,0,,,,,,,,,,,,,,,,,,
2018-02-09,15:15:00,SEM VÍTIMA,CANCELADA,BOA VIAGEM,RUA PADRE BERNADINO PESSOA,,,NAVEGANTES,RUA PADRE BERNADINO PESSOA,,NAVEGANTES,BOA VIAGEM,,,COLISÃO,COLISÃO SEM VITIMA,2,,,,,,,,,0,,,,,,,,,,,,,,,,,,
2018-02-09,15:33:00,SEM VÍTIMA,FINALIZADA,IPSEP,RUA PAMPULHA,,,JUNTO AO SEMAFORO 564, SENTIDO BOA VIAGEM,RUA PAMPULHA,,JUNTO AO SEMAFORO 564, SENTIDO BOA VIAGEM,IPSEP,,,COLISÃO,COLISÃO SEM VITIMA,2,,,,,,,,,0,,,,,,,,,,,,,,,,
2018-02-09,15:36:00,SEM VÍTIMA,CANCELADA,MADALENA,AV VISCONDE DE ALBUQUERQUE,,,EM FRENTE AO POSTO SHELL, SENTIDO MADALENA,AV VISCONDE DE ALBUQUERQUE,,EM FRENTE AO POSTO SHELL, SENTIDO MADALENA,MADALENA,,,COLISÃO,AUTO E CAMINHAO,1,,,,,,1,,,0,,,,,,,,,,,,,,,,
2018-02-09,15:40:00,SEM VÍTIMA,FINALIZADA,CASA AMARELA,RUA CORREGO JOSE GRANDE,609,,NO GIRADOURO, NA ESQUINA DA PADANIFICADORA SENHOR DO BONFIM,RUA CORREGO JOSE GRANDE,609,NO GIRADOURO, NA ESQUINA DA PADANIFICADORA SENHOR DO BONFIM,CASA AMARELA,,,COLISÃO,COLISÃO SEM VITIMA,2,,,,,,,,,0,,,,,,,,,,,,,,,,
2018-02-09,15:46:00,SEM VÍTIMA,FINALIZADA,TORRE,RUA PADRE ANCHIETA,473,,PROX. A CASA DE FESTA DI BRANCO,RUA PADRE ANCHIETA,473,PROX. A CASA DE FESTA DI BRANCO,TORRE,,,ENGAVETAMENTO,ENVOLVENDO 5 AUTOS PASSEIO,5,,,,,,,,,0,,,,,,,,,,,,,,,,,,
2018-02-09,15:47:00,SEM VÍTIMA,FINALIZADA,AFLITOS,AV CONS ROSA E SILVA,,,DENTRO DO ESTACIONAMENTO DO PÃO DE AÇÚCAR,AV CONS ROSA E SILVA,,DENTRO DO ESTACIONAMENTO DO PÃO DE AÇÚCAR,AFLITOS,,,COLISÃO,COLISÃO SEM VITIMA,2,,,,,,,,,0,,,,,,,,,,,,,,,,,,
2018-02-09,16:11:00,SEM VÍTIMA,FINALIZADA,BOA VISTA,RUA DA AURORA,127,,,RUA DA AURORA,127,,BOA VISTA,,,COLISÃO,COLISÃO SEM VITIMA - SITUAÇÃO REPASSADA PELO SI DÁRIO,1,,,,,,1,,,0,,,,,,,,,,,,,,,,,,
2018-02-09,16:30:00,SEM VÍTIMA,FINALIZADA,IPUTINGA,RUA GASPAR PEREZ,365,,ANTES DA ANTIGA SEDE DO BOMPREÇO,RUA GASPAR PEREZ,365,ANTES DA ANTIGA SEDE DO BOMPREÇO,IPUTINGA,,,COLISÃO,COLISAO DE AUTO E MOTO S/V,1,1,,,,,,,,0,,,,,,,,,,,,,,,,,,
2018-02-09,16:32:00,SEM VÍTIMA,FINALIZADA,CAMPO GRANDE,RUA FRANKLIN TAVORA,,,PROX. A ESCOLA MARIO MELLO,RUA FRANKLIN TAVORA,,PROX. A ESCOLA MARIO MELLO,CAMPO GRANDE,,,COLISÃO,COLISÃO SEM VITIMA,1,,,,,,1,,,0,,,,,,,,,,,,,,,,,,
2018-02-09,16:47:00,COM VÍTIMA,FINALIZADA,SANTO AMARO,AV CRUZ CABUGA,,,EM FRENTE AO COLEGIO GINÁSIO PERNAMBUCANO,AV CRUZ CABUGA,,EM FRENTE AO COLEGIO GINÁSIO PERNAMBUCANO,SANTO AMARO,,,COLISÃO,COLISÃO COM VITIMA,1,1,,,,,,,,1,,,,,,,,,,,,,,,,,,
2018-02-09,17:14:00,SEM VÍTIMA,EQUIPE EM DESLOCAMENTO,IPSEP,AV RECIFE,,,ANTES DO MARTELINHO DE OURO, SENTIDO AEROPORTO,AV RECIFE,,ANTES DO MARTELINHO DE OURO, SENTIDO AEROPORTO,IPSEP,,,COLISÃO,COLISÃO SEM VITIMA,1,1,,,,,,,,0,,,,,,,,,,,,,,,,
2018-02-09,17:43:00,SEM VÍTIMA,FINALIZADA,IBURA,AV DOM HELDER CAMARA,351,,PROX. A ESCOLA APOLONO SALES,AV DOM HELDER CAMARA,351,PROX. A ESCOLA APOLONO SALES,IBURA,,,COLISÃO,COLISÃO SEM VITIMA,3,,,,,,,,,0,,,,,,,,,,,,,,,,,,
2018-02-09,18:18:00,,CANCELADA,IBURA,AV DOM HELDER CAMARA,,,PROX A BORRACHARIA RAY,AV DOM HELDER CAMARA,,PROX A BORRACHARIA RAY,IBURA,,,ENGAVETAMENTO,TRES AUTO OBS::: BATEDORES DA CTTU 19 X 21 NO LOCAL,3,,,,,,,,,0,,,,,,,,,,,,,,,,,,
2018-02-09,18:34:00,SEM VÍTIMA,FINALIZADA,ROSARINHO,AV NORTE,,,NA DECIDA DO VIADUTO DA AV NORTE PROX A PRC DA PICANHA SENTIDO CIDADE SUB,AV NORTE,,NA DECIDA DO VIADUTO DA AV NORTE PROX A PRC DA PICANHA SENTIDO CIDADE SUB,ROSARINHO,,,COLISÃO,ONIBUS X AUTO,1,,,,,1,,,,0,,,,,,,,,,,,,,,,,,
2018-02-09,18:47:00,COM VÍTIMA,FINALIZADA,PINA,AVENIDA CELSO FURTADO (VIA MANGUE),,,SNT RIO MAR / AO LADO DO ANTIGO AEROCLUBE DO PINA,AVENIDA CELSO FURTADO (VIA MANGUE),,SNT RIO MAR / AO LADO DO ANTIGO AEROCLUBE DO PINA,PINA,,,COLISÃO,ENTRE AUTO E MOTO. C/V,1,1,,,,,,,,1,,,,,,,,,,,,,,,,,,
2018-02-09,19:07:00,SEM VÍTIMA,CANCELADA,BOA VIAGEM,RUA PROF AURELIO DE CASTRO CAVALCANTI,211,,EM FRENTE AO DEPÓSITO DA SEAWAY - PRÓXIMO A PASSARELA,RUA PROF AURELIO DE CASTRO CAVALCANTI,211,EM FRENTE AO DEPÓSITO DA SEAWAY - PRÓXIMO A PASSARELA,BOA VIAGEM,,,COLISÃO,COLISÃO ENVOLVENDO 02 AUTOS SEM VÍTIMAS,2,,,,,,,,,0,,,,,,,,,,,,,,,,,,
2018-02-09,19:34:00,SEM VÍTIMA,FINALIZADA,IPSEP,RUA HELIO BRANDAO,,RUA PINTOR ANTONIO ALBUQUERQUE,CRUZAMENTO COM A RUA PINTO ANTONIO DE ALBUQUERQUE SEMAFORO 293,RUA HELIO BRANDAO,,CRUZAMENTO COM A RUA PINTO ANTONIO DE ALBUQUERQUE SEMAFORO 293,IPSEP,,,COLISÃO,DOIS AUTO,2,,,,,,,,,0,,,,,,,,,,,,,,,,,,
2018-02-09,20:57:00,SEM VÍTIMA,FINALIZADA,CAXANGÁ,AV GENERAL SAN MARTIN,49,,ESQUINA COM O TERMINAL DA CAXANGÁ,AV GENERAL SAN MARTIN,49,ESQUINA COM O TERMINAL DA CAXANGÁ,CAXANGÁ,,,COLISÃO,ENTRE 2 AUTOS. S/V,2,,,,,,,,,0,,,,,,,,,,,,,,,,,,
2018-02-09,21:41:00,COM VÍTIMA,FINALIZADA,CASA FORTE,AV DEZESSETE DE AGOSTO,,,ENF A FARMACIA PAGUE MENOS SEMAFORO 646,AV DEZESSETE DE AGOSTO,,ENF A FARMACIA PAGUE MENOS SEMAFORO 646,CASA FORTE,,,COLISÃO,FIESTA X AUTO,2,,,,,,,,,1,,,,,,,,,,,,,,,,,,
2018-02-09,22:05:00,SEM VÍTIMA,FINALIZADA,GRAÇAS,RUA DES MARTINS PEREIRA,,,APÓS O CLUBE NAUTICO, PRIMEIRA A DIREITA,RUA DES MARTINS PEREIRA,,APÓS O CLUBE NAUTICO, PRIMEIRA A DIREITA,GRAÇAS,,,COLISÃO,ENTRE 2 AUTOS. S/V,2,,,,,,,,,0,,,,,,,,,,,,,,,,
2018-02-09,22:13:00,SEM VÍTIMA,FINALIZADA,BOA VIAGEM,RUA TENENTE DOMINGOS DE BRITO,1009,RUA RIBEIRO DE BRITO,ENF A DROGASIL CRUZAMENTO COM A RIBEIRO DE BRITO,RUA TENENTE DOMINGOS DE BRITO,1009,ENF A DROGASIL CRUZAMENTO COM A RIBEIRO DE BRITO,BOA VIAGEM,,,COLISÃO,DOIS AUTO,2,,,,,,,,,0,,,,,,,,,,,,,,,,,,
2018-02-09,23:27:00,COM VÍTIMA,FINALIZADA,IPSEP,RUA JEAN EMILE FAVRE,,RUA RIO AMAZONAS,ENFR A PADARIA PAO NORTE CRUZAMENTO COM A RUA RIO AMAZONAS,RUA JEAN EMILE FAVRE,,ENFR A PADARIA PAO NORTE CRUZAMENTO COM A RUA RIO AMAZONAS,IPSEP,,,COLISÃO,DUAS MOTO,,2,,,,,,,,1,,,,,,,,,,,,,,,,,,
2018-02-10,00:40:00,SEM VÍTIMA,FINALIZADA,SANTANA,RUA JORGE GOMES DE SA,,,EM FRENTE AO PARQUE SANTANA,RUA JORGE GOMES DE SA,,EM FRENTE AO PARQUE SANTANA,SANTANA,,,COLISÃO,COLISÃO ENTRE DOIS AUTOS S/V,2,,,,,,,,,0,,,,,,,,,,,,,,,,,,
2018-02-10,00:58:00,SEM VÍTIMA,FINALIZADA,BOA VIAGEM,RUA PADRE CARAPUCEIRO,,AV FERNANDO SIMOES BARBOSA,CRUZAMENTO COM A AV. FERNANDO SIMÕES BARBOSA, SEMAFORO 321,RUA PADRE CARAPUCEIRO,,CRUZAMENTO COM A AV. FERNANDO SIMÕES BARBOSA, SEMAFORO 321,BOA VIAGEM,,,COLISÃO,COLISÃO ENTRE DOIS AUTOS S/V,2,,,,,,,,,0,,,,,,,,,,,,,,,,
2018-02-10,01:32:00,SEM VÍTIMA,FINALIZADA,CORDEIRO,AV CAXANGA,,RUA SOUZA BANDEIRA,CRUZAMENTO COM RUA SOUZA BANDEIRA,AV CAXANGA,,CRUZAMENTO COM RUA SOUZA BANDEIRA,CORDEIRO,,,COLISÃO,COLISÃO ENTRE DOIS AUTOS S/V,2,,,,,,,,,0,,,,,,,,,,,,,,,,,,
2018-02-10,07:24:00,COM VÍTIMA,FINALIZADA,BOA VIAGEM,AV CONSELHEIRO AGUIAR,,,MERCADO DE BOA VIAGEM, PROX. AO PONTO DO AÇAI,AV CONSELHEIRO AGUIAR,,MERCADO DE BOA VIAGEM, PROX. AO PONTO DO AÇAI,BOA VIAGEM,,,COLISÃO,COLISÃO COM VITIMA,1,1,,,,,,,,1,,,,,,,,,,,,,,,,
2018-02-10,08:07:00,COM VÍTIMA,FINALIZADA,TOTÓ,RUA ONZE DE AGOSTO,550,,EM FRENTE AO CONDOMINO JARDIM BOTANICO,RUA ONZE DE AGOSTO,550,EM FRENTE AO CONDOMINO JARDIM BOTANICO,TOTÓ,,,COLISÃO,COM UMA VITIMA AGUARDANDO SAMU,1,1,,,,,,,,1,,,,,,,,,,,,,,,,,,
2018-02-10,09:22:00,SEM VÍTIMA,FINALIZADA,IPSEP,RUA POTENGY,431,,EM FRENTE A GALERIA POTENGY,RUA POTENGY,431,EM FRENTE A GALERIA POTENGY,IPSEP,,,COLISÃO,TRES AUTOS,3,,,,,,,,,0,,,,,,,,,,,,,,,,,,
2018-02-10,10:47:00,SEM VÍTIMA,FINALIZADA,CAMPO GRANDE,RUA SAO CAETANO,,AV PROF FRANCISCO DA TRINDADE,POR TRAZ DO CLUB DAA PAES, NO CRUZAMENTO DA SÃO CAETANO COM A PROF. FRANCISCO DA TRINDADE,RUA SAO CAETANO,,POR TRAZ DO CLUB DAA PAES, NO CRUZAMENTO DA SÃO CAETANO COM A PROF. FRANCISCO DA TRINDADE,CAMPO GRANDE,,,COLISÃO,COLISÃO COLISÃO,2,,,,,,,,,0,,,,,,,,,,,,,,,,
2018-02-10,11:30:00,SEM VÍTIMA,FINALIZADA,CAMPO GRANDE,RUA SAO CAETANO,,AV PROF FRANCISCO DA TRINDADE,POR TRAZ DO CLUB DAA PAES, NO CRUZAMENTO DA SÃO CAETANO COM A PROF. FRANCISCO DA TRINDADE,RUA SAO CAETANO,,POR TRAZ DO CLUB DAA PAES, NO CRUZAMENTO DA SÃO CAETANO COM A PROF. FRANCISCO DA TRINDADE,CAMPO GRANDE,,,COLISÃO,COLISÃO SEM VITIMA,2,,,,,,,,,0,,,,,,,,,,,,,,,,
2018-02-10,12:45:00,COM VÍTIMA,CANCELADA,AREIAS,AV DR JOSE RUFINO,,,EM FRENTE A HONDA SENTIDO CIDADE /SUBURBIO,AV DR JOSE RUFINO,,EM FRENTE A HONDA SENTIDO CIDADE /SUBURBIO,AREIAS,,,COLISÃO,COLISÃO COM VITIMA,,,,,,,,,,1,,,,,,,,,,,,,,,,,,
2018-02-10,14:32:00,SEM VÍTIMA,FINALIZADA,IMBIRIBEIRA,AV MARECHAL MASCARENHAS DE MORAES,,,SENTIDO BOA VIAGEM PROX AO AEROPORTO EM FRENTE AO POSTO DE GASOLINA IPIRANGA,AV MARECHAL MASCARENHAS DE MORAES,,SENTIDO BOA VIAGEM PROX AO AEROPORTO EM FRENTE AO POSTO DE GASOLINA IPIRANGA,IMBIRIBEIRA,,,COLISÃO,COLISÃO SEM VITIMAS,2,,,,,1,,,,0,,,,,,,,,,,,,,,,,,
2018-02-10,14:40:00,SEM VÍTIMA,FINALIZADA,CAMPO GRANDE,RUA VISCONDE DE CAIRU,110,RUA ODORICO MENDES,ESQUINA COM A R ODORICO MENDES,RUA VISCONDE DE CAIRU,110,ESQUINA COM A R ODORICO MENDES,CAMPO GRANDE,,,COLISÃO,ENTRE 2 AUTOS. S/V,2,,,,,,,,,0,,,,,,,,,,,,,,,,,,
2018-02-10,15:19:00,COM VÍTIMA,FINALIZADA,CAXANGÁ,AV CAXANGA,,,SENTIDO SUBURBIO CIDADE EM FRENTE A PARADA DO BRT ESTAÇÃO ABOLIÇÃO E A CELPE,AV CAXANGA,,SENTIDO SUBURBIO CIDADE EM FRENTE A PARADA DO BRT ESTAÇÃO ABOLIÇÃO E A CELPE,CAXANGÁ,,,COLISÃO,COLISÃO COM 1 VITIMA,1,1,,,,,,,,1,,,,,,,,,,,,,,,,,,
2018-02-10,18:00:00,SEM VÍTIMA,CANCELADA,SANTO AMARO,RUA DOS PALMARES,707,,AO LADO DO PREDIO DO INSS E CONSELHO MUNICIPAL DE SAUDE,RUA DOS PALMARES,707,AO LADO DO PREDIO DO INSS E CONSELHO MUNICIPAL DE SAUDE,SANTO AMARO,,,COLISÃO,ONIBUS E AUTO,1,,,,,1,,,,0,,,,,,,,,,,,,,,,,,
2018-02-10,18:43:00,COM VÍTIMA,FINALIZADA,BOA VISTA,AV CONDE DA BOA VISTA,,,1º PARADA APÓS O SHOPPING SENTIDO SUBÚRBIO,AV CONDE DA BOA VISTA,,1º PARADA APÓS O SHOPPING SENTIDO SUBÚRBIO,BOA VISTA,,,ATROPELAMENTO,ÔNIBUS,,,,,,1,,,,1,,,,,,,,,,,,,,,,,,
2018-02-10,19:01:00,COM VÍTIMA,FINALIZADA,CASA FORTE,AV DEZESSETE DE AGOSTO,,RUA LAURINDO COELHO,COM A RUA LAURINDO COELHO PROX. AO BANCO ITAU, EM FRENTE Á HYUNDAI,AV DEZESSETE DE AGOSTO,,COM A RUA LAURINDO COELHO PROX. AO BANCO ITAU, EM FRENTE Á HYUNDAI,CASA FORTE,,,COLISÃO,AUTO E MOTO,1,1,,,,,,,,1,,,,,,,,,,,,,,,,
2018-02-10,19:08:00,SEM VÍTIMA,FINALIZADA,BOA VISTA,AV GOVERNADOR AGAMENON MAGALHAES,,,E/F A MCDONALDS E AO WALMART / SNT ROSA E SILVA,AV GOVERNADOR AGAMENON MAGALHAES,,E/F A MCDONALDS E AO WALMART / SNT ROSA E SILVA,BOA VISTA,,,COLISÃO,ENTRE AUTO E ÔNIBUS. S/V,1,,,,,1,,,,0,,,,,,,,,,,,,,,,,,
2018-02-10,19:10:00,,CANCELADA,BOA VISTA,AV CONDE DA BOA VISTA,,,APOS O SHOPPING BOA VISTA, EM FRENTE Á FAFIRE,AV CONDE DA BOA VISTA,,APOS O SHOPPING BOA VISTA, EM FRENTE Á FAFIRE,BOA VISTA,,,ATROPELAMENTO,ONIBUS E PEDESTRE,,,,,1,1,,,,1,,,,,,,,,,,,,,,,
2018-02-10,,SEM VÍTIMA,CANCELADA,MACAXEIRA,RUA TEREZA CARNEIRO,,,PROX A ENTRADA DO BOLO DA NOIVA E BARRACA DO SPORT,RUA TEREZA CARNEIRO,,PROX A ENTRADA DO BOLO DA NOIVA E BARRACA DO SPORT,MACAXEIRA,,,COLISÃO,ENTRE AUTO E MOTO. S/V,1,1,,,,,,,,0,,,,,,,,,,,,,,,,,,
2018-02-10,21:21:00,SEM VÍTIMA,FINALIZADA,ENCRUZILHADA,EST DE BELEM,1303,RUA MARIO SETE,ESQUINA COM A R MARIO SETE / E/F A PAM DOÇURA,EST DE BELEM,1303,ESQUINA COM A R MARIO SETE / E/F A PAM DOÇURA,ENCRUZILHADA,,,COLISÃO,ENTRE 2 AUTOS. S/V,2,,,,,,,,,0,,,,,,,,,,,,,,,,,,
2018-02-11,01:14:00,COM VÍTIMA,FINALIZADA,SANTO AMARO,AV GOVERNADOR AGAMENON MAGALHAES,,,EM FRENTE AO SHOPPING TACARUNA,AV GOVERNADOR AGAMENON MAGALHAES,,EM FRENTE AO SHOPPING TACARUNA,SANTO AMARO,,,COLISÃO,COLISÃO ENTRE DOIS AUTOS COM VÍTIMAS,2,,,,,,,,,1,,,,,,,,,,,,,,,,,,
2018-02-11,05:14:00,SEM VÍTIMA,FINALIZADA,BOA VIAGEM,RUA VISCONDE DE JEQUITINHONHA,S/N,RUA MARIO DE CASTRO,COM A RUA MÁRIO DE CASTRO,RUA VISCONDE DE JEQUITINHONHA,S/N,COM A RUA MÁRIO DE CASTRO,BOA VIAGEM,,,CHOQUE,CHOCOU-SE NO POSTE DE FERRO COM FOTO CESOR SERTEL,1,,,,,,,,,0,,,,,,,,,,,,,,,,,,
2018-02-11,07:07:00,SEM VÍTIMA,FINALIZADA,IMBIRIBEIRA,AV MARECHAL MASCARENHAS DE MORAES,,,FINAL DO MURO DO AEROPORTO ENTRANDO PARA O JORDAO ALTO,AV MARECHAL MASCARENHAS DE MORAES,,FINAL DO MURO DO AEROPORTO ENTRANDO PARA O JORDAO ALTO,IMBIRIBEIRA,,,CHOQUE,VEICULO CHOCOU-SE COM O MURO DO AEROPORTO,1,,,,,,,,,0,,,,,,,,,,,,,,,,,,
2018-02-11,07:16:00,VÍTIMA FATAL,FINALIZADA,IBURA,AV DOIS RIOS,1483,,IBURA DE BAIXO NA SUBIDA DO JORDÃO PROX AO POSTO DE GASOLINA BR EM FRENTE AO ARMAZEM FERRAGENS EM BAIXO DO SEMAFORO 351,AV DOIS RIOS,1483,IBURA DE BAIXO NA SUBIDA DO JORDÃO PROX AO POSTO DE GASOLINA BR EM FRENTE AO ARMAZEM FERRAGENS EM BAIXO DO SEMAFORO 351,IBURA,,,COLISÃO,COLISÃO COM 2 VITIMAS,,2,,,,,,,,2,1,,,,,,,,,,,,,,,,,
2018-02-11,07:20:00,SEM VÍTIMA,CANCELADA,IPSEP,AV RECIFE,,,SEMAFORO 393 SENT BOA VIAGEM / EM FRENTE AO POSTO BR,AV RECIFE,,SEMAFORO 393 SENT BOA VIAGEM / EM FRENTE AO POSTO BR,IPSEP,,,COLISÃO,CARRETA E AUTO,1,,,,,,1,,,0,,,,,,,,,,,,,,,,,,
2018-02-11,08:57:00,SEM VÍTIMA,FINALIZADA,MADALENA,RUA BENFICA,,,EM FRENTE AO MUSEU A ABOLISAO SEMAFORO 257,RUA BENFICA,,EM FRENTE AO MUSEU A ABOLISAO SEMAFORO 257,MADALENA,,,COLISÃO,ONIBUS E AUTO PASSEIO,1,,,,,1,,,,0,,,,,,,,,,,,,,,,,,
2018-02-11,14:04:00,SEM VÍTIMA,CANCELADA,AFLITOS,AV CONS ROSA E SILVA,999,,AO LADO DO CAMPO DO NAUTICO,AV CONS ROSA E SILVA,999,AO LADO DO CAMPO DO NAUTICO,AFLITOS,,,COLISÃO,DOIS AUTOS S/V,2,,,,,,,,,0,,,,,,,,,,,,,,,,,,
2018-02-11,15:22:00,SEM VÍTIMA,FINALIZADA,DERBY,AV GOVERNADOR AGAMENON MAGALHAES,,,NA FRENTE DO TRE, SENTIDO BOA VIAGEM,AV GOVERNADOR AGAMENON MAGALHAES,,NA FRENTE DO TRE, SENTIDO BOA VIAGEM,DERBY,,,COLISÃO,COLISÃO SEM VITIMAS,1,1,,,,,,,,0,,,,,,,,,,,,,,,,
2018-02-11,16:39:00,COM VÍTIMA,FINALIZADA,MUSTARDINHA,AV MANOEL GONCALVES DA LUZ,,,EM FRENTE Á GRAFICA ABC,AV MANOEL GONCALVES DA LUZ,,EM FRENTE Á GRAFICA ABC,MUSTARDINHA,,,COLISÃO,AUTO E MOTO,1,1,,,,,,,,1,,,,,,,,,,,,,,,,,,