data,hora,natureza_acidente,situacao,bairro,endereco,numero,detalhe_endereco_acidente,complemento,endereco_cruzamento,numero_cruzamento,referencia_cruzamento,bairro_cruzamento,num_semaforo,sentido_via,tipo,descricao,auto,moto,ciclom,ciclista,pedestre,onibus,caminhao,viatura,outros,vitimas,vitimasfatais,acidente_verificado,tempo_clima,situacao_semaforo,sinalizacao,condicao_via,conservacao_via,ponto_controle,situacao_placa,velocidade_max_via,mao_direcao,divisao_via1,divisao_via2,divisao_via3,,,,
2018-02-15,09:09:00,SEM VÍTIMA,CANCELADA,PINA,RUA CAPITAO REBELINHO,,RUA PEREIRA DA COSTA,COM A RUA PEREIRA DA COSTA,RUA CAPITAO REBELINHO,,COM A RUA PEREIRA DA COSTA,PINA,,,COLISÃO,COLISÃO SEM VITIMA,2,,,,,,,,,0,,,,,,,,,,,,,,,,,,
2018-02-15,09:20:00,SEM VÍTIMA,FINALIZADA,IMBIRIBEIRA,AV MARECHAL MASCARENHAS DE MORAES,,,AO LADO DO POSTO SHELL, NA ENTRADA DO ANGAR DO AEROPORTO,AV MARECHAL MASCARENHAS DE MORAES,,AO LADO DO POSTO SHELL, NA ENTRADA DO ANGAR DO AEROPORTO,IMBIRIBEIRA,,,COLISÃO,DOIS AUTOS,2,,,,,,,,,0,,,,,,,,,,,,,,,,
2018-02-15,09:48:00,SEM VÍTIMA,FINALIZADA,PINA,RUA CAPITAO REBELINHO,512,RUA PEREIRA DA COSTA,CRUZ COMA RUA PEREIRA DA COSTA EM FRENTE AO RESTAURANTE FIDALGO,RUA CAPITAO REBELINHO,512,CRUZ COMA RUA PEREIRA DA COSTA EM FRENTE AO RESTAURANTE FIDALGO,PINA,,,COLISÃO,COLISÃO SEM VITIMA,2,,,,,,,,,0,,,,,,,,,,,,,,,,,,
2018-02-15,10:00:00,COM VÍTIMA,FINALIZADA,BOA VISTA,RUA DO PRINCIPE,114,,EM FRENTE A FARMACIA CANDEIA,RUA DO PRINCIPE,114,EM FRENTE A FARMACIA CANDEIA,BOA VISTA,,,ATROPELAMENTO,ATROPELAMENTO EM SEGUIDA DE COLISÃO PEDESTRE A ESPERA DO SAMU,1,1,,,1,,,,,1,,,,,,,,,,,,,,,,,,
2018-02-15,10:14:00,SEM VÍTIMA,FINALIZADA,GRAÇAS,RUA ALBERTO PAIVA,222,,PROX DA FAMILIA LUCCO DELIVERY, SEMÁFORO 360,RUA ALBERTO PAIVA,222,PROX DA FAMILIA LUCCO DELIVERY, SEMÁFORO 360,GRAÇAS,,,COLISÃO,COLISÃO ENTRE AUTO E MOTO S/V,1,1,,,,,,,,0,,,,,,,,,,,,,,,,
2018-02-15,11:16:00,SEM VÍTIMA,FINALIZADA,AFOGADOS,LARGO DA PAZ,,,SENT/IMBIRIBEIRA ,EM FRENTE DA IGREJA PRESBITERIANA,LARGO DA PAZ,,SENT/IMBIRIBEIRA ,EM FRENTE DA IGREJA PRESBITERIANA,AFOGADOS,,,COLISÃO,SEM VITIMAS,,,,,,1,1,,,0,,,,,,,,,,,,,,,,
2018-02-15,11:27:00,SEM VÍTIMA,FINALIZADA,APIPUCOS,RUA DE APIPUCOS,,,EM FRENTE AO AÇUDE DE APIPUCO, EM FRENTE AO PARQUE DE APIPUCOS,RUA DE APIPUCOS,,EM FRENTE AO AÇUDE DE APIPUCO, EM FRENTE AO PARQUE DE APIPUCOS,APIPUCOS,,,COLISÃO,COLISÃO ENTRE DOIS AUTOS S/V,2,,,,,,,,,0,,,,,,,,,,,,,,,,
2018-02-15,11:23:00,SEM VÍTIMA,FINALIZADA,MADALENA,RUA JOSE OSORIO,369,,EM FRENTE AO RM EXPRESSO,RUA JOSE OSORIO,369,EM FRENTE AO RM EXPRESSO,MADALENA,,,COLISÃO,SEM VITIMAS,2,,,,,,,,,0,,,,,,,,,,,,,,,,,,
2018-02-15,12:15:00,COM VÍTIMA,FINALIZADA,BAIRRO DO RECIFE,CAIS DO APOLO,,,NO MARCO ZERO E/F AO BANCO DO BRASIL,CAIS DO APOLO,,NO MARCO ZERO E/F AO BANCO DO BRASIL,BAIRRO DO RECIFE,,,COLISÃO,COLISAO DE ONIBUS E MOTO COM UMA VITIMA,,1,,,,1,,,,1,,,,,,,,,,,,,,,,,,
2018-02-15,13:03:00,SEM VÍTIMA,FINALIZADA,MADALENA,AV VISCONDE DE ALBUQUERQUE,400,,APOS O BOMPREÇO SENTIDO A PONTE DA TORRE,AV VISCONDE DE ALBUQUERQUE,400,APOS O BOMPREÇO SENTIDO A PONTE DA TORRE,MADALENA,,,COLISÃO,DOIS AUTOS,2,,,,,,,,,0,,,,,,,,,,,,,,,,,,
2018-02-15,13:14:00,SEM VÍTIMA,CANCELADA,ROSARINHO,AV NORTE,,,APOS A PADARIA DO ROSARINHO E/F AO POSTO BR MANIA S/T SUB,AV NORTE,,APOS A PADARIA DO ROSARINHO E/F AO POSTO BR MANIA S/T SUB,ROSARINHO,,,COLISÃO,COLISAO DE DOIS AUTOS S/V,2,,,,,,,,,0,,,,,,,,,,,,,,,,,,
2018-02-15,14:29:00,SEM VÍTIMA,FINALIZADA,BOA VIAGEM,AV CONSELHEIRO AGUIAR,3655,,EM FRENTE AO BANCO ITAU,AV CONSELHEIRO AGUIAR,3655,EM FRENTE AO BANCO ITAU,BOA VIAGEM,,,COLISÃO,AUTO E ONIBUS ,1,,,,,1,,,,0,,,,,,,,,,,,,,,,,,
2018-02-15,15:06:00,SEM VÍTIMA,FINALIZADA,DOIS UNIDOS,AV HILDEBRANDO DE VASCONCELOS,,RUA RAU VALENCA,COM A RUA RAU VALENÇA- APÓS O FORRO DO ARLINDO,AV HILDEBRANDO DE VASCONCELOS,,COM A RUA RAU VALENÇA- APÓS O FORRO DO ARLINDO,DOIS UNIDOS,,,COLISÃO,COLISÃO SEM VITIMA,2,,,,,,,,,0,,,,,,,,,,,,,,,,,,
2018-02-15,15:24:00,SEM VÍTIMA,FINALIZADA,GRAÇAS,AV DR MALAQUIAS,349,,E/F DO ARMAZEM DE COSTRUÇAO QUATRO CANTOS,AV DR MALAQUIAS,349,E/F DO ARMAZEM DE COSTRUÇAO QUATRO CANTOS,GRAÇAS,,,COLISÃO,COLISAO DE VEICULO OFICIAL E AUTO S/V VT 13 NO LOCAL,1,,,,,,,,,0,,,,,,,,,,,,,,,,,,
2018-02-15,16:10:00,COM VÍTIMA,FINALIZADA,AFOGADOS,LARGO DA PAZ,,,SEMAFORO 053,LARGO DA PAZ,,SEMAFORO 053,AFOGADOS,,,COLISÃO,AUTO E MOTO,1,1,,,,,,,,1,,,,,,,,,,,,,,,,,,
2018-02-15,16:20:00,SEM VÍTIMA,FINALIZADA,BOA VIAGEM,AV ENGENHEIRO DOMINGOS FERREIRA,,,E/F AO SUPERMERCADO EXTRA / SNT PINA,AV ENGENHEIRO DOMINGOS FERREIRA,,E/F AO SUPERMERCADO EXTRA / SNT PINA,BOA VIAGEM,,,ENGAVETAMENTO,ENTRE 2 AUTOS E ONIBUS. S/V,2,,,,,1,,,,0,,,,,,,,,,,,,,,,,,
2018-02-15,16:50:00,SEM VÍTIMA,FINALIZADA,AREIAS,RUA AURORA CACOTE,523,,NA VILA CARDEAL E SILVA E/F DA CARDEAL PET,RUA AURORA CACOTE,523,NA VILA CARDEAL E SILVA E/F DA CARDEAL PET,AREIAS,,,COLISÃO,COLISAO DE TRESAUTOS S/V,3,,,,,,,,,0,,,,,,,,,,,,,,,,,,
2018-02-15,16:56:00,SEM VÍTIMA,FINALIZADA,ILHA DO RETIRO,RUA SPORT CLUBE DO RECIFE,,,NA DESCIDA DA PONTE, SNT BR / E/F AO CAMPO DA ILHA DO RETIRO,RUA SPORT CLUBE DO RECIFE,,NA DESCIDA DA PONTE, SNT BR / E/F AO CAMPO DA ILHA DO RETIRO,ILHA DO RETIRO,,,COLISÃO,ENTRE AUTO E CAMINHÃO. S/V,1,,,,,,1,,,0,,,,,,,,,,,,,,,,
2018-02-15,17:50:00,SEM VÍTIMA,FINALIZADA,IBURA,RUA RIO TAPADO,55,,,RUA RIO TAPADO,55,,IBURA,,,COLISÃO,COLISÃO SEM VITIMA,2,,,,,,,,,0,,,,,,,,,,,,,,,,,,
2018-02-15,17:53:00,SEM VÍTIMA,FINALIZADA,BAIRRO DO RECIFE,PTE DO LIMOEIRO,,RUA DA AURORA,AO LADO DA PREFEITURA DO RECIFE E ESQUINA COM A R DA AURORA,PTE DO LIMOEIRO,,AO LADO DA PREFEITURA DO RECIFE E ESQUINA COM A R DA AURORA,BAIRRO DO RECIFE,,,COLISÃO,ENTRE 2 AUTOS .S/V,2,,,,,,,,,0,,,,,,,,,,,,,,,,,,
2018-02-15,17:56:00,SEM VÍTIMA,EQUIPE EM DESLOCAMENTO,IPSEP,AV RECIFE,33,,PROX AO POSTO TOTAL. SNT ESTÂNCIA,AV RECIFE,33,PROX AO POSTO TOTAL. SNT ESTÂNCIA,IPSEP,,,COLISÃO,ENTRE 2 AUTOS. S/V,2,,,,,,,,,0,,,,,,,,,,,,,,,,,,
2018-02-15,18:08:00,COM VÍTIMA,FINALIZADA,AREIAS,AV RECIFE,,,ENF AO RECIDENCIAL INES ANDRE ASA --OBS:- VT 21 DA CTTU ESTA NO LOCAL,AV RECIFE,,ENF AO RECIDENCIAL INES ANDRE ASA --OBS:- VT 21 DA CTTU ESTA NO LOCAL,AREIAS,,,COLISÃO,MOTO E AUTO,1,1,,,,,,,,1,,,,,,,,,,,,,,,,,,
2018-02-15,18:19:00,SEM VÍTIMA,FINALIZADA,ESPINHEIRO,AV GOVERNADOR AGAMENON MAGALHAES,,,EM FRENTE AO CREA,AV GOVERNADOR AGAMENON MAGALHAES,,EM FRENTE AO CREA,ESPINHEIRO,,,CHOQUE,CAMINHÃO DERRUBOU UM POSTE,,,,,,,1,,,0,,,,,,,,,,,,,,,,,,
2018-02-15,18:30:00,SEM VÍTIMA,FINALIZADA,SANTO AMARO,AV MARIO MELO,,,E/F AO CEMITÉRIO SANTO AMARO E MERCADO RM EXPRESS . SNT SUB / CENTRO,AV MARIO MELO,,E/F AO CEMITÉRIO SANTO AMARO E MERCADO RM EXPRESS . SNT SUB / CENTRO,SANTO AMARO,,,COLISÃO,ENTRE 2 AUTOS. S/V,2,,,,,,,,,0,,,,,,,,,,,,,,,,,,
2018-02-15,18:32:00,SEM VÍTIMA,CANCELADA,SANTO AMARO,AV CRUZ CABUGA,,,ENFR ACADEMIA MILITAR SENTIDO OLINDA,AV CRUZ CABUGA,,ENFR ACADEMIA MILITAR SENTIDO OLINDA,SANTO AMARO,,,COLISÃO,CAMINHAO REBOQUE X AUTO E MOTO,1,1,,,,,1,,,0,,,,,,,,,,,,,,,,,,
2018-02-15,18:48:00,COM VÍTIMA,FINALIZADA,PORTO DA MADEIRA,AV BEBERIBE,,,ENF AO COLEGIO NOVENTA GRAU E SEMAFORO 559,AV BEBERIBE,,ENF AO COLEGIO NOVENTA GRAU E SEMAFORO 559,PORTO DA MADEIRA,,,COLISÃO,AUTO X MOTO,1,1,,,,,,,,1,,,,,,,,,,,,,,,,,,
2018-02-15,19:49:00,SEM VÍTIMA,FINALIZADA,ESTÂNCIA,AV DR JOSE RUFINO,299,,ENFR AO COLEGIO VISAO,AV DR JOSE RUFINO,299,ENFR AO COLEGIO VISAO,ESTÂNCIA,,,COLISÃO,MOTO E AUTO,1,1,,,,,,,,0,,,,,,,,,,,,,,,,,,
2018-02-15,22:35:00,SEM VÍTIMA,CANCELADA,BOA VIAGEM,RUA BRUNO VELOSO,,,E/F AO SHOPPING RECIFE,RUA BRUNO VELOSO,,E/F AO SHOPPING RECIFE,BOA VIAGEM,,,COLISÃO,ENTRE AUTO E ÔNIBUS. S/V,1,,,,,1,,,,0,,,,,,,,,,,,,,,,,,
2018-02-15,23:25:00,SEM VÍTIMA,FINALIZADA,ILHA DO LEITE,RUA GENERAL JOAQUIM INACIO,,,E/F AO POSTO MEGA E ESQUINA COM A PAGUE MENOS,RUA GENERAL JOAQUIM INACIO,,E/F AO POSTO MEGA E ESQUINA COM A PAGUE MENOS,ILHA DO LEITE,,,COLISÃO,ENTRE 2 AUTOS. S/V,2,,,,,,,,,0,,,,,,,,,,,,,,,,,,
2018-02-16,03:53:00,SEM VÍTIMA,FINALIZADA,BAIRRO DO RECIFE,RUA DR ASCANIO PEIXOTO,,,AO LADO DA MARINHA // EM FRENTE AO PRÉDIO VERMELHO,RUA DR ASCANIO PEIXOTO,,AO LADO DA MARINHA // EM FRENTE AO PRÉDIO VERMELHO,BAIRRO DO RECIFE,,,CHOQUE,VEÍCULO CHOCOU-SE CONTRA O MURO DO PORTO,1,,,,,,,,,0,,,,,,,,,,,,,,,,,,
2018-02-16,06:08:00,SEM VÍTIMA,FINALIZADA,TAMARINEIRA,RUA CONEGO BARATA,618,,E/F A PADARIA MANÁ, SENTIDO ESTRADA VELHA DE ÁGUA FRIA.,RUA CONEGO BARATA,618,E/F A PADARIA MANÁ, SENTIDO ESTRADA VELHA DE ÁGUA FRIA.,TAMARINEIRA,,,COLISÃO,SEM VÍTIMAS,2,,,,,,,,,0,,,,,,,,,,,,,,,,
2018-02-16,06:13:00,SEM VÍTIMA,FINALIZADA,AREIAS,AV RECIFE,1644,,EM FRENTE A GALETOS / SENT BOA VIAGEM,AV RECIFE,1644,EM FRENTE A GALETOS / SENT BOA VIAGEM,AREIAS,,,COLISÃO,AUTO E CAMINHAO,1,,,,,,1,,,0,,,,,,,,,,,,,,,,,,
2018-02-16,07:40:00,SEM VÍTIMA,CANCELADA,ILHA DO RETIRO,RUA TABAIARES,1700,,EM FRENTE A HYUNDAI,RUA TABAIARES,1700,EM FRENTE A HYUNDAI,ILHA DO RETIRO,,,COLISÃO,SEM VITIMAS,1,1,,,,,,,,0,,,,,,,,,,,,,,,,,,
2018-02-16,07:43:00,COM VÍTIMA,FINALIZADA,SANTO AMARO,AV CRUZ CABUGA,,,PRÓXIMO A PARADA DO BRT E LADO OPOSTO A CONCESSIONÁRIA HONDA - SENTIDO OLINDA,AV CRUZ CABUGA,,PRÓXIMO A PARADA DO BRT E LADO OPOSTO A CONCESSIONÁRIA HONDA - SENTIDO OLINDA,SANTO AMARO,,,COLISÃO,COM VÍTIMA - VÍTIMA SOCORRIDA PELO CBMPE,,2,,,,,,,,1,,,,,,,,,,,,,,,,,,
2018-02-16,08:08:00,SEM VÍTIMA,FINALIZADA,BOA VIAGEM,AV HERCULANO BANDEIRA,636,,E/F A VICENTE AUTO PEÇAS, SENTIDO PINA., PADARIA FRUTA PÃO,AV HERCULANO BANDEIRA,636,E/F A VICENTE AUTO PEÇAS, SENTIDO PINA., PADARIA FRUTA PÃO,BOA VIAGEM,,,COLISÃO,SEM VÍTIMAS.,2,,,,,,,,,0,,,,,,,,,,,,,,
2018-02-16,08:41:00,SEM VÍTIMA,FINALIZADA,BAIRRO DO RECIFE,AV MILITAR,,,NA CURVA DE ESQUINA COM O POSTO SHELL,NA DESCIDA DA PONTE DO LIMOEIRO SENT/PCR,AV MILITAR,,NA CURVA DE ESQUINA COM O POSTO SHELL,NA DESCIDA DA PONTE DO LIMOEIRO SENT/PCR,BAIRRO DO RECIFE,,,COLISÃO,SEM VITIMAS,1,,,,,1,,,,0,,,,,,,,,,,,,,,,
2018-02-16,08:45:00,SEM VÍTIMA,CANCELADA,PINA,AV ANTONIO DE GOES,636,,EM FRENTE A AUTO PEÇAS,AV ANTONIO DE GOES,636,EM FRENTE A AUTO PEÇAS,PINA,,,COLISÃO,DOIS AUTOS,2,,,,,,,,,0,,,,,,,,,,,,,,,,,,
2018-02-16,09:03:00,SEM VÍTIMA,FINALIZADA,ESPINHEIRO,RUA MARQUES DO PARANA,209,RUA ALFREDO DE CARVALHO,E/F AO MARTELINHO DE OURO,RUA MARQUES DO PARANA,209,E/F AO MARTELINHO DE OURO,ESPINHEIRO,,,COLISÃO,SEM VÍTIMAS,2,,,,,,,,,0,,,,,,,,,,,,,,,,,,
2018-02-16,09:30:00,SEM VÍTIMA,FINALIZADA,IMBIRIBEIRA,RUA JOSE DA SILVA LUCENA,38,,EM FRENTE A ACADEMIA BUNKER EQUILIBRIO CROSSFIT,RUA JOSE DA SILVA LUCENA,38,EM FRENTE A ACADEMIA BUNKER EQUILIBRIO CROSSFIT,IMBIRIBEIRA,,,COLISÃO,DOIS AUTOS,2,,,,,,,,,0,,,,,,,,,,,,,,,,,,
2018-02-16,10:45:00,SEM VÍTIMA,FINALIZADA,BOA VIAGEM,RUA JOAO CARDOSO AIRES,600,,EM FRENTE AO RESTAURANTE PARK DA PIZZA,RUA JOAO CARDOSO AIRES,600,EM FRENTE AO RESTAURANTE PARK DA PIZZA,BOA VIAGEM,,,COLISÃO,DOIS AUTOS,2,,,,,,,,,0,,,,,,,,,,,,,,,,,,
2018-02-16,10:56:00,SEM VÍTIMA,FINALIZADA,TORRÕES,AV ENGENHEIRO ABDIAS DE CARVALHO,962,,EM FRENTE A DLP DISTRIBUICOES,AV ENGENHEIRO ABDIAS DE CARVALHO,962,EM FRENTE A DLP DISTRIBUICOES,TORRÕES,,,COLISÃO,DOIS AUTOS,2,,,,,,,,,0,,,,,,,,,,,,,,,,,,
2018-02-16,10:59:00,SEM VÍTIMA,FINALIZADA,PAISSANDU,RUA PAISSANDU,,,EM FRENTE AO EMPRESARIAL RENATO DIAS,AO LADO DO COLEGIO GGE,RUA PAISSANDU,,EM FRENTE AO EMPRESARIAL RENATO DIAS,AO LADO DO COLEGIO GGE,PAISSANDU,,,COLISÃO,SEM VITIMAS,2,,,,,,,,,0,,,,,,,,,,,,,,,,
2018-02-16,11:11:00,SEM VÍTIMA,FINALIZADA,CASA FORTE,RUA NESTOR SILVA,,RUA AFONSO DE ALBUQUERQUE MELO,COM A RUA AFONSO DE ALBUQUERQUE MELO / POR TRAS DO HIPER DE CASA FORTE,RUA NESTOR SILVA,,COM A RUA AFONSO DE ALBUQUERQUE MELO / POR TRAS DO HIPER DE CASA FORTE,CASA FORTE,,,COLISÃO,,2,,,,,,,,,0,,,,,,,,,,,,,,,,,,
2018-02-16,11:26:00,SEM VÍTIMA,CANCELADA,BOA VISTA,RUA DA SANTA CRUZ,,,E/F A IGREJA DA SANTA CRUZ,RUA DA SANTA CRUZ,,E/F A IGREJA DA SANTA CRUZ,BOA VISTA,,,COLISÃO,SEM VÍTIMAS,2,,,,,,,,,0,,,,,,,,,,,,,,,,,,
2018-02-16,11:46:00,SEM VÍTIMA,FINALIZADA,PINA,AV HERCULANO BANDEIRA,855,,EM FRRENTE NEW SEDAN SEMINOVOS,AV HERCULANO BANDEIRA,855,EM FRRENTE NEW SEDAN SEMINOVOS,PINA,,,COLISÃO,SEM VITIMAS,2,,,,,,,,,0,,,,,,,,,,,,,,,,,,
2018-02-16,11:48:00,SEM VÍTIMA,FINALIZADA,DERBY,AV GOVERNADOR AGAMENON MAGALHAES,,,SEMAFORO 174 / SENT SUB OLINDA / EM FRENTE A DROGA ZIL,AV GOVERNADOR AGAMENON MAGALHAES,,SEMAFORO 174 / SENT SUB OLINDA / EM FRENTE A DROGA ZIL,DERBY,,,COLISÃO,DOIS AUTOS,2,,,,,,,,,0,,,,,,,,,,,,,,,,,,
2018-02-16,12:04:00,SEM VÍTIMA,FINALIZADA,BOA VISTA,AV GOVERNADOR AGAMENON MAGALHAES,,,SENTIDO OLINDA BEIRA CANAL NA ENTRADA DO CLUBE DOS OFICIAIS,AV GOVERNADOR AGAMENON MAGALHAES,,SENTIDO OLINDA BEIRA CANAL NA ENTRADA DO CLUBE DOS OFICIAIS,BOA VISTA,,,COLISÃO,COLISÃO SEM VITIMAS,2,,,,,,,,,0,,,,,,,,,,,,,,,,,,
2018-02-16,13:56:00,COM VÍTIMA,FINALIZADA,BOA VISTA,RUA JOSE DE ALENCAR,725,,EM FRENTE A ALERGO IMUNO,RUA JOSE DE ALENCAR,725,EM FRENTE A ALERGO IMUNO,BOA VISTA,,,COLISÃO,COLISÃO COM VÍTIMA,1,1,,,,,,,,1,,,,,,,,,,,,,,,,,,
2018-02-16,15:47:00,SEM VÍTIMA,FINALIZADA,SANTO ANTÔNIO,RUA SIQUEIRA CAMPOS,254,AV DANTAS BARRETO,COM AV DANTAS BARRETO PROX DAS SECRETARIA DE EDUCAÇÃO,RUA SIQUEIRA CAMPOS,254,COM AV DANTAS BARRETO PROX DAS SECRETARIA DE EDUCAÇÃO,SANTO ANTÔNIO,,,COLISÃO,COLISAO DE ONIBUS E AUTO S/V,1,,,,,1,,,,0,,,,,,,,,,,,,,,,,,
2018-02-16,16:00:00,SEM VÍTIMA,FINALIZADA,AFOGADOS,RUA COSME VIANA,95,,EM FRENTE A OFICINA RECIFE RODAS,RUA COSME VIANA,95,EM FRENTE A OFICINA RECIFE RODAS,AFOGADOS,,,COLISÃO,COLISÃO SEM VITIMAS GM QTH,2,,,,,,,,,0,,,,,,,,,,,,,,,,,,
2018-02-16,17:02:00,SEM VÍTIMA,FINALIZADA,MADALENA,AV ENGENHEIRO ABDIAS DE CARVALHO,1055,,EM FRENTE AO POSTO BR,SENT/CIDADE,AV ENGENHEIRO ABDIAS DE CARVALHO,1055,EM FRENTE AO POSTO BR,SENT/CIDADE,MADALENA,,,COLISÃO,SEM VITIMAS,3,,,,,,,,,0,,,,,,,,,,,,,,,,
2018-02-16,17:08:00,SEM VÍTIMA,FINALIZADA,SANTO AMARO,RUA GOUVEIA DE BARROS,136,,EM FRENTE A CASA DE APOIO GRAVATA,RUA GOUVEIA DE BARROS,136,EM FRENTE A CASA DE APOIO GRAVATA,SANTO AMARO,,,COLISÃO,COLISÃO SEM VÍTIMA,2,,,,,,,,,0,,,,,,,,,,,,,,,,,,
2018-02-16,17:46:00,COM VÍTIMA,FINALIZADA,NOVA DESCOBERTA,AV VEREADOR OTACILIO AZEVEDO,3021,,PROX A FABRICA DA KINITOS EM FRENTE A IGREJA CATOLICA,AV VEREADOR OTACILIO AZEVEDO,3021,PROX A FABRICA DA KINITOS EM FRENTE A IGREJA CATOLICA,NOVA DESCOBERTA,,,ATROPELAMENTO,ATROPELAMENTO VITIMA SENDO SOCORRIDA PELOS BOMBEIROS,,,,,1,,,,,1,,,,,,,,,,,,,,,,,,
2018-02-16,18:15:00,SEM VÍTIMA,FINALIZADA,MADALENA,RUA JOSE OSORIO,127,,EM FRENTE DO EMPORIO DOCES E SALGADOS,RUA JOSE OSORIO,127,EM FRENTE DO EMPORIO DOCES E SALGADOS,MADALENA,,,COLISÃO,ONIBUS E AUTO,1,,,,,1,,,,0,,,,,,,,,,,,,,,,,,
2018-02-16,18:25:00,COM VÍTIMA,CANCELADA,NOVA DESCOBERTA,AV VEREADOR OTACILIO AZEVEDO,3333,,APÓS A FABRICA DA PIPOCA KINITOS E E/F A IGREJA. PROX AO HOTEL RAROS,AV VEREADOR OTACILIO AZEVEDO,3333,APÓS A FABRICA DA PIPOCA KINITOS E E/F A IGREJA. PROX AO HOTEL RAROS,NOVA DESCOBERTA,,,ATROPELAMENTO,ENTRE AUTO E CRIANÇA NO LOCAL. C/V,1,,,,1,,,,,1,,,,,,,,,,,,,,,,,,
2018-02-16,19:33:00,COM VÍTIMA,FINALIZADA,PAISSANDU,AV GOVERNADOR AGAMENON MAGALHAES,,,EM FRENTE AO HOSPITAL PORTUGUES SENT. BOA VIAGEM,AV GOVERNADOR AGAMENON MAGALHAES,,EM FRENTE AO HOSPITAL PORTUGUES SENT. BOA VIAGEM,PAISSANDU,,,COLISÃO,AUTO E MOTO,1,1,,,,,,,,1,,,,,,,,,,,,,,,,,,
2018-02-16,19:44:00,SEM VÍTIMA,FINALIZADA,MADALENA,RUA JOSE BONIFACIO,,,PROX AO HOSPITAL DE ÁVILA, PRC DA MADALENA E E/F AO CENTRO HOSPITAL VETERINÁRIO HARMONIA,RUA JOSE BONIFACIO,,PROX AO HOSPITAL DE ÁVILA, PRC DA MADALENA E E/F AO CENTRO HOSPITAL VETERINÁRIO HARMONIA,MADALENA,,,COLISÃO,ENTRE ÕNIBUS E AUTO PASSEIO. S/V,1,,,,,1,,,,0,,,,,,,,,,,,,,,,
2018-02-16,20:35:00,SEM VÍTIMA,FINALIZADA,MADALENA,AV VISCONDE DE ALBUQUERQUE,400,RUA LOPEZ DE CARVALHO,CRUZ COM A R LOPEZ DE CARVALHO,AV VISCONDE DE ALBUQUERQUE,400,CRUZ COM A R LOPEZ DE CARVALHO,MADALENA,,,COLISÃO,ENTRE AUTO E MOTO. S/V,2,,,,,,,,,0,,,,,,,,,,,,,,,,,,
2018-02-16,21:04:00,SEM VÍTIMA,FINALIZADA,PINA,RUA NOGUEIRA DE SOUZA,146,,PROX. DO RESTAURANTE CALDINHO DO NENEM, E EMPRESARIAL JOSE DAVID GIL RODRIGUES,RUA NOGUEIRA DE SOUZA,146,PROX. DO RESTAURANTE CALDINHO DO NENEM, E EMPRESARIAL JOSE DAVID GIL RODRIGUES,PINA,,,COLISÃO,DOIS AUTOS,2,,,,,,,,,0,,,,,,,,,,,,,,,,
2018-02-16,23:27:00,SEM VÍTIMA,FINALIZADA,PINA,AV ANTONIO DE GOES,,RUA MANOEL DE BRITO,CRUZ COM A R MANOEL BRITO E E/F AO EDF JOAQUIM,AV ANTONIO DE GOES,,CRUZ COM A R MANOEL BRITO E E/F AO EDF JOAQUIM,PINA,,,COLISÃO,ENTRE AUTO E ONIBUS. S/V,2,,,,,1,,,,0,,,,,,,,,,,,,,,,,,
2018-02-17,00:53:00,SEM VÍTIMA,FINALIZADA,BOA VIAGEM,RUA DEZ DE JULHO,113,,SEMÁFORO 437, E/F A RESIDENCIA.,RUA DEZ DE JULHO,113,SEMÁFORO 437, E/F A RESIDENCIA.,BOA VIAGEM,,,COLISÃO,SEM VÍTIMAS.,2,,,,,,,,,0,,,,,,,,,,,,,,,,
2018-02-17,07:25:00,SEM VÍTIMA,CANCELADA,AREIAS,AV DR JOSE RUFINO,1099,,EM FRENTE AO SENAI,AV DR JOSE RUFINO,1099,EM FRENTE AO SENAI,AREIAS,,,COLISÃO,DOIS AUTOS,2,,,,,,,,,0,,,,,,,,,,,,,,,,,,
2018-02-17,07:50:00,COM VÍTIMA,FINALIZADA,SANTO AMARO,RUA TREZE DE MAIO,,,C/ RUA DOS PALMARES,RUA TREZE DE MAIO,,C/ RUA DOS PALMARES,SANTO AMARO,,,COLISÃO,,1,1,,,,,,,,1,,,,,,,,,,,,,,,,,,
2018-02-17,09:42:00,SEM VÍTIMA,CANCELADA,AREIAS,AV RECIFE,,,EN FRENTE AO GALETUS,AV RECIFE,,EN FRENTE AO GALETUS,AREIAS,,,COLISÃO,COLISÃO SEM VITIMA,2,,,,,,,,,0,,,,,,,,,,,,,,,,,,
2018-02-17,09:55:00,SEM VÍTIMA,FINALIZADA,CAMPO GRANDE,AV PROFESSOR JOSE DOS ANJOS,123,RUA CORREIA DE BRITO,RESIDENCIA BEIRA CANAL CRUZ COM A RUA CORREIA DE BRITO EM FRENTE A COPERATIVA ECO VIDA PALHA DE ARROZ,AV PROFESSOR JOSE DOS ANJOS,123,RESIDENCIA BEIRA CANAL CRUZ COM A RUA CORREIA DE BRITO EM FRENTE A COPERATIVA ECO VIDA PALHA DE ARROZ,CAMPO GRANDE,,,COLISÃO,COLISÃO SEM VITIMAS,3,,,,,,,,,0,,,,,,,,,,,,,,,,,,
2018-02-17,10:21:00,SEM VÍTIMA,CANCELADA,ÁGUA FRIA,RUA JAPARANDUBA,,,EM FRENTE AO MERCADO PUBLICO D,AGUA FRIA,RUA JAPARANDUBA,,EM FRENTE AO MERCADO PUBLICO D,AGUA FRIA,ÁGUA FRIA,,,COLISÃO,COLISÃO SEM VITIMAS,1,1,,,,,,,,0,,,,,,,,,,,,,,,,
2018-02-17,10:53:00,SEM VÍTIMA,CANCELADA,TAMARINEIRA,RUA CONEGO BARATA,,,EM FRENTE A FERREIRA COSTA,RUA CONEGO BARATA,,EM FRENTE A FERREIRA COSTA,TAMARINEIRA,,,COLISÃO,COLISÃO SEM VITIMAS,2,,,,,,,,,0,,,,,,,,,,,,,,,,,,