data,hora,natureza_acidente,situacao,bairro,endereco,numero,detalhe_endereco_acidente,complemento,endereco_cruzamento,numero_cruzamento,referencia_cruzamento,bairro_cruzamento,num_semaforo,sentido_via,tipo,descricao,auto,moto,ciclom,ciclista,pedestre,onibus,caminhao,viatura,outros,vitimas,vitimasfatais,acidente_verificado,tempo_clima,situacao_semaforo,sinalizacao,condicao_via,conservacao_via,ponto_controle,situacao_placa,velocidade_max_via,mao_direcao,divisao_via1,divisao_via2,divisao_via3,,,,
2018-02-17,10:57:00,SEM VÍTIMA,CANCELADA,SAN MARTIN,AV GENERAL SAN MARTIN,,,GIRADOR DE SAN MARTIN / SENT AV RECIFE,AV GENERAL SAN MARTIN,,GIRADOR DE SAN MARTIN / SENT AV RECIFE,SAN MARTIN,,,COLISÃO,DOIS AUTOS / VT 13 NO QTH CLAUDEMIR,2,,,,,,,,,0,,,,,,,,,,,,,,,,,,
2018-02-17,11:09:00,SEM VÍTIMA,FINALIZADA,BOA VIAGEM,AV ENGENHEIRO DOMINGOS FERREIRA,,,EM FRENTE A CONCESSIONARIA AUTO PARVI,AV ENGENHEIRO DOMINGOS FERREIRA,,EM FRENTE A CONCESSIONARIA AUTO PARVI,BOA VIAGEM,,,COLISÃO,COLISÃO SEM VITIMAS,2,,,,,,,,,0,,,,,,,,,,,,,,,,,,
2018-02-17,11:13:00,SEM VÍTIMA,FINALIZADA,MADALENA,RUA PESSOA DE MELO,299,,EM FRENTE AO SÃO BRAZ,RUA PESSOA DE MELO,299,EM FRENTE AO SÃO BRAZ,MADALENA,,,COLISÃO,COL.S/V,2,,,,,,,,,0,,,,,,,,,,,,,,,,,,
2018-02-17,11:42:00,SEM VÍTIMA,FINALIZADA,CASA AMARELA,RUA DA HARMONIA,,,PROX DA IGREJA DA HARMONIA AO LADO DA FARMACIA INDEPENDENTE,RUA DA HARMONIA,,PROX DA IGREJA DA HARMONIA AO LADO DA FARMACIA INDEPENDENTE,CASA AMARELA,,,COLISÃO,,2,,,,,,,,,0,,,,,,,,,,,,,,,,,,
2018-02-17,12:14:00,SEM VÍTIMA,FINALIZADA,BOA VIAGEM,RUA TOME GIBSON,919,,PROX. AO MALIBU, POR TRAZ DO HOTEL,RUA TOME GIBSON,919,PROX. AO MALIBU, POR TRAZ DO HOTEL,BOA VIAGEM,,,COLISÃO,COLISÃO SEM VITIMAS,2,,,,,,,,,0,,,,,,,,,,,,,,,,
2018-02-17,12:15:00,SEM VÍTIMA,FINALIZADA,IBURA,AV JOAO RIO BRANCO DE LIMA,410,,EM FRENTE A BORRACHARIA SM PNEUS,AV JOAO RIO BRANCO DE LIMA,410,EM FRENTE A BORRACHARIA SM PNEUS,IBURA,,,COLISÃO,SEM VITIMAS,1,,,,,,1,,,0,,,,,,,,,,,,,,,,,,
2018-02-17,13:02:00,SEM VÍTIMA,CANCELADA,IPUTINGA,AV CAXANGA,4038,,SENT/DERBY EM FRENTE AO POSTO BR,AV CAXANGA,4038,SENT/DERBY EM FRENTE AO POSTO BR,IPUTINGA,,,COLISÃO,SEM VITIMAS,2,,,,,,,,,0,,,,,,,,,,,,,,,,,,
2018-02-17,13:18:00,SEM VÍTIMA,CANCELADA,CASA FORTE,RUA NESTOR SILVA,,,EM FRENTE A MAC DONALDS,PRAÇA JORNALISTA PESSOA DE QUEIROZ,RUA NESTOR SILVA,,EM FRENTE A MAC DONALDS,PRAÇA JORNALISTA PESSOA DE QUEIROZ,CASA FORTE,,,COLISÃO,SEM VITIMAS,2,,,,,,,,,0,,,,,,,,,,,,,,,,
2018-02-17,13:33:00,SEM VÍTIMA,FINALIZADA,IPSEP,AV RECIFE,1260,,SENT/BR 101,SEMAFORO 319,,AV RECIFE,1260,SENT/BR 101,SEMAFORO 319,,IPSEP,,,COLISÃO,,1,,,,,,1,,,0,,,,,,,,,,,,,,
2018-02-17,13:55:00,SEM VÍTIMA,CANCELADA,DERBY,AV GOVERNADOR AGAMENON MAGALHAES,,,EM FRENTE A O HOSPITAL DA RESTAURAÇÃO,SENT/PINA,AV GOVERNADOR AGAMENON MAGALHAES,,EM FRENTE A O HOSPITAL DA RESTAURAÇÃO,SENT/PINA,DERBY,,,COLISÃO,SEM VITIMAS,1,,,,,,,,,0,,,,,,,,,,,,,,,,
2018-02-17,14:22:00,COM VÍTIMA,FINALIZADA,IMBIRIBEIRA,AV MARECHAL MASCARENHAS DE MORAES,,,JUNTO AO SEMAFORO 289,AV MARECHAL MASCARENHAS DE MORAES,,JUNTO AO SEMAFORO 289,IMBIRIBEIRA,,,COLISÃO,COLISÃO SEM VITIMAS,1,1,,,,,,,,1,,,,,,,,,,,,,,,,,,
2018-02-17,17:42:00,SEM VÍTIMA,FINALIZADA,ILHA DO RETIRO,AV ENGENHEIRO ABDIAS DE CARVALHO,,,ENFRENTE AO SPORT CLUB DO RECIFE,AV ENGENHEIRO ABDIAS DE CARVALHO,,ENFRENTE AO SPORT CLUB DO RECIFE,ILHA DO RETIRO,,,COLISÃO,COLISÃO SEM VITIMAS,2,,,,,,,,,0,,,,,,,,,,,,,,,,,,
2018-02-17,18:32:00,SEM VÍTIMA,FINALIZADA,AFOGADOS,RUA SAO MIGUEL,268,,ENF AO DEPATR,RUA SAO MIGUEL,268,ENF AO DEPATR,AFOGADOS,,,COLISÃO,ONIBUS X CLASSIC,1,,,,,1,,,,0,,,,,,,,,,,,,,,,,,
2018-02-17,18:41:00,SEM VÍTIMA,FINALIZADA,ÁGUA FRIA,AV BEBERIBE,,,ENFR AO MERCADO DE AGUA FRIA,AV BEBERIBE,,ENFR AO MERCADO DE AGUA FRIA,ÁGUA FRIA,,,COLISÃO,ONIBUS X FOX,1,,,,,1,,,,0,,,,,,,,,,,,,,,,,,
2018-02-17,18:44:00,SEM VÍTIMA,FINALIZADA,TORRÕES,RUA ARTUR COUTINHO,520,,E/F A PADARIA CENTRAL DO PÃO E PROX AO CAMPO DA RODA DE FOGO,RUA ARTUR COUTINHO,520,E/F A PADARIA CENTRAL DO PÃO E PROX AO CAMPO DA RODA DE FOGO,TORRÕES,,,ACID. DE PERCURSO,MOTORISTA PERDEU O CONTROLE DO VEÍCULO, FAZENDO O CAIR EM UM CANAL. O MESMO APRESENTANDO EMBRIGUEZ, ACABOU SE EVADINDO, DEIXANDO O AUTO CAÍDO NO LOCAL.,1,,,,,,,,,0,,,,,,,,,,,,,,,
2018-02-17,19:49:00,COM VÍTIMA,FINALIZADA,PINA,RUA ARQUITETO AUGUSTO REINALDO,193,,PROX AO ATACADO DA CONSTRUCAO,RUA ARQUITETO AUGUSTO REINALDO,193,PROX AO ATACADO DA CONSTRUCAO,PINA,,,COLISÃO,AUTO X MOTO,1,1,,,,,,,,1,,,,,,,,,,,,,,,,,,
2018-02-17,20:12:00,COM VÍTIMA,FINALIZADA,SAN MARTIN,AV GENERAL SAN MARTIN,,,PROXIMIDADES DA LOMBADA ELETRôNICA / APÓS A CAVALARIA / E/F A LOJA DELAZARI,AV GENERAL SAN MARTIN,,PROXIMIDADES DA LOMBADA ELETRôNICA / APÓS A CAVALARIA / E/F A LOJA DELAZARI,SAN MARTIN,,,COLISÃO,ENTRE AUTO E MOTO. C/V,1,,1,,,,,,,1,,,,,,,,,,,,,,,,,,
2018-02-17,20:44:00,SEM VÍTIMA,FINALIZADA,TEJIPIÓ,AV DR JOSE RUFINO,,RUA DO SANCHO,ENF A ESTAÇAO TEJIPIO SEMAFORO 434 CRUZAMENTO CO A RUA DO SANCHO,AV DR JOSE RUFINO,,ENF A ESTAÇAO TEJIPIO SEMAFORO 434 CRUZAMENTO CO A RUA DO SANCHO,TEJIPIÓ,,,COLISÃO,ONIBUS X AUTO,1,,,,,1,,,,0,,,,,,,,,,,,,,,,,,
2018-02-17,21:56:00,SEM VÍTIMA,FINALIZADA,CASA FORTE,AV DEZESSETE DE AGOSTO,892,,E/F A PIZZARIA HUT E AO EDF CASA GRANDE DE SANTANA. SENTIDO CASA AMARELA,AV DEZESSETE DE AGOSTO,892,E/F A PIZZARIA HUT E AO EDF CASA GRANDE DE SANTANA. SENTIDO CASA AMARELA,CASA FORTE,,,COLISÃO,ENTRE AUTOS, S/V,2,,,,,,,,,0,,,,,,,,,,,,,,,,,
2018-02-17,22:00:00,COM VÍTIMA,FINALIZADA,ROSARINHO,AV NORTE,,,SEMÁFORO 081 E E/F A PADARIA ROSARINHO,AV NORTE,,SEMÁFORO 081 E E/F A PADARIA ROSARINHO,ROSARINHO,,,COLISÃO,ENTRE AUTO E MOTO. C/V,1,1,,,,,,,,1,,,,,,,,,,,,,,,,,,
2018-02-17,22:15:00,SEM VÍTIMA,FINALIZADA,ARRUDA,RUA DO TRIUNFO,,RUA DO MACHADO,CRUZ COM A R DO MACHADO / POR TRÁS DO CAMPO DO ARRUDA,RUA DO TRIUNFO,,CRUZ COM A R DO MACHADO / POR TRÁS DO CAMPO DO ARRUDA,ARRUDA,,,COLISÃO,ENTRE 2 AUTOS,2,,,,,,,,,0,,,,,,,,,,,,,,,,,,
2018-02-17,22:53:00,SEM VÍTIMA,FINALIZADA,IMBIRIBEIRA,AV MARECHAL MASCARENHAS DE MORAES,,,ENF AO AEROPORTO SENTIDO PIEDADE ANTES DA LOMBADA ELETRONICA,AV MARECHAL MASCARENHAS DE MORAES,,ENF AO AEROPORTO SENTIDO PIEDADE ANTES DA LOMBADA ELETRONICA,IMBIRIBEIRA,,,COLISÃO,TRES AUTO,3,,,,,,,,,0,,,,,,,,,,,,,,,,,,
2018-02-18,06:54:00,SEM VÍTIMA,FINALIZADA,NOVA DESCOBERTA,RUA NOVA DESCOBERTA,,,EM FRENTE AO MERCADO PUBLICO NOVA DESCOBERTA,RUA NOVA DESCOBERTA,,EM FRENTE AO MERCADO PUBLICO NOVA DESCOBERTA,NOVA DESCOBERTA,,,COLISÃO,COLISÃO SEM VITIMAS,1,,,,,1,,,,0,,,,,,,,,,,,,,,,,,
2018-02-18,12:59:00,COM VÍTIMA,FINALIZADA,SANTO AMARO,AV VISCONDE DE SUASSUNA,,,PROXIMO AO SEMÁFORO 032,AV VISCONDE DE SUASSUNA,,PROXIMO AO SEMÁFORO 032,SANTO AMARO,,,COLISÃO,COLISÃO COM VÍTIMA,1,,,,,,,,,1,,,,,,,,,,,,,,,,,,
2018-02-18,13:17:00,SEM VÍTIMA,FINALIZADA,IMBIRIBEIRA,RUA ARQUITETO LUIZ NUNES,,,SENTIDO IPSEP EM FRENTE AO SUPERMERCADO NOVO TEMPO,RUA ARQUITETO LUIZ NUNES,,SENTIDO IPSEP EM FRENTE AO SUPERMERCADO NOVO TEMPO,IMBIRIBEIRA,,,COLISÃO,COLISÃO SEM VITIMAS,2,,,,,,,,,0,,,,,,,,,,,,,,,,,,
2018-02-18,14:03:00,SEM VÍTIMA,FINALIZADA,BOA VIAGEM,RUA RIO AZUL,,,PROX AO COLEGIO MARIA TEREZA EM FRENTE AO SUPERMERCADO TREVO,RUA RIO AZUL,,PROX AO COLEGIO MARIA TEREZA EM FRENTE AO SUPERMERCADO TREVO,BOA VIAGEM,,,COLISÃO,COLISÃO SEM VITIMAS,3,1,,,,,,,,0,,,,,,,,,,,,,,,,,,
2018-02-18,15:44:00,SEM VÍTIMA,CANCELADA,BOA VIAGEM,AV BOA VIAGEM,500,RUA PEREIRA DA COSTA,DE ESQUINA COM A RUA PEREIRA COSTA EM FRENTE A CAFETERIA CASA DOS FRIOS,AV BOA VIAGEM,500,DE ESQUINA COM A RUA PEREIRA COSTA EM FRENTE A CAFETERIA CASA DOS FRIOS,BOA VIAGEM,,,COLISÃO,COLISÃO SEM VITIMAS,2,,,,,,,,,0,,,,,,,,,,,,,,,,,,
2018-02-18,17:53:00,COM VÍTIMA,FINALIZADA,JOANA BEZERRA,VIADUTO CAPITAO TEMUDO,,,EM CIMA DO VIADUTO CAPITAO TEMUDO SENTIDO BOA VIAGEM O ACESSO QUE VAI PARA A IMPERIAL,VIADUTO CAPITAO TEMUDO,,EM CIMA DO VIADUTO CAPITAO TEMUDO SENTIDO BOA VIAGEM O ACESSO QUE VAI PARA A IMPERIAL,JOANA BEZERRA,,,CHOQUE,VEICULO X MURETA DE CONCRETO,1,,,,,,,,,1,,,,,,,,,,,,,,,,,,
2018-02-18,18:42:00,SEM VÍTIMA,FINALIZADA,CASA AMARELA,AV DR EURICO CHAVES,677,RUA MARIA CAROLINA,PROX A PANIFICADORA VITORIA E CRUZAMENTO COM A RUA MARIA CAROLINA,AV DR EURICO CHAVES,677,PROX A PANIFICADORA VITORIA E CRUZAMENTO COM A RUA MARIA CAROLINA,CASA AMARELA,,,COLISÃO,ONIBUS GLOBO X AUTO OBS::: CONDUTOR DO AUTO PASSEIO NAO QUER RETIRA O VEICULO DO LOCAL,1,,,,,1,,,,0,,,,,,,,,,,,,,,,,,
2018-02-18,19:43:00,SEM VÍTIMA,FINALIZADA,IPSEP,RUA PINTOR ANTONIO ALBUQUERQUE,343,,APOS O MERCADINHO CONVEÇÃO, PROX DA OFICINA DE PINTURA EDIVALDO,RUA PINTOR ANTONIO ALBUQUERQUE,343,APOS O MERCADINHO CONVEÇÃO, PROX DA OFICINA DE PINTURA EDIVALDO,IPSEP,,,CHOQUE,AUTO CHOCOU-SE EM UM AUTO QUE ESTAVA ESTACIONADO S/V,2,,,,,,,,,0,,,,,,,,,,,,,,,,
2018-02-18,21:21:00,SEM VÍTIMA,FINALIZADA,DERBY,AV GOVERNADOR AGAMENON MAGALHAES,,,PROX DO BANCO BRADESCO PROX DO REAL HOSPITAL PORTUGUÊS, SENTIDO BOA VIAGEM,AV GOVERNADOR AGAMENON MAGALHAES,,PROX DO BANCO BRADESCO PROX DO REAL HOSPITAL PORTUGUÊS, SENTIDO BOA VIAGEM,DERBY,,,COLISÃO,COLISÃO ENTRE ÔNIBUS E AUTO S/V,1,,,,,1,,,,0,,,,,,,,,,,,,,,,
2018-02-18,21:32:00,SEM VÍTIMA,FINALIZADA,BOA VIAGEM,RUA VISCONDE DE JEQUITINHONHA,680,AV BALTAZAR PASSOS,CRUZAMENTO COM A BALTAZAR PASSOS,RUA VISCONDE DE JEQUITINHONHA,680,CRUZAMENTO COM A BALTAZAR PASSOS,BOA VIAGEM,,,ENGAVETAMENTO,QUATRO VEICULOS,4,,,,,,,,,0,,,,,,,,,,,,,,,,,,
2018-02-19,06:18:00,SEM VÍTIMA,FINALIZADA,BOA VIAGEM,AV ENGENHEIRO DOMINGOS FERREIRA,138,,E/F AO PONTEIO NA PISTA PRINCIPAL,AV ENGENHEIRO DOMINGOS FERREIRA,138,E/F AO PONTEIO NA PISTA PRINCIPAL,BOA VIAGEM,,,COLISÃO,SEM VÍTIMAS,,,,,,1,1,,,0,,,,,,,,,,,,,,,,,,
2018-02-19,06:25:00,SEM VÍTIMA,FINALIZADA,BEBERIBE,AV BEBERIBE,,,EM FRENTE AO SESC / SENT SUB,AV BEBERIBE,,EM FRENTE AO SESC / SENT SUB,BEBERIBE,,,COLISÃO,ONIBUS E AUTO,1,,,,,1,,,,0,,,,,,,,,,,,,,,,,,
2018-02-19,06:38:00,SEM VÍTIMA,FINALIZADA,BOA VISTA,PRC PARQUE AMORIM,,,AO LADO DO BOMPREÇO,PRC PARQUE AMORIM,,AO LADO DO BOMPREÇO,BOA VISTA,,,COLISÃO,SEM VÍTIMAS,1,,,,,1,,,,0,,,,,,,,,,,,,,,,,,
2018-02-19,07:38:00,SEM VÍTIMA,FINALIZADA,AFOGADOS,AV SUL,,,NO SEMAFORO Nº320,AV SUL,,NO SEMAFORO Nº320,AFOGADOS,,,COLISÃO,COL.S/V .SET.CD,1,,,,,,1,,,0,,,,,,,,,,,,,,,,,,
2018-02-19,08:53:00,SEM VÍTIMA,FINALIZADA,ÁGUA FRIA,EST VELHA DE AGUA FRIA,1687,,E/F DA IGREJA UNIVERSAL DO REINO DE DEUS,EST VELHA DE AGUA FRIA,1687,E/F DA IGREJA UNIVERSAL DO REINO DE DEUS,ÁGUA FRIA,,,COLISÃO COM CICLISTA,COLISAO DE ONIBUS COM CICLISTA VT 14 NO LOCAL,,,,1,,1,,,,0,,,,,,,,,,,,,,,,,,
2018-02-19,09:17:00,SEM VÍTIMA,FINALIZADA,GUABIRABA,AV EMBAIXADOR ASSIS CHATEAUBRIAND,,,NO TERMINAL DOS ÔNIBUS DA GUABIRABA,AV EMBAIXADOR ASSIS CHATEAUBRIAND,,NO TERMINAL DOS ÔNIBUS DA GUABIRABA,GUABIRABA,,,COLISÃO,COL.S//V.,1,,,,,,1,,,0,,,,,,,,,,,,,,,,,,
2018-02-19,09:28:00,SEM VÍTIMA,FINALIZADA,CAXANGÁ,AV CAXANGA,,,NO SEMAFORO 080 E/F DA INTEGRAÇAO DO HOSPITAL GETULIO VARGAS S/T ALDEIA,AV CAXANGA,,NO SEMAFORO 080 E/F DA INTEGRAÇAO DO HOSPITAL GETULIO VARGAS S/T ALDEIA,CAXANGÁ,,,COLISÃO,COLISAO ONIBUS E AUTO S/V,,,,,,,,,,0,,,,,,,,,,,,,,,,,,
2018-02-19,09:28:00,SEM VÍTIMA,FINALIZADA,PARNAMIRIM,RUA SEBASTIAO MALTA ARCOVERDE,173,,RUA DA FIRMA RENAUX GESTAO E SERVIÇO,RUA SEBASTIAO MALTA ARCOVERDE,173,RUA DA FIRMA RENAUX GESTAO E SERVIÇO,PARNAMIRIM,,,COLISÃO,CARRO FORTE E ONIBUS,,,,,,1,,,1,0,,,,,,,,,,,,,,,,,,
2018-02-19,09:46:00,SEM VÍTIMA,FINALIZADA,BOA VISTA,AV GOVERNADOR AGAMENON MAGALHAES,,,EM FRENTE AO COLEGIO AMERICANO BATISTA,AV GOVERNADOR AGAMENON MAGALHAES,,EM FRENTE AO COLEGIO AMERICANO BATISTA,BOA VISTA,,,COLISÃO,COL..S/V SET. OLINDA GM JA NO LOCAL,2,,,,,,,,,0,,,,,,,,,,,,,,,,,,
2018-02-19,10:30:00,SEM VÍTIMA,FINALIZADA,SANTO AMARO,AV GOVERNADOR AGAMENON MAGALHAES,2615,,EM FRENTE AO EDF/BURLE MARX,AV GOVERNADOR AGAMENON MAGALHAES,2615,EM FRENTE AO EDF/BURLE MARX,SANTO AMARO,,,COLISÃO,COL.S/V SET.OLINDA NA VIA LOCAL,3,,,,,,,,,0,,,,,,,,,,,,,,,,,,
2018-02-19,10:34:00,SEM VÍTIMA,FINALIZADA,AFOGADOS,RUA SAO MIGUEL,187,,EM FRENTE A ACADEMIA BELEZA E SAUDE,RUA SAO MIGUEL,187,EM FRENTE A ACADEMIA BELEZA E SAUDE,AFOGADOS,,,COLISÃO,DOIS AUTOS,2,,,,,,,,,0,,,,,,,,,,,,,,,,,,
2018-02-19,10:38:00,SEM VÍTIMA,FINALIZADA,GRAÇAS,RUA DR VICENTE MEIRA,114,,E/F AO ESPINHEIRO SHOPPING,RUA DR VICENTE MEIRA,114,E/F AO ESPINHEIRO SHOPPING,GRAÇAS,,,COLISÃO,SEM VÍTIMAS.,2,,,,,,,,,0,,,,,,,,,,,,,,,,,,
2018-02-19,11:56:00,SEM VÍTIMA,FINALIZADA,CASA AMARELA,EST DO ARRAIAL,3863,,EM FRENTE AO BRADESCO,EST DO ARRAIAL,3863,EM FRENTE AO BRADESCO,CASA AMARELA,,,COLISÃO,ONIBUS E AUTO,1,,,,,1,,,,0,,,,,,,,,,,,,,,,,,
2018-02-19,12:04:00,SEM VÍTIMA,FINALIZADA,IMBIRIBEIRA,AV MARECHAL MASCARENHAS DE MORAES,,,EM FRENTE AO TRIBUNAL DO TRABALHO RECIFE/ SENTIDO CIDADE,AV MARECHAL MASCARENHAS DE MORAES,,EM FRENTE AO TRIBUNAL DO TRABALHO RECIFE/ SENTIDO CIDADE,IMBIRIBEIRA,,,COLISÃO,COLISÃO SEM VÍTIMA,2,,,,,,,,,0,,,,,,,,,,,,,,,,,,
2018-02-19,12:13:00,COM VÍTIMA,FINALIZADA,CORDEIRO,RUA GOMES TABORDA,,,E/F DO SUPERMERCADO IDEAL ATACAREJO S/T AV DO FORTE,RUA GOMES TABORDA,,E/F DO SUPERMERCADO IDEAL ATACAREJO S/T AV DO FORTE,CORDEIRO,,,COLISÃO,COLISAO DE AUTO E MOTO COM UMA VITIMA,1,1,,,,,,,,1,,,,,,,,,,,,,,,,,,
2018-02-19,12:34:00,SEM VÍTIMA,CANCELADA,COHAB,AV RIO GRANDE,282,,PROXIMO A DELEGACIA DO UR1,AV RIO GRANDE,282,PROXIMO A DELEGACIA DO UR1,COHAB,,,COLISÃO,COLISÃO SEM VÍTIMA,2,,,,,,,,,0,,,,,,,,,,,,,,,,,,
2018-02-19,12:45:00,SEM VÍTIMA,FINALIZADA,IBURA,AV ENGENHO SERRA VERDE,500,,UR3 PROX DA ESQUINA DA CONTRUÇÃO,AV ENGENHO SERRA VERDE,500,UR3 PROX DA ESQUINA DA CONTRUÇÃO,IBURA,,,COLISÃO,COLISAO DE DOIS AUTOS S/V,2,,,,,,,,,0,,,,,,,,,,,,,,,,,,
2018-02-19,12:50:00,SEM VÍTIMA,FINALIZADA,SÃO JOSÉ,AV MARTINS DE BARROS,,,NA PRAÇA DESZESSETE PROX DO FORUM TOMÁS DE AQUINO,AV MARTINS DE BARROS,,NA PRAÇA DESZESSETE PROX DO FORUM TOMÁS DE AQUINO,SÃO JOSÉ,,,COLISÃO,COLISAO DE DOIS AUTOS S/V,2,,,,,,,,,0,,,,,,,,,,,,,,,,,,
2018-02-19,13:58:00,SEM VÍTIMA,FINALIZADA,CASA FORTE,AV DEZESSETE DE AGOSTO,189,,EM FRENTE A CASA DOS COLCHÕES,AV DEZESSETE DE AGOSTO,189,EM FRENTE A CASA DOS COLCHÕES,CASA FORTE,,,COLISÃO,COLISÃO SEM VÍTIMA,3,,,,,,,,,0,,,,,,,,,,,,,,,,,,
2018-02-19,16:26:00,SEM VÍTIMA,FINALIZADA,BOA VIAGEM,RUA BRUNO VELOSO,,AV DOMINGOS FERREIRA,ESQUINA COM A DOMINGOS FERREIRA, SEMAFORO 338,RUA BRUNO VELOSO,,ESQUINA COM A DOMINGOS FERREIRA, SEMAFORO 338,BOA VIAGEM,,,COLISÃO,AUTO E ONIBUS ,1,,,,,1,,,,0,,,,,,,,,,,,,,,,
2018-02-19,16:42:00,SEM VÍTIMA,FINALIZADA,MADALENA,AV VISCONDE DE ALBUQUERQUE,,,C / RUA LOPES DE CARVALHO,AV VISCONDE DE ALBUQUERQUE,,C / RUA LOPES DE CARVALHO,MADALENA,,,COLISÃO,,1,1,,,,,,,,0,,,,,,,,,,,,,,,,,,
2018-02-19,16:47:00,COM VÍTIMA,FINALIZADA,IMBIRIBEIRA,AV MARECHAL MASCARENHAS DE MORAES,,,EM FRENTE A TAMBAÍ,AV MARECHAL MASCARENHAS DE MORAES,,EM FRENTE A TAMBAÍ,IMBIRIBEIRA,,,COLISÃO,,1,,,,,1,,,,1,,,,,,,,,,,,,,,,,,
2018-02-19,16:50:00,COM VÍTIMA,FINALIZADA,CASA AMARELA,EST DO ARRAIAL,2823,,PROX AO HOSPITAL AGAMENON MAGALHAES E/F DO EDF TI ARIES,EST DO ARRAIAL,2823,PROX AO HOSPITAL AGAMENON MAGALHAES E/F DO EDF TI ARIES,CASA AMARELA,,,COLISÃO,COLISAO DE AUTO E MOTO COM UMA VITIMA VT 14 NO LOCAL,1,1,,,,,,,,1,,,,,,,,,,,,,,,,,,
2018-02-19,17:13:00,SEM VÍTIMA,FINALIZADA,IPUTINGA,EST DO BARBALHO,,,EM FRENTE AO PORTAO DE VISTORIA DO DETRAN,EST DO BARBALHO,,EM FRENTE AO PORTAO DE VISTORIA DO DETRAN,IPUTINGA,,,COLISÃO,AUTO E ONIBUS DA MOBI S/V,1,,,,,1,,,,0,,,,,,,,,,,,,,,,,,
2018-02-19,17:28:00,COM VÍTIMA,FINALIZADA,CASA FORTE,AV DEZESSETE DE AGOSTO,,,ENTRE O BARCHEF E O BAR REAL BOTEQUIM,AV DEZESSETE DE AGOSTO,,ENTRE O BARCHEF E O BAR REAL BOTEQUIM,CASA FORTE,,,COLISÃO,COLISAO DE AUTO E DUAS MOTO COM UMA VITIMA,1,2,,,,,,,,4,,,,,,,,,,,,,,,,,,
2018-02-19,17:37:00,SEM VÍTIMA,FINALIZADA,ÁGUA FRIA,EST VELHA DE AGUA FRIA,1824,,PROX. AO MERCADO IDEAL E MILENA MOVEIS,EST VELHA DE AGUA FRIA,1824,PROX. AO MERCADO IDEAL E MILENA MOVEIS,ÁGUA FRIA,,,COLISÃO,AUTO E CAMINHAO,1,,,,,,1,,,0,,,,,,,,,,,,,,,,,,
2018-02-19,18:01:00,SEM VÍTIMA,FINALIZADA,MADALENA,RUA BENFICA,,,PROX. AO CLUBE INTERNACIONAL,RUA BENFICA,,PROX. AO CLUBE INTERNACIONAL,MADALENA,,,COLISÃO,DOIS AUTOS, PONTO FIXO- GM,2,,,,,,,,,0,,,,,,,,,,,,,,,,,
2018-02-19,18:17:00,SEM VÍTIMA,FINALIZADA,CAMPO GRANDE,RUA FARIAS NEVES,,AV FRANKLIN TAVORA,CRUZAMENTO COM AV FRANKLIN TAVORA,RUA FARIAS NEVES,,CRUZAMENTO COM AV FRANKLIN TAVORA,CAMPO GRANDE,,,COLISÃO,DOIS AUTO,2,,,,,,,,,0,,,,,,,,,,,,,,,,,,
2018-02-19,18:22:00,COM VÍTIMA,CANCELADA,POÇO DA PANELA,RUA MARECHAL RONDON,,EST DO ENCANAMENTO,TRANSVERSAL COM EST. DO ENCANAMENTO PROX A CASA DE SHOW ESTRIPOLIA,RUA MARECHAL RONDON,,TRANSVERSAL COM EST. DO ENCANAMENTO PROX A CASA DE SHOW ESTRIPOLIA,POÇO DA PANELA,,,COLISÃO COM CICLISTA,CICLISTA E AUTO,1,,,1,,,,,,1,,,,,,,,,,,,,,,,,,
2018-02-19,18:30:00,SEM VÍTIMA,FINALIZADA,NOVA DESCOBERTA,RUA ALTO DO REFUGIO,370,,PROX. Á IGREJA ASSEMBLEIA DE DEUS,RUA ALTO DO REFUGIO,370,PROX. Á IGREJA ASSEMBLEIA DE DEUS,NOVA DESCOBERTA,,,COLISÃO,VT DA POLICIA E MOTO,,1,,,,,,1,,0,,,,,,,,,,,,,,,,,,
2018-02-19,19:01:00,SEM VÍTIMA,CANCELADA,IMBIRIBEIRA,AV MARECHAL MASCARENHAS DE MORAES,2092,,PROX PELLEGRINO DISTRIBUIDORA DE AUTO PEÇAS SENTIDO AEROPORTO,AV MARECHAL MASCARENHAS DE MORAES,2092,PROX PELLEGRINO DISTRIBUIDORA DE AUTO PEÇAS SENTIDO AEROPORTO,IMBIRIBEIRA,,,COLISÃO,GOL X TUCSON,2,,,,,,,,,0,,,,,,,,,,,,,,,,,,
2018-02-19,19:02:00,SEM VÍTIMA,FINALIZADA,CORDEIRO,RUA GREGORIO JUNIOR,,AV CAXANGA,COM AV. CAXANGA AO LADO DA SHINERAY,RUA GREGORIO JUNIOR,,COM AV. CAXANGA AO LADO DA SHINERAY,CORDEIRO,,,COLISÃO,DOIS AUTOS,2,,,,,,,,,0,,,,,,,,,,,,,,,,,,
2018-02-19,19:07:00,SEM VÍTIMA,FINALIZADA,AFOGADOS,EST DOS REMEDIOS,895,,ENF AO CABLOQUINHO,EST DOS REMEDIOS,895,ENF AO CABLOQUINHO,AFOGADOS,,,COLISÃO,DOIS AUTO,2,,,,,,,,,0,,,,,,,,,,,,,,,,,,
2018-02-19,19:28:00,SEM VÍTIMA,FINALIZADA,CAMPO GRANDE,RUA SAO CAETANO,317,RUA PROFESSOR FRANCISCO DA TRINDADE,COM A RUA PROFESSOR FRANCISCO TRINDADE, PROX. AO CLUBE DAS PAZ,RUA SAO CAETANO,317,COM A RUA PROFESSOR FRANCISCO TRINDADE, PROX. AO CLUBE DAS PAZ,CAMPO GRANDE,,,COLISÃO,DOIS AUTOS,2,,,,,,,,,0,,,,,,,,,,,,,,,,