data,hora,natureza_acidente,situacao,bairro,endereco,numero,detalhe_endereco_acidente,complemento,endereco_cruzamento,numero_cruzamento,referencia_cruzamento,bairro_cruzamento,num_semaforo,sentido_via,tipo,descricao,auto,moto,ciclom,ciclista,pedestre,onibus,caminhao,viatura,outros,vitimas,vitimasfatais,acidente_verificado,tempo_clima,situacao_semaforo,sinalizacao,condicao_via,conservacao_via,ponto_controle,situacao_placa,velocidade_max_via,mao_direcao,divisao_via1,divisao_via2,divisao_via3,,,,
2018-02-19,20:47:00,SEM VÍTIMA,FINALIZADA,VASCO DA GAMA,RUA VASCO DA GAMA,645,,PROX. Á IGREJA CATOLICA DO VASCO DA GAMA,RUA VASCO DA GAMA,645,PROX. Á IGREJA CATOLICA DO VASCO DA GAMA,VASCO DA GAMA,,,COLISÃO,ONIBUS E AUTO,1,,,,,1,,,,0,,,,,,,,,,,,,,,,,,
2018-02-19,21:09:00,COM VÍTIMA,FINALIZADA,BARRO,AV DR JOSE RUFINO,,,PROX AO VIADUTO DA BR 101 PROX AO HTEL OLIMPICOS,AV DR JOSE RUFINO,,PROX AO VIADUTO DA BR 101 PROX AO HTEL OLIMPICOS,BARRO,,,COLISÃO,AUTO E MOTO,1,1,,,,,,,,1,,,,,,,,,,,,,,,,,,
2018-02-19,21:31:00,COM VÍTIMA,FINALIZADA,ESPINHEIRO,RUA DO ESPINHEIRO,,RUA SANTO ELIAS,CRUZAMENTO COM A RUA SANTA ELIA PROX AO POSTO IPIRANGA,RUA DO ESPINHEIRO,,CRUZAMENTO COM A RUA SANTA ELIA PROX AO POSTO IPIRANGA,ESPINHEIRO,,,COLISÃO,ONIBUS GLOBO X AUTO,1,,,,,1,,,,1,,,,,,,,,,,,,,,,,,
2018-02-19,22:08:00,SEM VÍTIMA,FINALIZADA,CAJUEIRO,AV SEBASTIAO SALAZAR,187,,APOS O BAR DA FAVA,AV SEBASTIAO SALAZAR,187,APOS O BAR DA FAVA,CAJUEIRO,,,COLISÃO,DOIS AUTOS,2,,,,,,,,,0,,,,,,,,,,,,,,,,,,
2018-02-19,22:26:00,SEM VÍTIMA,FINALIZADA,CAXANGÁ,AV CAXANGA,,RUA JOSÉ OSÓRIO,NO FINAL DA RUA JOSE OSORIO NO COMEÇO DA AV CAXANGA,AV CAXANGA,,NO FINAL DA RUA JOSE OSORIO NO COMEÇO DA AV CAXANGA,CAXANGÁ,,,COLISÃO,ONIBUS DA PREFEITURA X AUTO,1,,,,,1,,,,0,,,,,,,,,,,,,,,,,,
2018-02-20,02:57:00,SEM VÍTIMA,FINALIZADA,IPUTINGA,RUA MAURICIO DE NASSAU,238,,APOS A LOMBADA ELETRONICA SENT. DETRAN,RUA MAURICIO DE NASSAU,238,APOS A LOMBADA ELETRONICA SENT. DETRAN,IPUTINGA,,,COLISÃO,DUAS VT- DA PM,,,,,,,,2,,0,,,,,,,,,,,,,,,,,,
2018-02-20,06:12:00,SEM VÍTIMA,FINALIZADA,ESTÂNCIA,AV RECIFE,1781,,PROX AO POSTO TOTAL/BOMPREÇO/RESID INEZ ANDREAZA,AV RECIFE,1781,PROX AO POSTO TOTAL/BOMPREÇO/RESID INEZ ANDREAZA,ESTÂNCIA,,,COLISÃO,COLISÃO CAMIONETA X ÔNIBUS, S/VITIMA,1,,,,,1,,,,0,,,,,,,,,,,,,,,,,
2018-02-20,06:30:00,SEM VÍTIMA,FINALIZADA,ESTÂNCIA,AV RECIFE,,RUA SENADOR ALBERTO PASQUALINI,SEMAFORO 259 / SENT BR / CRUZ COM A RUA SEN ALBERTO PASQUALINI,AV RECIFE,,SEMAFORO 259 / SENT BR / CRUZ COM A RUA SEN ALBERTO PASQUALINI,ESTÂNCIA,,,COLISÃO,VAN E AUTO,2,,,,,,,,,0,,,,,,,,,,,,,,,,,,
2018-02-20,06:48:00,SEM VÍTIMA,FINALIZADA,CAXANGÁ,AV CAXANGA,1335,,EM FRENTE AO MERCADO STYLO,AV CAXANGA,1335,EM FRENTE AO MERCADO STYLO,CAXANGÁ,,,COLISÃO,COL.S/V,SET.CD NO VEICULO TEM UMA CRIANÇA MENOR,1,1,,,,,,,,0,,,,,,,,,,,,,,,,,
2018-02-20,07:01:00,SEM VÍTIMA,FINALIZADA,BOA VIAGEM,AV BOA VIAGEM,3178,,EM FRENTE AO EDF FRANCISCO DE PAULA / POSTO 6,AV BOA VIAGEM,3178,EM FRENTE AO EDF FRANCISCO DE PAULA / POSTO 6,BOA VIAGEM,,,COLISÃO,DOIS AUTOS,2,,,,,,,,,0,,,,,,,,,,,,,,,,,,
2018-02-20,07:44:00,SEM VÍTIMA,FINALIZADA,MANGABEIRA,AV NORTE,,,SEMÁFORO 096, PALÁCIO DO PÃO. SENTIDO SUBÚRBIO,AV NORTE,,SEMÁFORO 096, PALÁCIO DO PÃO. SENTIDO SUBÚRBIO,MANGABEIRA,,,COLISÃO,SEM VÍTIMAS,1,,,,,1,,,,0,,,,,,,,,,,,,,,,
2018-02-20,08:51:00,SEM VÍTIMA,FINALIZADA,MACAXEIRA,AV NORTE,6478,,HA 500 METROS DA INTEGRAÇÃO DA MACAXEIRA NO SENT/INTEGRAÇÃO,AV NORTE,6478,HA 500 METROS DA INTEGRAÇÃO DA MACAXEIRA NO SENT/INTEGRAÇÃO,MACAXEIRA,,,COLISÃO,SEM VITIMAS,1,,,,,1,,,,0,,,,,,,,,,,,,,,,,,
2018-02-20,09:12:00,SEM VÍTIMA,FINALIZADA,SÃO JOSÉ,AV MARTINS DE BARROS,593,,AO LADO DO FORO TOMAIS DE AGUINO,AV MARTINS DE BARROS,593,AO LADO DO FORO TOMAIS DE AGUINO,SÃO JOSÉ,,,COLISÃO,COL.S/V,2,,,,,,,,,0,,,,,,,,,,,,,,,,,,
2018-02-20,09:48:00,SEM VÍTIMA,FINALIZADA,AFLITOS,AV DR MALAQUIAS,59,,EM FRENTE A LOJA ARTE LAR,AV DR MALAQUIAS,59,EM FRENTE A LOJA ARTE LAR,AFLITOS,,,COLISÃO,DOIS AUTOS,2,,,,,,,,,0,,,,,,,,,,,,,,,,,,
2018-02-20,10:35:00,SEM VÍTIMA,FINALIZADA,MADALENA,RUA REAL DA TORRE,,,EM FRENTE AO MERCADO PUBLICO DA MADALENA,RUA REAL DA TORRE,,EM FRENTE AO MERCADO PUBLICO DA MADALENA,MADALENA,,,COLISÃO,COL.S/V, SET.CAXANGA,1,,,,,1,,,,0,,,,,,,,,,,,,,,,,
2018-02-20,10:47:00,SEM VÍTIMA,FINALIZADA,AREIAS,AV RECIFE,,,EM FRENTE AO RESIDENCIAL IGNES ANDREAZZA / SENT BOA VIAGEM,AV RECIFE,,EM FRENTE AO RESIDENCIAL IGNES ANDREAZZA / SENT BOA VIAGEM,AREIAS,,,COLISÃO,TRES AUTOS,3,,,,,,,,,0,,,,,,,,,,,,,,,,,,
2018-02-20,11:07:00,SEM VÍTIMA,CANCELADA,BOA VIAGEM,AV CONSELHEIRO AGUIAR,2255,RUA HENRIQUE CAPITULINO,EM FRENTE A LOJA DE COLCHÕES PRÁ DORMIR,CRUZ/ COM A RUA HENRIQUE CAPITULINO,AV CONSELHEIRO AGUIAR,2255,EM FRENTE A LOJA DE COLCHÕES PRÁ DORMIR,CRUZ/ COM A RUA HENRIQUE CAPITULINO,BOA VIAGEM,,,COLISÃO,SEM VITIMAS,2,,,,,,,,,0,,,,,,,,,,,,,,,,
2018-02-20,11:27:00,SEM VÍTIMA,FINALIZADA,BOA VISTA,AV MONTEVIDEU,183,,EM CAMARA MUNICIPAL DO RECIFE ANEXO TRES,AV MONTEVIDEU,183,EM CAMARA MUNICIPAL DO RECIFE ANEXO TRES,BOA VISTA,,,COLISÃO,SEM VITIMAS,1,1,,,,,,,,0,,,,,,,,,,,,,,,,,,
2018-02-20,11:47:00,SEM VÍTIMA,FINALIZADA,SÃO JOSÉ,RUA DA CONCORDIA,984,,E/F DA SEDE DO GALO DA MADRUGADA,RUA DA CONCORDIA,984,E/F DA SEDE DO GALO DA MADRUGADA,SÃO JOSÉ,,,COLISÃO,COLISAO DE CAMINHAO E AUTO S/V,1,,,,,,1,,,0,,,,,,,,,,,,,,,,,,
2018-02-20,12:04:00,SEM VÍTIMA,FINALIZADA,BAIRRO DO RECIFE,CAIS DO APOLO,,,EM FRENTE AO TRIBUNAL REGIONAL FEDERAL/ SENTIDO CIDADE,CAIS DO APOLO,,EM FRENTE AO TRIBUNAL REGIONAL FEDERAL/ SENTIDO CIDADE,BAIRRO DO RECIFE,,,COLISÃO,COLISÃO SEM VÍTIMA,2,,,,,,,,,0,,,,,,,,,,,,,,,,,,
2018-02-20,12:46:00,SEM VÍTIMA,FINALIZADA,SANTO ANTÔNIO,PTE BUARQUE DE MACEDO,,,PROX. AO PALACIO DAS PRINCESAS,PTE BUARQUE DE MACEDO,,PROX. AO PALACIO DAS PRINCESAS,SANTO ANTÔNIO,,,COLISÃO,DOIS AUTOS S/V,2,,,,,,,,,0,,,,,,,,,,,,,,,,,,
2018-02-20,12:48:00,SEM VÍTIMA,FINALIZADA,CASA FORTE,EST DAS UBAIAS,,195,,EM FRENTE AO EDIFICIO ETERNITY,EST DAS UBAIAS,,195,EM FRENTE AO EDIFICIO ETERNITY,CASA FORTE,,,COLISÃO,COLISÃO SEM VÍTIMA,1,1,,,,,,,,0,,,,,,,,,,,,,,,,
2018-02-20,13:08:00,,CANCELADA,BAIRRO DO RECIFE,RUA BUARQUE DE MACEDO,,,PROX DO PALACIO DAS PRINCESA ANTES DA PONTE S/T RECIFE ANTIGO,RUA BUARQUE DE MACEDO,,PROX DO PALACIO DAS PRINCESA ANTES DA PONTE S/T RECIFE ANTIGO,BAIRRO DO RECIFE,,,COLISÃO,COLISAO DE DOIS AUTOS S/V,2,,,,,,,,,0,,,,,,,,,,,,,,,,,,
2018-02-20,13:31:00,SEM VÍTIMA,FINALIZADA,BOA VIAGEM,RUA PADRE CARAPUCEIRO,,,NA ENTRADA DA PARADA DO SHOPPING RECIFE,RUA PADRE CARAPUCEIRO,,NA ENTRADA DA PARADA DO SHOPPING RECIFE,BOA VIAGEM,,,COLISÃO,ONIBUS E ONIBUS COMPLEMENTAR,,,,,,2,,,,0,,,,,,,,,,,,,,,,,,
2018-02-20,13:46:00,COM VÍTIMA,FINALIZADA,CORDEIRO,AV CAXANGA,,,EM FRENTE AO PERNAMBUCO DA SORTE,AV CAXANGA,,EM FRENTE AO PERNAMBUCO DA SORTE,CORDEIRO,,,ATROPELAMENTO,,,1,,,,,,,,1,,,,,,,,,,,,,,,,,,
2018-02-20,14:10:00,SEM VÍTIMA,FINALIZADA,BONGI,AV ENGENHEIRO ABDIAS DE CARVALHO,,,E/F DO HABIB´S S/T CID,AV ENGENHEIRO ABDIAS DE CARVALHO,,E/F DO HABIB´S S/T CID,BONGI,,,COLISÃO,COLISAO DE DOIS AUTOS S/V,2,,,,,,,,,0,,,,,,,,,,,,,,,,,,
2018-02-20,14:26:00,COM VÍTIMA,FINALIZADA,CAMPO GRANDE,RUA ODORICO MENDES,,,E/F AO CLUBE DAS PÁS,RUA ODORICO MENDES,,E/F AO CLUBE DAS PÁS,CAMPO GRANDE,,,COLISÃO,COLISAO DE AUTO E MOTO COM UMA VITIMA,1,1,,,,,,,,1,,,,,,,,,,,,,,,,,,
2018-02-20,14:38:00,SEM VÍTIMA,FINALIZADA,ILHA DO LEITE,AV GOVERNADOR AGAMENON MAGALHAES,4481,,EM FRENTE AO BRADESCO/ SENTIDO OLINDA/ PISTA LOCAL,AV GOVERNADOR AGAMENON MAGALHAES,4481,EM FRENTE AO BRADESCO/ SENTIDO OLINDA/ PISTA LOCAL,ILHA DO LEITE,,,COLISÃO,COLISÃO SEM VÍTIMA,1,,,,,,1,,,0,,,,,,,,,,,,,,,,,,
2018-02-20,14:43:00,SEM VÍTIMA,FINALIZADA,CAMPO GRANDE,RUA PROFESSOR FRANCISCO DA TRINDADE,263,,APOS O CLUBE DAS PÁS A DIREITA,RUA PROFESSOR FRANCISCO DA TRINDADE,263,APOS O CLUBE DAS PÁS A DIREITA,CAMPO GRANDE,,,COLISÃO,COLISAO DE DOIS AUTOS S/V,2,,,,,,,,,0,,,,,,,,,,,,,,,,,,
2018-02-20,15:11:00,SEM VÍTIMA,FINALIZADA,MADALENA,RUA GALVAO RAPOSO,377,,E/F A PRAÇA PROFESSOR CALAZANS,RUA GALVAO RAPOSO,377,E/F A PRAÇA PROFESSOR CALAZANS,MADALENA,,,COLISÃO,DOIS AUTOS,2,,,,,,,,,0,,,,,,,,,,,,,,,,,,
2018-02-20,15:18:00,SEM VÍTIMA,FINALIZADA,DERBY,AV GOVERNADOR AGAMENON MAGALHAES,,,EM FRENTE A DROGASIL, PROX. AO HR SENTIDO OLINDA,AV GOVERNADOR AGAMENON MAGALHAES,,EM FRENTE A DROGASIL, PROX. AO HR SENTIDO OLINDA,DERBY,,,COLISÃO,CARRO DA CELPE E AUTO PASSEIO,2,,,,,,,,,0,,,,,,,,,,,,,,,,
2018-02-20,15:31:00,SEM VÍTIMA,FINALIZADA,VÁRZEA,RUA AGRICOLANDIA,171,RUA ANTONIO JOSE COELHO,COM RUA ANTONIO JOSE COELHO ESQUINA DO EDF RIO TAPAJOS,RUA AGRICOLANDIA,171,COM RUA ANTONIO JOSE COELHO ESQUINA DO EDF RIO TAPAJOS,VÁRZEA,,,COLISÃO,COLISAO DE DOIS AUTOS S/V,2,,,,,,,,,0,,,,,,,,,,,,,,,,,,
2018-02-20,16:13:00,SEM VÍTIMA,FINALIZADA,SÃO JOSÉ,RUA IMPERIAL,1705,,EM FRENTE AO ESTACIONAMENTO PRIVATIVO GERALDO ARAUJO,RUA IMPERIAL,1705,EM FRENTE AO ESTACIONAMENTO PRIVATIVO GERALDO ARAUJO,SÃO JOSÉ,,,COLISÃO,COLISÃO SEM VÍTIMA,1,1,,,,,,,,0,,,,,,,,,,,,,,,,,,
2018-02-20,16:25:00,SEM VÍTIMA,FINALIZADA,GRAÇAS,AV RUI BARBOSA,,,AO LADO DO TRIBUNAL REGIONAL ELEITORAL,AV RUI BARBOSA,,AO LADO DO TRIBUNAL REGIONAL ELEITORAL,GRAÇAS,,,COLISÃO,COLISÃO SEM VÍTIMA,1,,,,,,1,,,0,,,,,,,,,,,,,,,,,,
2018-02-20,16:41:00,SEM VÍTIMA,CANCELADA,IPUTINGA,AV CAXANGA,2414,,PROX DO PARQUE DE EXPOSIÇÃO DO CORDEIRO S/T HIPER CAXANGA,AV CAXANGA,2414,PROX DO PARQUE DE EXPOSIÇÃO DO CORDEIRO S/T HIPER CAXANGA,IPUTINGA,,,COLISÃO,COLISAO DE DUAS MOTOS S/V,,2,,,,,,,,0,,,,,,,,,,,,,,,,,,
2018-02-20,16:44:00,SEM VÍTIMA,CANCELADA,DERBY,RUA JENER DE SOUZA,,,AO LADO DO QUARTEL DO DERBY,RUA JENER DE SOUZA,,AO LADO DO QUARTEL DO DERBY,DERBY,,,COLISÃO,COLISÃO SEM VÍTIMA,1,1,,,,,,,,0,,,,,,,,,,,,,,,,,,
2018-02-20,16:59:00,SEM VÍTIMA,FINALIZADA,DOIS IRMÃOS,RUA MANUEL DE MEDEIROS,,,E/F AO HOSPITAL VETERINARIO,RUA MANUEL DE MEDEIROS,,E/F AO HOSPITAL VETERINARIO,DOIS IRMÃOS,,,COLISÃO,COLISAO DE AUTO E MOTO S/V,1,1,,,,,,,,0,,,,,,,,,,,,,,,,,,
2018-02-20,17:15:00,COM VÍTIMA,FINALIZADA,CAXANGÁ,AV CAXANGA,,,,AV CAXANGA,,,CAXANGÁ,,,COLISÃO,,1,1,,,,,,,,1,,,,,,,,,,,,,,,,,,
2018-02-20,17:20:00,SEM VÍTIMA,FINALIZADA,AFOGADOS,EST DOS REMEDIOS,94,,PROXIMO AO SUPERMERCADO TODO DIA,EST DOS REMEDIOS,94,PROXIMO AO SUPERMERCADO TODO DIA,AFOGADOS,,,COLISÃO,COLISÃO SEM VÍTIMA,1,,,,,1,,,,0,,,,,,,,,,,,,,,,,,
2018-02-20,17:37:00,SEM VÍTIMA,FINALIZADA,IMBIRIBEIRA,RUA ALEIXO DE ABREU,152,AV DOM JOAO VI,TRANSVERSAL DA AV DOM JOAO VI POR TRAS DO WALMART ESQUINA DO POSTO BR E/F DA INCOMEL MATERIAIS ELETRICOS,RUA ALEIXO DE ABREU,152,TRANSVERSAL DA AV DOM JOAO VI POR TRAS DO WALMART ESQUINA DO POSTO BR E/F DA INCOMEL MATERIAIS ELETRICOS,IMBIRIBEIRA,,,COLISÃO,COLISAO DE DOIS AUTOS S/V,2,,,,,,,,,0,,,,,,,,,,,,,,,,,,
2018-02-20,18:14:00,SEM VÍTIMA,FINALIZADA,BOA VISTA,RUA HENRIQUE DIAS,68,AV GOV AGAMENON MAGALHAES,CRUZAMENTO COM AGAMENON PROX AO EXTRA,RUA HENRIQUE DIAS,68,CRUZAMENTO COM AGAMENON PROX AO EXTRA,BOA VISTA,,,COLISÃO,ONIBUS X AUTO,1,,,,,1,,,,0,,,,,,,,,,,,,,,,,,
2018-02-20,19:16:00,SEM VÍTIMA,FINALIZADA,MADALENA,EST DOS REMEDIOS,300,,SNT TORRE / PROX AO HIPER BOMPREÇO E E/F A PADARIA A MADALENA,EST DOS REMEDIOS,300,SNT TORRE / PROX AO HIPER BOMPREÇO E E/F A PADARIA A MADALENA,MADALENA,,,COLISÃO,ENTRE TÁXI E AUTO. S/V,2,,,,,,,,,0,,,,,,,,,,,,,,,,,,
2018-02-20,22:20:00,SEM VÍTIMA,FINALIZADA,AFOGADOS,RUA SAO MIGUEL,898,,E/F AO 14º BATALHÃO LOGÍSTICO DO EXÉRCITO / SNT CIDADE/SUB,RUA SAO MIGUEL,898,E/F AO 14º BATALHÃO LOGÍSTICO DO EXÉRCITO / SNT CIDADE/SUB,AFOGADOS,,,COLISÃO,ENTRE AUTO E MOTO. S/V,1,1,,,,,,,,0,,,,,,,,,,,,,,,,,,
2018-02-20,22:35:00,SEM VÍTIMA,FINALIZADA,BOA VIAGEM,RUA TOME GIBSON,,,SEMAFORO 200 PROX A ESCOLA MUNICIPAL OSVALDO LIMA FILHO,RUA TOME GIBSON,,SEMAFORO 200 PROX A ESCOLA MUNICIPAL OSVALDO LIMA FILHO,BOA VIAGEM,,,COLISÃO,DOIS AUTO,2,,,,,,,,,0,,,,,,,,,,,,,,,,,,
2018-02-20,22:59:00,COM VÍTIMA,FINALIZADA,ESPINHEIRO,RUA MARQUES DO PARANA,,RUA ALFREDO DE CARVALHO,CRUZAMENTO COM A RUA ALFREDO CARVALHO,RUA MARQUES DO PARANA,,CRUZAMENTO COM A RUA ALFREDO CARVALHO,ESPINHEIRO,,,COLISÃO,ONIX X MOTO,1,1,,,,,,,,2,,,,,,,,,,,,,,,,,,
2018-02-21,04:47:00,SEM VÍTIMA,CANCELADA,LINHA DO TIRO,RUA URIEL DE HOLANDA,,,NO TERMINAL DE ÔNIBUS DA LINHA DO TIRO,RUA URIEL DE HOLANDA,,NO TERMINAL DE ÔNIBUS DA LINHA DO TIRO,LINHA DO TIRO,,,COLISÃO,COLISÃO ENTRE DOIS ÔNIBUS S/V,,,,,,2,,,,0,,,,,,,,,,,,,,,,,,
2018-02-21,07:36:00,SEM VÍTIMA,PENDENTE,BOA VIAGEM,RUA JOSE HIPOLITO CARDOSO,446,,ESQ DO EDF TEOREMA,RUA JOSE HIPOLITO CARDOSO,446,ESQ DO EDF TEOREMA,BOA VIAGEM,,,COLISÃO,DOIS AUTOS,2,,,,,,,,,0,,,,,,,,,,,,,,,,,,
2018-02-21,07:50:00,SEM VÍTIMA,FINALIZADA,ENCRUZILHADA,RUA AFONSO BATISTA,110,AV NORTE,CRUZAMENTO COM A AVA NORTE,EM FRENTE A RENAULT,RUA AFONSO BATISTA,110,CRUZAMENTO COM A AVA NORTE,EM FRENTE A RENAULT,ENCRUZILHADA,,,COLISÃO,SEM VITIMAS,2,,,,,,,,,0,,,,,,,,,,,,,,,,
2018-02-21,07:58:00,SEM VÍTIMA,FINALIZADA,AFOGADOS,AV SUL,,,NO SEMAFORO Nº 320,AV SUL,,NO SEMAFORO Nº 320,AFOGADOS,,,COLISÃO,COL.S/V.SET.CD,1,,,,,,1,,,0,,,,,,,,,,,,,,,,,,
2018-02-21,08:05:00,COM VÍTIMA,FINALIZADA,CASA AMARELA,RUA CONS NABUCO,151,,EM FRENTE AO EDF/ SOLAR TRINDADE,RUA CONS NABUCO,151,EM FRENTE AO EDF/ SOLAR TRINDADE,CASA AMARELA,,,COLISÃO,COL.COM IMA VITIMA.SET.CD,1,1,,,,,,,,1,,,,,,,,,,,,,,,,,,
2018-02-21,08:09:00,SEM VÍTIMA,FINALIZADA,CORDEIRO,AV PROFESSOR ESTEVAO FRANCISCO DA COSTA,36,,E/F AO POSTO PETROCAL, SENTIDO BR 101. SEMÁFORO 589,AV PROFESSOR ESTEVAO FRANCISCO DA COSTA,36,E/F AO POSTO PETROCAL, SENTIDO BR 101. SEMÁFORO 589,CORDEIRO,,,COLISÃO,SEM VÍTIMAS,2,,,,,,,,,0,,,,,,,,,,,,,,,,
2018-02-21,08:14:00,SEM VÍTIMA,FINALIZADA,IMBIRIBEIRA,AV MARECHAL MASCARENHAS DE MORAES,6997,,ENTRADA DO JORDAO / SENT AFOGADOS,AV MARECHAL MASCARENHAS DE MORAES,6997,ENTRADA DO JORDAO / SENT AFOGADOS,IMBIRIBEIRA,,,COLISÃO,,1,,,,,1,,,,0,,,,,,,,,,,,,,,,,,
2018-02-21,08:31:00,SEM VÍTIMA,FINALIZADA,CAMPO GRANDE,RUA VISCONDE DE CAIRU,108 A,,E/F A RESIDENCIA, NO LADO DIREITO DA VIA, SENTIDO ODORICO MENDES,RUA VISCONDE DE CAIRU,108 A,E/F A RESIDENCIA, NO LADO DIREITO DA VIA, SENTIDO ODORICO MENDES,CAMPO GRANDE,,,COLISÃO,SEM VÍTIMAS,2,,,,,,,,,0,,,,,,,,,,,,,,
2018-02-21,09:09:00,SEM VÍTIMA,FINALIZADA,VÁRZEA,RUA PROFESSOR ANTONIO COELHO,191,,EM FRENTE AO COLEGIO PONTUAL,RUA PROFESSOR ANTONIO COELHO,191,EM FRENTE AO COLEGIO PONTUAL,VÁRZEA,,,COLISÃO,DOIS AUTOS,2,,,,,,,,,0,,,,,,,,,,,,,,,,,,
2018-02-21,09:12:00,SEM VÍTIMA,CANCELADA,SANTO AMARO,AV JOAO DE BARROS,728,,EM FRENTE A IMSPETORIA DE CONTABILIDADE DE FINANÇAS DO EXERCITO,SENT/CIDADE,AV JOAO DE BARROS,728,EM FRENTE A IMSPETORIA DE CONTABILIDADE DE FINANÇAS DO EXERCITO,SENT/CIDADE,SANTO AMARO,,,COLISÃO,SEM VITIMAS,1,,,,,1,,,,0,,,,,,,,,,,,,,,,
2018-02-21,09:22:00,SEM VÍTIMA,FINALIZADA,PARNAMIRIM,RUA DES GOIS CAVALCANTE,,,EM FRENTE AO PAO DE AÇUCAR,RUA DES GOIS CAVALCANTE,,EM FRENTE AO PAO DE AÇUCAR,PARNAMIRIM,,,COLISÃO,AUTO E CAMINHAO,1,,,,,,1,,,0,,,,,,,,,,,,,,,,,,
2018-02-21,09:49:00,SEM VÍTIMA,FINALIZADA,ARRUDA,AV PROFESSOR JOSE DOS ANJOS,314,,SENTIDO AV NOTE, E/F AO BAR REI DO JABÁ,AV PROFESSOR JOSE DOS ANJOS,314,SENTIDO AV NOTE, E/F AO BAR REI DO JABÁ,ARRUDA,,,COLISÃO,SEM VÍTIMAS,2,,,,,,,,,0,,,,,,,,,,,,,,,,
2018-02-21,10:07:00,SEM VÍTIMA,FINALIZADA,AREIAS,RUA CAMBUCA,114,,E/F AO SUPERMERCADO PREÇO BOM,RUA CAMBUCA,114,E/F AO SUPERMERCADO PREÇO BOM,AREIAS,,,COLISÃO,SEM VÍTIMAS,2,,,,,,,,,0,,,,,,,,,,,,,,,,,,
2018-02-21,10:42:00,SEM VÍTIMA,FINALIZADA,ESPINHEIRO,RUA MARQUES DO PARANA,209,RUA ALFREDO DE CARVALHO,E/F AO MARTELINHO DE OURO,RUA MARQUES DO PARANA,209,E/F AO MARTELINHO DE OURO,ESPINHEIRO,,,COLISÃO,SEM VÍTIMAS,2,,,,,,,,,0,,,,,,,,,,,,,,,,,,
2018-02-21,10:56:00,COM VÍTIMA,FINALIZADA,IMBIRIBEIRA,AV MARECHAL MASCARENHAS DE MORAES,,,LADO OPOSTOA INFRAERO,AV MARECHAL MASCARENHAS DE MORAES,,LADO OPOSTOA INFRAERO,IMBIRIBEIRA,,,COLISÃO,COLISÃO COM VITIMA,,1,,,,,1,,,1,,,,,,,,,,,,,,,,,,
2018-02-21,12:09:00,SEM VÍTIMA,FINALIZADA,COHAB,RUA EXP FRANCISCO VITORIANO,28,,E/F AO RESTAURANTE CHINA GALETOS / PROX A PRAÇA DA UR 5,RUA EXP FRANCISCO VITORIANO,28,E/F AO RESTAURANTE CHINA GALETOS / PROX A PRAÇA DA UR 5,COHAB,,,COLISÃO,ENTRE 2 AUTOS. S/V,2,,,,,,,,,0,,,,,,,,,,,,,,,,,,
2018-02-21,13:04:00,SEM VÍTIMA,FINALIZADA,IPSEP,RUA PROFESSOR JOSE VICENTE,329,RUA ADERBAL DE MELO,COM RUA ADERBAL DE MELO PROX AO CHABARIL DO JOAO,RUA PROFESSOR JOSE VICENTE,329,COM RUA ADERBAL DE MELO PROX AO CHABARIL DO JOAO,IPSEP,,,CHOQUE,VEICULO CHOCOU COM UM MURO DE UMA RESIDENCIA,1,,,,,,,,,0,,,,,,,,,,,,,,,,,,
2018-02-21,13:38:00,SEM VÍTIMA,CANCELADA,SANTO AMARO,AV GOVERNADOR AGAMENON MAGALHAES,2936,,EM FRENTE AO CREA, SENTIDO BOA VIAGEM,AV GOVERNADOR AGAMENON MAGALHAES,2936,EM FRENTE AO CREA, SENTIDO BOA VIAGEM,SANTO AMARO,,,COLISÃO,AUTO E ONIBUS ,1,,,,,1,,,,0,,,,,,,,,,,,,,,,
2018-02-21,13:56:00,SEM VÍTIMA,FINALIZADA,MADALENA,AV VISCONDE DE ALBUQUERQUE,137,,AO LADO DO WALMART DA BENFICA,AV VISCONDE DE ALBUQUERQUE,137,AO LADO DO WALMART DA BENFICA,MADALENA,,,COLISÃO,COLISAO DE DOIS AUTOS S/V,2,,,,,,,,,0,,,,,,,,,,,,,,,,,,
2018-02-21,14:09:00,SEM VÍTIMA,FINALIZADA,ÁGUA FRIA,AV BEBERIBE,,,E/F AO MERCADO DE AGUA FRIA, E A FARMACIA PAGUE MENOS, SENTIDO ARRUDA,AV BEBERIBE,,E/F AO MERCADO DE AGUA FRIA, E A FARMACIA PAGUE MENOS, SENTIDO ARRUDA,ÁGUA FRIA,,,COLISÃO,AUTO E CAMINHAO,1,,,,,,1,,,0,,,,,,,,,,,,,,
2018-02-21,14:37:00,SEM VÍTIMA,FINALIZADA,AFOGADOS,RUA SAO MIGUEL,1285,,PROX. AO BODE NO, SENTIDO AREIAS/ AFOGADOS,RUA SAO MIGUEL,1285,PROX. AO BODE NO, SENTIDO AREIAS/ AFOGADOS,AFOGADOS,,,COLISÃO,DOIS AUTOS,2,,,,,,,,,0,,,,,,,,,,,,,,,,
2018-02-21,14:38:00,SEM VÍTIMA,FINALIZADA,IMBIRIBEIRA,AV MARECHAL MASCARENHAS DE MORAES,,,E/F A UPA S/T CID,AV MARECHAL MASCARENHAS DE MORAES,,E/F A UPA S/T CID,IMBIRIBEIRA,,,COLISÃO,COLISAO DE ONIBUS E AUTO S/V,1,,,,,1,,,,0,,,,,,,,,,,,,,,,,,
2018-02-21,15:52:00,SEM VÍTIMA,FINALIZADA,CORDEIRO,AV GENERAL SAN MARTIN,625,,APOS O HOSPITAL GETULIO VARGAS E/F AO POSTO TOTAL S/T SAN MARTIN,AV GENERAL SAN MARTIN,625,APOS O HOSPITAL GETULIO VARGAS E/F AO POSTO TOTAL S/T SAN MARTIN,CORDEIRO,,,COLISÃO,COLISAO DE AUTO E MOTO S/V,1,1,,,,,,,,0,,,,,,,,,,,,,,,,,,
2018-02-21,16:28:00,SEM VÍTIMA,CANCELADA,CAMPO GRANDE,RUA MARQUES DE ABRANTES,,RUA JERONIMO VILELA,CRUZAMENTO COM A RUA JERONIMO VILELA,RUA MARQUES DE ABRANTES,,CRUZAMENTO COM A RUA JERONIMO VILELA,CAMPO GRANDE,,,COLISÃO,DOIS AUTOS S/V,2,,,,,,,,,0,,,,,,,,,,,,,,,,,,