data,hora,natureza_acidente,situacao,bairro,endereco,numero,detalhe_endereco_acidente,complemento,endereco_cruzamento,numero_cruzamento,referencia_cruzamento,bairro_cruzamento,num_semaforo,sentido_via,tipo,descricao,auto,moto,ciclom,ciclista,pedestre,onibus,caminhao,viatura,outros,vitimas,vitimasfatais,acidente_verificado,tempo_clima,situacao_semaforo,sinalizacao,condicao_via,conservacao_via,ponto_controle,situacao_placa,velocidade_max_via,mao_direcao,divisao_via1,divisao_via2,divisao_via3,,,,
2018-02-26,08:03:00,SEM VÍTIMA,CANCELADA,TAMARINEIRA,RUA SILVEIRA LIRA,15,,ESQ DO RESTAURANTE AROMA E SABOR,RUA SILVEIRA LIRA,15,ESQ DO RESTAURANTE AROMA E SABOR,TAMARINEIRA,,,COLISÃO,DOIS AUTOS,2,,,,,,,,,0,,,,,,,,,,,,,,,,,,
2018-02-26,08:44:00,SEM VÍTIMA,FINALIZADA,BOA VIAGEM,AV CONSELHEIRO AGUIAR,,RUA FELIX DE BRITO E MELO,COM A FELIX DE BRITO / SEM 546,AV CONSELHEIRO AGUIAR,,COM A FELIX DE BRITO / SEM 546,BOA VIAGEM,,,COLISÃO,DOIS AUTOS,2,,,,,,,,,0,,,,,,,,,,,,,,,,,,
2018-02-26,08:50:00,SEM VÍTIMA,FINALIZADA,JAQUEIRA,RUA MUNIZ TAVARES,25,,EM FRENTE AO EDF PRINCIPE DE CASTELA,RUA MUNIZ TAVARES,25,EM FRENTE AO EDF PRINCIPE DE CASTELA,JAQUEIRA,,,COLISÃO,DOIS AUTOS,2,,,,,,,,,0,,,,,,,,,,,,,,,,,,
2018-02-26,09:01:00,SEM VÍTIMA,FINALIZADA,ESPINHEIRO,AV GOVERNADOR AGAMENON MAGALHAES,,,SEMAFORO 078 / AO LADO DO BANCO SANTANDER,AV GOVERNADOR AGAMENON MAGALHAES,,SEMAFORO 078 / AO LADO DO BANCO SANTANDER,ESPINHEIRO,,,COLISÃO,DOIS AUTOS,2,,,,,,,,,0,,,,,,,,,,,,,,,,,,
2018-02-26,09:14:00,SEM VÍTIMA,FINALIZADA,DERBY,AV GOVERNADOR AGAMENON MAGALHAES,,,EM FRENTE DO DERBY/SENT/PINA,AV GOVERNADOR AGAMENON MAGALHAES,,EM FRENTE DO DERBY/SENT/PINA,DERBY,,,COLISÃO,SEM VITIMAS,CTTU NO LOCAL AGENTE,2,,,,,,,,,0,,,,,,,,,,,,,,,,,
2018-02-26,09:19:00,SEM VÍTIMA,FINALIZADA,IPSEP,RUA JEAN EMILE FAVRE,,AV RECIFE,CRUZAMENTO COM A AV RECIFE ,SEMAFORO 130,RUA JEAN EMILE FAVRE,,CRUZAMENTO COM A AV RECIFE ,SEMAFORO 130,IPSEP,,,COLISÃO,SEM VITIMAS.BATEDOR VT30 DA CTTU,1,,,,,,1,,,0,,,,,,,,,,,,,,,,
2018-02-26,09:42:00,SEM VÍTIMA,FINALIZADA,ENCRUZILHADA,AV NORTE,2530,,SENTIDO CASA AMARELA. E/F A JACAUNA,AV NORTE,2530,SENTIDO CASA AMARELA. E/F A JACAUNA,ENCRUZILHADA,,,COLISÃO,SEM VÍTIMAS. HÁ UMA GESTANTE NO LOCAL.,2,,,,,,,,,0,,,,,,,,,,,,,,,,,,
2018-02-26,09:58:00,SEM VÍTIMA,FINALIZADA,BOA VIAGEM,RUA PROFESSOR JOAO MEDEIROS,361,,E/F AO SUPERMERCADO EXTRA BOM, SENTIDO PINA,RUA PROFESSOR JOAO MEDEIROS,361,E/F AO SUPERMERCADO EXTRA BOM, SENTIDO PINA,BOA VIAGEM,,,COLISÃO,SEM VÍTIMAS,2,,,,,,,,,0,,,,,,,,,,,,,,,,
2018-02-26,10:19:00,SEM VÍTIMA,FINALIZADA,BOA VISTA,RUA BARAO DE SAO BORJA,,RUA JOSE DE ALENCAR,COM A JOSE DE ALENCAR / ESQ COM O HOTEL BOA VISTA,RUA BARAO DE SAO BORJA,,COM A JOSE DE ALENCAR / ESQ COM O HOTEL BOA VISTA,BOA VISTA,,,COLISÃO,DOIS AUTOS,2,,,,,,,,,0,,,,,,,,,,,,,,,,,,
2018-02-26,10:23:00,SEM VÍTIMA,FINALIZADA,MADALENA,RUA CARLOS GOMES,,,SEMAFORO 257 / PROX A CELPE / SENT DERBY/ AO LADO DO TUNEL DA ABOLIÇAO,RUA CARLOS GOMES,,SEMAFORO 257 / PROX A CELPE / SENT DERBY/ AO LADO DO TUNEL DA ABOLIÇAO,MADALENA,,,COLISÃO,DOIS AUTOS,2,,,,,,,,,0,,,,,,,,,,,,,,,,,,
2018-02-26,10:41:00,SEM VÍTIMA,FINALIZADA,IBURA,RUA FERNANDO TOMAZ DA SILVA,25,,EM FRENTE AO SEMAFORO 323,E A IGREJA CATOLICA,RUA FERNANDO TOMAZ DA SILVA,25,EM FRENTE AO SEMAFORO 323,E A IGREJA CATOLICA,IBURA,,,COLISÃO,SEM VITIMAS,1,,,,,,1,,,0,,,,,,,,,,,,,,,,
2018-02-26,10:48:00,SEM VÍTIMA,FINALIZADA,IBURA,RUA RIO CANINDE,155,,EM FRENTE A ULTRA GAS,RUA RIO CANINDE,155,EM FRENTE A ULTRA GAS,IBURA,,,COLISÃO,SEM VITIMAS,,1,,,,,1,,,0,,,,,,,,,,,,,,,,,,
2018-02-26,10:49:00,SEM VÍTIMA,FINALIZADA,CIDADE UNIVERSITÁRIA,RUA MARECHAL MANOEL LUIS OSORIO,208,,E/F AO EDF. RIO HOME,RUA MARECHAL MANOEL LUIS OSORIO,208,E/F AO EDF. RIO HOME,CIDADE UNIVERSITÁRIA,,,COLISÃO,SEM VÍTIMAS,2,,,,,,,,,0,,,,,,,,,,,,,,,,,,
2018-02-26,11:52:00,SEM VÍTIMA,FINALIZADA,ILHA DO LEITE,RUA FRANCISCO ALVES,592,,E/F A PRAÇA MIGUEL DE CERVANTES, SEMÁFORO 508,RUA FRANCISCO ALVES,592,E/F A PRAÇA MIGUEL DE CERVANTES, SEMÁFORO 508,ILHA DO LEITE,,,COLISÃO,SEM VÍTIMAS,,,,,,1,1,,,0,,,,,,,,,,,,,,,,
2018-02-26,11:58:00,SEM VÍTIMA,CANCELADA,ILHA DO RETIRO,RUA SPORT CLUBE DO RECIFE,,,EM FRENTE A LOJA DO SPORT CLUBE DO RECIFE SENT/CENTRO,RUA SPORT CLUBE DO RECIFE,,EM FRENTE A LOJA DO SPORT CLUBE DO RECIFE SENT/CENTRO,ILHA DO RETIRO,,,COLISÃO,SEM VITIMAS,2,,,,,,,,,0,,,,,,,,,,,,,,,,,,
2018-02-26,12:42:00,SEM VÍTIMA,FINALIZADA,MADALENA,PTE ESTACIO COIMBRA,,,EM FRENTE AO EDIFICIO TRÊS MARIA/ SENTIDO SUBURBIO,PTE ESTACIO COIMBRA,,EM FRENTE AO EDIFICIO TRÊS MARIA/ SENTIDO SUBURBIO,MADALENA,,,COLISÃO,COLISÃO SEM VÍTIMA,,,,,,,,,,0,,,,,,,,,,,,,,,,,,
2018-02-26,12:52:00,SEM VÍTIMA,FINALIZADA,TORREÃO,PRC CAPIBA,483,,APOS A CASA DE ZÉ NABO,PRC CAPIBA,483,APOS A CASA DE ZÉ NABO,TORREÃO,,,COLISÃO,COLISAO DE DOIS AUTOS S/V,2,,,,,,,,,0,,,,,,,,,,,,,,,,,,
2018-02-26,13:03:00,SEM VÍTIMA,FINALIZADA,SÃO JOSÉ,AV DANTAS BARRETO,903,,AO LADO DO CAMELODROMO,AV DANTAS BARRETO,903,AO LADO DO CAMELODROMO,SÃO JOSÉ,,,COLISÃO,COLISAO DE DOIS AUTOS S/V,2,,,,,,,,,0,,,,,,,,,,,,,,,,,,
2018-02-26,13:06:00,COM VÍTIMA,FINALIZADA,TORRE,RUA CONDE DE IRAJA,414,,EM FRENTE AO RESTAURANTE UIRAJA,RUA CONDE DE IRAJA,414,EM FRENTE AO RESTAURANTE UIRAJA,TORRE,,,COLISÃO,COLISÃO COM VÍTIMA,1,1,,,,,,,,2,,,,,,,,,,,,,,,,,,
2018-02-26,13:12:00,SEM VÍTIMA,FINALIZADA,CORDEIRO,EST DO FORTE DO ARRAIAL N. DO B. JESUS,812,,E/F A LOJA PLASTI FORT,EST DO FORTE DO ARRAIAL N. DO B. JESUS,812,E/F A LOJA PLASTI FORT,CORDEIRO,,,COLISÃO,COLISAO DE MOTO E AUTO S/V,2,,,,,,,,,0,,,,,,,,,,,,,,,,,,
2018-02-26,14:37:00,COM VÍTIMA,FINALIZADA,GRAÇAS,RUA VIGARIO BARRETO,127,,EM FRENTE AO EDIFICIO BARRETO COSTA,RUA VIGARIO BARRETO,127,EM FRENTE AO EDIFICIO BARRETO COSTA,GRAÇAS,,,COLISÃO,COLISÃO COM VÍTIMA,1,1,,,,,,,,1,,,,,,,,,,,,,,,,,,
2018-02-26,14:43:00,SEM VÍTIMA,CANCELADA,TORRE,RUA NETO CAMPELO,490,,PROX DA PADARIA NOVA ARMADA,RUA NETO CAMPELO,490,PROX DA PADARIA NOVA ARMADA,TORRE,,,COLISÃO,COLISAO DE DOIS AUTOS S/V,2,,,,,,,,,0,,,,,,,,,,,,,,,,,,
2018-02-26,15:30:00,SEM VÍTIMA,FINALIZADA,CASA AMARELA,AV NORTE,,,EM FRENTE A UPINHA/ SENTIDO SUBURBIO,AV NORTE,,EM FRENTE A UPINHA/ SENTIDO SUBURBIO,CASA AMARELA,,,COLISÃO,COLISÃO SEM VÍTIMA,1,1,,,,,,,,0,,,,,,,,,,,,,,,,,,
2018-02-26,15:39:00,SEM VÍTIMA,FINALIZADA,ESPINHEIRO,RUA DO ESPINHEIRO,478,RUA SANTO ELIAS,CRUZAMENTO COM RUA SANTO ELIAS,RUA DO ESPINHEIRO,478,CRUZAMENTO COM RUA SANTO ELIAS,ESPINHEIRO,,,COLISÃO,DOIS AUTOS S/V,2,,,,,,,,,0,,,,,,,,,,,,,,,,,,
2018-02-26,15:42:00,SEM VÍTIMA,PENDENTE,MADALENA,AV JOSE GONCALVES DE MEDEIROS,,,PROX. AO SPORT CLUB, E AO EXTRA,,AV JOSE GONCALVES DE MEDEIROS,,PROX. AO SPORT CLUB, E AO EXTRA,,MADALENA,,,COLISÃO,AUTO E MOTO,,,,,,,,,,0,,,,,,,,,,,,,,
2018-02-26,15:58:00,SEM VÍTIMA,FINALIZADA,BOA VIAGEM,AV CONSELHEIRO AGUIAR,4500,,EM FRENTE AO EXTRA, E AO SANTADER,AV CONSELHEIRO AGUIAR,4500,EM FRENTE AO EXTRA, E AO SANTADER,BOA VIAGEM,,,COLISÃO,DOIS AUTOS S/V,2,,,,,,,,,0,,,,,,,,,,,,,,,,
2018-02-26,16:00:00,COM VÍTIMA,FINALIZADA,AFOGADOS,RUA COSME VIANA,150,,APOS A TUPAN S/T AFOGADOS,RUA COSME VIANA,150,APOS A TUPAN S/T AFOGADOS,AFOGADOS,,,COLISÃO,COLISAO DE AUTO E MTO S/V,1,1,,,,,,,,1,,,,,,,,,,,,,,,,,,
2018-02-26,16:05:00,SEM VÍTIMA,FINALIZADA,MADALENA,RUA REAL DA TORRE,,,EM FRENTE AO MERCADO DA MADALENA,RUA REAL DA TORRE,,EM FRENTE AO MERCADO DA MADALENA,MADALENA,,,COLISÃO,AUTO E ÔNIBUS, SEM VÍTIMAS,1,,,,,1,,,,0,,,,,,,,,,,,,,,,,
2018-02-26,16:22:00,SEM VÍTIMA,FINALIZADA,BOA VIAGEM,AV CONSELHEIRO AGUIAR,1851,,EM FRENTE AO POSTO POLICIAL E A PRAÇA CIDADE DO PORTO,AV CONSELHEIRO AGUIAR,1851,EM FRENTE AO POSTO POLICIAL E A PRAÇA CIDADE DO PORTO,BOA VIAGEM,,,COLISÃO,DOIS AUTOS S/V,2,,,,,,,,,0,,,,,,,,,,,,,,,,,,
2018-02-26,16:44:00,SEM VÍTIMA,CANCELADA,BOA VIAGEM,AV MARECHAL JUAREZ TAVORA,,RUA DEZ DE JULHO,CRUZAMENTO COM A RUA 10 DE JULHO/ SENTIDO BOA VIAGEM/ PROXIMO AO SEMÁFORO 437,AV MARECHAL JUAREZ TAVORA,,CRUZAMENTO COM A RUA 10 DE JULHO/ SENTIDO BOA VIAGEM/ PROXIMO AO SEMÁFORO 437,BOA VIAGEM,,,COLISÃO,COLISÃO SEM VÍTIMA,2,,,,,,,,,0,,,,,,,,,,,,,,,,,,
2018-02-26,16:59:00,SEM VÍTIMA,FINALIZADA,BAIRRO DO RECIFE,RUA MARIZ E BARROS,173,,AO LADO DO POSTO PETROBRAS,RUA MARIZ E BARROS,173,AO LADO DO POSTO PETROBRAS,BAIRRO DO RECIFE,,,COLISÃO,COLISÃO SEM VÍTIMA,2,,,,,,,,,0,,,,,,,,,,,,,,,,,,
2018-02-26,17:05:00,SEM VÍTIMA,FINALIZADA,CAMPO GRANDE,RUA PRUDENTE DE MORAES,158,RUA MARQUES DE ABRANTES,CRUZAMENTO COM A RUA MARQUES DE ABRANTE S/T CAMPO DO ARRUDA E/F AO DEPOSITO DA BRASIL GAS,RUA PRUDENTE DE MORAES,158,CRUZAMENTO COM A RUA MARQUES DE ABRANTE S/T CAMPO DO ARRUDA E/F AO DEPOSITO DA BRASIL GAS,CAMPO GRANDE,,,COLISÃO,COLISAO DE DOIS AUTOS S/V,2,,,,,,,,,0,,,,,,,,,,,,,,,,,,
2018-02-26,17:56:00,SEM VÍTIMA,FINALIZADA,CABANGA,AV ENGENHEIRO JOSE ESTELITA,,,EM FRENTE AO IATE CLUBE, SENTIDO CIDADE,AV ENGENHEIRO JOSE ESTELITA,,EM FRENTE AO IATE CLUBE, SENTIDO CIDADE,CABANGA,,,COLISÃO,DOIS AUTOS S/V,2,,,,,,,,,0,,,,,,,,,,,,,,,,
2018-02-26,18:32:00,SEM VÍTIMA,FINALIZADA,CAXANGÁ,RUA RIBEIRO PESSOA,,RUA GASTAO VIDIGAL,E/F A UPA DA CAXANGÁ, NO LADO OPOSTO A MESMA / SEMÁFORO 281 / CRUZ COM R GASTÃO VIDIGAL, SNT CIDADE/ SUB,RUA RIBEIRO PESSOA,,E/F A UPA DA CAXANGÁ, NO LADO OPOSTO A MESMA / SEMÁFORO 281 / CRUZ COM R GASTÃO VIDIGAL, SNT CIDADE/ SUB,CAXANGÁ,,,COLISÃO,2 MOTOS. S/V,,2,,,,,,,,0,,,,,,,,,,,,,,
2018-02-26,19:28:00,COM VÍTIMA,FINALIZADA,SÃO JOSÉ,RUA PRIMEIRO DE MARCO,,RUA IMPERADOR PEDRO II,CRUZAMENTO COM A RUA DO IMPERADOR ENF AO ITAU (BANCO),RUA PRIMEIRO DE MARCO,,CRUZAMENTO COM A RUA DO IMPERADOR ENF AO ITAU (BANCO),SÃO JOSÉ,,,COLISÃO,AUTO E MOTO,1,1,,,,,,,,1,,,,,,,,,,,,,,,,,,
2018-02-26,19:50:00,SEM VÍTIMA,FINALIZADA,ESPINHEIRO,RUA CONS PORTELA,531,,E/F A FARMÁCIA PERMANENTE,RUA CONS PORTELA,531,E/F A FARMÁCIA PERMANENTE,ESPINHEIRO,,,COLISÃO,ENTRE 2 AUTOS. S/V,2,,,,,,,,,0,,,,,,,,,,,,,,,,,,
2018-02-26,20:10:00,COM VÍTIMA,FINALIZADA,IPSEP,RUA JEAN EMILE FAVRE,,,AO LADO DA FACULDADE DE BOA VIAGEM E PRC DA MAURICEIA,RUA JEAN EMILE FAVRE,,AO LADO DA FACULDADE DE BOA VIAGEM E PRC DA MAURICEIA,IPSEP,,,COLISÃO COM CICLISTA,CICLISTA X AUTO OBS :: MOTORISTA PRESO NAS FERRAGENS,1,,,1,,,,,,1,,,,,,,,,,,,,,,,,,
2018-02-26,20:27:00,SEM VÍTIMA,FINALIZADA,BAIRRO DO RECIFE,PTE PRINCESA IZABEL,,,EM CIMA DA PONTE DA PRINCEZA IZABEL,PTE PRINCESA IZABEL,,EM CIMA DA PONTE DA PRINCEZA IZABEL,BAIRRO DO RECIFE,,,COLISÃO,ONIBUS BRT X AUTO,1,,,,,1,,,,0,,,,,,,,,,,,,,,,,,
2018-02-26,20:37:00,SEM VÍTIMA,FINALIZADA,TAMARINEIRA,RUA CONEGO BARATA,420,,E/F A FERREIRA COSTA, SNT AV NORTE,RUA CONEGO BARATA,420,E/F A FERREIRA COSTA, SNT AV NORTE,TAMARINEIRA,,,COLISÃO,ENTRE 2 AUTOS. S/V,2,,,,,,,,,0,,,,,,,,,,,,,,,,
2018-02-26,21:54:00,SEM VÍTIMA,FINALIZADA,IPSEP,RUA JEAN EMILE FAVRE,,RUA PAMPULHA,SEMAFORO 564 CRUZAMENTO COM A RUA PAMPULHA,RUA JEAN EMILE FAVRE,,SEMAFORO 564 CRUZAMENTO COM A RUA PAMPULHA,IPSEP,,,COLISÃO,AUTO X ONIBUS,1,,,,,1,,,,0,,,,,,,,,,,,,,,,,,
2018-02-26,22:16:00,COM VÍTIMA,FINALIZADA,PINA,AV CONSELHEIRO AGUIAR,,,AO LADO DO SO CALDINHO,AV CONSELHEIRO AGUIAR,,AO LADO DO SO CALDINHO,PINA,,,CHOQUE,AUTO E POSTE OBS::: VT 04 DA CTTU ESTA NO LOCAL,1,,,,,,,,1,1,,,,,,,,,,,,,,,,,,
2018-02-27,06:02:00,COM VÍTIMA,FINALIZADA,BONGI,RUA SANTA EDWIRGES,,AV PADRE TEOFILO TWORZ,CRUZAMENTO COM A PADRE TEOFILO TWORZ,AO LADO DO TRIBUNAL DE JUSTIÇA,RUA SANTA EDWIRGES,,CRUZAMENTO COM A PADRE TEOFILO TWORZ,AO LADO DO TRIBUNAL DE JUSTIÇA,BONGI,,,COLISÃO,COLISÃO COM UMA VITIMA,AGUARDANDO SAMU,1,,,,,1,,,,1,,,,,,,,,,,,,,,
2018-02-27,06:35:00,SEM VÍTIMA,FINALIZADA,VÁRZEA,RUA PROFESSOR CHAVES BATISTA,112,AV GENERAL POLIDORO,PARALELA COM A GENERAL POLIDORO / EM FRENTE AO EDF MARIA DANIELA,RUA PROFESSOR CHAVES BATISTA,112,PARALELA COM A GENERAL POLIDORO / EM FRENTE AO EDF MARIA DANIELA,VÁRZEA,,,COLISÃO,DOIS AUTOS S/V,2,,,,,,,,,0,,,,,,,,,,,,,,,,,,
2018-02-27,07:07:00,SEM VÍTIMA,FINALIZADA,ENCRUZILHADA,RUA MARECHAL DEODORO,171,,RUA DO RESTAURANTE PORTAL DA PICANHA,RUA MARECHAL DEODORO,171,RUA DO RESTAURANTE PORTAL DA PICANHA,ENCRUZILHADA,,,COLISÃO,DOIS AUTOS,2,,,,,,,,,0,,,,,,,,,,,,,,,,,,
2018-02-27,07:19:00,SEM VÍTIMA,FINALIZADA,BOA VIAGEM,AV BOA VIAGEM,6732,,AO LADO DA VILA DOS OFICIAIS DA AERONAUTICA,AV BOA VIAGEM,6732,AO LADO DA VILA DOS OFICIAIS DA AERONAUTICA,BOA VIAGEM,,,COLISÃO,COM UMA VITIMA,1,1,,,,,,,,0,,,,,,,,,,,,,,,,,,
2018-02-27,07:29:00,COM VÍTIMA,FINALIZADA,SAN MARTIN,AV GENERAL SAN MARTIN,134,,ESQUINA DO BAR DO REGIS,AV GENERAL SAN MARTIN,134,ESQUINA DO BAR DO REGIS,SAN MARTIN,,,COLISÃO,MOTO E AUTO,1,1,,,,,,,,1,,,,,,,,,,,,,,,,,,
2018-02-27,07:37:00,SEM VÍTIMA,FINALIZADA,PINA,AV ANTONIO DE GOES,,,NO SEMAFORO 226 E/F A CASA DA BATERIA,AV ANTONIO DE GOES,,NO SEMAFORO 226 E/F A CASA DA BATERIA,PINA,,,COLISÃO,COLISAO DE DOIS AUTOS S/V ,2,,,,,,,,,0,,,,,,,,,,,,,,,,,,
2018-02-27,07:44:00,SEM VÍTIMA,FINALIZADA,SÃO JOSÉ,PRC DAS CINCO PONTAS,,,NA GIRATORIA AO LADO DO FORTE DAS CINCO PONTAS E/F A ESTATUA DE FREI CANECA,PRC DAS CINCO PONTAS,,NA GIRATORIA AO LADO DO FORTE DAS CINCO PONTAS E/F A ESTATUA DE FREI CANECA,SÃO JOSÉ,,,COLISÃO,COLISAO DE DOIS AUTOS S/V,2,,,,,,,,,0,,,,,,,,,,,,,,,,,,
2018-02-27,08:13:00,SEM VÍTIMA,FINALIZADA,ESTÂNCIA,AV RECIFE,5005,,AO LADO DO MACKO,AV RECIFE,5005,AO LADO DO MACKO,ESTÂNCIA,,,COLISÃO,DOIS AUTOS,2,,,,,,,,,0,,,,,,,,,,,,,,,,,,
2018-02-27,08:17:00,SEM VÍTIMA,FINALIZADA,PRADO,RUA MANOEL DE ARRUDA CAMARA,215,,PROX A ESQUINBA DA PICANHA,RUA MANOEL DE ARRUDA CAMARA,215,PROX A ESQUINBA DA PICANHA,PRADO,,,COLISÃO,COLISAO DE AUTO E ONIBUS,,,,,,,,,,0,,,,,,,,,,,,,,,,,,
2018-02-27,09:09:00,SEM VÍTIMA,FINALIZADA,BOA VISTA,RUA BARAO DE SAO BORJA,89-A,,EM FRENTE AO EDF SANTA CRUZ,RUA BARAO DE SAO BORJA,89-A,EM FRENTE AO EDF SANTA CRUZ,BOA VISTA,,,COLISÃO,SEM VITIMAS,3,,,,,,,,,0,,,,,,,,,,,,,,,,,,
2018-02-27,09:14:00,SEM VÍTIMA,FINALIZADA,IMBIRIBEIRA,RUA JORNALISTA CLEOFHAS DE OLIVEIRA,68 A,,E/F A RESIDENCIA, SENTIDO MASCARENHAS.,RUA JORNALISTA CLEOFHAS DE OLIVEIRA,68 A,E/F A RESIDENCIA, SENTIDO MASCARENHAS.,IMBIRIBEIRA,,,COLISÃO,SEM VÍTIMAS,2,,,,,,,,,0,,,,,,,,,,,,,,,,
2018-02-27,09:23:00,SEM VÍTIMA,FINALIZADA,BOA VIAGEM,AV CONSELHEIRO AGUIAR,888,,EM FRENTE A AVIL,AV CONSELHEIRO AGUIAR,888,EM FRENTE A AVIL,BOA VIAGEM,,,COLISÃO,DOIS AUTOS,2,,,,,,,,,0,,,,,,,,,,,,,,,,,,
2018-02-27,10:25:00,SEM VÍTIMA,FINALIZADA,AFLITOS,AV CONS ROSA E SILVA,1206,,EM FRENTE AO EMPRESARIAL CASA GRANDE,AV CONS ROSA E SILVA,1206,EM FRENTE AO EMPRESARIAL CASA GRANDE,AFLITOS,,,COLISÃO,AUTO PASSEIO / CAMINHAO DE GAS,1,,,,,,1,,,0,,,,,,,,,,,,,,,,,,
2018-02-27,11:08:00,SEM VÍTIMA,FINALIZADA,VASCO DA GAMA,RUA VASCO DA GAMA,1503,,HA 100 METROS DA ESCOLA PEQUENO PRINCIPE,RUA VASCO DA GAMA,1503,HA 100 METROS DA ESCOLA PEQUENO PRINCIPE,VASCO DA GAMA,,,COLISÃO,COLISÃO SEM VITIMAS,1,,,,,,1,,,0,,,,,,,,,,,,,,,,,,
2018-02-27,12:16:00,SEM VÍTIMA,FINALIZADA,BOA VISTA,RUA DO HOSPICIO,,RUA PRINCESA IZABEL,CRUZ COM A R PRC IZABEL / E/F AO PARQUE 13 DO MAIO E CAMERA DOS VEREADORES,RUA DO HOSPICIO,,CRUZ COM A R PRC IZABEL / E/F AO PARQUE 13 DO MAIO E CAMERA DOS VEREADORES,BOA VISTA,,,COLISÃO,ENTRE AUTO E ÔNIBUS . S/V,1,,,,,1,,,,0,,,,,,,,,,,,,,,,,,
2018-02-27,12:43:00,SEM VÍTIMA,FINALIZADA,DERBY,AV GOVERNADOR AGAMENON MAGALHAES,,,EM FRENTE AO HR, SENTIDO OLINDA,AV GOVERNADOR AGAMENON MAGALHAES,,EM FRENTE AO HR, SENTIDO OLINDA,DERBY,,,COLISÃO,AUTO E ONIBUS ,1,,,,,1,,,,0,,,,,,,,,,,,,,,,
2018-02-27,12:51:00,SEM VÍTIMA,FINALIZADA,JARDIM SÃO PAULO,RUA ITAI,158,,PROX. AO TERMINAL JARDIM SAOPAULO PIRACICABA,RUA ITAI,158,PROX. AO TERMINAL JARDIM SAOPAULO PIRACICABA,JARDIM SÃO PAULO,,,COLISÃO,AUTO E ONIBUS ,1,,,,,1,,,,0,,,,,,,,,,,,,,,,,,
2018-02-27,13:00:00,COM VÍTIMA,FINALIZADA,BOA VISTA,AV CONDE DA BOA VISTA,,,EM FRENTE AO ANTIGO SANATÓRIO, PRIMEIRA PARADA SENTIDO CIDADE,AV CONDE DA BOA VISTA,,EM FRENTE AO ANTIGO SANATÓRIO, PRIMEIRA PARADA SENTIDO CIDADE,BOA VISTA,,,COLISÃO,COLIÃO ENTRE CARRO E MOTO COM VÍTIMA, LOCAL DESCARACTERIZADO, POREM AINDA ESTÃO NO LOCAL.,1,1,,,,,,,,1,,,,,,,,,,,,,,
2018-02-27,13:03:00,COM VÍTIMA,FINALIZADA,COELHOS,RUA PREFEITO JORGE MARTINS,,,POR BAIXO DO VIADUTO JOAQUIM CARDOSO / AO LADO DA OFICINA DO PEBA,RUA PREFEITO JORGE MARTINS,,POR BAIXO DO VIADUTO JOAQUIM CARDOSO / AO LADO DA OFICINA DO PEBA,COELHOS,,,ATROPELAMENTO,AUTO X PEDESTRE,1,,,,1,,,,,1,,,,,,,,,,,,,,,,,,
2018-02-27,13:05:00,SEM VÍTIMA,FINALIZADA,ENCRUZILHADA,EST DE BELEM,,,E/F AO COLEGIO NOBREGA,EST DE BELEM,,E/F AO COLEGIO NOBREGA,ENCRUZILHADA,,,COLISÃO,COLISAO DE DOIS AUTOS S/V,2,,,,,,,,,0,,,,,,,,,,,,,,,,,,
2018-02-27,13:57:00,SEM VÍTIMA,FINALIZADA,BAIRRO DO RECIFE,CAIS DO APOLO,,,E/F A PREFEITURA DO RECIFE E GERÊNCIA DE ATENÇÃO BÁSICA E PROX AO POSTO SHELL,CAIS DO APOLO,,,BAIRRO DO RECIFE,,,COLISÃO,ENTRE ÔNIBUS E AUTO. S/V,1,,,,,1,,,,0,,,,,,,,,,,,,,,,,,
2018-02-27,14:07:00,SEM VÍTIMA,FINALIZADA,DERBY,AV GOVERNADOR AGAMENON MAGALHAES,,,E/F AO CENTRO DE REPRODUÇAO HUMANA S/T OLINDA NO SEMAFORO 075,AV GOVERNADOR AGAMENON MAGALHAES,,E/F A PREFEITURA DO RECIFE E GERÊNCIA DE ATENÇÃO BÁSICA E PROX AO POSTO SHELL,DERBY,,,COLISÃO,COLISAO DE DOIS AUTOS S/V,2,,,,,,,,,0,,,,,,,,,,,,,,,,,,
2018-02-27,14:37:00,SEM VÍTIMA,FINALIZADA,ILHA DO RETIRO,RUA JOAO ELISIO RAMOS,230,,LATERAL AO CAMPO DO SPORT / E/F A LOJA BARATO CAR,RUA JOAO ELISIO RAMOS,230,LATERAL AO CAMPO DO SPORT / E/F A LOJA BARATO CAR,ILHA DO RETIRO,,,COLISÃO,MOTO E AUTO. S/V,1,1,,,,,,,,0,,,,,,,,,,,,,,,,,,
2018-02-27,14:41:00,SEM VÍTIMA,FINALIZADA,ILHA DO LEITE,RUA PAISSANDU,4535,AV GOV AGAMENON MAGALHAES,ESQUINA COM A AGAMENON MAGALHAES, EM FRENTE AO INSTITUTO CERVANTES,RUA PAISSANDU,4535,ESQUINA COM A AGAMENON MAGALHAES, EM FRENTE AO INSTITUTO CERVANTES,ILHA DO LEITE,,,ENGAVETAMENTO,TRES AUTOS,3,,,,,,,,,0,,,,,,,,,,,,,,,,
2018-02-27,15:16:00,COM VÍTIMA,FINALIZADA,ESPINHEIRO,AV CONS ROSA E SILVA,S/N,,E/F AO HOSPITAL DO SERVIDOR E PROX AO CLUBE PORTUGUÊS,AV CONS ROSA E SILVA,S/N,E/F AO HOSPITAL DO SERVIDOR E PROX AO CLUBE PORTUGUÊS,ESPINHEIRO,,,COLISÃO,ENTRE AUTO E MOTO. C/V,1,1,,,,,,,,1,,,,,,,,,,,,,,,,,,