data,hora,natureza_acidente,situacao,bairro,endereco,numero,detalhe_endereco_acidente,complemento,endereco_cruzamento,numero_cruzamento,referencia_cruzamento,bairro_cruzamento,num_semaforo,sentido_via,tipo,descricao,auto,moto,ciclom,ciclista,pedestre,onibus,caminhao,viatura,outros,vitimas,vitimasfatais,acidente_verificado,tempo_clima,situacao_semaforo,sinalizacao,condicao_via,conservacao_via,ponto_controle,situacao_placa,velocidade_max_via,mao_direcao,divisao_via1,divisao_via2,divisao_via3,,,,
2018-02-27,16:26:00,SEM VÍTIMA,CANCELADA,CASA FORTE,AV DEZESSETE DE AGOSTO,1950,,APOS A PRAÇA DA VITORIA REGIA E/F AO CURSO DE INGLES CNA,AV DEZESSETE DE AGOSTO,1950,APOS A PRAÇA DA VITORIA REGIA E/F AO CURSO DE INGLES CNA,CASA FORTE,,,COLISÃO,COLISAO DE AUTO E MOTO S/V,1,1,,,,,,,,0,,,,,,,,,,,,,,,,,,
2018-02-27,16:30:00,SEM VÍTIMA,FINALIZADA,AFOGADOS,RUA IMPERIAL,1770,,E/F A OFICINA DO PENINHA,RUA IMPERIAL,1770,E/F A OFICINA DO PENINHA,AFOGADOS,,,COLISÃO,ENTRE AUTO E CAMINHÃO. S/V,1,,,,,,1,,,0,,,,,,,,,,,,,,,,,,
2018-02-27,16:57:00,SEM VÍTIMA,FINALIZADA,COELHOS,RUA DOS COELHOS,,,EM FRENTE AO IMIP,RUA DOS COELHOS,,EM FRENTE AO IMIP,COELHOS,,,ENGAVETAMENTO,TRES AUTOS,3,,,,,,,,,0,,,,,,,,,,,,,,,,,,
2018-02-27,18:09:00,SEM VÍTIMA,FINALIZADA,SANTO AMARO,RUA DA AURORA,,AV NORTE,CRUZAMENTO COM AV NORTE SEMAFORO 243,RUA DA AURORA,,CRUZAMENTO COM AV NORTE SEMAFORO 243,SANTO AMARO,,,COLISÃO,DOIS AUTO OBS INSPETOR E GM NO LOCAL,2,,,,,,,,,0,,,,,,,,,,,,,,,,,,
2018-02-27,19:19:00,SEM VÍTIMA,FINALIZADA,BOA VISTA,RUA DAS NINFAS,,RUA DO PROGRESSO,CRUZAMENTO COM A RUA DO PROGRESSO,RUA DAS NINFAS,,CRUZAMENTO COM A RUA DO PROGRESSO,BOA VISTA,,,COLISÃO,DOIS AUTO,2,,,,,,,,,0,,,,,,,,,,,,,,,,,,
2018-02-27,21:32:00,COM VÍTIMA,FINALIZADA,ESPINHEIRO,AV JOAO DE BARROS,1750,,ENFR AO COLEGIO ETEPAM,AV JOAO DE BARROS,1750,ENFR AO COLEGIO ETEPAM,ESPINHEIRO,,,COLISÃO,MOTO E AUTO,1,1,,,,,,,,1,,,,,,,,,,,,,,,,,,
2018-02-27,22:11:00,SEM VÍTIMA,FINALIZADA,DERBY,PRC DO DERBY,,,SEMAFORO 552 PROX AO BRT,PRC DO DERBY,,SEMAFORO 552 PROX AO BRT,DERBY,,,COLISÃO,DSOIS AUTO E MOTO,2,1,,,,,,,,0,,,,,,,,,,,,,,,,,,
2018-02-27,22:24:00,SEM VÍTIMA,FINALIZADA,PARNAMIRIM,AV PARNAMIRIM,,,E/F AO HOSPITAL MARIA LUCINDA,AV PARNAMIRIM,,E/F AO HOSPITAL MARIA LUCINDA,PARNAMIRIM,,,COLISÃO,ENTRE ONIBUS E AUTO. S/V,1,,,,,1,,,,0,,,,,,,,,,,,,,,,,,
2018-02-27,22:39:00,SEM VÍTIMA,FINALIZADA,CAMPINA DO BARRETO,RUA COLORADO,6,,PROX AO TERMINAL DO ONIBUS CHÃO DE ESTRELA E PROX A UNIDADE DE SAUDE DA FAMILIA IRMÃ TEREZINHA,RUA COLORADO,6,PROX AO TERMINAL DO ONIBUS CHÃO DE ESTRELA E PROX A UNIDADE DE SAUDE DA FAMILIA IRMÃ TEREZINHA,CAMPINA DO BARRETO,,,COLISÃO,CAMINHAO DO COLETA X AUTO,1,,,,,,1,,,0,,,,,,,,,,,,,,,,,,
2018-02-28,00:16:00,SEM VÍTIMA,FINALIZADA,SANTO AMARO,RUA DR CARLOS CHAGAS,,AV JOAO DE BARROS,CRUZAMENTO COM AV JOÃO DE BARROS // EM FRENTE AO BANCO SANTANDER,RUA DR CARLOS CHAGAS,,CRUZAMENTO COM AV JOÃO DE BARROS // EM FRENTE AO BANCO SANTANDER,SANTO AMARO,,,COLISÃO,COLISÃO ENTRE DOIS AUTOS SEM VÍTIMAS,2,,,,,,,,,0,,,,,,,,,,,,,,,,,,
2018-02-28,07:23:00,COM VÍTIMA,FINALIZADA,SÃO JOSÉ,C SANTA RITA,S/N,,NA SAÍDA DO TÉRMINAL DE SANTA RITA,C SANTA RITA,S/N,NA SAÍDA DO TÉRMINAL DE SANTA RITA,SÃO JOSÉ,,,COLISÃO,COLISÃO TRASEIRA ONDE A MOTO COLIDIU NA TRASEIRA DO VEÍCULO, VITIMANDO A CONDUTORA DA MOTO: FRATURA NA PERNA. AGUARDANDO SOCORRO DO SAMU E/OU BOMBEIRO. BT CRISPIM / WELLINGTON SANTOS NO LOCAL.,1,1,,,,,,,,1,,,,,,,,,,,,,,,,,
2018-02-28,07:27:00,COM VÍTIMA,FINALIZADA,AFOGADOS,RUA COSME VIANA,,RUA PADRE TEOFILO TWORZ,COM PADRE TEÓFILO,RUA COSME VIANA,,COM PADRE TEÓFILO,AFOGADOS,,,COLISÃO,COL.C/V,1,1,,,,,,,,1,,,,,,,,,,,,,,,,,,
2018-02-28,07:46:00,SEM VÍTIMA,FINALIZADA,DERBY,RUA JOAQUIM NABUCO,409,,EM FRENTE AGALERIA DERBY CENTER,RUA JOAQUIM NABUCO,409,EM FRENTE AGALERIA DERBY CENTER,DERBY,,,COLISÃO,DOIS AUTOS,2,,,,,,,,,0,,,,,,,,,,,,,,,,,,
2018-02-28,07:56:00,SEM VÍTIMA,FINALIZADA,CORDEIRO,AV CAXANGA,892,,AO LADO DA FARMACIA PONTUAL MED,AV CAXANGA,892,AO LADO DA FARMACIA PONTUAL MED,CORDEIRO,,,COLISÃO,COL.S/V SET..SUB,1,1,,,,,,,,0,,,,,,,,,,,,,,,,,,
2018-02-28,08:21:00,SEM VÍTIMA,FINALIZADA,TORRÕES,AV ENGENHEIRO ABDIAS DE CARVALHO,1325,,E/F A CHESF, SEMÁFORO 375. SENTIDO CIDADE,AV ENGENHEIRO ABDIAS DE CARVALHO,1325,E/F A CHESF, SEMÁFORO 375. SENTIDO CIDADE,TORRÕES,,,COLISÃO,SEM VÍTIMAS,1,,,,,,1,,,0,,,,,,,,,,,,,,,,
2018-02-28,08:29:00,SEM VÍTIMA,FINALIZADA,GRAÇAS,RUA CARDEAL ARCOVERDE,132,,E/F AO EDF. VITOR II,RUA CARDEAL ARCOVERDE,132,E/F AO EDF. VITOR II,GRAÇAS,,,COLISÃO,SEM VÍTIMAS,2,,,,,,,,,0,,,,,,,,,,,,,,,,,,
2018-02-28,08:34:00,SEM VÍTIMA,FINALIZADA,BOA VIAGEM,AV DES JOSE NEVES,164,,RUA DO CANAL,AV DES JOSE NEVES,164,RUA DO CANAL,BOA VIAGEM,,,COLISÃO,SEM VITIMAS,1,,,,,,1,,,0,,,,,,,,,,,,,,,,,,
2018-02-28,09:09:00,SEM VÍTIMA,CANCELADA,IMBIRIBEIRA,AV MARECHAL MASCARENHAS DE MORAES,4232,,EM FRENTE DA COMPESA,AV MARECHAL MASCARENHAS DE MORAES,4232,EM FRENTE DA COMPESA,IMBIRIBEIRA,,,COLISÃO,COL.S/V ,SET.SUB,3,,,,,,,,,0,,,,,,,,,,,,,,,,,
2018-02-28,09:12:00,SEM VÍTIMA,CANCELADA,ROSARINHO,RUA PRUDENTE DE MORAES,366,,E/F A RESIDENCIA.,RUA PRUDENTE DE MORAES,366,E/F A RESIDENCIA.,ROSARINHO,,,COLISÃO,SEM VÍTIMAS,,,,,,,,,,0,,,,,,,,,,,,,,,,,,
2018-02-28,09:28:00,SEM VÍTIMA,FINALIZADA,DERBY,PRC DO DERBY,,,NO SEMAFOR 516,PRC DO DERBY,,NO SEMAFOR 516,DERBY,,,COLISÃO,COL.S/V.SET.CD,2,,,,,,,,,0,,,,,,,,,,,,,,,,,,
2018-02-28,09:40:00,COM VÍTIMA,FINALIZADA,SANTO AMARO,RUA FREI CASSIMIRO,870,,E/F A OFICINA CLAUDIO MOTOS,RUA FREI CASSIMIRO,870,E/F A OFICINA CLAUDIO MOTOS,SANTO AMARO,,,COLISÃO,COM UMA VÍTIMA,1,1,,,,,,,,1,,,,,,,,,,,,,,,,,,
2018-02-28,10:24:00,SEM VÍTIMA,FINALIZADA,ILHA DO RETIRO,RUA BENFICA,,,SAÍDA DO TUNEL CHICO SCIENCE,SENT/DERBY,RUA BENFICA,,SAÍDA DO TUNEL CHICO SCIENCE,SENT/DERBY,ILHA DO RETIRO,,,COLISÃO,SEM VITMAS,CRIANÇA AUTISTA DE TRES ANOS NO VEICULO,1,1,,,,,,,,0,,,,,,,,,,,,,,,
2018-02-28,10:38:00,SEM VÍTIMA,FINALIZADA,ESPINHEIRO,AV JOAO DE BARROS,1347,,EM FRENTE AO EDF SANTA CLARA,AV JOAO DE BARROS,1347,EM FRENTE AO EDF SANTA CLARA,ESPINHEIRO,,,COLISÃO,SEM VITIMAS,1,,,,,,1,,,0,,,,,,,,,,,,,,,,,,
2018-02-28,10:54:00,SEM VÍTIMA,FINALIZADA,TAMARINEIRA,AV CONS ROSA E SILVA,2091,,EM FRENTE AO HOSPITAL ULISSES PERNAMBUCANO,AV CONS ROSA E SILVA,2091,EM FRENTE AO HOSPITAL ULISSES PERNAMBUCANO,TAMARINEIRA,,,COLISÃO,SEM VITIMAS,1,,,,,,1,,,0,,,,,,,,,,,,,,,,,,
2018-02-28,11:10:00,COM VÍTIMA,FINALIZADA,BOA VIAGEM,AV ENGENHEIRO DOMINGOS FERREIRA,,,EM FRENTE AO LAÇA BURGUER - PISTA DA DIREITA,AV ENGENHEIRO DOMINGOS FERREIRA,,EM FRENTE AO LAÇA BURGUER - PISTA DA DIREITA,BOA VIAGEM,,,COLISÃO,COM VÍTIMA,1,1,,,,,,,,1,,,,,,,,,,,,,,,,,,
2018-02-28,11:12:00,SEM VÍTIMA,FINALIZADA,IMBIRIBEIRA,AV MARECHAL MASCARENHAS DE MORAES,,,SEN/PRAZERES EM FRENTE A FACULDADE DE MEDICINA,SEMAFORO 530,AV MARECHAL MASCARENHAS DE MORAES,,SEN/PRAZERES EM FRENTE A FACULDADE DE MEDICINA,SEMAFORO 530,IMBIRIBEIRA,,,COLISÃO,SEM VITIMAS,1,,,,,1,,,,0,,,,,,,,,,,,,,,,
2018-02-28,11:18:00,VÍTIMA FATAL,FINALIZADA,BOA VISTA,AV CONDE DA BOA VISTA,1410,RUA OSVALDO CRUZ,ESQUIBNA COM A RUA OSVALDO CRUZ - EM FRENTE A ESTAÇÃO DO BRT - SEMÁFORO 299 - SENTIDO DERBY.,AV CONDE DA BOA VISTA,1410,ESQUIBNA COM A RUA OSVALDO CRUZ - EM FRENTE A ESTAÇÃO DO BRT - SEMÁFORO 299 - SENTIDO DERBY.,BOA VISTA,,,ATROPELAMENTO,VÍTIMA IDOSA - SAMU FOI ACIONADO E ESTEVE NO LOCAL.,,1,,,1,,,,,1,1,,,,,,,,,,,,,,,,,
2018-02-28,11:34:00,SEM VÍTIMA,FINALIZADA,BOA VIAGEM,RUA ERNESTO DE PAULA SANTOS,1114,,EM FRENTE AO EMPRESARIAL SEMOTEC,RUA ERNESTO DE PAULA SANTOS,1114,EM FRENTE AO EMPRESARIAL SEMOTEC,BOA VIAGEM,,,COLISÃO,COL.S/V,1,,,,,,1,,,0,,,,,,,,,,,,,,,,,,
2018-02-28,12:14:00,SEM VÍTIMA,CANCELADA,BOA VIAGEM,RUA VISCONDE DE JEQUITINHONHA,,,LADO CONTRARIO EM FRENTE A LOCALIZA,RUA VISCONDE DE JEQUITINHONHA,,LADO CONTRARIO EM FRENTE A LOCALIZA,BOA VIAGEM,,,COLISÃO,SEM VITIMAS,2,,,,,,,,,0,,,,,,,,,,,,,,,,,,
2018-02-28,12:18:00,SEM VÍTIMA,CANCELADA,VÁRZEA,AV PROFESSOR MORAES REGO,,,PISTA LOCAL E/F A REITORIA,AV PROFESSOR MORAES REGO,,PISTA LOCAL E/F A REITORIA,VÁRZEA,,,COLISÃO,COLISAO DE DOIS AUTOS S/V,2,,,,,,,,,0,,,,,,,,,,,,,,,,,,
2018-02-28,13:19:00,SEM VÍTIMA,FINALIZADA,ILHA DO LEITE,RUA GENERAL JOAQUIM INACIO,,AV ENG ABDIAS DE CARVALHO,E/F AO BANCO ITAU PROX AO CRUZAMENTO DA ABDIAS DE CARVALHO NO SEMAFORO 069 S/T CURADO,RUA GENERAL JOAQUIM INACIO,,E/F AO BANCO ITAU PROX AO CRUZAMENTO DA ABDIAS DE CARVALHO NO SEMAFORO 069 S/T CURADO,ILHA DO LEITE,,,COLISÃO,COLISAO DE DOIS AUTOS S/V,2,,,,,,,,,0,,,,,,,,,,,,,,,,,,
2018-02-28,13:43:00,SEM VÍTIMA,FINALIZADA,IMBIRIBEIRA,AV MARECHAL MASCARENHAS DE MORAES,,,EM FRENTE AO SEMAFORO 530,SENTIDO AFOGADOS E/F AO POSTO SHELL E DA FACULDADE DE SAUDE NA ALÇA DO VIADUTO,AV MARECHAL MASCARENHAS DE MORAES,,EM FRENTE AO SEMAFORO 530,SENTIDO AFOGADOS E/F AO POSTO SHELL E DA FACULDADE DE SAUDE NA ALÇA DO VIADUTO,IMBIRIBEIRA,,,COLISÃO,SEM VITIMAS,1,,,,,1,,,,0,,,,,,,,,,,,,,,,
2018-02-28,13:52:00,SEM VÍTIMA,FINALIZADA,CAXANGÁ,AV CAXANGA,1753,,AO LADO DO PETROCAR, SNT CIDADE/ SUB,AV CAXANGA,1753,AO LADO DO PETROCAR, SNT CIDADE/ SUB,CAXANGÁ,,,ENGAVETAMENTO,ENTRE 3 AUTOS. S/V,3,,,,,,,,,0,,,,,,,,,,,,,,,,
2018-02-28,13:53:00,SEM VÍTIMA,FINALIZADA,SANTO AMARO,AV CRUZ CABUGA,,,E/F AO HOSPITAL SANTA CASA S/T SHOPPING TACARUNA,AV CRUZ CABUGA,,E/F AO HOSPITAL SANTA CASA S/T SHOPPING TACARUNA,SANTO AMARO,,,COLISÃO,COLISAO DE TRES AUTOS S/V,3,,,,,,,,,0,,,,,,,,,,,,,,,,,,
2018-02-28,13:57:00,SEM VÍTIMA,CANCELADA,CASA AMARELA,AV NORTE,,,EM FRENTE A PRAÇA DO TRABALHO,AV NORTE,,EM FRENTE A PRAÇA DO TRABALHO,CASA AMARELA,,,COLISÃO,SEM VITIMAS,1,,,,,,1,,,0,,,,,,,,,,,,,,,,,,
2018-02-28,14:05:00,SEM VÍTIMA,FINALIZADA,ENGENHO DO MEIO,AV PROFESSOR LUIZ FREIRE,,,E/F AO QUARTEL DA 7ª REGIÃO MILITAR,AV PROFESSOR LUIZ FREIRE,,E/F AO QUARTEL DA 7ª REGIÃO MILITAR,ENGENHO DO MEIO,,,ENGAVETAMENTO,ENTRE 3 AUTOS. S/V,3,,,,,,,,,0,,,,,,,,,,,,,,,,,,
2018-02-28,14:13:00,COM VÍTIMA,FINALIZADA,TEJIPIÓ,AV DR JOSE RUFINO,3726,,PROX A ESTAÇAO TEJIPIO,AV DR JOSE RUFINO,3726,PROX A ESTAÇAO TEJIPIO,TEJIPIÓ,,,COLISÃO COM CICLISTA,COLISAO DE ONIBUS COM CICLISTA,,,,1,,1,,,,1,,,,,,,,,,,,,,,,,,
2018-02-28,14:20:00,SEM VÍTIMA,FINALIZADA,MADALENA,AV JOSE GONCALVES DE MEDEIROS,84,,E/F AO CARLITOS BURGUER, FARMACIA PAGUE MENOS E MERCADO EXTRA,AV JOSE GONCALVES DE MEDEIROS,84,E/F AO CARLITOS BURGUER, FARMACIA PAGUE MENOS E MERCADO EXTRA,MADALENA,,,COLISÃO,ENTRE AUTO E MOTO. S/V,1,1,,,,,,,,0,,,,,,,,,,,,,,,,
2018-02-28,14:50:00,SEM VÍTIMA,FINALIZADA,TORRE,RUA JOSE BONIFACIO,,,LADO OPOSTO AO CARREFOUR, PRÓXIMO AO POSTO SHELL.,RUA JOSE BONIFACIO,,LADO OPOSTO AO CARREFOUR, PRÓXIMO AO POSTO SHELL.,TORRE,,,COLISÃO,2 AUTOS, SEM V´TIMAS.,2,,,,,,,,,0,,,,,,,,,,,,,,,
2018-02-28,16:23:00,SEM VÍTIMA,FINALIZADA,AFOGADOS,RUA COSME VIANA,728,,E/F AO POSTO FETTA,RUA COSME VIANA,728,E/F AO POSTO FETTA,AFOGADOS,,,ENGAVETAMENTO,ENTRE 4 AUTOS. S/V,4,,,,,,,,,0,,,,,,,,,,,,,,,,,,
2018-02-28,16:41:00,SEM VÍTIMA,FINALIZADA,BOA VIAGEM,AV ENGENHEIRO DOMINGOS FERREIRA,1945,,E/F AO PREDIO DA SUDENE S/T AEROPORTO,AV ENGENHEIRO DOMINGOS FERREIRA,1945,E/F AO PREDIO DA SUDENE S/T AEROPORTO,BOA VIAGEM,,,COLISÃO,COLISAO DE DOIS AUTOS S/V,2,,,,,,,,,0,,,,,,,,,,,,,,,,,,
2018-02-28,16:43:00,SEM VÍTIMA,FINALIZADA,AFLITOS,AV CONS ROSA E SILVA,1398,,EM FRENTE A GALERIA ROSA E SILVA CENTER,AV CONS ROSA E SILVA,1398,EM FRENTE A GALERIA ROSA E SILVA CENTER,AFLITOS,,,COLISÃO,SEM VITIMAS,1,,,,,,1,,,0,,,,,,,,,,,,,,,,,,
2018-02-28,17:23:00,SEM VÍTIMA,FINALIZADA,IPUTINGA,RUA MINISTRO JOAO ALBERTO,,AV CAXANGA,EM FRENTE AO SEMAFORO 231,CRUZAMENTO COM A AV CAXANGA,RUA MINISTRO JOAO ALBERTO,,EM FRENTE AO SEMAFORO 231,CRUZAMENTO COM A AV CAXANGA,IPUTINGA,,,COLISÃO,SEM VITIMAS,1,,,,,,1,,,0,,,,,,,,,,,,,,,,
2018-02-28,17:34:00,COM VÍTIMA,FINALIZADA,BOA VIAGEM,RUA ANTONIO LUMACK DO MONTE,203,,PROXIMIDADES DO SHOPPING RECIFE, PRIMEIRA A ESQUERDA,RUA ANTONIO LUMACK DO MONTE,203,PROXIMIDADES DO SHOPPING RECIFE, PRIMEIRA A ESQUERDA,BOA VIAGEM,,,COLISÃO,ENTRE AUTO E MOTO. C/V,1,1,,,,,,,,1,,,,,,,,,,,,,,,,
2018-02-28,17:30:00,SEM VÍTIMA,FINALIZADA,SÃO JOSÉ,C SANTA RITA,,,SEMÁFORO 076, PRÓXIMO AO 16º BPMPE,C SANTA RITA,,SEMÁFORO 076, PRÓXIMO AO 16º BPMPE,SÃO JOSÉ,,,ACID. DE PERCURSO,ACIDENTE DE PERCURSO ENVOLVENDO UMA MOTO.,,,,,,,,,,0,,,,,,,,,,,,,,,,
2018-02-28,17:47:00,SEM VÍTIMA,CANCELADA,SANTO AMARO,AV CRUZ CABUGA,,,EM FRENTE AO HOSPITAL DO CANCER SENTIDO OLINDA,AV CRUZ CABUGA,,EM FRENTE AO HOSPITAL DO CANCER SENTIDO OLINDA,SANTO AMARO,,,COLISÃO,SEM VITIMAS,,1,,,,1,,,,0,,,,,,,,,,,,,,,,,,
2018-02-28,17:55:00,SEM VÍTIMA,FINALIZADA,SANTO ANTÔNIO,AV GUARARAPES,,,NO ÍNICIO DA PONTE DUARTE COELHO / VT 26/6 NO LOCAL INSP ADRIEL,AV GUARARAPES,,NO ÍNICIO DA PONTE DUARTE COELHO / VT 26/6 NO LOCAL INSP ADRIEL,SANTO ANTÔNIO,,,COLISÃO,ENTRE AUTO E ONIBUS. S/V,1,,,,,1,,,,0,,,,,,,,,,,,,,,,,,
2018-02-28,18:12:00,SEM VÍTIMA,FINALIZADA,ESPINHEIRO,AV JOAO DE BARROS,1497,,EM FRENTE AO SUPERMERCADO EXTRA E POSTO DE GASOLINA SHELL,AV JOAO DE BARROS,1497,EM FRENTE AO SUPERMERCADO EXTRA E POSTO DE GASOLINA SHELL,ESPINHEIRO,,,COLISÃO,AUTO E ONIBUS,1,,,,,1,,,,0,,,,,,,,,,,,,,,,,,
2018-02-28,18:32:00,SEM VÍTIMA,FINALIZADA,MADALENA,RUA BENFICA,352,,PROX. AO MF SABORES DE TAPIOCA E COLEGIO GGE,RUA BENFICA,352,PROX. AO MF SABORES DE TAPIOCA E COLEGIO GGE,MADALENA,,,COLISÃO,ONIBUS E AUTO,1,,,,,1,,,,0,,,,,,,,,,,,,,,,,,
2018-02-28,18:37:00,SEM VÍTIMA,FINALIZADA,BOA VIAGEM,RUA TENENTE JOAO CICERO,7712,,APÓS O COLÉGIO SANTA MARIA,RUA TENENTE JOAO CICERO,7712,APÓS O COLÉGIO SANTA MARIA,BOA VIAGEM,,,COLISÃO,ENTRE 2 AUTOS. S/V,2,,,,,,,,,0,,,,,,,,,,,,,,,,,,
2018-02-28,18:42:00,SEM VÍTIMA,CANCELADA,ÁGUA FRIA,RUA DA REGENERACAO,55,,EM FRENTE AO POSTO DE GASOLINA BR,RUA DA REGENERACAO,55,EM FRENTE AO POSTO DE GASOLINA BR,ÁGUA FRIA,,,COLISÃO,DOIS AUTOS,2,,,,,,,,,0,,,,,,,,,,,,,,,,,,
2018-02-28,18:43:00,SEM VÍTIMA,FINALIZADA,IPSEP,RUA ALDEMAR DE OLIVEIRA,150,RUA HELIO BRANDAO,CRUZ COM A R HELIO BRANDÃO / SNT CIDADE UNI/ AV RECIFE,RUA ALDEMAR DE OLIVEIRA,150,CRUZ COM A R HELIO BRANDÃO / SNT CIDADE UNI/ AV RECIFE,IPSEP,,,COLISÃO,ENTRE 2 AUTOS. S/V,2,,,,,,,,,0,,,,,,,,,,,,,,,,,,
2018-02-28,18:59:00,COM VÍTIMA,CANCELADA,ESPINHEIRO,RUA DO ESPINHEIRO,478,RUA SANTO ELIAS,COM A RUA SANTO ELIAS, EM FRENTE DO POSTO DE GASOLINA IPIRANGA,RUA DO ESPINHEIRO,478,COM A RUA SANTO ELIAS, EM FRENTE DO POSTO DE GASOLINA IPIRANGA,ESPINHEIRO,,,COLISÃO,MOTO E AUTO,1,1,,,,,,,,2,,,,,,,,,,,,,,,,
2018-02-28,20:50:00,COM VÍTIMA,FINALIZADA,ÁGUA FRIA,RUA DR EUDES COSTA,74,,AO LADO DA LADEIRA DE PEDRA E SO MOVEIS DO VAL,RUA DR EUDES COSTA,74,AO LADO DA LADEIRA DE PEDRA E SO MOVEIS DO VAL,ÁGUA FRIA,,,COLISÃO,DUAS MOTOS,,2,,,,,,,,2,,,,,,,,,,,,,,,,,,
2018-02-28,21:01:00,SEM VÍTIMA,FINALIZADA,CAXANGÁ,AV CAXANGA,5034,,NO FINAL DA AV, SNT CIDADE/SUB / E/F A MULTI AVE,AV CAXANGA,5034,NO FINAL DA AV, SNT CIDADE/SUB / E/F A MULTI AVE,CAXANGÁ,,,COLISÃO,ENTRE 3 AUTOS. S/V,3,,,,,,,,,0,,,,,,,,,,,,,,,,
2018-02-28,22:54:00,SEM VÍTIMA,FINALIZADA,ILHA DO RETIRO,RUA TABAIARES,,,POR TRÁS DO CAMPO DO SPORT / E/F AO SEBRAE,RUA TABAIARES,,POR TRÁS DO CAMPO DO SPORT / E/F AO SEBRAE,ILHA DO RETIRO,,,COLISÃO,ENTRE 2 AUTOS. S/V,2,,,,,,,,,0,,,,,,,,,,,,,,,,,,
2018-02-28,22:57:00,SEM VÍTIMA,FINALIZADA,CORDEIRO,RUA CLAUDIO BROTHERHOOD,275,RUA DR MIGUEL VIEIRA,CRUZAMENTO COM A R DR MIGUEL VIEIRA,RUA CLAUDIO BROTHERHOOD,275,CRUZAMENTO COM A R DR MIGUEL VIEIRA,CORDEIRO,,,COLISÃO,ENTRE AUTO E MOTO. S/V,1,,1,,,,,,,0,,,,,,,,,,,,,,,,,,
2018-03-01,01:26:00,COM VÍTIMA,FINALIZADA,BOA VIAGEM,RUA TENENTE DOMINGOS DE BRITO,1002,RUA RIBEIRO DE BRITO,CRUZAMENTO COM A RUA RIBEIRO DE BRITO,RUA TENENTE DOMINGOS DE BRITO,1002,CRUZAMENTO COM A RUA RIBEIRO DE BRITO,BOA VIAGEM,,,COLISÃO,COLISÃO ENTRE AUTO E MOTO C/V,1,1,,,,,,,,1,,,,,,,,,,,,,,,,,,
2018-03-01,04:26:00,SEM VÍTIMA,FINALIZADA,APIPUCOS,RUA DE APIPUCOS,50,,PROX DA PRAÇA DO MONTEIRO, EM FRENTE AO CONDOMINIO ALAMEDA IMPERIAL,RUA DE APIPUCOS,50,PROX DA PRAÇA DO MONTEIRO, EM FRENTE AO CONDOMINIO ALAMEDA IMPERIAL,APIPUCOS,,,CHOQUE,AUTO CHOCOU-SE NO MURO EM UM MURRO S/V,1,,,,,,,,,0,,,,,,,,,,,,,,,,
2018-03-01,07:32:00,SEM VÍTIMA,FINALIZADA,PRADO,RUA SANTA EDWIRGES,390,,EM FRENTE AO ARQUIVO GERAL DA CAPITAL, TJPE,RUA SANTA EDWIRGES,390,EM FRENTE AO ARQUIVO GERAL DA CAPITAL, TJPE,PRADO,,,COLISÃO,COL.S/V,2,,,,,,,,,0,,,,,,,,,,,,,,,,
2018-03-01,07:37:00,SEM VÍTIMA,FINALIZADA,SAN MARTIN,AV GENERAL SAN MARTIN,,,EM FRENTE A PRAÇA,AV GENERAL SAN MARTIN,,EM FRENTE A PRAÇA,SAN MARTIN,,,COLISÃO,AUTO E CAMINHAO,1,,,,,,1,,,0,,,,,,,,,,,,,,,,,,
2018-03-01,07:37:00,SEM VÍTIMA,CANCELADA,CAXANGÁ,AV CAXANGA,205,,NA FRENTE DO EMPRESARIAL TRADE CENTER,AV CAXANGA,205,NA FRENTE DO EMPRESARIAL TRADE CENTER,CAXANGÁ,,,COLISÃO,COLISÃO SEM VITIMAS,1,,,,,1,,,,0,,,,,,,,,,,,,,,,,,
2018-03-01,07:45:00,SEM VÍTIMA,FINALIZADA,JORDÃO,AV MARIA IRENE,,,PROX. A BASE AERE, SENTIDO JORDAO,AV MARIA IRENE,,PROX. A BASE AERE, SENTIDO JORDAO,JORDÃO,,,COLISÃO,DOIS AUTO E MOTO,1,1,,,,,,,,0,,,,,,,,,,,,,,,,
2018-03-01,07:49:00,,CANCELADA,SAN MARTIN,AV GENERAL SAN MARTIN,,,NO TERMINAL DOS ONIBUS DE SAN MARTIN,AV GENERAL SAN MARTIN,,NO TERMINAL DOS ONIBUS DE SAN MARTIN,SAN MARTIN,,,COLISÃO,COL.S/V,1,,,,,,,,,0,,,,,,,,,,,,,,,,,,
2018-03-01,08:01:00,SEM VÍTIMA,FINALIZADA,ÁGUA FRIA,RUA ZEFERINO AGRA,,,PROX. A ACADEMIA YES,RUA ZEFERINO AGRA,,PROX. A ACADEMIA YES,ÁGUA FRIA,,,COLISÃO,AUTO E ONIBUS,1,1,,,,,,,,0,,,,,,,,,,,,,,,,,,
2018-03-01,08:05:00,SEM VÍTIMA,FINALIZADA,TAMARINEIRA,EST DO ARRAIAL,,,AO LADO DO HOSPITAL AGAMENON MAGALHAES,EST DO ARRAIAL,,AO LADO DO HOSPITAL AGAMENON MAGALHAES,TAMARINEIRA,,,COLISÃO,DOIS AUTOS,2,,,,,,,,,0,,,,,,,,,,,,,,,,,,
2018-03-01,08:12:00,COM VÍTIMA,FINALIZADA,ESPINHEIRO,RUA MARQUES DO PARANA,,,PROXIMO A PRAÇA DA PICANHA,RUA MARQUES DO PARANA,,PROXIMO A PRAÇA DA PICANHA,ESPINHEIRO,,,COLISÃO,ACIDENTE COM VITIMA,1,1,,,,,,,,1,,,,,,,,,,,,,,,,,,
2018-03-01,08:14:00,SEM VÍTIMA,FINALIZADA,SANTO ANTÔNIO,PRC DA REPUBLICA,,,AO LADO DO TEATRO SANTA IZABEL,PRC DA REPUBLICA,,AO LADO DO TEATRO SANTA IZABEL,SANTO ANTÔNIO,,,COLISÃO COM CICLISTA,COL.S/V,1,,,1,,,,,,0,,,,,,,,,,,,,,,,,,
2018-03-01,08:20:00,SEM VÍTIMA,FINALIZADA,BONGI,EST DO BONGI,,,PROX. A FACULDADE NOVA ROMA,EST DO BONGI,,PROX. A FACULDADE NOVA ROMA,BONGI,,,COLISÃO,COLISÃO SEM VITIMAS,1,1,,,,,,,,0,,,,,,,,,,,,,,,,,,