data,hora,natureza_acidente,situacao,bairro,endereco,numero,detalhe_endereco_acidente,complemento,endereco_cruzamento,numero_cruzamento,referencia_cruzamento,bairro_cruzamento,num_semaforo,sentido_via,tipo,descricao,auto,moto,ciclom,ciclista,pedestre,onibus,caminhao,viatura,outros,vitimas,vitimasfatais,acidente_verificado,tempo_clima,situacao_semaforo,sinalizacao,condicao_via,conservacao_via,ponto_controle,situacao_placa,velocidade_max_via,mao_direcao,divisao_via1,divisao_via2,divisao_via3,,,,
2018-03-01,08:39:00,COM VÍTIMA,FINALIZADA,PRADO,RUA SANTA EDWIRGES,,AV ENG ABDIAS DE CARVALHO,COM AVENIDA ABIDIAS DE CARVALHO,RUA SANTA EDWIRGES,,COM AVENIDA ABIDIAS DE CARVALHO,PRADO,,,COLISÃO,COLISÃO COM VITIMA,1,1,,,,,,,,1,,,,,,,,,,,,,,,,,,
2018-03-01,08:42:00,SEM VÍTIMA,CANCELADA,BOA VISTA,AV GOVERNADOR AGAMENON MAGALHAES,,,DEFRONTE A DROGASIL,AV GOVERNADOR AGAMENON MAGALHAES,,DEFRONTE A DROGASIL,BOA VISTA,,,COLISÃO,COLISÃO SEM VITIMAS,2,,,,,,,,,0,,,,,,,,,,,,,,,,,,
2018-03-01,08:50:00,SEM VÍTIMA,FINALIZADA,IMBIRIBEIRA,AV MARECHAL MASCARENHAS DE MORAES,1919,,NA FRENTE DO JUIZADO ESPECIAL,AV MARECHAL MASCARENHAS DE MORAES,1919,NA FRENTE DO JUIZADO ESPECIAL,IMBIRIBEIRA,,,COLISÃO,COLISÃO SEM VITIMAS,2,,,,,,,,,0,,,,,,,,,,,,,,,,,,
2018-03-01,08:58:00,SEM VÍTIMA,FINALIZADA,DOIS UNIDOS,RUA CANAVIEIRA,7,,NO TERMINAL DOS ONIBUS CAPITÃO RUSARIO ,E EM FRENTE DA IGREJA ASSEMBLEIA DE DEUS,RUA CANAVIEIRA,7,NO TERMINAL DOS ONIBUS CAPITÃO RUSARIO ,E EM FRENTE DA IGREJA ASSEMBLEIA DE DEUS,DOIS UNIDOS,,,COLISÃO,COL.S/V,1,,,,,1,,,,0,,,,,,,,,,,,,,,,
2018-03-01,09:38:00,SEM VÍTIMA,CANCELADA,IBURA,RUA PINTOR AGENOR DE ALBUQUERQUE CESAR,101,,AO LADO DO SESI DO IBURA,RUA PINTOR AGENOR DE ALBUQUERQUE CESAR,101,AO LADO DO SESI DO IBURA,IBURA,,,COLISÃO,DOIS AUTOS,2,,,,,,,,,0,,,,,,,,,,,,,,,,,,
2018-03-01,10:15:00,SEM VÍTIMA,FINALIZADA,IPUTINGA,AV HISTORIAD JORDAO EMERENCIANO,157,,AO LADO DA FORD VEICULO,AV HISTORIAD JORDAO EMERENCIANO,157,AO LADO DA FORD VEICULO,IPUTINGA,,,COLISÃO,COL.S/V SET..SUB,2,,,,,,,,,0,,,,,,,,,,,,,,,,,,
2018-03-01,10:59:00,SEM VÍTIMA,CANCELADA,CAMPO GRANDE,RUA FRANCISCO BERENGUER,10,,LAVA JATO MONTE SIÃO,RUA FRANCISCO BERENGUER,10,LAVA JATO MONTE SIÃO,CAMPO GRANDE,,,COLISÃO,COLISÃO SEM VITIMAS,,,,,,,,,,0,,,,,,,,,,,,,,,,,,
2018-03-01,11:21:00,SEM VÍTIMA,FINALIZADA,IMBIRIBEIRA,AV MARECHAL MASCARENHAS DE MORAES,,,EM FRENTE A MEIRA LINS / ESTACIONADOS EM FRNTE AO POSTO SHELL/ SENT AEROPORTO,AV MARECHAL MASCARENHAS DE MORAES,,EM FRENTE A MEIRA LINS / ESTACIONADOS EM FRNTE AO POSTO SHELL/ SENT AEROPORTO,IMBIRIBEIRA,,,COLISÃO,DOIS AUTOS,2,,,,,,,,,0,,,,,,,,,,,,,,,,,,
2018-03-01,12:11:00,SEM VÍTIMA,FINALIZADA,ESPINHEIRO,RUA BARAO DE ITAMARACA,,RUA DO ESPINHEIRO,COM A RUA DO ESPINHEIRO, DE ESQUINA COM A EXTRAFARMA,RUA BARAO DE ITAMARACA,,COM A RUA DO ESPINHEIRO, DE ESQUINA COM A EXTRAFARMA,ESPINHEIRO,,,COLISÃO,TAXI E MOTO,1,1,,,,,,,,0,,,,,,,,,,,,,,,,
2018-03-01,12:15:00,SEM VÍTIMA,PENDENTE,IBURA,AV DOIS RIOS,862,,EM FRENTE A SERRALHJARIA AJ VIDROS,AV DOIS RIOS,862,EM FRENTE A SERRALHJARIA AJ VIDROS,IBURA,,,COLISÃO,COLISÃO SEM VÍTIMA,1,1,,,,,,,,0,,,,,,,,,,,,,,,,,,
2018-03-01,12:41:00,SEM VÍTIMA,FINALIZADA,BOA VIAGEM,RUA WALDEMAR NERY CARNEIRO MONTEIRO,,,EM FRENTE AO RESTAURANTE DONA GULA,RUA WALDEMAR NERY CARNEIRO MONTEIRO,,EM FRENTE AO RESTAURANTE DONA GULA,BOA VIAGEM,,,COLISÃO,AUTO E TAXI,2,,,,,,,,,0,,,,,,,,,,,,,,,,,,
2018-03-01,13:06:00,SEM VÍTIMA,FINALIZADA,CASA FORTE,EST DO ENCANAMENTO,,PRACA DO PARNAMIRIM,CRUZAMENTO COM A PRAÇA DO PARNAMIRIM/ NO SEMÁFORO 358,EST DO ENCANAMENTO,,CRUZAMENTO COM A PRAÇA DO PARNAMIRIM/ NO SEMÁFORO 358,CASA FORTE,,,COLISÃO,COLISÃO SEM VÍTIMA,1,1,,,,,,,,0,,,,,,,,,,,,,,,,,,
2018-03-01,13:21:00,SEM VÍTIMA,CANCELADA,CASA AMARELA,RUA PADRE LEMOS,,,EM FRENTE AO MERCADO DE CASA AMARELA,RUA PADRE LEMOS,,EM FRENTE AO MERCADO DE CASA AMARELA,CASA AMARELA,,,COLISÃO,COLISÃO SEM VÍTIMA,1,,,,,1,,,,0,,,,,,,,,,,,,,,,,,
2018-03-01,13:36:00,SEM VÍTIMA,FINALIZADA,MADALENA,RUA DR JOSE MARCELINO,165,,APOS A FARMACIA BIG BEN E O BOB´S, SENT. BR,RUA DR JOSE MARCELINO,165,APOS A FARMACIA BIG BEN E O BOB´S, SENT. BR,MADALENA,,,COLISÃO,DOIS AUTOS,2,,,,,,,,,0,,,,,,,,,,,,,,,,
2018-03-01,13:39:00,COM VÍTIMA,FINALIZADA,CAJUEIRO,RUA CORONEL URBANO RIBEIRO DE SENA,875,,PROX AO MERCADINHO CORONEL,RUA CORONEL URBANO RIBEIRO DE SENA,875,PROX AO MERCADINHO CORONEL,CAJUEIRO,,,COLISÃO,COLISAO DE MOTO E AUTO COM UMA VITIMA,1,1,,,,,,,,1,,,,,,,,,,,,,,,,,,
2018-03-01,14:23:00,SEM VÍTIMA,FINALIZADA,BOA VISTA,AV JOAO DE BARROS,,,EM FRENTE AO CORPO DE BOMBEIRO/ SENTIDO CIDADE,AV JOAO DE BARROS,,EM FRENTE AO CORPO DE BOMBEIRO/ SENTIDO CIDADE,BOA VISTA,,,COLISÃO,COLISÃO SEM VÍTIMA,,,,,,2,,,,0,,,,,,,,,,,,,,,,,,
2018-03-01,14:25:00,SEM VÍTIMA,CANCELADA,DERBY,AV GOVERNADOR AGAMENON MAGALHAES,,,E/F A EMBRATEL S/T BOA VIAGEM PISTA LOCAL,AV GOVERNADOR AGAMENON MAGALHAES,,E/F A EMBRATEL S/T BOA VIAGEM PISTA LOCAL,DERBY,,,COLISÃO,COLISAO DE DOIS AUTOS S/V,2,,,,,,,,,0,,,,,,,,,,,,,,,,,,
2018-03-01,14:37:00,SEM VÍTIMA,FINALIZADA,MADALENA,RUA PROFESSOR BENEDITO MONTEIRO,,,ENTRE O INTERNACIONAL E A JURANDIR PIRES E/F AO SPORT,RUA PROFESSOR BENEDITO MONTEIRO,,ENTRE O INTERNACIONAL E A JURANDIR PIRES E/F AO SPORT,MADALENA,,,COLISÃO,COLISAO DE DOIS AUTOS S/V,2,,,,,,,,,0,,,,,,,,,,,,,,,,,,
2018-03-01,15:24:00,SEM VÍTIMA,FINALIZADA,BOA VIAGEM,RUA COSMORAMA,548,,PROX. DO POSTO DE GASOLINA DISLUB,RUA COSMORAMA,548,PROX. DO POSTO DE GASOLINA DISLUB,BOA VIAGEM,,,COLISÃO,DOIS AUTOS,2,,,,,,,,,0,,,,,,,,,,,,,,,,,,
2018-03-01,15:33:00,SEM VÍTIMA,FINALIZADA,BOA VIAGEM,AV BOA VIAGEM,,RUA RIBEIRO DE BRITO,COM A RIBEIRO DE BRITO,AV BOA VIAGEM,,COM A RIBEIRO DE BRITO,BOA VIAGEM,,,COLISÃO,COLISÃO SEM VITIMA,2,,,,,,,,,0,,,,,,,,,,,,,,,,,,
2018-03-01,16:29:00,SEM VÍTIMA,FINALIZADA,CASA AMARELA,RUA MANDACARU,356,,APOS O INSTITUTO RAQUEL DE QUEIROZ,RUA MANDACARU,356,APOS O INSTITUTO RAQUEL DE QUEIROZ,CASA AMARELA,,,COLISÃO,CAMINHÃO E AUTO,1,,,,,,1,,,0,,,,,,,,,,,,,,,,,,
2018-03-01,16:49:00,SEM VÍTIMA,FINALIZADA,AFOGADOS,RUA SAO MIGUEL,585,,APÓS O BANCO DO BRASIL,RUA SAO MIGUEL,585,APÓS O BANCO DO BRASIL,AFOGADOS,,,COLISÃO,COLISAO DE TAXI E MOTO S/V,1,1,,,,,,,,0,,,,,,,,,,,,,,,,,,
2018-03-01,18:31:00,SEM VÍTIMA,FINALIZADA,IMBIRIBEIRA,RUA IZABEL DE SOUZA,315,,AO LADO DO PELLEGRINO / PROX A FUNILARIA E PINTUR,RUA IZABEL DE SOUZA,315,AO LADO DO PELLEGRINO / PROX A FUNILARIA E PINTUR,IMBIRIBEIRA,,,COLISÃO,ENTRE AUTO E CAMINHÃO.S/V,1,,,,,,1,,,0,,,,,,,,,,,,,,,,,,
2018-03-01,19:01:00,SEM VÍTIMA,FINALIZADA,ENCRUZILHADA,AV BEBERIBE,,,E/F AO EDF ENCRUZILHADA / POR TRÁS DA ACADEMIA YES FITNESS,AV BEBERIBE,,E/F AO EDF ENCRUZILHADA / POR TRÁS DA ACADEMIA YES FITNESS,ENCRUZILHADA,,,COLISÃO,ENTRE AUTO E MOTO. S/V,1,1,,,,,,,,0,,,,,,,,,,,,,,,,,,
2018-03-01,19:11:00,SEM VÍTIMA,FINALIZADA,BOA VIAGEM,RUA BALTAZAR PASSOS,310,,E/F A PAM JOVEM E EDF JARDIM DAS PALMEIRAS,RUA BALTAZAR PASSOS,310,E/F A PAM JOVEM E EDF JARDIM DAS PALMEIRAS,BOA VIAGEM,,,COLISÃO,ENTRE 2 AUTO. S/V,2,,,,,,,,,0,,,,,,,,,,,,,,,,,,
2018-03-01,19:31:00,SEM VÍTIMA,FINALIZADA,IMBIRIBEIRA,AVENIDA CELSO FURTADO (VIA MANGUE),,,ENCIMA DO VIADUTO VIA MANGUE NA SAIDA PARA A IMBIRIBEIRA,AVENIDA CELSO FURTADO (VIA MANGUE),,ENCIMA DO VIADUTO VIA MANGUE NA SAIDA PARA A IMBIRIBEIRA,IMBIRIBEIRA,,,COLISÃO,DOIS AUTOS,2,,,,,,,,,0,,,,,,,,,,,,,,,,,,
2018-03-01,19:51:00,SEM VÍTIMA,FINALIZADA,BOA VISTA,RUA DO RIACHUELO,,,PROX A FACULDADE DE DIREITO,RUA DO RIACHUELO,,PROX A FACULDADE DE DIREITO,BOA VISTA,,,COLISÃO,VT DA POLICIA CILVIL X AUTO,1,,,,,,,1,,0,,,,,,,,,,,,,,,,,,
2018-03-02,05:36:00,SEM VÍTIMA,FINALIZADA,CASA AMARELA,RUA PADRE LEMOS,,RUA TAQUARITINGA,CRUZAMENTO COM A RUA TAQUARITINGA // EM FRENTE A RICARDO ELETRO,RUA PADRE LEMOS,,CRUZAMENTO COM A RUA TAQUARITINGA // EM FRENTE A RICARDO ELETRO,CASA AMARELA,,,COLISÃO,COLISÃO ENTRE AUTO E ÔNIBUS S/V,,1,,,,1,,,,0,,,,,,,,,,,,,,,,,,
2018-03-02,07:50:00,SEM VÍTIMA,FINALIZADA,BOA VIAGEM,RUA VISCONDE DE JEQUITINHONHA,,,SEMAFORO 433 / SENT DONA LINDU,RUA VISCONDE DE JEQUITINHONHA,,SEMAFORO 433 / SENT DONA LINDU,BOA VIAGEM,,,ENGAVETAMENTO,QUATRO AUTOS,4,,,,,,,,,0,,,,,,,,,,,,,,,,,,
2018-03-02,08:18:00,SEM VÍTIMA,FINALIZADA,LINHA DO TIRO,RUA URIEL DE HOLANDA,1059,,EM FRENTE AO DEPOSITO DE BEBIDAS,RUA URIEL DE HOLANDA,1059,EM FRENTE AO DEPOSITO DE BEBIDAS,LINHA DO TIRO,,,COLISÃO,MOTO AUTO,1,1,,,,,,,,0,,,,,,,,,,,,,,,,,,
2018-03-02,08:46:00,SEM VÍTIMA,FINALIZADA,BOA VIAGEM,AVENIDA CELSO FURTADO (VIA MANGUE),,,PROX. AO AEROCLUB, SENTIDO PINA,AVENIDA CELSO FURTADO (VIA MANGUE),,PROX. AO AEROCLUB, SENTIDO PINA,BOA VIAGEM,,,COLISÃO,COLISÃO SEM VITIMA,2,,,,,,,,,0,,,,,,,,,,,,,,,,
2018-03-02,09:07:00,COM VÍTIMA,FINALIZADA,AFOGADOS,EST DOS REMEDIOS,1918,,EM FRENTE AO CENTRO ESPECIALIZADO DE MEDICINA VETERINARIA,EST DOS REMEDIOS,1918,EM FRENTE AO CENTRO ESPECIALIZADO DE MEDICINA VETERINARIA,AFOGADOS,,,COLISÃO,MOTO E AUTO,1,1,,,,,,,,2,,,,,,,,,,,,,,,,,,
2018-03-02,09:10:00,SEM VÍTIMA,FINALIZADA,AFOGADOS,RUA MOTOCOLOMBO,2372,,AO LADO DO TROCÃO, SENTIDO RECIFE,RUA MOTOCOLOMBO,2372,AO LADO DO TROCÃO, SENTIDO RECIFE,AFOGADOS,,,COLISÃO,COLISÃO SEM VITIMA,2,,,,,,,,,0,,,,,,,,,,,,,,,,
2018-03-02,09:19:00,SEM VÍTIMA,FINALIZADA,IPUTINGA,RUA MAURICIO DE NASSAU,281,,APOS A DEP. DO GOE, JUNTO A PANIFICADORA ATLANTICA,RUA MAURICIO DE NASSAU,281,APOS A DEP. DO GOE, JUNTO A PANIFICADORA ATLANTICA,IPUTINGA,,,COLISÃO,COLISÃO SEM VITIMAS,2,,,,,,,,,0,,,,,,,,,,,,,,,,
2018-03-02,09:20:00,SEM VÍTIMA,FINALIZADA,DERBY,AV GOVERNADOR AGAMENON MAGALHAES,,,EM FRENTE A FACE IMAGEM / SENT BOA VIAGEM,AV GOVERNADOR AGAMENON MAGALHAES,,EM FRENTE A FACE IMAGEM / SENT BOA VIAGEM,DERBY,,,COLISÃO,MOTO E AUTO / PETRONILO PONTO FIXO,1,1,,,,,,,,0,,,,,,,,,,,,,,,,,,
2018-03-02,09:40:00,COM VÍTIMA,FINALIZADA,DOIS IRMÃOS,RUA MANUEL DE MEDEIROS,93,,E/F A RESIDENCIA, SENTIDO CAXANGÁ,RUA MANUEL DE MEDEIROS,93,E/F A RESIDENCIA, SENTIDO CAXANGÁ,DOIS IRMÃOS,,,COLISÃO COM CICLISTA,COM UMA VÍTIMAS JÁ SOCORRIDA PELO SAMU.,1,,,1,,,,,,1,,,,,,,,,,,,,,,,
2018-03-02,10:05:00,SEM VÍTIMA,FINALIZADA,SÃO JOSÉ,RUA IMPERIAL,,,EM FRENTE DA SECRETARIA DA FAZENDA,RUA IMPERIAL,,EM FRENTE DA SECRETARIA DA FAZENDA,SÃO JOSÉ,,,COLISÃO,COL.S/V,1,,,,,,1,,,0,,,,,,,,,,,,,,,,,,
2018-03-02,10:27:00,SEM VÍTIMA,FINALIZADA,AFOGADOS,EST DOS REMEDIOS,,RUA SÃO MIGUEL,COM LARGO DA PAZ, SEMÁFORO 053,EST DOS REMEDIOS,,COM LARGO DA PAZ, SEMÁFORO 053,AFOGADOS,,,COLISÃO,CAMINHÃO E AUTO, SEM VÍTIMAS.,1,,,,,,1,,,0,,,,,,,,,,,,,,,
2018-03-02,10:39:00,SEM VÍTIMA,FINALIZADA,AFOGADOS,RUA DA PAZ,230,,EM FRENTE DA AGIPLAN,RUA DA PAZ,230,EM FRENTE DA AGIPLAN,AFOGADOS,,,COLISÃO,COL.S/V .SET.AFOGADOS,1,,,,,,1,,,0,,,,,,,,,,,,,,,,,,
2018-03-02,10:50:00,SEM VÍTIMA,FINALIZADA,IMBIRIBEIRA,RUA LEONOR SOARES PESSOA,207,,TEC CRAINER, NA RUA DA SUB ESTAÇÃO DA CELPE,RUA LEONOR SOARES PESSOA,207,TEC CRAINER, NA RUA DA SUB ESTAÇÃO DA CELPE,IMBIRIBEIRA,,,CHOQUE,CAMINHÃO PASSOU E ARRASTOU O POSTE, ESTE CAIU SOBRE OS VEICULOS QUE ESTAVAM ESTACIONADOS NO LOCAL,1,2,,,,,2,,,0,,,,,,,,,,,,,,,
2018-03-02,11:08:00,SEM VÍTIMA,FINALIZADA,ENCRUZILHADA,RUA QUARENTA E OITO,525,,EM FRENTE DA VIDEO TECNICA,RUA QUARENTA E OITO,525,EM FRENTE DA VIDEO TECNICA,ENCRUZILHADA,,,COLISÃO,COL.S/V,2,,,,,,,,,0,,,,,,,,,,,,,,,,,,
2018-03-02,11:18:00,SEM VÍTIMA,FINALIZADA,DERBY,AV GOVERNADOR AGAMENON MAGALHAES,4535,,EM FRENTE AO INSTITUTO SERVANTES / SENT OLINDA,AV GOVERNADOR AGAMENON MAGALHAES,4535,EM FRENTE AO INSTITUTO SERVANTES / SENT OLINDA,DERBY,,,ENGAVETAMENTO,QUATRO AUTOS,4,,,,,,,,,0,,,,,,,,,,,,,,,,,,
2018-03-02,11:37:00,SEM VÍTIMA,FINALIZADA,BOA VIAGEM,RUA PADRE CABRAL,225,,EDF, SANTO HENRIQUE,RUA PADRE CABRAL,225,EDF, SANTO HENRIQUE,BOA VIAGEM,,,COLISÃO,COLISÃO SEM VITIMA,2,,,,,,,,,0,,,,,,,,,,,,,,,,
2018-03-02,11:45:00,SEM VÍTIMA,FINALIZADA,CORDEIRO,RUA CLAUDIO BROTHERHOOD,275,,EM FRENTE AO DEPOSITO BETO BEBIDAS,RUA CLAUDIO BROTHERHOOD,275,EM FRENTE AO DEPOSITO BETO BEBIDAS,CORDEIRO,,,COLISÃO,DOIS AUTOS,2,,,,,,,,,0,,,,,,,,,,,,,,,,,,
2018-03-02,11:47:00,SEM VÍTIMA,CANCELADA,AFOGADOS,AV SUL,,,APOS A ESTAÇÃO DA LARGO DA PAZ, SENTIDO CENTRO DO RECIFE,AV SUL,,APOS A ESTAÇÃO DA LARGO DA PAZ, SENTIDO CENTRO DO RECIFE,AFOGADOS,,,COLISÃO,COLISÃO SEM VITIMAS,1,,,,,1,,,,0,,,,,,,,,,,,,,,,
2018-03-02,12:06:00,SEM VÍTIMA,FINALIZADA,PINA,AV ANTONIO DE GOES,,,EM FRENTE A PRF,AV ANTONIO DE GOES,,EM FRENTE A PRF,PINA,,,COLISÃO,DOIS AUTOS S/V,2,,,,,,,,,0,,,,,,,,,,,,,,,,,,
2018-03-02,12:21:00,SEM VÍTIMA,FINALIZADA,ROSARINHO,AV SANTOS DUMONT,458,,EM FRENTE A FARMACIA EXTRA FARMA,AV SANTOS DUMONT,458,EM FRENTE A FARMACIA EXTRA FARMA,ROSARINHO,,,COLISÃO,COLISÃO SEM VÍTIMA,1,1,,,,,,,,0,,,,,,,,,,,,,,,,,,
2018-03-02,12:21:00,SEM VÍTIMA,CANCELADA,BONGI,EST DO BONGI,355,,PROX A FACULDADE NOVA ROMA,EST DO BONGI,355,PROX A FACULDADE NOVA ROMA,BONGI,,,COLISÃO,COLISAO DE DOIS AUTOS S/V,,,,,,,,,,0,,,,,,,,,,,,,,,,,,
2018-03-02,12:28:00,SEM VÍTIMA,FINALIZADA,IMBIRIBEIRA,AV MARECHAL MASCARENHAS DE MORAES,1818,,PROX. A LASER ELETRO, EM FRENTE A HONDA, SENTIDO PRAZERES,AV MARECHAL MASCARENHAS DE MORAES,1818,PROX. A LASER ELETRO, EM FRENTE A HONDA, SENTIDO PRAZERES,IMBIRIBEIRA,,,COLISÃO,AUTO E ONIBUS,1,,,,,1,,,,0,,,,,,,,,,,,,,
2018-03-02,12:51:00,COM VÍTIMA,FINALIZADA,PRADO,RUA CARLOS GOMES,,RUA HERCULES FLORENCE,PROXIMO AO POSTO DE SAÚDE ROMERO MARQUES/ CRUZAMENTO COM A RUA HERCULES FLORENCE,RUA CARLOS GOMES,,PROXIMO AO POSTO DE SAÚDE ROMERO MARQUES/ CRUZAMENTO COM A RUA HERCULES FLORENCE,PRADO,,,COLISÃO,COLISÃO COM VÍTIMA,1,1,,,,,,,,1,,,,,,,,,,,,,,,,,,
2018-03-02,12:51:00,SEM VÍTIMA,FINALIZADA,MADALENA,RUA LOPES DE CARVALHO,,RUA VISCONDE DE ALBUQUERQUE,ESQUINA COM RUA VISCONDE DE ALBUQUERQUE,RUA LOPES DE CARVALHO,,ESQUINA COM RUA VISCONDE DE ALBUQUERQUE,MADALENA,,,COLISÃO,DOIS AUTOS S/V,2,,,,,,,,,0,,,,,,,,,,,,,,,,,,
2018-03-02,12:55:00,SEM VÍTIMA,FINALIZADA,BOA VISTA,AV MONTEVIDEU,96,,E/F AO CURSO NUCLEO,AV MONTEVIDEU,96,E/F AO CURSO NUCLEO,BOA VISTA,,,COLISÃO,COLISAO DE TRES AUTOS S/V,3,,,,,,,,,0,,,,,,,,,,,,,,,,,,
2018-03-02,13:05:00,SEM VÍTIMA,CANCELADA,MADALENA,RUA DOM MANOEL DA COSTA,,RUA PADRE LANDIM,ESQUINA COM RUA PADRE LANDIM,RUA DOM MANOEL DA COSTA,,ESQUINA COM RUA PADRE LANDIM,MADALENA,,,COLISÃO,AUTO E MOTO,1,1,,,,,,,,0,,,,,,,,,,,,,,,,,,
2018-03-02,13:55:00,SEM VÍTIMA,CANCELADA,CORDEIRO,AV GENERAL SAN MARTIN,,,ANTES DO CRUZAMENTO DO SUPERMERCADO IDEAL ANTIGO KENNEDY E/F A OFICINA CENTRO AUTO MOTIVO S/T SAN MARTIN,AV GENERAL SAN MARTIN,,ANTES DO CRUZAMENTO DO SUPERMERCADO IDEAL ANTIGO KENNEDY E/F A OFICINA CENTRO AUTO MOTIVO S/T SAN MARTIN,CORDEIRO,,,COLISÃO,COLISAO DE CAMINHAO E AUTO S/V,1,,,,,,1,,,0,,,,,,,,,,,,,,,,,,
2018-03-02,14:54:00,SEM VÍTIMA,FINALIZADA,BOA VIAGEM,VIADUTO TANCREDO NEVES,,,EM CIMA DO VIADUTO S/T CID,VIADUTO TANCREDO NEVES,,EM CIMA DO VIADUTO S/T CID,BOA VIAGEM,,,COLISÃO,COLISAO DE DOIS AUTOS S/V,2,,,,,,,,,0,,,,,,,,,,,,,,,,,,
2018-03-02,15:06:00,SEM VÍTIMA,FINALIZADA,SAN MARTIN,AV MANOEL GONCALVES DA LUZ,,,PROX. A PRAÇA DO ABRIGO, E A FARMACIA MAX SAUDE,AV MANOEL GONCALVES DA LUZ,,PROX. A PRAÇA DO ABRIGO, E A FARMACIA MAX SAUDE,SAN MARTIN,,,COLISÃO,AUTO E MOTO,1,1,,,,,,,,0,,,,,,,,,,,,,,,,
2018-03-02,15:18:00,SEM VÍTIMA,FINALIZADA,SANTO AMARO,AV DR JAYME DA FONTE,,,EM FRENTE A COMPESA,AV DR JAYME DA FONTE,,EM FRENTE A COMPESA,SANTO AMARO,,,COLISÃO,DOIS AUTOS SV,2,,,,,,,,,0,,,,,,,,,,,,,,,,,,
2018-03-02,15:39:00,SEM VÍTIMA,FINALIZADA,ILHA DO RETIRO,AV BEIRA RIO,230,,EM FRENTE AO EDIFICIO PORTAL DO CAPIBARIBE,AV BEIRA RIO,230,EM FRENTE AO EDIFICIO PORTAL DO CAPIBARIBE,ILHA DO RETIRO,,,COLISÃO,COLISÃO SEM VÍTIMA,1,1,,,,,,,,0,,,,,,,,,,,,,,,,,,
2018-03-02,16:01:00,SEM VÍTIMA,CANCELADA,BOA VIAGEM,AV ARMINDO MOURA,581,,E/F AO QUARTEL DA AERONALTICA,AV ARMINDO MOURA,581,E/F AO QUARTEL DA AERONALTICA,BOA VIAGEM,,,COLISÃO,COLISAO DE TRES AUTOS S/V,3,,,,,,,,,0,,,,,,,,,,,,,,,,,,
2018-03-02,16:15:00,SEM VÍTIMA,FINALIZADA,PRADO,RUA JOAO IVO DA SILVA,,,PROXIMO A SUBWAY DA ABDIAS DE CARVALHO,RUA JOAO IVO DA SILVA,,PROXIMO A SUBWAY DA ABDIAS DE CARVALHO,PRADO,,,COLISÃO,,1,1,,,,,,,,0,,,,,,,,,,,,,,,,,,
2018-03-02,16:19:00,COM VÍTIMA,FINALIZADA,BOA VIAGEM,RUA JOAO CARDOSO AIRES,780,,PROX A VETERINARIO CENTER E/FEDF TORRES CELI,RUA JOAO CARDOSO AIRES,780,PROX A VETERINARIO CENTER E/FEDF TORRES CELI,BOA VIAGEM,,,COLISÃO,COLISAO DE ONIBUS E AUTO COM TRES VITIMAS,1,,,,,1,,,,3,,,,,,,,,,,,,,,,,,
2018-03-02,16:25:00,COM VÍTIMA,FINALIZADA,IMBIRIBEIRA,AV MARECHAL MASCARENHAS DE MORAES,,,EM FRENTE AO AEROPORTO/ SENTIDO AFOGADOS,AV MARECHAL MASCARENHAS DE MORAES,,EM FRENTE AO AEROPORTO/ SENTIDO AFOGADOS,IMBIRIBEIRA,,,COLISÃO,COLISÃO SEM VÍTIMA,2,,,,,1,,,,,,,,,,,,,,,,,,,,,,
2018-03-02,16:48:00,SEM VÍTIMA,FINALIZADA,BARRO,,,RUA ALCOFORADO,NA ENTRADA DO TERMINAL DO BARRO, ESQUINA COM RUA ALCOFORADO, NO SENTIDO SEASA/ IBURA,,,NA ENTRADA DO TERMINAL DO BARRO, ESQUINA COM RUA ALCOFORADO, NO SENTIDO SEASA/ IBURA,BARRO,,,COLISÃO,DOIS AUTOS S/V,2,,,,,,,,,0,,,,,,,,,,,,,,
2018-03-02,16:56:00,SEM VÍTIMA,FINALIZADA,BOA VISTA,RUA DO GIRIQUITI,,,POR TRÁS DO SHOPPING BOA VISTA,RUA DO GIRIQUITI,,POR TRÁS DO SHOPPING BOA VISTA,BOA VISTA,,,COLISÃO,COLISÃO SEM VÍTIMA,1,,,,,,1,,,0,,,,,,,,,,,,,,,,,,
2018-03-02,17:48:00,COM VÍTIMA,FINALIZADA,IBURA,AV DOM HELDER CAMARA,309,,EM FRENTE A MOTO SHOW PEÇAS E ACESSORIOS,AV DOM HELDER CAMARA,309,EM FRENTE A MOTO SHOW PEÇAS E ACESSORIOS,IBURA,,,COLISÃO,COLISÃO COM VÍTIMA,1,1,,,,,,,,1,,,,,,,,,,,,,,,,,,
2018-03-02,18:34:00,COM VÍTIMA,FINALIZADA,IBURA,AV DOIS RIOS,,,PROX. A POLICLINICA DO IBURA, NA SUBIDA DA LADEIRA DA COHAB,AV DOIS RIOS,,PROX. A POLICLINICA DO IBURA, NA SUBIDA DA LADEIRA DA COHAB,IBURA,,,COLISÃO,MOTO E AUTO,1,1,,,,,,,,1,,,,,,,,,,,,,,,,
2018-03-02,18:51:00,SEM VÍTIMA,FINALIZADA,CAMPO GRANDE,RUA PROFESSOR FRANCISCO DA TRINDADE,290,RUA N SRA DA GLORIA,CRUZAMENTO COM A RUA N. S. DA CLORIA E ENTRE A RUA GUAIANAZES,RUA PROFESSOR FRANCISCO DA TRINDADE,290,CRUZAMENTO COM A RUA N. S. DA CLORIA E ENTRE A RUA GUAIANAZES,CAMPO GRANDE,,,COLISÃO,TAXI X AUTO,2,,,,,,,,,0,,,,,,,,,,,,,,,,,,
2018-03-02,19:09:00,SEM VÍTIMA,FINALIZADA,AFOGADOS,PTE DO MOTOCOLOMBO,,,EM CIMA DA PONTE, SENT. RECIFE,PTE DO MOTOCOLOMBO,,EM CIMA DA PONTE, SENT. RECIFE,AFOGADOS,,,COLISÃO,CAMINHÃO E AUTO,1,,,,,,1,,,0,,,,,,,,,,,,,,,,