data,hora,natureza_acidente,situacao,bairro,endereco,numero,detalhe_endereco_acidente,complemento,endereco_cruzamento,numero_cruzamento,referencia_cruzamento,bairro_cruzamento,num_semaforo,sentido_via,tipo,descricao,auto,moto,ciclom,ciclista,pedestre,onibus,caminhao,viatura,outros,vitimas,vitimasfatais,acidente_verificado,tempo_clima,situacao_semaforo,sinalizacao,condicao_via,conservacao_via,ponto_controle,situacao_placa,velocidade_max_via,mao_direcao,divisao_via1,divisao_via2,divisao_via3,,,,
2018-03-05,12:28:00,SEM VÍTIMA,CANCELADA,BOA VIAGEM,RUA BRUNO VELOSO,,,NO SEMAFORO 338,RUA BRUNO VELOSO,,NO SEMAFORO 338,BOA VIAGEM,,,COLISÃO,COLISAO DE ONIBUS E AUTO S/V,1,,,,,1,,,,0,,,,,,,,,,,,,,,,,,
2018-03-05,12:44:00,SEM VÍTIMA,FINALIZADA,SAN MARTIN,RUA COMENDADOR JOSE VITA,522,,EM FRENTE AO CONJUNTO RESIDENCIAL 21 DE ABRIL,RUA COMENDADOR JOSE VITA,522,EM FRENTE AO CONJUNTO RESIDENCIAL 21 DE ABRIL,SAN MARTIN,,,COLISÃO,DOIS AUTOS S/V,2,,,,,,,,,0,,,,,,,,,,,,,,,,,,
2018-03-05,13:23:00,SEM VÍTIMA,CANCELADA,IMBIRIBEIRA,RUA ANTONIO FALCAO,,,ANTES DO PONTILHAO DO METRO, EM FRENTE AO CONDOMINIO VITA,RUA ANTONIO FALCAO,,ANTES DO PONTILHAO DO METRO, EM FRENTE AO CONDOMINIO VITA,IMBIRIBEIRA,,,COLISÃO,DOIS AUTOS,,,,,,,,,,0,,,,,,,,,,,,,,,,
2018-03-05,13:37:00,SEM VÍTIMA,FINALIZADA,CAXANGÁ,RUA SAO MATEUS,,AV MAURICIO DE NASSAU,COM RUA MAURICIO DE NASSAU NO SEMAFORO 239,RUA SAO MATEUS,,COM RUA MAURICIO DE NASSAU NO SEMAFORO 239,CAXANGÁ,,,COLISÃO,COLISAO DE AUTO E CAMINHAO S/V,1,,,,,,1,,,0,,,,,,,,,,,,,,,,,,
2018-03-05,14:12:00,SEM VÍTIMA,FINALIZADA,IPUTINGA,AV CAXANGA,,,E/F AO CAXANGÁ GOLF CLUBE,AV CAXANGA,,E/F AO CAXANGÁ GOLF CLUBE,IPUTINGA,,,ENGAVETAMENTO,ENTRE 3 AUTOS. S/V,3,,,,,,,,,0,,,,,,,,,,,,,,,,,,
2018-03-05,14:34:00,SEM VÍTIMA,FINALIZADA,CAJUEIRO,RUA CORONEL URBANO RIBEIRO DE SENA,2696,,E/F A RODRIGUES BIKE,RUA CORONEL URBANO RIBEIRO DE SENA,2696,E/F A RODRIGUES BIKE,CAJUEIRO,,,COLISÃO,ENTRE 2 AUTOS. S/V,2,,,,,,,,,0,,,,,,,,,,,,,,,,,,
2018-03-05,14:34:00,SEM VÍTIMA,FINALIZADA,ILHA DO RETIRO,RUA SPORT CLUBE DO RECIFE,,,EM FRENTE AO CAMPO DO SPORT, SENTIDO ABDIAS,RUA SPORT CLUBE DO RECIFE,,EM FRENTE AO CAMPO DO SPORT, SENTIDO ABDIAS,ILHA DO RETIRO,,,COLISÃO,ONIBUS E VT DA PM,,,,,,1,,1,,0,,,,,,,,,,,,,,,,
2018-03-05,14:44:00,COM VÍTIMA,FINALIZADA,CASA AMARELA,RUA CONS PERETTI,,,E/F A GILSON CIDRIM PARALELA DA RUA PADRE LEMOS,RUA CONS PERETTI,,E/F A GILSON CIDRIM PARALELA DA RUA PADRE LEMOS,CASA AMARELA,,,COLISÃO,COLISAO DE AUTO E MOTO COM DUAS VITIMAS,1,1,,,,,,,,2,,,,,,,,,,,,,,,,,,
2018-03-05,14:55:00,SEM VÍTIMA,FINALIZADA,SANTO AMARO,AV VISCONDE DE SUASSUNA,,,E/F AO SENAC,AV VISCONDE DE SUASSUNA,,E/F AO SENAC,SANTO AMARO,,,COLISÃO,COLISAO DE DOIS AUITOS S/V,2,,,,,,,,,0,,,,,,,,,,,,,,,,,,
2018-03-05,15:03:00,VÍTIMA FATAL,FINALIZADA,JORDÃO,AV MARIA IRENE,,,EM FRENTE AO RSTAURANTE QUERO MAIS,AV MARIA IRENE,,EM FRENTE AO RSTAURANTE QUERO MAIS,JORDÃO,,,ATROPELAMENTO,ATROPELAMENTO ENTRE ONIBUS E PEDESTRE,,,,,1,1,,,,,1,,,,,,,,,,,,,,,,,
2018-03-05,15:07:00,SEM VÍTIMA,FINALIZADA,BOA VIAGEM,RUA BARAO DE SOUZA LEAO,,,E/F A PRACINHA DE BOA VIAGEM,RUA BARAO DE SOUZA LEAO,,E/F A PRACINHA DE BOA VIAGEM,BOA VIAGEM,,,COLISÃO,COLISAO DE CAMINHAO E AUTOS S/V,1,,,,,,1,,,0,,,,,,,,,,,,,,,,,,
2018-03-05,15:13:00,SEM VÍTIMA,FINALIZADA,CASA FORTE,AV DEZESSETE DE AGOSTO,,,EM FRENTE AO ITAU, ANTES DO PLAZA, PROX. A BIG BEN,AV DEZESSETE DE AGOSTO,,EM FRENTE AO ITAU, ANTES DO PLAZA, PROX. A BIG BEN,CASA FORTE,,,COLISÃO,DOIS AUTOS,2,,,,,,,,,0,,,,,,,,,,,,,,
2018-03-05,15:19:00,SEM VÍTIMA,FINALIZADA,CORDEIRO,RUA CLAUDIO BROTHERHOOD,,RUA AUREO XAVIER,CRUZAMENTO COM RUA AUREO XAVIER, SENTIDO ABDIAS DE CARVALHO,RUA CLAUDIO BROTHERHOOD,,CRUZAMENTO COM RUA AUREO XAVIER, SENTIDO ABDIAS DE CARVALHO,CORDEIRO,,,COLISÃO,DOIS AUTOS S/V,2,,,,,,,,,0,,,,,,,,,,,,,,,,
2018-03-05,15:58:00,COM VÍTIMA,FINALIZADA,AFOGADOS,RUA SAO MIGUEL,,,14 BLOG / ENTRADA DA VILA S. MIGUEL ESQUINA BODE DO NÓ,RUA SAO MIGUEL,,14 BLOG / ENTRADA DA VILA S. MIGUEL ESQUINA BODE DO NÓ,AFOGADOS,,,CHOQUE,CHOQUE COM VITIMA EM OBJETO FIXO,1,,,,,,,,,1,,,,,,,,,,,,,,,,,,
2018-03-05,15:59:00,SEM VÍTIMA,FINALIZADA,IMBIRIBEIRA,RUA PAMPULHA,,RUA ITAJAI,COM RUA ITAJAI VT 08 NO LOCAL,RUA PAMPULHA,,COM RUA ITAJAI VT 08 NO LOCAL,IMBIRIBEIRA,,,COLISÃO,COLISAO DE DOIS AUTOS S/V,2,,,,,,,,,0,,,,,,,,,,,,,,,,,,
2018-03-05,16:08:00,SEM VÍTIMA,FINALIZADA,CAXANGÁ,AV CAXANGA,,,E/F A PIZZARIA MASSARELA. SNT CIDADE/ SUB,AV CAXANGA,,E/F A PIZZARIA MASSARELA. SNT CIDADE/ SUB,CAXANGÁ,,,COLISÃO,AUTO E MOTO. S/V,1,1,,,,,,,,0,,,,,,,,,,,,,,,,,,
2018-03-05,16:44:00,SEM VÍTIMA,FINALIZADA,SAN MARTIN,AV GENERAL SAN MARTIN,,,E/F A LOMBADA ELETRONICA E A ACADEMIA DA CIDADE ANTES DO SEMAFORO 326,AV GENERAL SAN MARTIN,,E/F A LOMBADA ELETRONICA E A ACADEMIA DA CIDADE ANTES DO SEMAFORO 326,SAN MARTIN,,,COLISÃO,COLISAO DE ONIBUS E AUTO S/V,,,,,,1,1,,,0,,,,,,,,,,,,,,,,,,
2018-03-05,16:49:00,SEM VÍTIMA,CANCELADA,BOA VIAGEM,AV BOA VIAGEM,4700,,APOS A PRACINHA, E ANTES DO EDF. CASTELINHO,AV BOA VIAGEM,4700,APOS A PRACINHA, E ANTES DO EDF. CASTELINHO,BOA VIAGEM,,,COLISÃO,DOIS AUTOS S/V,2,,,,,,,,,0,,,,,,,,,,,,,,,,
2018-03-05,16:49:00,SEM VÍTIMA,FINALIZADA,MADALENA,EST DOS REMEDIOS,,,E/F AO POSTO SHELL E LEÇA DE ANDRADE,EST DOS REMEDIOS,,E/F AO POSTO SHELL E LEÇA DE ANDRADE,MADALENA,,,COLISÃO,ENTRE 2 AUTOS. S/V,1,,,,,,1,,,0,,,,,,,,,,,,,,,,,,
2018-03-05,17:02:00,SEM VÍTIMA,FINALIZADA,IBURA,LAD DA COHAB,,,AV DOIS RIOS / ACESSO A LADEIRA, POR BAIXO DO VIADUTO,LAD DA COHAB,,AV DOIS RIOS / ACESSO A LADEIRA, POR BAIXO DO VIADUTO,IBURA,,,COLISÃO,ENTRE AUTO E ONIBUS. S/V,1,,,,,1,,,,0,,,,,,,,,,,,,,,,
2018-03-05,17:10:00,COM VÍTIMA,EQUIPE EM DESLOCAMENTO,BOA VIAGEM,RUA PROFESSOR AUGUSTO LINS E SILVA,196,,EM FRENTE A PADARIA ALEM DO PAO,RUA PROFESSOR AUGUSTO LINS E SILVA,196,EM FRENTE A PADARIA ALEM DO PAO,BOA VIAGEM,,,COLISÃO,AUTO E MOTO,1,1,,,,,,,,1,,,,,,,,,,,,,,,,,,
2018-03-05,17:19:00,SEM VÍTIMA,CANCELADA,DERBY,AV GOVERNADOR CARLOS DE LIMA CAVALCANTI,,,SEMÁFORO 075,AV GOVERNADOR CARLOS DE LIMA CAVALCANTI,,SEMÁFORO 075,DERBY,,,ENGAVETAMENTO,ENTRE 2 AUTOS E MOTO. S/V,2,1,,,,,,,,0,,,,,,,,,,,,,,,,,,
2018-03-05,17:26:00,SEM VÍTIMA,FINALIZADA,IMBIRIBEIRA,AV MARECHAL MASCARENHAS DE MORAES,,,POSTO SHELL ANTES DO AEROPORTO SENTIDO CID/SUB,AV MARECHAL MASCARENHAS DE MORAES,,POSTO SHELL ANTES DO AEROPORTO SENTIDO CID/SUB,IMBIRIBEIRA,,,COLISÃO,AUTO E MOTO,2,,,,,,,,,0,,,,,,,,,,,,,,,,,,
2018-03-05,18:00:00,SEM VÍTIMA,FINALIZADA,BOA VIAGEM,RUA VISCONDE DE JEQUITINHONHA,,RUA DOM JOSE LOPES,CRUZAMENTO COM RUA DOM JOSE LOPES,RUA VISCONDE DE JEQUITINHONHA,,CRUZAMENTO COM RUA DOM JOSE LOPES,BOA VIAGEM,,,COLISÃO,DOIS AUTOS S/V,2,,,,,,,,,0,,,,,,,,,,,,,,,,,,
2018-03-05,18:12:00,SEM VÍTIMA,FINALIZADA,BOA VISTA,AV OLIVEIRA LIMA,7556,,DEPOSITO DE BEBIDAS DOMILSON E BOATE MKB,AV OLIVEIRA LIMA,7556,DEPOSITO DE BEBIDAS DOMILSON E BOATE MKB,BOA VISTA,,,COLISÃO,ENTRE 2 AUTOS. S/V,2,,,,,,,,,0,,,,,,,,,,,,,,,,,,
2018-03-05,18:34:00,SEM VÍTIMA,FINALIZADA,AFOGADOS,RUA COSME VIANA,,,semáforo 426,RUA COSME VIANA,,semáforo 426,AFOGADOS,,,COLISÃO,ENTRE 2 AUTOS. S/V,2,,,,,,,,,0,,,,,,,,,,,,,,,,,,
2018-03-05,18:36:00,SEM VÍTIMA,FINALIZADA,BOA VIAGEM,RUA DOS NAVEGANTES,,RUA ERNESTO DE PAULA SANTOS,CRUZAMENTO COM A ERNESTO DE PAULA SANTOS POR TRAS DA ACADEMIA ESMART FIT,RUA DOS NAVEGANTES,,CRUZAMENTO COM A ERNESTO DE PAULA SANTOS POR TRAS DA ACADEMIA ESMART FIT,BOA VIAGEM,,,COLISÃO,DOIS AUTO,2,,,,,,,,,0,,,,,,,,,,,,,,,,,,
2018-03-05,18:43:00,SEM VÍTIMA,CANCELADA,SANTO AMARO,AV GOVERNADOR AGAMENON MAGALHAES,,,ENF A UPE PISTA LOCAL,AV GOVERNADOR AGAMENON MAGALHAES,,ENF A UPE PISTA LOCAL,SANTO AMARO,,,COLISÃO,ONIBUS X AUTO,1,,,,,1,,,,0,,,,,,,,,,,,,,,,,,
2018-03-05,18:43:00,SEM VÍTIMA,FINALIZADA,IMBIRIBEIRA,AV MARECHAL MASCARENHAS DE MORAES,,,E/F A IGREJA UNIVERSA. SNT AEROPORTO,AV MARECHAL MASCARENHAS DE MORAES,,E/F A IGREJA UNIVERSA. SNT AEROPORTO,IMBIRIBEIRA,,,COLISÃO,ENTRE AUTO E ONIBUS. S/V,1,,,,,1,,,,0,,,,,,,,,,,,,,,,,,
2018-03-05,19:49:00,SEM VÍTIMA,FINALIZADA,IMBIRIBEIRA,AV MARECHAL MASCARENHAS DE MORAES,4490,,ENF AO ESTACIONAMENTO SANPARK SENTIDO PRAZERES,AV MARECHAL MASCARENHAS DE MORAES,4490,ENF AO ESTACIONAMENTO SANPARK SENTIDO PRAZERES,IMBIRIBEIRA,,,COLISÃO,KOMBI X AUTO,2,,,,,,,,,0,,,,,,,,,,,,,,,,,,
2018-03-05,21:32:00,SEM VÍTIMA,FINALIZADA,CASA AMARELA,EST DO ARRAIAL,4134,,PROX AO MERCADO DE CASA AMARELA / E/F AO TERMINAL COMPLEMENTAR,EST DO ARRAIAL,4134,PROX AO MERCADO DE CASA AMARELA / E/F AO TERMINAL COMPLEMENTAR,CASA AMARELA,,,COLISÃO,ENTRE 2 ÔNIBUS. S/V,,,,,,2,,,,0,,,,,,,,,,,,,,,,,,
2018-03-05,21:38:00,COM VÍTIMA,FINALIZADA,BONGI,AV ENGENHEIRO ABDIAS DE CARVALHO,240,,PROX A CHESF / E/F A LOTERIA CANTO DA SORTE / CRUZANDO A UPA,AV ENGENHEIRO ABDIAS DE CARVALHO,240,PROX A CHESF / E/F A LOTERIA CANTO DA SORTE / CRUZANDO A UPA,BONGI,,,COLISÃO,ENTRE AUTO E MOTO. C/V,1,1,,,,,,,,1,,,,,,,,,,,,,,,,,,
2018-03-06,04:14:00,SEM VÍTIMA,FINALIZADA,IPSEP,AV RECIFE,,,PRÓXIMO AO ANTIGO BOMPREÇO // PRÓX AO POSTO FEDERAL,AV RECIFE,,PRÓXIMO AO ANTIGO BOMPREÇO // PRÓX AO POSTO FEDERAL,IPSEP,,,COLISÃO,COLISÃO ENTRE DOIS AUTOS S/V,2,,,,,,,,,0,,,,,,,,,,,,,,,,,,
2018-03-06,05:16:00,COM VÍTIMA,FINALIZADA,ROSARINHO,AV NORTE,,,SEMÁFORO 456 // APÓS A PRAÇA DO ROSARINHO,AV NORTE,,SEMÁFORO 456 // APÓS A PRAÇA DO ROSARINHO,ROSARINHO,,,COLISÃO,COLISÃO ENTRE AUTO E MOTO C/V,1,1,,,,,,,,1,,,,,,,,,,,,,,,,,,
2018-03-06,05:47:00,SEM VÍTIMA,FINALIZADA,MADALENA,AV BEIRA RIO,,RUA JOSE OSORIO,CRUZAMENTO COM AV JOSÉ OSÓRIO // SEMÁFORO 387,AV BEIRA RIO,,CRUZAMENTO COM AV JOSÉ OSÓRIO // SEMÁFORO 387,MADALENA,,,COLISÃO,COLISÃO ENTRE DOIS AUTOS S/V,2,,,,,,,,,0,,,,,,,,,,,,,,,,,,
2018-03-06,07:25:00,COM VÍTIMA,FINALIZADA,AFOGADOS,RUA SAO MIGUEL,350,,EM FRENTE AO BANCO DO BRASIL,RUA SAO MIGUEL,350,EM FRENTE AO BANCO DO BRASIL,AFOGADOS,,,COLISÃO COM CICLISTA,MOTO / BICICLETA,,1,,1,,,,,,1,,,,,,,,,,,,,,,,,,
2018-03-06,08:16:00,COM VÍTIMA,FINALIZADA,MACAXEIRA,AV NORTE,7142,,SEMAFORO 424,SENT/BR,EM FRENTE A IGREJA ASSEMBLÉIA DE DEUS,AV NORTE,7142,SEMAFORO 424,SENT/BR,EM FRENTE A IGREJA ASSEMBLÉIA DE DEUS,MACAXEIRA,,,COLISÃO,COM VITIMAS ,SAMU NO LOCAL,2,,,,,,1,,,2,,,,,,,,,,,,,
2018-03-06,09:10:00,SEM VÍTIMA,CANCELADA,SANTO AMARO,AV GOVERNADOR AGAMENON MAGALHAES,501,,SENTIDO TACARUNA. NO POSTO DISLUB,AV GOVERNADOR AGAMENON MAGALHAES,501,SENTIDO TACARUNA. NO POSTO DISLUB,SANTO AMARO,,,COLISÃO,SEM VÍTIMAS,2,,,,,,,,,0,,,,,,,,,,,,,,,,,,
2018-03-06,11:15:00,SEM VÍTIMA,FINALIZADA,AFOGADOS,RUA DA PAZ,,,EM FRENTE A ALIMONDA,E AO LADO DA ALUMIAÇO,RUA DA PAZ,,EM FRENTE A ALIMONDA,E AO LADO DA ALUMIAÇO,AFOGADOS,,,COLISÃO,SEM VITIMAS,2,,,,,,,,,0,,,,,,,,,,,,,,,,
2018-03-06,12:29:00,COM VÍTIMA,FINALIZADA,SANTO AMARO,RUA DOS PALMARES,,,EM FRENTE AO RM,RUA DOS PALMARES,,EM FRENTE AO RM,SANTO AMARO,,,ATROPELAMENTO,ATROPELAMENTO COM VÍTIMA,1,,,,1,,,,,1,,,,,,,,,,,,,,,,,,
2018-03-06,13:09:00,SEM VÍTIMA,FINALIZADA,BOA VIAGEM,RUA PROFESSOR JOAO MEDEIROS,675,,APOS A DROGASIL E A LOJA CIBELE,RUA PROFESSOR JOAO MEDEIROS,675,APOS A DROGASIL E A LOJA CIBELE,BOA VIAGEM,,,COLISÃO,COLISAO DE DOIS AUTOS S/V,2,,,,,,,,,0,,,,,,,,,,,,,,,,,,
2018-03-06,13:29:00,SEM VÍTIMA,FINALIZADA,ENGENHO DO MEIO,RUA BOM PASTOR,524,,APOS A CHURRASCARIA A CARRETA,RUA BOM PASTOR,524,APOS A CHURRASCARIA A CARRETA,ENGENHO DO MEIO,,,COLISÃO,COLISAO DE CAMINHAO E AUTO S/V,1,,,,,,1,,,0,,,,,,,,,,,,,,,,,,
2018-03-06,13:51:00,SEM VÍTIMA,FINALIZADA,VÁRZEA,RUA ABATIA,,,SEMAFORO577 ,AO LADO DA FARMACIA ESPERANÇA,RUA ABATIA,,SEMAFORO577 ,AO LADO DA FARMACIA ESPERANÇA,VÁRZEA,,,COLISÃO,SEM VITIMAS,2,,,,,,,,,0,,,,,,,,,,,,,,,,
2018-03-06,15:26:00,SEM VÍTIMA,FINALIZADA,TORRE,RUA CONDE DE IRAJA,1121,,PROXIMO A IGREJA DA TORRE,RUA CONDE DE IRAJA,1121,PROXIMO A IGREJA DA TORRE,TORRE,,,COLISÃO,COLISÃO SEM VÍTIMA,1,,,,,,,1,,0,,,,,,,,,,,,,,,,,,
2018-03-06,16:27:00,COM VÍTIMA,FINALIZADA,CASA AMARELA,EST DO ARRAIAL,,,SEMAFORO 074,EST DO ARRAIAL,,SEMAFORO 074,CASA AMARELA,,,COLISÃO COM CICLISTA,AUTO E BICICLETA,1,,,1,,,,,,1,,,,,,,,,,,,,,,,,,
2018-03-06,16:55:00,SEM VÍTIMA,FINALIZADA,NOVA DESCOBERTA,RUA ALTO DO RESERVATORIO,409,,EM FRENTE A IGREJA ASSEMBLEIA DE DEUS,RUA ALTO DO RESERVATORIO,409,EM FRENTE A IGREJA ASSEMBLEIA DE DEUS,NOVA DESCOBERTA,,,COLISÃO,COLISÃO SEM VÍTIMA,1,,,,,1,,,,0,,,,,,,,,,,,,,,,,,
2018-03-06,18:02:00,SEM VÍTIMA,FINALIZADA,CASA AMARELA,RUA DA HARMONIA,,EST ENCANAMENTO,COM ESTRADA DO ENCANAMENTO,RUA DA HARMONIA,,COM ESTRADA DO ENCANAMENTO,CASA AMARELA,,,COLISÃO,AUTO E MOTO, SEM VÍTIMA.,1,1,,,,,,,,0,,,,,,,,,,,,,,,,,
2018-03-06,18:11:00,SEM VÍTIMA,FINALIZADA,GRAÇAS,RUA DAS CREOULAS,294,RUA JOAQUIM NABUCO,PROX A FARMACIA QUATRO CANTOS / SEMÁFORO 071 - CRUZ COM A RUA JOAQUIM NABUCO / PRX AO DERBY CENTER,RUA DAS CREOULAS,294,PROX A FARMACIA QUATRO CANTOS / SEMÁFORO 071 - CRUZ COM A RUA JOAQUIM NABUCO / PRX AO DERBY CENTER,GRAÇAS,,,COLISÃO,ENTRE AMBULÂNCIA E AUTO PASSEIO. S/V,2,,,,,,,,,0,,,,,,,,,,,,,,,,,,
2018-03-06,20:35:00,SEM VÍTIMA,FINALIZADA,VÁRZEA,AV AFONSO OLINDENSE,,,NO FINAL DA AV, APÓS A SECRETARIA DE EDUCAÇÃO / SNT CAXANG/ PROX AO RESIDENCIAL CAXANGA,AV AFONSO OLINDENSE,,NO FINAL DA AV, APÓS A SECRETARIA DE EDUCAÇÃO / SNT CAXANG/ PROX AO RESIDENCIAL CAXANGA,VÁRZEA,,,COLISÃO,ENTRE AUTO E ÔNIBUS. S/V,1,,,,,1,,,,0,,,,,,,,,,,,,,,,
2018-03-06,21:43:00,SEM VÍTIMA,CANCELADA,IMBIRIBEIRA,RUA ARQUITETO LUIZ NUNES,,,SEMÁFORO 635,RUA ARQUITETO LUIZ NUNES,,SEMÁFORO 635,IMBIRIBEIRA,,,COLISÃO,ENTRE 2 AUTOS. S/V,2,,,,,,,,,0,,,,,,,,,,,,,,,,,,
2018-03-06,22:44:00,COM VÍTIMA,FINALIZADA,IMBIRIBEIRA,RUA SARGENTO SILVINO DE MACEDO,273,,E/F A LACOMEX,RUA SARGENTO SILVINO DE MACEDO,273,E/F A LACOMEX,IMBIRIBEIRA,,,COLISÃO,ENTRE ONIBUS E AUTO. C/V,1,,,,,1,,,,1,,,,,,,,,,,,,,,,,,
2018-03-06,23:19:00,COM VÍTIMA,CANCELADA,CAXANGÁ,AV CAXANGA,,,,AV CAXANGA,,,CAXANGÁ,,,COLISÃO,ENTRE AUTO E MOTO ( AUTO COLIDIU CONTRA A MOTO POR CIMA DO VIADUTO, SENDO ASSIM O MOTOQUEIRO FOI LANÇADO PARA AV CAXANGÁ ) C/V,1,1,,,,,,,,1,,,,,,,,,,,,,,,,,
2018-03-07,00:28:00,SEM VÍTIMA,FINALIZADA,PRADO,AV ENGENHEIRO ABDIAS DE CARVALHO,,RUA SANTA EDWIRGES,CRUZAMENTO COM A RUA SANTA EDWIRGES, PROX DA ENGEFRIO,AV ENGENHEIRO ABDIAS DE CARVALHO,,CRUZAMENTO COM A RUA SANTA EDWIRGES, PROX DA ENGEFRIO,PRADO,,,COLISÃO,COLISÃO ENTRE AUTO E AMBULÂNCIA S/V,1,,,,,,,1,,0,,,,,,,,,,,,,,,,
2018-03-07,01:44:00,COM VÍTIMA,FINALIZADA,IPUTINGA,EST DO BARBALHO,XX,,EM FRENTE AO DETRAN,EST DO BARBALHO,XX,EM FRENTE AO DETRAN,IPUTINGA,,,CAPOTAMENTO,CONDUTOR CHOCOU-SE CONTRA UMA ÁRVORE, EM SEGUIDA CAPOTOU,1,,,,,,,,,1,,,,,,,,,,,,,,,,,
2018-03-07,04:09:00,SEM VÍTIMA,FINALIZADA,SAN MARTIN,AV ENGENHEIRO ABDIAS DE CARVALHO,,AV DO FORTE,CRUZAMENTO COM A AVENIDA DO FORTE, SEMAFORO 375,AV ENGENHEIRO ABDIAS DE CARVALHO,,CRUZAMENTO COM A AVENIDA DO FORTE, SEMAFORO 375,SAN MARTIN,,,CHOQUE,VEÍCULO CHOCOU-SE EM UM POSTE S/V,1,,,,,,,,,0,,,,,,,,,,,,,,,,
2018-03-07,05:35:00,SEM VÍTIMA,FINALIZADA,IMBIRIBEIRA,AV MARECHAL MASCARENHAS DE MORAES,,,EM FRENTE AO ESTACIONAMENTO DO AEROPORTO,AV MARECHAL MASCARENHAS DE MORAES,,EM FRENTE AO ESTACIONAMENTO DO AEROPORTO,IMBIRIBEIRA,,,COLISÃO,COLISÃO ENTRE DOIS AUTOS S/V,2,,,,,,,,,0,,,,,,,,,,,,,,,,,,
2018-03-07,06:41:00,SEM VÍTIMA,FINALIZADA,DERBY,AV GOVERNADOR AGAMENON MAGALHAES,,,EM FRENTE A PRAÇA DO DERBY / SENT BOA VIAGEM,AV GOVERNADOR AGAMENON MAGALHAES,,EM FRENTE A PRAÇA DO DERBY / SENT BOA VIAGEM,DERBY,,,COLISÃO,TRES AUTOS,3,,,,,,,,,0,,,,,,,,,,,,,,,,,,
2018-03-07,07:03:00,SEM VÍTIMA,FINALIZADA,AFOGADOS,PTE DO MOTOCOLOMBO,,,SOBRE A PONTE, OS SOLICITANTES FORAM INFORMADOS QUE DEVERIAM DESOBSTRUIR A VIA, OS MESMOS SE ENCAMINHARAM PARA A EMPRESA ASA,PTE DO MOTOCOLOMBO,,SOBRE A PONTE, OS SOLICITANTES FORAM INFORMADOS QUE DEVERIAM DESOBSTRUIR A VIA, OS MESMOS SE ENCAMINHARAM PARA A EMPRESA ASA,AFOGADOS,,,COLISÃO,DOIS AUTOS,1,,,,,,1,,,0,,,,,,,,,,,,,,
2018-03-07,07:19:00,SEM VÍTIMA,FINALIZADA,TAMARINEIRA,EST VELHA DE AGUA FRIA,,,SEMAFORO 062,EM FRENTE A OFICINA MECANICA TRIAUTOS,EST VELHA DE AGUA FRIA,,SEMAFORO 062,EM FRENTE A OFICINA MECANICA TRIAUTOS,TAMARINEIRA,,,COLISÃO COM CICLISTA,SEM VITIMAS,1,,,1,,,,,,0,,,,,,,,,,,,,,,,
2018-03-07,07:49:00,SEM VÍTIMA,FINALIZADA,BOA VIAGEM,RUA SETUBAL,212,,SEMAFORO Nº419,RUA SETUBAL,212,SEMAFORO Nº419,BOA VIAGEM,,,COLISÃO,COL.S/V .VEICULO OFICIAL,2,,,,,,,,,0,,,,,,,,,,,,,,,,,,
2018-03-07,08:07:00,SEM VÍTIMA,FINALIZADA,AFOGADOS,RUA DA PAZ,82,,EMPRESA ASA,RUA DA PAZ,82,EMPRESA ASA,AFOGADOS,,,COLISÃO,COLISÃO SEM VITIMA,1,,,,,,1,,,0,,,,,,,,,,,,,,,,,,
2018-03-07,08:17:00,SEM VÍTIMA,FINALIZADA,CASA AMARELA,EST DO ARRAIAL,,,AO LADO DO MERCADO DE CASA AMARELA,SEMAFORO 404,EST DO ARRAIAL,,AO LADO DO MERCADO DE CASA AMARELA,SEMAFORO 404,CASA AMARELA,,,COLISÃO,SEM VITIMAS,CTTU NO LOCAL,2,,,,,,,,,0,,,,,,,,,,,,,,,
2018-03-07,08:41:00,SEM VÍTIMA,FINALIZADA,GRAÇAS,RUA ANTONIO NOVAIS,,,PROX AO COLEGIO SÃO LUIZ,RUA ANTONIO NOVAIS,,PROX AO COLEGIO SÃO LUIZ,GRAÇAS,,,COLISÃO,COLISÃO SEM VITIMA,2,,,,,,,,,0,,,,,,,,,,,,,,,,,,
2018-03-07,08:42:00,SEM VÍTIMA,FINALIZADA,AFOGADOS,RUA SAO MIGUEL,1136,RUA CARLOS PENA FILHA,COM A RUA CARLOS PENA FILHA,RUA SAO MIGUEL,1136,COM A RUA CARLOS PENA FILHA,AFOGADOS,,,COLISÃO,COL.S/V SET..SUB,1,1,,,,,,,,0,,,,,,,,,,,,,,,,,,
2018-03-07,08:47:00,SEM VÍTIMA,FINALIZADA,ENGENHO DO MEIO,AV VISCONDE DE SAO LEOPOLDO,447,,EM FRENTE A POSTO DE GASOLINA AO LADO DA REITORIA,AV VISCONDE DE SAO LEOPOLDO,447,EM FRENTE A POSTO DE GASOLINA AO LADO DA REITORIA,ENGENHO DO MEIO,,,COLISÃO,COLISÃO SEM VITIMA,1,,,,,,1,,,0,,,,,,,,,,,,,,,,,,
2018-03-07,08:56:00,SEM VÍTIMA,FINALIZADA,ENGENHO DO MEIO,RUA MANOEL JOAQUIM DE ALMEIDA,127,,AO LADO RSTAURANTE GOTA SERENA,RUA MANOEL JOAQUIM DE ALMEIDA,127,AO LADO RSTAURANTE GOTA SERENA,ENGENHO DO MEIO,,,COLISÃO,DOIS AUTOS,2,,,,,,,,,0,,,,,,,,,,,,,,,,,,
2018-03-07,09:04:00,SEM VÍTIMA,FINALIZADA,ESPINHEIRO,RUA DO ESPINHEIRO,,,NO ESTACIONAMENTO DA ESPINHEIRO DELICATESSEN, JUNTO AO SEMAFORO 166,RUA DO ESPINHEIRO,,NO ESTACIONAMENTO DA ESPINHEIRO DELICATESSEN, JUNTO AO SEMAFORO 166,ESPINHEIRO,,,COLISÃO,COLISÃO SEM VITIMA,1,,,,,,,1,,0,,,,,,,,,,,,,,,,
2018-03-07,09:15:00,COM VÍTIMA,FINALIZADA,BOMBA DO HEMETÉRIO,RUA BOMBA DO HEMETERIO,95,,ESQ COM EDVALDO BEIDAS,RUA BOMBA DO HEMETERIO,95,ESQ COM EDVALDO BEIDAS,BOMBA DO HEMETÉRIO,,,COLISÃO,MOTO E AUTO,1,1,,,,,,,,1,,,,,,,,,,,,,,,,,,