data,hora,natureza_acidente,situacao,bairro,endereco,numero,detalhe_endereco_acidente,complemento,endereco_cruzamento,numero_cruzamento,referencia_cruzamento,bairro_cruzamento,num_semaforo,sentido_via,tipo,descricao,auto,moto,ciclom,ciclista,pedestre,onibus,caminhao,viatura,outros,vitimas,vitimasfatais,acidente_verificado,tempo_clima,situacao_semaforo,sinalizacao,condicao_via,conservacao_via,ponto_controle,situacao_placa,velocidade_max_via,mao_direcao,divisao_via1,divisao_via2,divisao_via3,,,,
2018-03-07,09:41:00,SEM VÍTIMA,CANCELADA,IPSEP,RUA HELIO BRANDAO,661,,RUA DO RESTAURANTE CHAMBARIL,RUA HELIO BRANDAO,661,RUA DO RESTAURANTE CHAMBARIL,IPSEP,,,COLISÃO,SEM VITIMAS,2,,,,,,,,,0,,,,,,,,,,,,,,,,,,
2018-03-07,09:45:00,SEM VÍTIMA,CANCELADA,BOA VISTA,AV MANOEL BORBA,,RUA DOM BOSCO,CRUZAMENTO COM A RUA DON BOSCO,SEMAFORO 028,AV MANOEL BORBA,,CRUZAMENTO COM A RUA DON BOSCO,SEMAFORO 028,BOA VISTA,,,COLISÃO,SEM VITIMAS,2,,,,,,,,,0,,,,,,,,,,,,,,,,
2018-03-07,10:01:00,SEM VÍTIMA,FINALIZADA,IMBIRIBEIRA,AV MARECHAL MASCARENHAS DE MORAES,706,,NA FRENTE DA MADEREIRA DO PORTO,AV MARECHAL MASCARENHAS DE MORAES,706,NA FRENTE DA MADEREIRA DO PORTO,IMBIRIBEIRA,,,COLISÃO,COLISÃO SEM VITIMA,2,,,,,,,,,0,,,,,,,,,,,,,,,,,,
2018-03-07,10:15:00,SEM VÍTIMA,FINALIZADA,BOA VIAGEM,AV CONSELHEIRO AGUIAR,355,,NA FRENTE DA VIA CAR/ PROX A SO CALDINHO,AV CONSELHEIRO AGUIAR,355,NA FRENTE DA VIA CAR/ PROX A SO CALDINHO,BOA VIAGEM,,,COLISÃO,COLISÃO SEM VITIMA,2,,,,,,,,,0,,,,,,,,,,,,,,,,,,
2018-03-07,11:13:00,SEM VÍTIMA,FINALIZADA,BOA VIAGEM,RUA RIBEIRO DE BRITO,241,,EM FRENTE AO EDF/ALVORADA,RUA RIBEIRO DE BRITO,241,EM FRENTE AO EDF/ALVORADA,BOA VIAGEM,,,COLISÃO,COL.S/V GM JA NO LOCAL,2,,,,,,,,,0,,,,,,,,,,,,,,,,,,
2018-03-07,11:28:00,COM VÍTIMA,FINALIZADA,IMBIRIBEIRA,AV MARECHAL MASCARENHAS DE MORAES,4561,,EM FRENTE A ALBUQUERQUE PNEUS / SENT CIDADE,AV MARECHAL MASCARENHAS DE MORAES,4561,EM FRENTE A ALBUQUERQUE PNEUS / SENT CIDADE,IMBIRIBEIRA,,,COLISÃO,MOTO E AUTO,1,1,,,,,,,,1,,,,,,,,,,,,,,,,,,
2018-03-07,11:41:00,SEM VÍTIMA,FINALIZADA,PAISSANDU,RUA JOSE DE ALENCAR,522,RUA VISCONDE DE GOIANA,COM A RUA VISCONDE DE GOIANA,RUA JOSE DE ALENCAR,522,COM A RUA VISCONDE DE GOIANA,PAISSANDU,,,COLISÃO,MOTO E AUTO,1,1,,,,,,,,0,,,,,,,,,,,,,,,,,,
2018-03-07,11:58:00,SEM VÍTIMA,FINALIZADA,SANTO AMARO,RUA TREZE DE MAIO,,RUA FREI CASSIMIRO,CRUZAMENTO COM RUA FREI CASSIMIRO,RUA TREZE DE MAIO,,CRUZAMENTO COM RUA FREI CASSIMIRO,SANTO AMARO,,,COLISÃO,COLISÃO ENTRE DOIS AUTOS SEM VÍTIMAS,2,,,,,,,,,0,,,,,,,,,,,,,,,,,,
2018-03-07,12:06:00,SEM VÍTIMA,FINALIZADA,AFOGADOS,LARGO DA PAZ,82,,EM FRENTE A IGREJA NOSSA SENHORA DA PAZ,LARGO DA PAZ,82,EM FRENTE A IGREJA NOSSA SENHORA DA PAZ,AFOGADOS,,,COLISÃO,COLISÃO SEM VÍTIMA,1,,,,,1,,,,0,,,,,,,,,,,,,,,,,,
2018-03-07,12:11:00,SEM VÍTIMA,FINALIZADA,ILHA DO RETIRO,RUA ASTORGA,96,,EM FRENTE AO RESTAURANTE MINEIRO,RUA ASTORGA,96,EM FRENTE AO RESTAURANTE MINEIRO,ILHA DO RETIRO,,,COLISÃO,COLISÃO SEM VÍTIMA,2,,,,,,,,,0,,,,,,,,,,,,,,,,,,
2018-03-07,12:24:00,SEM VÍTIMA,FINALIZADA,CASA AMARELA,AV PEDRO ALLAIN,150,,PROX. AO PALNETA SAUDE E GALERIA PROJETART`S,AV PEDRO ALLAIN,150,PROX. AO PALNETA SAUDE E GALERIA PROJETART`S,CASA AMARELA,,,COLISÃO,CAMINHÃO E AUTO,1,,,,,,1,,,0,,,,,,,,,,,,,,,,,,
2018-03-07,12:44:00,SEM VÍTIMA,FINALIZADA,GRAÇAS,AV RUI BARBOSA,911,RUA AMELIA,COM A RUA AMELIA. EM FRENTE AO POSTO SHELL NO SEMAFORO 048,AV RUI BARBOSA,911,COM A RUA AMELIA. EM FRENTE AO POSTO SHELL NO SEMAFORO 048,GRAÇAS,,,COLISÃO,DOIS AUTOS,2,,,,,,,,,0,,,,,,,,,,,,,,,,,,
2018-03-07,12:49:00,SEM VÍTIMA,FINALIZADA,CASA AMARELA,AV PROFESSOR JOSE DOS ANJOS,521,,E/F AO SESC DE CASA AMARELA S/T SUB,AV PROFESSOR JOSE DOS ANJOS,521,E/F AO SESC DE CASA AMARELA S/T SUB,CASA AMARELA,,,COLISÃO,COLISAO DE DOIS AUTOS S/V,2,,,,,,,,,0,,,,,,,,,,,,,,,,,,
2018-03-07,13:14:00,SEM VÍTIMA,FINALIZADA,AFOGADOS,RUA FRANCISCO SILVEIRA,175,,E/F A ANTIGA COMERCIAL BATISTA,RUA FRANCISCO SILVEIRA,175,E/F A ANTIGA COMERCIAL BATISTA,AFOGADOS,,,COLISÃO,COLISAO DE DOIS AUTOS S/V VT 21,2,,,,,,,,,0,,,,,,,,,,,,,,,,,,
2018-03-07,13:21:00,SEM VÍTIMA,CANCELADA,BOMBA DO HEMETÉRIO,RUA ARLINDO CISNEIRO,602,,PROX. A RODINHA,,RUA ARLINDO CISNEIRO,602,PROX. A RODINHA,,BOMBA DO HEMETÉRIO,,,COLISÃO,ONIBUS E AUTO,1,,,,,1,,,,0,,,,,,,,,,,,,,,,
2018-03-07,13:26:00,SEM VÍTIMA,FINALIZADA,PINA,AV HERCULANO BANDEIRA,,,E/F AO ATACADO DA CONSTRUÇÃO,AV HERCULANO BANDEIRA,,E/F AO ATACADO DA CONSTRUÇÃO,PINA,,,COLISÃO,COLISAO DE DOIS AUTOS E ONIBUS S/V,2,,,,,1,,,,0,,,,,,,,,,,,,,,,,,
2018-03-07,13:39:00,SEM VÍTIMA,FINALIZADA,SAN MARTIN,AV GENERAL SAN MARTIN,265,,ESQUINA DO POSTO TOTAL,AV GENERAL SAN MARTIN,265,ESQUINA DO POSTO TOTAL,SAN MARTIN,,,COLISÃO,COLISAO DE CAMINHAO E AUTO S/V,1,,,,,,1,,,0,,,,,,,,,,,,,,,,,,
2018-03-07,13:43:00,SEM VÍTIMA,CANCELADA,IPSEP,AV RECIFE,3141,RUA JEAN EMILE FAVRE,COM A RUA JEAN EMILE FAVRE AO LADO DA KI BOM, PROX. A HENRIQUE EQUIPADORA,AV RECIFE,3141,COM A RUA JEAN EMILE FAVRE AO LADO DA KI BOM, PROX. A HENRIQUE EQUIPADORA,IPSEP,,,COLISÃO,DOIS AUTOS,2,,,,,,,,,0,,,,,,,,,,,,,,,,
2018-03-07,14:04:00,SEM VÍTIMA,FINALIZADA,AFOGADOS,RUA NICOLAU PEREIRA,,RUA DA PAZ,COM A RUA DA PAZ,RUA NICOLAU PEREIRA,,COM A RUA DA PAZ,AFOGADOS,,,COLISÃO,COLISÃO SEM VITIMA,,,,,,,,,,0,,,,,,,,,,,,,,,,,,
2018-03-07,14:18:00,SEM VÍTIMA,CANCELADA,PARNAMIRIM,RUA LEONARDO BEZERRA CAVALCANTE,340,,EM FRENTE AO RESTAURANTE PORTAL DO CAPIBARIBE,RUA LEONARDO BEZERRA CAVALCANTE,340,EM FRENTE AO RESTAURANTE PORTAL DO CAPIBARIBE,PARNAMIRIM,,,COLISÃO,COLISÃO SEM VÍTIMA,2,,,,,,,,,0,,,,,,,,,,,,,,,,,,
2018-03-07,14:22:00,SEM VÍTIMA,FINALIZADA,SANTO AMARO,AV JOAO DE BARROS,,,EM BAIXO DO VIADUTO DA JOAO DE BARROS PISTA LOCAL,AV JOAO DE BARROS,,EM BAIXO DO VIADUTO DA JOAO DE BARROS PISTA LOCAL,SANTO AMARO,,,COLISÃO,COLISAO DE TRES AUTOS S/V,3,,,,,,,,,0,,,,,,,,,,,,,,,,,,
2018-03-07,14:57:00,SEM VÍTIMA,FINALIZADA,BOA VIAGEM,RUA BRUNO VELOSO,,AV FERNANDO SIMOES BARBOSA,COM AV. FERNANDO SIMOES BARBOSA, PROX. AO POSTO DE GASOLINA BR,RUA BRUNO VELOSO,,COM AV. FERNANDO SIMOES BARBOSA, PROX. AO POSTO DE GASOLINA BR,BOA VIAGEM,,,COLISÃO,TRES AUTOS,3,,,,,,,,,0,,,,,,,,,,,,,,,,
2018-03-07,15:05:00,SEM VÍTIMA,CANCELADA,CASA AMARELA,RUA CONS NABUCO,444,,EM FRENTE AO EDIFICIIO DORIAM CAMARO,RUA CONS NABUCO,444,EM FRENTE AO EDIFICIIO DORIAM CAMARO,CASA AMARELA,,,COLISÃO,COLISÃO SEM VÍTIMA,2,,,,,,,,,0,,,,,,,,,,,,,,,,,,
2018-03-07,15:41:00,SEM VÍTIMA,CANCELADA,ILHA DO RETIRO,AV ENGENHEIRO ABDIAS DE CARVALHO,672,,APOS O CLUBE DO SPORT S/T CURADO,AV ENGENHEIRO ABDIAS DE CARVALHO,672,APOS O CLUBE DO SPORT S/T CURADO,ILHA DO RETIRO,,,COLISÃO,COLISAO DE DOIS AUTOS S/V,2,,,,,,,,,0,,,,,,,,,,,,,,,,,,
2018-03-07,16:11:00,SEM VÍTIMA,FINALIZADA,DERBY,AV GOVERNADOR AGAMENON MAGALHAES,,,EM FRENTE AO ANTIGO COLEGIO CONTATO/ SENTIDO OLINDA,AV GOVERNADOR AGAMENON MAGALHAES,,EM FRENTE AO ANTIGO COLEGIO CONTATO/ SENTIDO OLINDA,DERBY,,,COLISÃO,COLISÃO SEM VÍTIMA,2,,,,,,,,,0,,,,,,,,,,,,,,,,,,
2018-03-07,16:34:00,SEM VÍTIMA,FINALIZADA,BOA VISTA,RUA DOM BOSCO,,,EM FRENTE AO COLEGIO CONTATO,RUA DOM BOSCO,,EM FRENTE AO COLEGIO CONTATO,BOA VISTA,,,COLISÃO,COLISAO ENTRE A VAN SERTTEL E ONIBUS,1,,,,,1,,,,0,,,,,,,,,,,,,,,,,,
2018-03-07,16:56:00,SEM VÍTIMA,FINALIZADA,AFOGADOS,RUA COSME VIANA,161,,PROX. A TUPAN,RUA COSME VIANA,161,PROX. A TUPAN,AFOGADOS,,,COLISÃO,AUTO E MOTO,1,1,,,,,,,,0,,,,,,,,,,,,,,,,,,
2018-03-07,17:09:00,,CANCELADA,AFOGADOS,RUA COSME VIANA,,,AO LADO DA TUPÃN,RUA COSME VIANA,,AO LADO DA TUPÃN,AFOGADOS,,,COLISÃO,COLISAO DE AUTO E MOTO S/V,1,1,,,,,,,,0,,,,,,,,,,,,,,,,,,
2018-03-07,17:27:00,COM VÍTIMA,FINALIZADA,CAMPO GRANDE,RUA JERONIMO VILELA,,RUA MARQUES DE BAIPENDI,COM A MARQUES DE BAEPENDI,RUA JERONIMO VILELA,,COM A MARQUES DE BAEPENDI,CAMPO GRANDE,,,ATROPELAMENTO,ATROPELAMENTO,,1,,,1,,,,,1,,,,,,,,,,,,,,,,,,
2018-03-07,17:40:00,SEM VÍTIMA,FINALIZADA,AREIAS,RUA IPOJUCA,580,,EM FRENTE A ACADEMIA SAUDE E A PRAÇA DO HEROI,RUA IPOJUCA,580,EM FRENTE A ACADEMIA SAUDE E A PRAÇA DO HEROI,AREIAS,,,COLISÃO,MOTO E AUTO,1,,1,,,,,,,0,,,,,,,,,,,,,,,,,,
2018-03-07,17:56:00,COM VÍTIMA,FINALIZADA,ENGENHO DO MEIO,RUA ANTONIO CURADO,80,,EM FRENTE A ACADEMIA AGFITNESS,RUA ANTONIO CURADO,80,EM FRENTE A ACADEMIA AGFITNESS,ENGENHO DO MEIO,,,COLISÃO,COLISÃO COM VÍTIMA,1,1,,,,,,,,1,,,,,,,,,,,,,,,,,,
2018-03-10,20:56:00,SEM VÍTIMA,FINALIZADA,BOA VISTA,RUA DA SAUDADE,65,,AO LADO DO BRADESCO E EXTRAFARMA,RUA DA SAUDADE,65,AO LADO DO BRADESCO E EXTRAFARMA,BOA VISTA,,,COLISÃO,CAMINHAO E TAXI,1,,,,,,1,,,0,,,,,,,,,,,,,,,,,,
2018-03-07,18:27:00,SEM VÍTIMA,FINALIZADA,AREIAS,AV DR JOSE RUFINO,955,,E/F A HONDA, SNT CIDADE, SUB / PROX AO SENAI,AV DR JOSE RUFINO,955,E/F A HONDA, SNT CIDADE, SUB / PROX AO SENAI,AREIAS,,,COLISÃO,ENTRE 2 AUTOS. S/V,2,,,,,,,,,0,,,,,,,,,,,,,,
2018-03-07,18:53:00,SEM VÍTIMA,CANCELADA,BAIRRO DO RECIFE,AV ALFREDO LISBOA,,,E/F AO MARCOZERO,AV ALFREDO LISBOA,,E/F AO MARCOZERO,BAIRRO DO RECIFE,,,COLISÃO,ENTRE 2 AUTOS. S/V,2,,,,,,,,,0,,,,,,,,,,,,,,,,,,
2018-03-07,18:54:00,SEM VÍTIMA,FINALIZADA,VÁRZEA,RUA MARECHAL MANOEL LUIS OSORIO,495,RUA PROF ANTONIO COELHO,ENF COLEGIO PONTUAL CRUZAMENTO COM A PROF ANTONIO COELHO,RUA MARECHAL MANOEL LUIS OSORIO,495,ENF COLEGIO PONTUAL CRUZAMENTO COM A PROF ANTONIO COELHO,VÁRZEA,,,COLISÃO,DOIS AUTOS,2,,,,,,,,,0,,,,,,,,,,,,,,,,,,
2018-03-07,19:01:00,SEM VÍTIMA,FINALIZADA,ESPINHEIRO,AV GOVERNADOR AGAMENON MAGALHAES,3158,,ENF A MEDIACL SENTIDO BOA VOAGEM,AV GOVERNADOR AGAMENON MAGALHAES,3158,ENF A MEDIACL SENTIDO BOA VOAGEM,ESPINHEIRO,,,COLISÃO,CAMINHAO BAU X AUTO,1,,,,,,1,,,0,,,,,,,,,,,,,,,,,,
2018-03-07,21:28:00,SEM VÍTIMA,FINALIZADA,BOA VISTA,RUA DOM BOSCO,1329,,E/F A FACULDADE FAREC,RUA DOM BOSCO,1329,E/F A FACULDADE FAREC,BOA VISTA,,,COLISÃO,ENTRE AUTO E ONIBUS . S/V,1,,,,,1,,,,0,,,,,,,,,,,,,,,,,,
2018-03-07,23:02:00,SEM VÍTIMA,FINALIZADA,IPUTINGA,AV CAXANGA,4474,RUA PAUL HARRIS,ENF A DROGASIL PROX AO CRUZAMENTO COM A RUA PAUL HARRIS,AV CAXANGA,4474,ENF A DROGASIL PROX AO CRUZAMENTO COM A RUA PAUL HARRIS,IPUTINGA,,,COLISÃO,DOIS AUTO,2,,,,,,,,,0,,,,,,,,,,,,,,,,,,
2018-03-07,23:11:00,COM VÍTIMA,FINALIZADA,CASA FORTE,EST DO ENCANAMENTO,,RUA FERREIRA LOPES,CRUZ COM A R FERREIRA LOPES / SEMÁFORO 462,EST DO ENCANAMENTO,,CRUZ COM A R FERREIRA LOPES / SEMÁFORO 462,CASA FORTE,,,COLISÃO,ENTRE AUTO E MOTO. C/V,1,1,,,,,,,,2,,,,,,,,,,,,,,,,,,
2018-03-08,07:42:00,SEM VÍTIMA,FINALIZADA,CAXANGÁ,AV CAXANGA,,,EM FRENTE AO POSTO BR E DEPOIS DO HIPER BOM PRECO,AV CAXANGA,,EM FRENTE AO POSTO BR E DEPOIS DO HIPER BOM PRECO,CAXANGÁ,,,COLISÃO,COL.S/V SET.SUB,2,,,,,,,,,0,,,,,,,,,,,,,,,,,,
2018-03-08,08:10:00,SEM VÍTIMA,FINALIZADA,BOA VIAGEM,RUA PADRE BERNADINO PESSOA,512,,EM FRENTE AO COLEGIO SANTA MARIA,RUA PADRE BERNADINO PESSOA,512,EM FRENTE AO COLEGIO SANTA MARIA,BOA VIAGEM,,,COLISÃO,SEM VITIMAS,2,,,,,,,,,0,,,,,,,,,,,,,,,,,,
2018-03-08,08:45:00,SEM VÍTIMA,FINALIZADA,IMBIRIBEIRA,AV MARECHAL MASCARENHAS DE MORAES,,,EM FRENTE A FERREIRA COSTA ,SEMAFORO 386,SENT/AFOGADOS,AV MARECHAL MASCARENHAS DE MORAES,,EM FRENTE A FERREIRA COSTA ,SEMAFORO 386,SENT/AFOGADOS,IMBIRIBEIRA,,,COLISÃO,SEM VITIMAS,2,,,,,,,,,0,,,,,,,,,,,,,,
2018-03-08,09:11:00,SEM VÍTIMA,FINALIZADA,BOA VIAGEM,RUA ANTONIO FALCAO,1847,,E/F AO EDF. PORTAL DOS MARES E A ESCOLA ESTADUAL SARGENTO CAMARGO,RUA ANTONIO FALCAO,1847,E/F AO EDF. PORTAL DOS MARES E A ESCOLA ESTADUAL SARGENTO CAMARGO,BOA VIAGEM,,,COLISÃO,SEM VÍTIMAS.,2,,,,,,,,,0,,,,,,,,,,,,,,,,,,
2018-03-08,08:56:00,SEM VÍTIMA,FINALIZADA,PARNAMIRIM,RUA JOAO TUDE DE MELO,,,E/F AO SERPRO, SENTIDO CENTRO.,RUA JOAO TUDE DE MELO,,E/F AO SERPRO, SENTIDO CENTRO.,PARNAMIRIM,,,COLISÃO,SEM VÍTIMAS. GM (PONTO FIXO NO LOCAL.),1,1,,,,,,,,0,,,,,,,,,,,,,,,,
2018-03-08,09:20:00,COM VÍTIMA,FINALIZADA,CAXANGÁ,AV CAXANGA,,,E/F A FORD GRANVIA, SENTIDO SUBÚRBIO. SEMÁFORO 269,AV CAXANGA,,E/F A FORD GRANVIA, SENTIDO SUBÚRBIO. SEMÁFORO 269,CAXANGÁ,,,COLISÃO,COM UMA VÍTIMA. VT 15 NO LOCAL,1,1,,,,,,,,1,,,,,,,,,,,,,,,,
2018-03-08,09:21:00,SEM VÍTIMA,FINALIZADA,MADALENA,RUA URIEL PAES BARRETO,100,,ENFRENTE A AMPLA PROPAGANDA,RUA URIEL PAES BARRETO,100,ENFRENTE A AMPLA PROPAGANDA,MADALENA,,,COLISÃO,COLISÃO SEM VITIMA,2,,,,,,,,,0,,,,,,,,,,,,,,,,,,
2018-03-08,09:29:00,SEM VÍTIMA,FINALIZADA,BOA VIAGEM,RUA ERNESTO DE PAULA SANTOS,,,EM FRENTE AO POSTO BR.,RUA ERNESTO DE PAULA SANTOS,,EM FRENTE AO POSTO BR.,BOA VIAGEM,,,COLISÃO,SEM VITIMAS,2,,,,,,,,,0,,,,,,,,,,,,,,,,,,
2018-03-08,09:29:00,SEM VÍTIMA,FINALIZADA,SANTO AMARO,RUA ALVARES DE AZEVEDO,,,E/F AO COLÉGIO ULICES PERNAMBUCANO. SEMÁFORO 093,RUA ALVARES DE AZEVEDO,,E/F AO COLÉGIO ULICES PERNAMBUCANO. SEMÁFORO 093,SANTO AMARO,,,COLISÃO,SEM VÍTIMAS. BATEDORES NO LOCAL,1,1,,,,,,,,0,,,,,,,,,,,,,,,,,,
2018-03-08,09:35:00,,CANCELADA,MADALENA,RUA PESSOA DE MELO,120,,AO LADO DO EDF/ELVIRA DIAS,RUA PESSOA DE MELO,120,AO LADO DO EDF/ELVIRA DIAS,MADALENA,,,COLISÃO,COL.S/V SET.SUB,2,,,,,,,,,0,,,,,,,,,,,,,,,,,,
2018-03-08,09:43:00,SEM VÍTIMA,FINALIZADA,ILHA JOANA BEZERRA,PTE JOSE DE BARROS LIMA,,,SENT/OLINDA,PTE JOSE DE BARROS LIMA,,SENT/OLINDA,ILHA JOANA BEZERRA,,,COLISÃO,,2,,,,,,,,,0,,,,,,,,,,,,,,,,,,
2018-03-08,09:51:00,SEM VÍTIMA,FINALIZADA,IPUTINGA,RUA MINISTRO JOAO ALBERTO,529,,RUA POR TRÁS DO ATACADÃO DA BR 101,RUA MINISTRO JOAO ALBERTO,529,RUA POR TRÁS DO ATACADÃO DA BR 101,IPUTINGA,,,COLISÃO,SEM VITIMAS,2,,,,,,,,,0,,,,,,,,,,,,,,,,,,
2018-03-08,10:48:00,SEM VÍTIMA,CANCELADA,SAN MARTIN,AV GENERAL SAN MARTIN,,,EM FRENTE AO IPA SENT/SAN MARTIN,AV GENERAL SAN MARTIN,,EM FRENTE AO IPA SENT/SAN MARTIN,SAN MARTIN,,,COLISÃO,SEM VITIMAS,2,,,,,,,,,0,,,,,,,,,,,,,,,,,,
2018-03-08,11:37:00,SEM VÍTIMA,FINALIZADA,ROSARINHO,AV NORTE,3388,,POSTO BR, JUNTO AO SEMÁFORO 456, SENTIDO SUBURBIO,AV NORTE,3388,POSTO BR, JUNTO AO SEMÁFORO 456, SENTIDO SUBURBIO,ROSARINHO,,,COLISÃO,COLISÃ SEM VITIMAS,1,1,,,,,,,,0,,,,,,,,,,,,,,
2018-03-08,11:51:00,,CANCELADA,ROSARINHO,AV NORTE,3388,,EM FRENTE AO CORES E CORTES/ SENTIDO SUBURBIO,AV NORTE,3388,EM FRENTE AO CORES E CORTES/ SENTIDO SUBURBIO,ROSARINHO,,,COLISÃO,COLISÃO SEM VÍTIMA,1,1,,,,,,,,0,,,,,,,,,,,,,,,,,,
2018-03-08,11:54:00,SEM VÍTIMA,FINALIZADA,AFOGADOS,EST DOS REMEDIOS,850,,E/F AO POSTO PETRO MEGA,EST DOS REMEDIOS,850,E/F AO POSTO PETRO MEGA,AFOGADOS,,,COLISÃO,COLISAO DE AUTO E CAMINHAO S/V,1,,,,,,1,,,0,,,,,,,,,,,,,,,,,,
2018-03-08,11:58:00,SEM VÍTIMA,FINALIZADA,AFOGADOS,RUA VISCONDE DE PELOTAS,38,,AGENCIA DE CARROS L.VITOR AUTOMOVEIS,RUA VISCONDE DE PELOTAS,38,AGENCIA DE CARROS L.VITOR AUTOMOVEIS,AFOGADOS,,,COLISÃO,COLISÃO SEM VÍTIMA,2,,,,,,,,,0,,,,,,,,,,,,,,,,,,
2018-03-08,12:41:00,SEM VÍTIMA,CANCELADA,IMBIRIBEIRA,RUA DEZ DE JULHO,5855,,AO LADO DA CAIXA ECONOMICA E POSTO IPIRANGA, SENTIDO BOA VIAGEM,RUA DEZ DE JULHO,5855,AO LADO DA CAIXA ECONOMICA E POSTO IPIRANGA, SENTIDO BOA VIAGEM,IMBIRIBEIRA,,,COLISÃO,COLISÃO SEM VÍTIMA,2,,,,,,,,,0,,,,,,,,,,,,,,,,
2018-03-08,13:22:00,SEM VÍTIMA,FINALIZADA,SÃO JOSÉ,RUA IMPERIAL,1639,,E/F DA IGREJA BATISTA E DA JUCEPE,RUA IMPERIAL,1639,E/F DA IGREJA BATISTA E DA JUCEPE,SÃO JOSÉ,,,COLISÃO,COLISAO DE AUTO E MOTO S/V,1,1,,,,,,,,0,,,,,,,,,,,,,,,,,,
2018-03-08,14:05:00,SEM VÍTIMA,FINALIZADA,CÓRREGO DO JENIPAPO,RUA DEZENOVE DE MARCO,659,,PROXIMO A BARRACA DE SR RAIMUNDO,RUA DEZENOVE DE MARCO,659,PROXIMO A BARRACA DE SR RAIMUNDO,CÓRREGO DO JENIPAPO,,,COLISÃO,COLISÃO SEM VÍTIMA,2,,,,,,,,,0,,,,,,,,,,,,,,,,,,
2018-03-08,14:41:00,SEM VÍTIMA,FINALIZADA,PINA,RUA JOSE MARIANO FILHO,202,,CASA DE ESQUINA,RUA JOSE MARIANO FILHO,202,CASA DE ESQUINA,PINA,,,COLISÃO,COLISÃO SEM VÍTIMA,1,1,,,,,,,,0,,,,,,,,,,,,,,,,,,
2018-03-08,14:45:00,SEM VÍTIMA,FINALIZADA,BOA VIAGEM,AV CONSELHEIRO AGUIAR,3150,,EM FRENTE AO BANCO SAFRA,AV CONSELHEIRO AGUIAR,3150,EM FRENTE AO BANCO SAFRA,BOA VIAGEM,,,COLISÃO,COLISÃO SEM VÍTIMA,2,,,,,,,,,0,,,,,,,,,,,,,,,,,,
2018-03-08,15:00:00,COM VÍTIMA,FINALIZADA,VÁRZEA,RUA GASTAO VIDIGAL,315,,EM FRENTE AO MOTEL COSTA AZUL,RUA GASTAO VIDIGAL,315,EM FRENTE AO MOTEL COSTA AZUL,VÁRZEA,,,COLISÃO,COLISÃO COM VÍTIMA,,2,,,,,,,,2,,,,,,,,,,,,,,,,,,
2018-03-08,16:08:00,SEM VÍTIMA,FINALIZADA,MADALENA,EST DOS REMEDIOS,2360,,E/F A PB AUTOMOVEIS E CASA DOS COCHOES,EST DOS REMEDIOS,2360,E/F A PB AUTOMOVEIS E CASA DOS COCHOES,MADALENA,,,COLISÃO,COLISAO DE VT DA CIVIL E AUTO S/V,2,,,,,,,,,0,,,,,,,,,,,,,,,,,,
2018-03-08,16:12:00,SEM VÍTIMA,FINALIZADA,GUABIRABA,RUA CORREGO DA BICA,574,,EM FRENTE A MANOEL DA MOVELARIA,RUA CORREGO DA BICA,574,EM FRENTE A MANOEL DA MOVELARIA,GUABIRABA,,,COLISÃO,COLISÃO SEM VÍTIMA,1,,,,,1,,,,0,,,,,,,,,,,,,,,,,,
2018-03-08,16:28:00,SEM VÍTIMA,CANCELADA,SANTO AMARO,AV CRUZ CABUGA,,,EM FRENTE AO CLUBE DOS CISNES/ SENTIDO OLINDA,AV CRUZ CABUGA,,EM FRENTE AO CLUBE DOS CISNES/ SENTIDO OLINDA,SANTO AMARO,,,COLISÃO,COLISÃO SEM VÍTIMA,2,,,,,,,,,0,,,,,,,,,,,,,,,,,,
2018-03-08,16:41:00,SEM VÍTIMA,FINALIZADA,BOA VISTA,AV CONDE DA BOA VISTA,,,EM FRENTE A FACULDADE SÃO MIGUEL/ SENTIDO AGAMENON,AV CONDE DA BOA VISTA,,EM FRENTE A FACULDADE SÃO MIGUEL/ SENTIDO AGAMENON,BOA VISTA,,,COLISÃO,COLISÃO SEM VÍTIMA,1,1,,,,,,,,0,,,,,,,,,,,,,,,,,,
2018-03-08,17:43:00,COM VÍTIMA,FINALIZADA,CASA FORTE,RUA AFONSO DE ALBUQUERQUE MELO,420,,POR TRAS DO HIPER CASA FORTE E ENF A PRACINHA DO COLEGIO EMINENTE,RUA AFONSO DE ALBUQUERQUE MELO,420,POR TRAS DO HIPER CASA FORTE E ENF A PRACINHA DO COLEGIO EMINENTE,CASA FORTE,,,COLISÃO,COLISÃO COM VÍTIMA,1,1,,,,,,,,2,,,,,,,,,,,,,,,,,,
2018-03-08,18:40:00,COM VÍTIMA,FINALIZADA,CAMPO GRANDE,RUA PROFESSOR FRANCISCO DA TRINDADE,317,RUA SÃO CAETANO,CRUZAMENTO COM A RUA SAO CAETANO, PROX. AO CLUBE DAS PAZ,RUA PROFESSOR FRANCISCO DA TRINDADE,317,CRUZAMENTO COM A RUA SAO CAETANO, PROX. AO CLUBE DAS PAZ,CAMPO GRANDE,,,COLISÃO,VT DA PM E MOTO,,1,,,,,,1,,1,,,,,,,,,,,,,,,,
2018-03-08,18:45:00,SEM VÍTIMA,FINALIZADA,BOA VIAGEM,AV BOA VIAGEM,3416,,PROX AO CRUZAMENTO DA RUA PADRE CARAPUCEIRO,AV BOA VIAGEM,3416,PROX AO CRUZAMENTO DA RUA PADRE CARAPUCEIRO,BOA VIAGEM,,,COLISÃO,DOIS AUTO,2,,,,,,,,,0,,,,,,,,,,,,,,,,,,
2018-03-08,19:20:00,SEM VÍTIMA,FINALIZADA,IPUTINGA,RUA MANOEL JOAQUIM DE ALMEIDA,380,,PROX AO BAR GOTA SERENA,RUA MANOEL JOAQUIM DE ALMEIDA,380,PROX AO BAR GOTA SERENA,IPUTINGA,,,COLISÃO,AUTO E CAMINHAO CARROCERIA,1,,,,,,1,,,0,,,,,,,,,,,,,,,,,,