data,hora,natureza_acidente,situacao,bairro,endereco,numero,detalhe_endereco_acidente,complemento,endereco_cruzamento,numero_cruzamento,referencia_cruzamento,bairro_cruzamento,num_semaforo,sentido_via,tipo,descricao,auto,moto,ciclom,ciclista,pedestre,onibus,caminhao,viatura,outros,vitimas,vitimasfatais,acidente_verificado,tempo_clima,situacao_semaforo,sinalizacao,condicao_via,conservacao_via,ponto_controle,situacao_placa,velocidade_max_via,mao_direcao,divisao_via1,divisao_via2,divisao_via3,,,,
2018-03-11,10:49:00,SEM VÍTIMA,CANCELADA,IMBIRIBEIRA,RUA CORONEL FABRICIANO,,,AO LADO DO ATACADO DOS PRESENTES,RUA CORONEL FABRICIANO,,AO LADO DO ATACADO DOS PRESENTES,IMBIRIBEIRA,,,COLISÃO,SEM VITIMAS,2,,,,,,,,,0,,,,,,,,,,,,,,,,,,
2018-03-11,12:48:00,SEM VÍTIMA,CANCELADA,JARDIM SÃO PAULO,RUA LORENA,,RUA ALVINOPOLIS,CRUZ COM A R ALVINOPOLIS / PROX AO VIADUTO DE JARDIM SP,RUA LORENA,,CRUZ COM A R ALVINOPOLIS / PROX AO VIADUTO DE JARDIM SP,JARDIM SÃO PAULO,,,COLISÃO,ENTRE AUTO E ONIBUS. S/V,1,,,,,1,,,,0,,,,,,,,,,,,,,,,,,
2018-03-11,13:52:00,SEM VÍTIMA,FINALIZADA,BOA VIAGEM,RUA FRANCISCO DA CUNHA,,RUA PROF JOSE BRANDAO,CRUZAMENTO COM RUA PROF. JOSE BRANDAO,RUA FRANCISCO DA CUNHA,,CRUZAMENTO COM RUA PROF. JOSE BRANDAO,BOA VIAGEM,,,COLISÃO,DOIS AUTOS S/V,2,,,,,,,,,0,,,,,,,,,,,,,,,,,,
2018-03-11,14:13:00,SEM VÍTIMA,FINALIZADA,IMBIRIBEIRA,RUA JACI,,RUA JOAQUIM BANDEIRA,CRUZAMENTO COM RUA JOAQUIM BANDEIRA, EM FRENTE A EUROVIA, SENTIDO BOA VIAGEM, SEMAFORO 534,RUA JACI,,CRUZAMENTO COM RUA JOAQUIM BANDEIRA, EM FRENTE A EUROVIA, SENTIDO BOA VIAGEM, SEMAFORO 534,IMBIRIBEIRA,,,COLISÃO,AUTO E ONIBUS ,1,,,,,1,,,,0,,,,,,,,,,,,
2018-03-11,15:01:00,SEM VÍTIMA,FINALIZADA,BOA VIAGEM,RUA PROFESSOR LINS E SILVA,660,,E/F AO BAR SEU BACANA,RUA PROFESSOR LINS E SILVA,660,E/F AO BAR SEU BACANA,BOA VIAGEM,,,COLISÃO,ENTRE 2 AUTOS. S/V,2,,,,,,,,,0,,,,,,,,,,,,,,,,,,
2018-03-11,19:15:00,SEM VÍTIMA,FINALIZADA,SANTO AMARO,AV CRUZ CABUGA,421,,PROX AO ARMAZEM CORAL,AV CRUZ CABUGA,421,PROX AO ARMAZEM CORAL,SANTO AMARO,,,COLISÃO,ONIBUS X AUTO,1,,,,,1,,,,0,,,,,,,,,,,,,,,,,,
2018-03-11,20:24:00,SEM VÍTIMA,CANCELADA,CAXANGÁ,AV JOAQUIM RIBEIRO,1095,,E/F A IGREJA NOSSA SENHORA DO PERPÉTUO SOCORRO,AV JOAQUIM RIBEIRO,1095,E/F A IGREJA NOSSA SENHORA DO PERPÉTUO SOCORRO,CAXANGÁ,,,ENGAVETAMENTO,ENTRE 4 AUTOS. S/V,4,,,,,,,,,0,,,,,,,,,,,,,,,,,,
2018-03-11,22:23:00,SEM VÍTIMA,FINALIZADA,SÃO JOSÉ,RUA DA CONCORDIA,,RUA SAO JOSE,CRUZAMENTO COM A RUA SAO JOSE,RUA DA CONCORDIA,,CRUZAMENTO COM A RUA SAO JOSE,SÃO JOSÉ,,,COLISÃO,DOIS AUTO,2,,,,,,,,,0,,,,,,,,,,,,,,,,,,
2018-03-11,22:54:00,SEM VÍTIMA,FINALIZADA,BEBERIBE,AV BEBERIBE,2759,,E/F AO MERCADO NOSSA SENHORA DA CONCEIÇÃO E PRAÇA DE FUNDÃO,AV BEBERIBE,2759,E/F AO MERCADO NOSSA SENHORA DA CONCEIÇÃO E PRAÇA DE FUNDÃO,BEBERIBE,,,COLISÃO,ENTRE 2 AUTOS. S/V,2,,,,,,,,,0,,,,,,,,,,,,,,,,,,
2018-03-12,04:33:00,SEM VÍTIMA,FINALIZADA,BOA VIAGEM,AV ARMINDO MOURA,,RUA VISCONDE DE JEQUITINHONHA,CRUZAMENTO COM A RUA VISCONDE DE JEQUITINHONHA,AV ARMINDO MOURA,,CRUZAMENTO COM A RUA VISCONDE DE JEQUITINHONHA,BOA VIAGEM,,,COLISÃO,COLISÃO ENTRE ÔNIBUS E AUTO S/V,1,,,,,1,,,,0,,,,,,,,,,,,,,,,,,
2018-03-12,06:33:00,SEM VÍTIMA,FINALIZADA,IMBIRIBEIRA,AV MARECHAL MASCARENHAS DE MORAES,,,SEMAFORO 625 SENT /PRAZERES EM FRENTE A ANAC,AV MARECHAL MASCARENHAS DE MORAES,,SEMAFORO 625 SENT /PRAZERES EM FRENTE A ANAC,IMBIRIBEIRA,,,COLISÃO,SEM VITIMAS,1,,,,,1,,,,0,,,,,,,,,,,,,,,,,,
2018-03-12,06:12:00,SEM VÍTIMA,FINALIZADA,BOA VIAGEM,AV ENGENHEIRO DOMINGOS FERREIRA,,RUA FELIX DE BRITO E MELO,SEMÁFORO 545, NO LADO ESQUERDO DA VIA. E/F A GALERIA.,AV ENGENHEIRO DOMINGOS FERREIRA,,SEMÁFORO 545, NO LADO ESQUERDO DA VIA. E/F A GALERIA.,BOA VIAGEM,,,COLISÃO,SEM VÍTIMAS,2,,,,,,,,,0,,,,,,,,,,,,,,,,
2018-03-12,07:29:00,SEM VÍTIMA,FINALIZADA,GRAÇAS,RUA DAS CREOULAS,210,,EM FRENTE A FARMACIA BONGI,RUA DAS CREOULAS,210,EM FRENTE A FARMACIA BONGI,GRAÇAS,,,COLISÃO,SEM VITIMAS,3,,,,,,,,,0,,,,,,,,,,,,,,,,,,
2018-03-12,07:39:00,SEM VÍTIMA,CANCELADA,TAMARINEIRA,RUA PADRE ROMA,,RUA DO FUTURO,COM RUA DO FUTURO, SEMAFORO Nº223,RUA PADRE ROMA,,COM RUA DO FUTURO, SEMAFORO Nº223,TAMARINEIRA,,,COLISÃO,COL.S/V.SET.TAMARINEIRA,2,,,,,,,,,0,,,,,,,,,,,,,,,,
2018-03-12,07:49:00,SEM VÍTIMA,FINALIZADA,IMBIRIBEIRA,AV MARECHAL MASCARENHAS DE MORAES,,,EM FRENTE A LOCA LIZA / SENT BR 101 / EM FRENTE AO AEROPORTO,AV MARECHAL MASCARENHAS DE MORAES,,EM FRENTE A LOCA LIZA / SENT BR 101 / EM FRENTE AO AEROPORTO,IMBIRIBEIRA,,,COLISÃO,CAMINHAO E AUTO PASSEIO / MOTO 18 NO QTH,1,,,,,,1,,,0,,,,,,,,,,,,,,,,,,
2018-03-12,08:06:00,SEM VÍTIMA,FINALIZADA,AFOGADOS,AV SUL,2056,,POR TRAS DA CAIXA ECONOMICA,AV SUL,2056,POR TRAS DA CAIXA ECONOMICA,AFOGADOS,,,COLISÃO,ONIBUS E AUTO,1,,,,,1,,,,0,,,,,,,,,,,,,,,,,,
2018-03-12,08:06:00,COM VÍTIMA,FINALIZADA,IBURA,AV DOIS RIOS,,,EM FRENTE AO SESI,AV DOIS RIOS,,EM FRENTE AO SESI,IBURA,,,ATROPELAMENTO ANIMAL,MOTOCICLISTA ATROPELOU UM CACHORRO,,,1,,,,,,,1,,,,,,,,,,,,,,,,,,
2018-03-12,08:26:00,SEM VÍTIMA,FINALIZADA,IMBIRIBEIRA,AV MARECHAL MASCARENHAS DE MORAES,,,SENT/PRAZERES EM FRENTE A INFRAERO,AV MARECHAL MASCARENHAS DE MORAES,,SENT/PRAZERES EM FRENTE A INFRAERO,IMBIRIBEIRA,,,COLISÃO,SEM VITIMAS BATEDOR 16 ,18 NO LOCAL VAI FAZER B.O,1,,,,,,1,,,0,,,,,,,,,,,,,,,,,
2018-03-12,08:43:00,SEM VÍTIMA,FINALIZADA,DOIS IRMÃOS,RUA DOIS IRMAOS,,,VIADUTO DE DIS IRMAOS,RUA DOIS IRMAOS,,VIADUTO DE DIS IRMAOS,DOIS IRMÃOS,,,COLISÃO,CAMINHAO E AUTO / VT 07 NO QTH,1,,,,,,1,,,0,,,,,,,,,,,,,,,,,,
2018-03-12,09:12:00,SEM VÍTIMA,CANCELADA,MADALENA,RUA REAL DA TORRE,419,RUA JOSE OSORIO,ESQUINA COM A RUA JOSE OSORIO,RUA REAL DA TORRE,419,ESQUINA COM A RUA JOSE OSORIO,MADALENA,,,COLISÃO,SEM VITIMAS,1,1,,,,,,,,0,,,,,,,,,,,,,,,,,,
2018-03-12,09:19:00,SEM VÍTIMA,FINALIZADA,DERBY,AV GOVERNADOR AGAMENON MAGALHAES,,,EM FRENTE AO HOSPITAL DA RESTAURAÇAO LADO DIREITO DA VIA,AV GOVERNADOR AGAMENON MAGALHAES,,EM FRENTE AO HOSPITAL DA RESTAURAÇAO LADO DIREITO DA VIA,DERBY,,,COLISÃO,ONIBUS E AUTO,1,,,,,1,,,,0,,,,,,,,,,,,,,,,,,
2018-03-12,09:34:00,SEM VÍTIMA,FINALIZADA,IPUTINGA,RUA PADRE FERNAO CARDIM,82,,RUA SESIDENSIAL,RUA PADRE FERNAO CARDIM,82,RUA SESIDENSIAL,IPUTINGA,,,COLISÃO,CAMINHAO E AUTO PASSEIO,1,,,,,,1,,,0,,,,,,,,,,,,,,,,,,
2018-03-12,09:39:00,SEM VÍTIMA,FINALIZADA,ESPINHEIRO,RUA SANTO ELIAS,149,,EM FRENTE AO LABORATORIO EDMAR VICTOR,RUA SANTO ELIAS,149,EM FRENTE AO LABORATORIO EDMAR VICTOR,ESPINHEIRO,,,COLISÃO,DOIS AUTOS,2,,,,,,,,,0,,,,,,,,,,,,,,,,,,
2018-03-12,11:14:00,SEM VÍTIMA,FINALIZADA,TEJIPIÓ,RUA FALCAO DE LACERDA,248,,EM FRENTE A PADARIA AVENIDASENT/JABOATÃO,RUA FALCAO DE LACERDA,248,EM FRENTE A PADARIA AVENIDASENT/JABOATÃO,TEJIPIÓ,,,COLISÃO,SEM VITIMAS,1,,,,,,1,,,0,,,,,,,,,,,,,,,,,,
2018-03-12,12:11:00,SEM VÍTIMA,FINALIZADA,CIDADE UNIVERSITÁRIA,AV PROFESSOR LUIZ FREIRE,,,EM FRENTE AO QUARTEL DA COMPANHIA DE GUARDA,AV PROFESSOR LUIZ FREIRE,,EM FRENTE AO QUARTEL DA COMPANHIA DE GUARDA,CIDADE UNIVERSITÁRIA,,,COLISÃO,DOIS AUTOS C/V,2,,,,,,,,,0,,,,,,,,,,,,,,,,,,
2018-03-12,12:58:00,SEM VÍTIMA,FINALIZADA,ILHA DO RETIRO,RUA PROFESSOR BENEDITO MONTEIRO,,,AO LADO DA JURANDIR PIRES,RUA PROFESSOR BENEDITO MONTEIRO,,AO LADO DA JURANDIR PIRES,ILHA DO RETIRO,,,COLISÃO,COLISÃO SEM VITIMAS,1,,,,,1,,,,0,,,,,,,,,,,,,,,,,,
2018-03-12,13:13:00,COM VÍTIMA,FINALIZADA,DOIS UNIDOS,AV HILDEBRANDO DE VASCONCELOS,540,,APOS A PAN ESTRELANÇA,AV HILDEBRANDO DE VASCONCELOS,540,APOS A PAN ESTRELANÇA,DOIS UNIDOS,,,COLISÃO,AUTO E MOTO,,,,,,,,,,1,,,,,,,,,,,,,,,,,,
2018-03-12,13:52:00,SEM VÍTIMA,CANCELADA,GUABIRABA,AV NORTE,,,E/F DA UPINHA S/T SUB S/V,AV NORTE,,E/F DA UPINHA S/T SUB S/V,GUABIRABA,,,COLISÃO,COLISAO DE ONIBUS E CAMINHAO,,,,,,1,1,,,0,,,,,,,,,,,,,,,,,,
2018-03-12,14:02:00,SEM VÍTIMA,FINALIZADA,ESPINHEIRO,AV CONS ROSA E SILVA,,,EM FRENTE A O BOMPREÇO,SEMAFORO 459,AV CONS ROSA E SILVA,,EM FRENTE A O BOMPREÇO,SEMAFORO 459,ESPINHEIRO,,,COLISÃO,SEM VITIMA,2,,,,,,,,,0,,,,,,,,,,,,,,,,
2018-03-12,14:23:00,COM VÍTIMA,FINALIZADA,PINA,RUA MANOEL DE BRITO,,,EM FRENTE A DESCIDA DO RIO MAR ,SEMAFORO 659,RUA MANOEL DE BRITO,,EM FRENTE A DESCIDA DO RIO MAR ,SEMAFORO 659,PINA,,,COLISÃO,COM UMA VITIMA,1,1,,,,,,,,1,,,,,,,,,,,,,,,,
2018-03-12,14:23:00,SEM VÍTIMA,FINALIZADA,IMBIRIBEIRA,AV MARECHAL MASCARENHAS DE MORAES,,,E/F A FORD S/T SUB NO SEMAFORO 532,AV MARECHAL MASCARENHAS DE MORAES,,E/F A FORD S/T SUB NO SEMAFORO 532,IMBIRIBEIRA,,,COLISÃO,COLISAO DE AUTO E MOTO S/V,1,1,,,,,,,,0,,,,,,,,,,,,,,,,,,
2018-03-12,14:24:00,SEM VÍTIMA,FINALIZADA,IPSEP,RUA PINTOR ANTONIO ALBUQUERQUE,12,,EM FRENTE DE LILICO MONTADOR,RUA PINTOR ANTONIO ALBUQUERQUE,12,EM FRENTE DE LILICO MONTADOR,IPSEP,,,COLISÃO,COL.S/V SET.IBURA,2,,,,,,,,,0,,,,,,,,,,,,,,,,,,
2018-03-12,14:39:00,COM VÍTIMA,FINALIZADA,TORRÕES,AV ENGENHEIRO ABDIAS DE CARVALHO,,,E/F AO YOKI GALETOS S/T CID,AV ENGENHEIRO ABDIAS DE CARVALHO,,E/F AO YOKI GALETOS S/T CID,TORRÕES,,,COLISÃO,COLISAO DE AUTO E MOTO COM DUAS VITIMAS,1,1,,,,,,,,2,,,,,,,,,,,,,,,,,,
2018-03-12,14:46:00,SEM VÍTIMA,FINALIZADA,IPUTINGA,RUA MAURICIO DE NASSAU,108,,RUA DO GOE ,SENT/PRAÇA DA TORRE,RUA MAURICIO DE NASSAU,108,RUA DO GOE ,SENT/PRAÇA DA TORRE,IPUTINGA,,,COLISÃO,SEM VITIMAS,2,,,,,,,,,0,,,,,,,,,,,,,,,,
2018-03-12,15:15:00,SEM VÍTIMA,FINALIZADA,ROSARINHO,AV NORTE,,,EM FRENTE AO POSTO SHELL E PADARIA DO ROSARINHO,AV NORTE,,EM FRENTE AO POSTO SHELL E PADARIA DO ROSARINHO,ROSARINHO,,,COLISÃO,COL.S/V.SET.SUB,1,,,,,,1,,,0,,,,,,,,,,,,,,,,,,
2018-03-12,15:23:00,,CANCELADA,ENCRUZILHADA,AV NORTE,2891,,PROX. AO HOSPITAL JORGE DE MEDEIROS SENTIDO CID/SUB,AV NORTE,2891,PROX. AO HOSPITAL JORGE DE MEDEIROS SENTIDO CID/SUB,ENCRUZILHADA,,,COLISÃO,AUTO E CAMINHAO,1,,,,,,1,,,0,,,,,,,,,,,,,,,,,,
2018-03-12,15:28:00,COM VÍTIMA,CANCELADA,PAISSANDU,AV GOVERNADOR AGAMENON MAGALHAES,,RUA DO PAISSANDU,COM RUA PAISSANDÚ, NO SEMAFORO Nº069,AV GOVERNADOR AGAMENON MAGALHAES,,COM RUA PAISSANDÚ, NO SEMAFORO Nº069,PAISSANDU,,,ATROPELAMENTO,COL.C/V,SET.OLINDA,,1,,,,,,,,1,,,,,,,,,,,,,,,
2018-03-12,16:31:00,SEM VÍTIMA,FINALIZADA,PINA,AV ANTONIO DE GOES,275,,APÓS O JCPM,AV ANTONIO DE GOES,275,APÓS O JCPM,PINA,,,COLISÃO,ENGAVETAMENTO COM 4 AUTOS, SEM VÍTIMAS.,4,,,,,,,,,0,,,,,,,,,,,,,,,,,
2018-03-12,16:15:00,SEM VÍTIMA,FINALIZADA,SANTO AMARO,AV VISCONDE DE SUASSUNA,607,,NA RUA DO SENAC,AV VISCONDE DE SUASSUNA,607,NA RUA DO SENAC,SANTO AMARO,,,COLISÃO,COLISAO DE DOIS AUTOS S/V,2,,,,,,,,,0,,,,,,,,,,,,,,,,,,
2018-03-12,17:20:00,SEM VÍTIMA,FINALIZADA,ENCRUZILHADA,RUA ALFREDO DE CASTRO,29,,E/F A FEDERAÇÃO ESPIRITA PERNAMBUCANA,RUA ALFREDO DE CASTRO,29,E/F A FEDERAÇÃO ESPIRITA PERNAMBUCANA,ENCRUZILHADA,,,COLISÃO,COLISAO DE DOIS AUTOS S/V,2,,,,,,,,,0,,,,,,,,,,,,,,,,,,
2018-03-12,18:50:00,SEM VÍTIMA,FINALIZADA,AREIAS,AV DR JOSE RUFINO,,,SEMÁFORO 557 / PROX AO COLÉGIO INCENTIVO,AV DR JOSE RUFINO,,SEMÁFORO 557 / PROX AO COLÉGIO INCENTIVO,AREIAS,,,COLISÃO,ENTRE AUTO PASSEIO E ÔNIBUS. S/V,1,,,,,1,,,,0,,,,,,,,,,,,,,,,,,
2018-03-12,18:54:00,SEM VÍTIMA,FINALIZADA,SANTO ANTÔNIO,AV MARTINS DE BARROS,,,PROX. AO BANCO SANTANDER,AV MARTINS DE BARROS,,PROX. AO BANCO SANTANDER,SANTO ANTÔNIO,,,COLISÃO,ONIBUS E AUTO,1,,,,,1,,,,0,,,,,,,,,,,,,,,,,,
2018-03-12,19:18:00,SEM VÍTIMA,FINALIZADA,BAIRRO DO RECIFE,CAIS DO APOLO,,,E/F AO BANCO SANTANDER,CAIS DO APOLO,,E/F AO BANCO SANTANDER,BAIRRO DO RECIFE,,,COLISÃO,ENTRE AUTO E CARRETA. S/V,1,,,,,1,,,,0,,,,,,,,,,,,,,,,,,
2018-03-12,20:45:00,SEM VÍTIMA,FINALIZADA,BAIRRO DO RECIFE,AV ALFREDO LISBOA,,,E/F A PRAÇA DO MARCO ZERO,AV ALFREDO LISBOA,,E/F A PRAÇA DO MARCO ZERO,BAIRRO DO RECIFE,,,ENGAVETAMENTO,ENTRE 3 AUTOS. S-V,3,,,,,,,,,0,,,,,,,,,,,,,,,,,,
2018-03-12,21:49:00,SEM VÍTIMA,FINALIZADA,CAXANGÁ,AV CAXANGA,,,EM FRENTE A EXPOSIÇÃO DE ANIMAIS, SENT. CAMARAGIBE,AV CAXANGA,,EM FRENTE A EXPOSIÇÃO DE ANIMAIS, SENT. CAMARAGIBE,CAXANGÁ,,,COLISÃO,DOIS AUTOS,2,,,,,,,,,0,,,,,,,,,,,,,,,,
2018-03-13,00:16:00,SEM VÍTIMA,FINALIZADA,ENGENHO DO MEIO,RUA ANTONIO CURADO,,,SEMÁFORO 395 // EDF PRAÇA DA SAMAMBAIA // AO LADO DO CLUBE DA SUDENE,RUA ANTONIO CURADO,,SEMÁFORO 395 // EDF PRAÇA DA SAMAMBAIA // AO LADO DO CLUBE DA SUDENE,ENGENHO DO MEIO,,,CHOQUE,VEÍCULO CHOCOU-SE CONTRA O MURO DE UM EDIFÍCIO,1,,,,,,,,,0,,,,,,,,,,,,,,,,,,
2018-03-13,05:14:00,SEM VÍTIMA,FINALIZADA,BOA VIAGEM,AV CONSELHEIRO AGUIAR,,RUA RIBEIRO DE BRITO,CRUZAMENTO COM A RUA RIBEIRO DE BRITO,AV CONSELHEIRO AGUIAR,,CRUZAMENTO COM A RUA RIBEIRO DE BRITO,BOA VIAGEM,,,COLISÃO,COLISÃO ENTRE AUTO E MOTO S/V,1,1,,,,,,,,0,,,,,,,,,,,,,,,,,,
2018-03-13,07:13:00,SEM VÍTIMA,CANCELADA,CASA AMARELA,AV NORTE,3435,,EM FACIL PNEUS,SENT/CIDADE,AV NORTE,3435,EM FACIL PNEUS,SENT/CIDADE,CASA AMARELA,,,COLISÃO,SEM VITIMAS,1,2,,,,,,,,0,,,,,,,,,,,,,,,,
2018-03-13,07:48:00,SEM VÍTIMA,FINALIZADA,BOA VIAGEM,AV DES JOSE NEVES,,,AO LADO DO POSTO SHELL,AV DES JOSE NEVES,,AO LADO DO POSTO SHELL,BOA VIAGEM,,,COLISÃO,COLISAO DE AUTO E MOTO S/V,1,1,,,,,,,,0,,,,,,,,,,,,,,,,,,
2018-03-13,08:42:00,SEM VÍTIMA,FINALIZADA,IPUTINGA,RUA MAURICIO DE NASSAU,130,,EM FRENTE AO EDF SOLAR,RUA MAURICIO DE NASSAU,130,EM FRENTE AO EDF SOLAR,IPUTINGA,,,COLISÃO,DOIS AUTOS,2,,,,,,,,,0,,,,,,,,,,,,,,,,,,
2018-03-13,08:17:00,SEM VÍTIMA,FINALIZADA,CORDEIRO,RUA HONORIO CORREIA,49,,EM FRENTE DA CASA DE FESTA PRA BRINCA,RUA HONORIO CORREIA,49,EM FRENTE DA CASA DE FESTA PRA BRINCA,CORDEIRO,,,COLISÃO,COL.S/V,SET.CAXANGA,2,,,,,,,,,0,,,,,,,,,,,,,,,,,
2018-03-13,08:42:00,SEM VÍTIMA,CANCELADA,ILHA JOANA BEZERRA,VIADUTO CAPITAO TEMUDO,,,EM FRENTE A AACD,SENT/BOA VIAGEM,VIADUTO CAPITAO TEMUDO,,EM FRENTE A AACD,SENT/BOA VIAGEM,ILHA JOANA BEZERRA,,,COLISÃO,SEM VITIMAS,2,,,,,,,,,0,,,,,,,,,,,,,,,,
2018-03-13,08:59:00,SEM VÍTIMA,FINALIZADA,SAN MARTIN,AV GENERAL SAN MARTIN,1530,,EM FRENTE A AUTO SERVIÇOS,AV GENERAL SAN MARTIN,1530,EM FRENTE A AUTO SERVIÇOS,SAN MARTIN,,,COLISÃO,MOTO E AUTO PASSEIO,1,1,,,,,,,,0,,,,,,,,,,,,,,,,,,
2018-03-13,09:58:00,SEM VÍTIMA,FINALIZADA,ENCRUZILHADA,AV NORTE,,,E/F AO EXTRA BOM S/T CID,AV NORTE,,E/F AO EXTRA BOM S/T CID,ENCRUZILHADA,,,COLISÃO,COLISAO DE CAMINHAO E AUTO VT 09 NO LOCAL,1,,,,,,1,,,0,,,,,,,,,,,,,,,,,,
2018-03-13,10:50:00,SEM VÍTIMA,FINALIZADA,PINA,AV ENGENHEIRO DOMINGOS FERREIRA,40,,EM FRENTE AO ARMAZEM BEIRA MAR,AV ENGENHEIRO DOMINGOS FERREIRA,40,EM FRENTE AO ARMAZEM BEIRA MAR,PINA,,,COLISÃO,COL.S/V NA FAIXA DA ESQUERDA,2,,,,,,,,,0,,,,,,,,,,,,,,,,,,
2018-03-13,10:58:00,SEM VÍTIMA,FINALIZADA,IMBIRIBEIRA,AV MARECHAL MASCARENHAS DE MORAES,,,E/F AO SAM´S CLUB S/T AEROPORTO,AV MARECHAL MASCARENHAS DE MORAES,,E/F AO SAM´S CLUB S/T AEROPORTO,IMBIRIBEIRA,,,COLISÃO,,2,,,,,,,,,0,,,,,,,,,,,,,,,,,,
2018-03-13,11:33:00,COM VÍTIMA,FINALIZADA,IPUTINGA,RUA GASPAR PEREZ,29,,AO LADO DO ANTIGO ESCRITORIO DO BOMPREÇO,RUA GASPAR PEREZ,29,AO LADO DO ANTIGO ESCRITORIO DO BOMPREÇO,IPUTINGA,,,COLISÃO,COM UMA VITIMAS,1,1,,,,,,,,1,,,,,,,,,,,,,,,,,,
2018-03-13,13:16:00,SEM VÍTIMA,FINALIZADA,AFOGADOS,RUA VINTE E UM DE ABRIL,,,EM FRENTE A CONSTRUAÇO,RUA VINTE E UM DE ABRIL,,EM FRENTE A CONSTRUAÇO,AFOGADOS,,,COLISÃO,COLISÃO SEM VÍTIMA,2,,,,,,,,,0,,,,,,,,,,,,,,,,,,
2018-03-13,13:39:00,SEM VÍTIMA,FINALIZADA,ZUMBI,RUA TOMAZ GONZAGA,348,,E/F AO LAVA JATO MIRO AUTO,RUA TOMAZ GONZAGA,348,E/F AO LAVA JATO MIRO AUTO,ZUMBI,,,COLISÃO,COLISAO DE DOIS AUTOS S/V,2,,,,,,,,,0,,,,,,,,,,,,,,,,,,
2018-03-13,14:02:00,SEM VÍTIMA,FINALIZADA,BOA VIAGEM,RUA SETUBAL,,RUA DR VICENTE GOMES,COM A RUA DOUTOR VICENTE GOMES, PROX. A FEIRINHA DE BOA VIAGEM SEMAFORO 060,RUA SETUBAL,,COM A RUA DOUTOR VICENTE GOMES, PROX. A FEIRINHA DE BOA VIAGEM SEMAFORO 060,BOA VIAGEM,,,COLISÃO,ONIBUS E AUTO,1,,,,,1,,,,0,,,,,,,,,,,,,,,,
2018-03-13,14:10:00,SEM VÍTIMA,FINALIZADA,IPSEP,AV RECIFE,,,LADO OPOSTO DA PADARIA VILA DO PÃO/ PROXIMO SEMÁFORO 247/ SENTIDO BOA VIAGEM,AV RECIFE,,LADO OPOSTO DA PADARIA VILA DO PÃO/ PROXIMO SEMÁFORO 247/ SENTIDO BOA VIAGEM,IPSEP,,,COLISÃO,COLISÃO SEM VÍTIMA,2,,,,,,,,,0,,,,,,,,,,,,,,,,,,
2018-03-13,14:43:00,,CANCELADA,SANTO AMARO,RUA DO POMBAL,,,EM FRENTE AO CEMITÉRIO DE SANTO AMARO,RUA DO POMBAL,,EM FRENTE AO CEMITÉRIO DE SANTO AMARO,SANTO AMARO,,,COLISÃO,COLISÃO,,,,,,,,,,0,,,,,,,,,,,,,,,,,,
2018-03-13,14:51:00,SEM VÍTIMA,FINALIZADA,TAMARINEIRA,EST VELHA DE AGUA FRIA,767,RUA JOSE DE VASCONCELOS,COM A RUA JOSE DE VASCONCELOS, EM FRENTE AO BAR BEER GRILL,EST VELHA DE AGUA FRIA,767,COM A RUA JOSE DE VASCONCELOS, EM FRENTE AO BAR BEER GRILL,TAMARINEIRA,,,COLISÃO,AUTO E MOTO,1,1,,,,,,,,0,,,,,,,,,,,,,,,,
2018-03-13,14:52:00,COM VÍTIMA,FINALIZADA,SANTO AMARO,RUA TREZE DE MAIO,,,E/F AO SESC DE SANTO AMARO COM O BAR DO KARRANCAS,RUA TREZE DE MAIO,,E/F AO SESC DE SANTO AMARO COM O BAR DO KARRANCAS,SANTO AMARO,,,COLISÃO,COLISAO DE AUTO E MOTO COM UMA VITIMA,1,1,,,,,,,,1,,,,,,,,,,,,,,,,,,
2018-03-13,14:52:00,SEM VÍTIMA,CANCELADA,BOA VIAGEM,AV ENGENHEIRO DOMINGOS FERREIRA,170,,EM FRENTE AO CONSULTORIO RIDETO ODONTOLOGIA E ESTETICA,AV ENGENHEIRO DOMINGOS FERREIRA,170,EM FRENTE AO CONSULTORIO RIDETO ODONTOLOGIA E ESTETICA,BOA VIAGEM,,,COLISÃO,COLISÃO SEM VÍTIMA,1,,,,,1,,,,0,,,,,,,,,,,,,,,,,,
2018-03-13,14:59:00,SEM VÍTIMA,FINALIZADA,CAMPO GRANDE,RUA MEM DE SA,93,,PROXIMO A LOJA GAZIN EXPRESSO,RUA MEM DE SA,93,PROXIMO A LOJA GAZIN EXPRESSO,CAMPO GRANDE,,,COLISÃO,COLISÃO SEM VÍTIMA,2,,,,,,,,,0,,,,,,,,,,,,,,,,,,
2018-03-13,15:25:00,SEM VÍTIMA,FINALIZADA,MACAXEIRA,AV DA RECUPERACAO,,,EM FRENTE A INTEGRAÇÃO DA MACAXEIRA NO GIRADOR SENT. AV. NORTE,AV DA RECUPERACAO,,EM FRENTE A INTEGRAÇÃO DA MACAXEIRA NO GIRADOR SENT. AV. NORTE,MACAXEIRA,,,COLISÃO,CAMNHÃO E AUTO,1,,,,,,1,,,0,,,,,,,,,,,,,,,,,,
2018-03-13,16:43:00,SEM VÍTIMA,FINALIZADA,DERBY,RUA LUIZ BARBALHO,211,,EM FRENTE A CLINICA PRONTOPELE,RUA LUIZ BARBALHO,211,EM FRENTE A CLINICA PRONTOPELE,DERBY,,,COLISÃO,DOIS AUTOS,2,,,,,,,,,0,,,,,,,,,,,,,,,,,,
2018-03-13,16:58:00,SEM VÍTIMA,FINALIZADA,IMBIRIBEIRA,AV GENERAL MAC ARTHUR,80,,EM FRENTE A LAFITTE,AV GENERAL MAC ARTHUR,80,EM FRENTE A LAFITTE,IMBIRIBEIRA,,,COLISÃO,COLISÃO SEM VÍTIMA,2,,,,,,,,,0,,,,,,,,,,,,,,,,,,
2018-03-13,17:00:00,COM VÍTIMA,FINALIZADA,CASA FORTE,AV DEZESSETE DE AGOSTO,675,,EM FRENTE AO BANCO ITAU, PEOR. AO RESTAURANTE MAMELUCO,AV DEZESSETE DE AGOSTO,675,EM FRENTE AO BANCO ITAU, PEOR. AO RESTAURANTE MAMELUCO,CASA FORTE,,,COLISÃO,DOIS AUTOS E MOTO,2,1,,,,,,,,1,,,,,,,,,,,,,,,,