data,hora,natureza_acidente,situacao,bairro,endereco,numero,detalhe_endereco_acidente,complemento,endereco_cruzamento,numero_cruzamento,referencia_cruzamento,bairro_cruzamento,num_semaforo,sentido_via,tipo,descricao,auto,moto,ciclom,ciclista,pedestre,onibus,caminhao,viatura,outros,vitimas,vitimasfatais,acidente_verificado,tempo_clima,situacao_semaforo,sinalizacao,condicao_via,conservacao_via,ponto_controle,situacao_placa,velocidade_max_via,mao_direcao,divisao_via1,divisao_via2,divisao_via3,,,,
2018-03-13,17:11:00,SEM VÍTIMA,FINALIZADA,IMBIRIBEIRA,RUA DEZ DE JULHO,,,AO LADO DA CAIXA ECONOMICA E/F AO POSTO IPIRANGA,RUA DEZ DE JULHO,,AO LADO DA CAIXA ECONOMICA E/F AO POSTO IPIRANGA,IMBIRIBEIRA,,,COLISÃO,COLISAO DE ONIBUS E AUTO S/V,1,,,,,1,,,,0,,,,,,,,,,,,,,,,,,
2018-03-13,17:14:00,SEM VÍTIMA,FINALIZADA,DERBY,AV GOVERNADOR AGAMENON MAGALHAES,,,E/F AO CLUBE PORTUGUES S/T OLINDA,AV GOVERNADOR AGAMENON MAGALHAES,,E/F AO CLUBE PORTUGUES S/T OLINDA,DERBY,,,COLISÃO,COLISAO DE TRES AUTOS S/V,3,,,,,,,,,0,,,,,,,,,,,,,,,,,,
2018-03-13,17:15:00,SEM VÍTIMA,FINALIZADA,BOA VIAGEM,RUA CAPITAO ZUZINHA,,,EM FRENTE A SETUBAL CENTER,RUA CAPITAO ZUZINHA,,EM FRENTE A SETUBAL CENTER,BOA VIAGEM,,,COLISÃO,COLISÃO SEM VÍTIMA,2,,,,,,,,,0,,,,,,,,,,,,,,,,,,
2018-03-13,17:28:00,SEM VÍTIMA,FINALIZADA,BAIRRO DO RECIFE,AV BARBOSA LIMA,53A,,PROXIMO AO BANCO DO BRASIL,AV BARBOSA LIMA,53A,PROXIMO AO BANCO DO BRASIL,BAIRRO DO RECIFE,,,COLISÃO,COLISÃO SEM VÍTIMA,2,,,,,,,,,0,,,,,,,,,,,,,,,,,,
2018-03-13,18:17:00,SEM VÍTIMA,FINALIZADA,CAXANGÁ,AV CAXANGA,4617,,EM FRENTE A CONCESSIONÁRIA ITALIANA,AV CAXANGA,4617,EM FRENTE A CONCESSIONÁRIA ITALIANA,CAXANGÁ,,,COLISÃO,UMA CARRETA E UM CARRO,1,,,,,,1,,,0,,,,,,,,,,,,,,,,,,
2018-03-13,18:54:00,SEM VÍTIMA,FINALIZADA,BONGI,AV ENGENHEIRO ABDIAS DE CARVALHO,,,AO LADO DA BIG CAR // SEMÁFORO 057,AV ENGENHEIRO ABDIAS DE CARVALHO,,AO LADO DA BIG CAR // SEMÁFORO 057,BONGI,,,ENGAVETAMENTO,ENTRE 3 AUTOS. S/V,3,,,,,,,,,0,,,,,,,,,,,,,,,,,,
2018-03-13,19:19:00,SEM VÍTIMA,FINALIZADA,BOA VIAGEM,AV CONSELHEIRO AGUIAR,3621,,E/F A FRUTARIA E PROX A LOJA AMERICANAS. SNT CENTRO,AV CONSELHEIRO AGUIAR,3621,E/F A FRUTARIA E PROX A LOJA AMERICANAS. SNT CENTRO,BOA VIAGEM,,,COLISÃO,ENTRE AUTO E ôNIBUS. S/V,1,,,,,1,,,,0,,,,,,,,,,,,,,,,,,
2018-03-13,19:33:00,SEM VÍTIMA,CANCELADA,MADALENA,AV VISCONDE DE ALBUQUERQUE,,,E/F A ENTRADA DO SUPER MERCADO BOMPREÇO,AV VISCONDE DE ALBUQUERQUE,,E/F A ENTRADA DO SUPER MERCADO BOMPREÇO,MADALENA,,,COLISÃO,ENTRE 2 AUTOS. S/V,2,,,,,,,,,0,,,,,,,,,,,,,,,,,,
2018-03-13,19:47:00,SEM VÍTIMA,CANCELADA,ESPINHEIRO,AV JOAO DE BARROS,,,SEMÁFORO 089 / PROX A PAGUE MENOS E EXTRA SUPER MERCADO,AV JOAO DE BARROS,,SEMÁFORO 089 / PROX A PAGUE MENOS E EXTRA SUPER MERCADO,ESPINHEIRO,,,COLISÃO,ENTRE AUTO E ÕNIBUS . S/V,1,,,,,1,,,,0,,,,,,,,,,,,,,,,,,
2018-03-13,19:51:00,SEM VÍTIMA,FINALIZADA,ARRUDA,RUA PROFESSOR JERONIMO GUEIROS,,RUA MEN DE SA,SEMÁFORO 495 / CRUZ COM A R RUA MEN DE SÁ,RUA PROFESSOR JERONIMO GUEIROS,,SEMÁFORO 495 / CRUZ COM A R RUA MEN DE SÁ,ARRUDA,,,COLISÃO,ENTRE 2 AUTOS. S/V,2,,,,,,,,,0,,,,,,,,,,,,,,,,,,
2018-03-13,21:15:00,SEM VÍTIMA,FINALIZADA,BOA VIAGEM,RUA DEZ DE JULHO,210,,APOS ESTAÇÃO DO METRô AEROPORTO NA 3ª RUA,RUA DEZ DE JULHO,210,APOS ESTAÇÃO DO METRô AEROPORTO NA 3ª RUA,BOA VIAGEM,,,COLISÃO,COLISÃO ENTRE 2 VEICULOS,2,,,,,,,,,0,,,,,,,,,,,,,,,,,,
2018-03-13,22:55:00,SEM VÍTIMA,CANCELADA,CAXANGÁ,AV CAXANGA,,,APOS A UPA SENTIDO CAMARAGIBE/ ESTAÇAO BRT PADRE CICERO,AV CAXANGA,,APOS A UPA SENTIDO CAMARAGIBE/ ESTAÇAO BRT PADRE CICERO,CAXANGÁ,,,COLISÃO,COLISÃO ENTRE CAMINHÃO E ONIBUS,,,,,,1,1,,,0,,,,,,,,,,,,,,,,,,
2018-03-13,23:16:00,SEM VÍTIMA,FINALIZADA,BOA VIAGEM,RUA ENGENHEIRO LAURO BORBA,,,PROXIMO A LANCHONETE BAITA HAMBURG,RUA ENGENHEIRO LAURO BORBA,,PROXIMO A LANCHONETE BAITA HAMBURG,BOA VIAGEM,,,COLISÃO,VT PM E MOTO SEM VITIMAS,,1,,,,,,1,,0,,,,,,,,,,,,,,,,,,
2018-03-14,02:01:00,SEM VÍTIMA,FINALIZADA,NOVA DESCOBERTA,RUA ITARAPINA,,,EM FRENTE AO COLEGIO MENEZES,RUA ITARAPINA,,EM FRENTE AO COLEGIO MENEZES,NOVA DESCOBERTA,,,CHOQUE,VIATURA DA PM CHOCOU-SE COM MURO S/V,,,,,,,,1,,0,,,,,,,,,,,,,,,,,,
2018-03-14,06:52:00,COM VÍTIMA,FINALIZADA,PRADO,AV ENGENHEIRO ABDIAS DE CARVALHO,,,EM FRENTE AO BORSH SEVICE / SEMAFORO 057 / SENT CIDADE,AV ENGENHEIRO ABDIAS DE CARVALHO,,EM FRENTE AO BORSH SEVICE / SEMAFORO 057 / SENT CIDADE,PRADO,,,COLISÃO,MOTO E AUTO PASSEIO,1,1,,,,,,,,1,,,,,,,,,,,,,,,,,,
2018-03-14,06:58:00,SEM VÍTIMA,FINALIZADA,PARNAMIRIM,EST DO ENCANAMENTO,,,NO SEMAFORO Nº358,EST DO ENCANAMENTO,,NO SEMAFORO Nº358,PARNAMIRIM,,,COLISÃO,COL.S/V,1,1,,,,,,,,0,,,,,,,,,,,,,,,,,,
2018-03-14,07:09:00,SEM VÍTIMA,CANCELADA,TAMARINEIRA,AV NORTE,3889,,E/F A CIMENTO NASSAU, SENTIDO CIDADE.,AV NORTE,3889,E/F A CIMENTO NASSAU, SENTIDO CIDADE.,TAMARINEIRA,,,COLISÃO,SEM VÍTIMAS,4,,,,,,,,,0,,,,,,,,,,,,,,,,
2018-03-14,07:20:00,SEM VÍTIMA,FINALIZADA,CAXANGÁ,AV CAXANGA,,,E/F A UPA DA CAXANGÁ, SENTIDO VÁRZEA. PROX. AO SEMÁFORO 281,AV CAXANGA,,E/F A UPA DA CAXANGÁ, SENTIDO VÁRZEA. PROX. AO SEMÁFORO 281,CAXANGÁ,,,COLISÃO,SEM VÍTIMAS,1,,,,,,1,,,0,,,,,,,,,,,,,,,,
2018-03-14,07:26:00,SEM VÍTIMA,FINALIZADA,PARNAMIRIM,RUA SEBASTIAO MALTA ARCOVERDE,50,,EM FRENTE A CASA DESIGN,RUA SEBASTIAO MALTA ARCOVERDE,50,EM FRENTE A CASA DESIGN,PARNAMIRIM,,,COLISÃO,COLISÃO SEM VÍTIMA,2,,,,,,1,,,0,,,,,,,,,,,,,,,,,,
2018-03-14,07:28:00,SEM VÍTIMA,CANCELADA,BOA VIAGEM,RUA DR RAUL LAFAYETTE,3904,AV ENG DOMINGOS FERREIRA,ESQ DA DOMINGOS FERREIRA,RUA DR RAUL LAFAYETTE,3904,ESQ DA DOMINGOS FERREIRA,BOA VIAGEM,,,COLISÃO,DOIS AUTOS,,,,,,,,,,0,,,,,,,,,,,,,,,,,,
2018-03-14,07:33:00,COM VÍTIMA,FINALIZADA,CASA AMARELA,AV NORTE,5010,,EM FRENTE A HONDA/ SENTIDO CIDADE,AV NORTE,5010,EM FRENTE A HONDA/ SENTIDO CIDADE,CASA AMARELA,,,COLISÃO,COLISÃO COM VÍTIMA,,1,,,,1,,,,1,,,,,,,,,,,,,,,,,,
2018-03-14,07:35:00,SEM VÍTIMA,FINALIZADA,BOA VIAGEM,AV CONSELHEIRO AGUIAR,,,NO SEMAFORO Nº146,AV CONSELHEIRO AGUIAR,,NO SEMAFORO Nº146,BOA VIAGEM,,,COLISÃO,COL.S/V,1,,,,,1,,,,0,,,,,,,,,,,,,,,,,,
2018-03-14,07:55:00,SEM VÍTIMA,CANCELADA,ENGENHO DO MEIO,RUA BOM PASTOR,451,,E/F A SUSHI E CIA.,RUA BOM PASTOR,451,E/F A SUSHI E CIA.,ENGENHO DO MEIO,,,COLISÃO,SEM VÍTIMAS,1,1,,,,,,,,0,,,,,,,,,,,,,,,,,,
2018-03-14,08:10:00,SEM VÍTIMA,FINALIZADA,SANTO AMARO,RUA DO SOL,,,EM FRENTE AO TEATRO SANTA ISABEL,RUA DO SOL,,EM FRENTE AO TEATRO SANTA ISABEL,SANTO AMARO,,,COLISÃO,DOIS AUTOS VT 24 NO QTH,2,,,,,,,,,0,,,,,,,,,,,,,,,,,,
2018-03-14,08:28:00,COM VÍTIMA,FINALIZADA,BOA VIAGEM,AVENIDA CELSO FURTADO (VIA MANGUE),,,NAS PROXIMIDADES DO EXTRA,AVENIDA CELSO FURTADO (VIA MANGUE),,NAS PROXIMIDADES DO EXTRA,BOA VIAGEM,,,COLISÃO,COLISÃO ENTRE AUTO E MOTO, COM VÍTIMA,1,1,,,,,,,,1,,,,,,,,,,,,,,,,,
2018-03-14,09:15:00,SEM VÍTIMA,FINALIZADA,IMBIRIBEIRA,AV MARECHAL MASCARENHAS DE MORAES,1528,,E/F AO DEPOSITO DA LASER ELETRO, SENTIDO AFOGADOS. SEMÁFORO 287,AV MARECHAL MASCARENHAS DE MORAES,1528,E/F AO DEPOSITO DA LASER ELETRO, SENTIDO AFOGADOS. SEMÁFORO 287,IMBIRIBEIRA,,,COLISÃO,SEM VÍTIMAS,1,,,,,1,,,,0,,,,,,,,,,,,,,,,
2018-03-14,09:30:00,SEM VÍTIMA,FINALIZADA,MADALENA,RUA REAL DA TORRE,,,EM BAIXO DO TUNEO DA ABOLIÇAO,RUA REAL DA TORRE,,EM BAIXO DO TUNEO DA ABOLIÇAO,MADALENA,,,COLISÃO,TRES AUTOS // VT 14 NO QTH,3,,,,,,,,,0,,,,,,,,,,,,,,,,,,
2018-03-14,10:01:00,SEM VÍTIMA,FINALIZADA,BOA VIAGEM,AV HERCULANO BANDEIRA,855,,EM FRENTE DA RIQUE MOVES,AV HERCULANO BANDEIRA,855,EM FRENTE DA RIQUE MOVES,BOA VIAGEM,,,COLISÃO,COL.S/V GM JA NO LOCAL PONTO PX,2,,,,,,,,,0,,,,,,,,,,,,,,,,,,
2018-03-14,10:31:00,SEM VÍTIMA,FINALIZADA,VÁRZEA,RUA PROFESSOR ANTONIO COELHO,495,,AO LADO DO COLEGIO PONTUAL,RUA PROFESSOR ANTONIO COELHO,495,AO LADO DO COLEGIO PONTUAL,VÁRZEA,,,COLISÃO,COLISÃO SEM VÍTIMA,2,,,,,,,,,0,,,,,,,,,,,,,,,,,,
2018-03-14,12:00:00,SEM VÍTIMA,FINALIZADA,IMBIRIBEIRA,AV MARECHAL MASCARENHAS DE MORAES,,,NA SAÍDA DA AVENIDA RECIFE, SENTIDO AEROPORTO.,AV MARECHAL MASCARENHAS DE MORAES,,NA SAÍDA DA AVENIDA RECIFE, SENTIDO AEROPORTO.,IMBIRIBEIRA,,,COLISÃO,COLISÃO SEM VÍTIMA, ENTRE UM AUTO E UM CAMINHÃO.,1,,,,,,1,,,0,,,,,,,,,,,,,,,
2018-03-14,12:12:00,SEM VÍTIMA,CANCELADA,PINA,RUA MIRANDA FALCAO,50,,EM FRENTE A GALERIA SANTA RITA,RUA MIRANDA FALCAO,50,EM FRENTE A GALERIA SANTA RITA,PINA,,,COLISÃO,COLISÃO SEM VÍTIMA,2,,,,,,,,,0,,,,,,,,,,,,,,,,,,
2018-03-14,12:18:00,COM VÍTIMA,FINALIZADA,CAXANGÁ,RUA DOUTOR DUSTAN DE CARVALHO SOARES,40B,,POR TRÁS DO MOTEL TURQUESA,RUA DOUTOR DUSTAN DE CARVALHO SOARES,40B,POR TRÁS DO MOTEL TURQUESA,CAXANGÁ,,,COLISÃO,COLISÃO COM VÍTIMA,1,1,,,,,,,,1,,,,,,,,,,,,,,,,,,
2018-03-14,12:41:00,SEM VÍTIMA,FINALIZADA,CASA FORTE,RUA SANTANA,33,,EM FRENTE AO EDIFICIO PORTAL DE CASA FORTE,RUA SANTANA,33,EM FRENTE AO EDIFICIO PORTAL DE CASA FORTE,CASA FORTE,,,COLISÃO,COLISÃO SEM VÍTIMA,2,,,,,,,,,0,,,,,,,,,,,,,,,,,,
2018-03-14,12:48:00,COM VÍTIMA,FINALIZADA,PRADO,RUA CARLOS GOMES,713,,GALERIA SANTA EDWIRGES,RUA CARLOS GOMES,713,GALERIA SANTA EDWIRGES,PRADO,,,COLISÃO,COLISÃO COM VÍTIMA,1,1,,,,,,,,1,,,,,,,,,,,,,,,,,,
2018-03-14,13:46:00,COM VÍTIMA,FINALIZADA,SANTO AMARO,AV GOVERNADOR AGAMENON MAGALHAES,,,E/F A REITORIA DA UPE,AV GOVERNADOR AGAMENON MAGALHAES,,E/F A REITORIA DA UPE,SANTO AMARO,,,COLISÃO,COLISAO DE AUTO E MOTO COM UMA VITIMA,1,1,,,,,,,,1,,,,,,,,,,,,,,,,,,
2018-03-14,14:12:00,SEM VÍTIMA,FINALIZADA,IBURA,RUA PINTOR AGENOR DE ALBUQUERQUE CESAR,50,,PROXIMO A CLINICA POPULAR,RUA PINTOR AGENOR DE ALBUQUERQUE CESAR,50,PROXIMO A CLINICA POPULAR,IBURA,,,COLISÃO,COLISÃO SEM VÍTIMA,2,,,,,,,,,0,,,,,,,,,,,,,,,,,,
2018-03-14,14:18:00,SEM VÍTIMA,FINALIZADA,SANTO AMARO,AV CRUZ CABUGA,,,PROX. AO SHOPPING, SENTIDO OLINDA,AV CRUZ CABUGA,,PROX. AO SHOPPING, SENTIDO OLINDA,SANTO AMARO,,,COLISÃO,DOIS AUTOS,2,,,,,,,,,0,,,,,,,,,,,,,,,,
2018-03-14,14:42:00,SEM VÍTIMA,FINALIZADA,SAN MARTIN,AV GENERAL SAN MARTIN,,,SEMAFORO 326, EM FRENTE A PRAÇA DA CAVALARIA,AV GENERAL SAN MARTIN,,SEMAFORO 326, EM FRENTE A PRAÇA DA CAVALARIA,SAN MARTIN,,,COLISÃO,DOIS AUTOS S/V,2,,,,,,,,,0,,,,,,,,,,,,,,,,
2018-03-14,14:53:00,SEM VÍTIMA,FINALIZADA,ROSARINHO,AV SANTOS DUMONT,,,AO LADO DA PRAÇA DO ROSARINHO E/F AO POSTO BR,AV SANTOS DUMONT,,AO LADO DA PRAÇA DO ROSARINHO E/F AO POSTO BR,ROSARINHO,,,COLISÃO,,1,1,,,,,,,,0,,,,,,,,,,,,,,,,,,
2018-03-14,14:57:00,SEM VÍTIMA,FINALIZADA,CAXANGÁ,AV CAXANGA,4477,,EM FRENTE AO GOLF CLUB SENTIDO CAMARGIBE/ CENTRO,AV CAXANGA,4477,EM FRENTE AO GOLF CLUB SENTIDO CAMARGIBE/ CENTRO,CAXANGÁ,,,ENGAVETAMENTO,TRES AUTOS S/V,3,,,,,,,,,0,,,,,,,,,,,,,,,,,,
2018-03-14,15:26:00,SEM VÍTIMA,FINALIZADA,BOA VIAGEM,RUA RIBEIRO DE BRITO,900,,EM FRENTE AO EMPRESARIAL RIBEIRO DE BRITO,RUA RIBEIRO DE BRITO,900,EM FRENTE AO EMPRESARIAL RIBEIRO DE BRITO,BOA VIAGEM,,,COLISÃO,COLISÃO SEM VÍTIMA,2,,,,,,,,,0,,,,,,,,,,,,,,,,,,
2018-03-14,15:28:00,SEM VÍTIMA,FINALIZADA,ESPINHEIRO,AV GOVERNADOR AGAMENON MAGALHAES,,,PISTA LOCAL, EM FRENTE AO PORTUGUES, SENTIDO BOA VIAGEM,AV GOVERNADOR AGAMENON MAGALHAES,,PISTA LOCAL, EM FRENTE AO PORTUGUES, SENTIDO BOA VIAGEM,ESPINHEIRO,,,COLISÃO,DOIS AUTOS S/V,2,,,,,,,,,0,,,,,,,,,,,,,,
2018-03-14,16:00:00,SEM VÍTIMA,FINALIZADA,BOA VISTA,RUA DO HOSPICIO,,,NO SEMÁFORO 023,RUA DO HOSPICIO,,NO SEMÁFORO 023,BOA VISTA,,,COLISÃO,COLISÃO SEM VÍTIMA,,1,,,,,,1,,0,,,,,,,,,,,,,,,,,,
2018-03-14,16:07:00,SEM VÍTIMA,FINALIZADA,BOA VIAGEM,AV ENGENHEIRO DOMINGOS FERREIRA,240,,ANTES DO CARREFOUR,AV ENGENHEIRO DOMINGOS FERREIRA,240,ANTES DO CARREFOUR,BOA VIAGEM,,,COLISÃO,COLISAO DE ONIBUS E AUTO S/V,1,,,,,1,,,,0,,,,,,,,,,,,,,,,,,
2018-03-14,17:14:00,SEM VÍTIMA,FINALIZADA,SAN MARTIN,AV GENERAL SAN MARTIN,1371,,AO LADO DA FACULDADE ESTACIO E/F AO IPA,AV GENERAL SAN MARTIN,1371,AO LADO DA FACULDADE ESTACIO E/F AO IPA,SAN MARTIN,,,COLISÃO,COLISAO DE VT DA POLICIA AUTO S/V,2,,,,,,,,,0,,,,,,,,,,,,,,,,,,
2018-03-14,17:32:00,SEM VÍTIMA,FINALIZADA,ESPINHEIRO,RUA AMELIA,280,RUA DO ESPINHEIRO,CRUZAMENTO COM RUA DO ESPINHEIRO,RUA AMELIA,280,CRUZAMENTO COM RUA DO ESPINHEIRO,ESPINHEIRO,,,COLISÃO,DOIS AUTOS S/V,2,,,,,,,,,0,,,,,,,,,,,,,,,,,,
2018-03-14,17:36:00,SEM VÍTIMA,FINALIZADA,BOA VISTA,RUA DA SOLEDADE,,,EM FRENTE AO ALTINO VENTURA,RUA DA SOLEDADE,,EM FRENTE AO ALTINO VENTURA,BOA VISTA,,,COLISÃO,CAMINHAO PEQUENO E AUTO,1,,,,,,1,,,0,,,,,,,,,,,,,,,,,,
2018-03-14,18:20:00,SEM VÍTIMA,FINALIZADA,TORRÕES,RUA GOMES TABORDA,1720,,E/F RESTAURANTE ARROCHADINHO/ GALERIA NORONHA CENTER,RUA GOMES TABORDA,1720,E/F RESTAURANTE ARROCHADINHO/ GALERIA NORONHA CENTER,TORRÕES,,,COLISÃO,COLISÃO SEM VÍTIMA,1,,,,,1,,,,0,,,,,,,,,,,,,,,,,,
2018-03-14,18:29:00,COM VÍTIMA,FINALIZADA,AREIAS,AV RECIFE,,RUA GREGORIO CALDAS,PROX. AO WALMART, NO SEMAFORO 494 COM A RUA GREGORIO CALDAS,AV RECIFE,,PROX. AO WALMART, NO SEMAFORO 494 COM A RUA GREGORIO CALDAS,AREIAS,,,COLISÃO,AUTO E MOTO,1,1,,,,,,,,1,,,,,,,,,,,,,,,,
2018-03-14,18:30:00,SEM VÍTIMA,FINALIZADA,AFOGADOS,RUA DA PAZ,,,APOS A ASA INDUSTRIA APOS A PONTE MOTOCOLOBÓ SENTIDO AEROPORTO EM FRENTE A IGREJA UNIVERSAL,RUA DA PAZ,,APOS A ASA INDUSTRIA APOS A PONTE MOTOCOLOBÓ SENTIDO AEROPORTO EM FRENTE A IGREJA UNIVERSAL,AFOGADOS,,,COLISÃO,COLISÃO SEM VÍTIMA,1,,,,,,1,,,0,,,,,,,,,,,,,,,,,,
2018-03-14,19:33:00,SEM VÍTIMA,CANCELADA,SANTO AMARO,AV VISCONDE DE SUASSUNA,369,,EM FRENTE AO EDF. NOBRE,AV VISCONDE DE SUASSUNA,369,EM FRENTE AO EDF. NOBRE,SANTO AMARO,,,COLISÃO,CARRO FORTE E AUTO,1,,,,,,,,1,0,,,,,,,,,,,,,,,,,,
2018-03-14,20:03:00,SEM VÍTIMA,FINALIZADA,IMBIRIBEIRA,AV MARECHAL MASCARENHAS DE MORAES,,,EMBAIXO DO VIADUTO TANCREDO NEVES, SENT. SUBURBIO/ CIDADE,AV MARECHAL MASCARENHAS DE MORAES,,EMBAIXO DO VIADUTO TANCREDO NEVES, SENT. SUBURBIO/ CIDADE,IMBIRIBEIRA,,,COLISÃO,ONIBUS E AUTO,1,,,,,1,,,,0,,,,,,,,,,,,,,,,
2018-03-14,20:17:00,SEM VÍTIMA,FINALIZADA,TAMARINEIRA,RUA NETO DE MENDONCA,25,,EM FRENTE AO EDF. MAIA, PROX. AO PARQUE DA JAQUEIRA,RUA NETO DE MENDONCA,25,EM FRENTE AO EDF. MAIA, PROX. AO PARQUE DA JAQUEIRA,TAMARINEIRA,,,COLISÃO,DOIS AUTOS,2,,,,,,,,,0,,,,,,,,,,,,,,,,
2018-03-14,21:47:00,SEM VÍTIMA,FINALIZADA,BOA VIAGEM,AV CONSELHEIRO AGUIAR,3645,,APOS O BANCO ITAU,AV CONSELHEIRO AGUIAR,3645,APOS O BANCO ITAU,BOA VIAGEM,,,COLISÃO,DOIS AUTOS,2,,,,,,,,,0,,,,,,,,,,,,,,,,,,
2018-03-15,,COM VÍTIMA,FINALIZADA,IMBIRIBEIRA,AV MARECHAL MASCARENHAS DE MORAES,,,EM FRENTE A CAIXA ECONÔMICA DO AEROPORTO,AV MARECHAL MASCARENHAS DE MORAES,,EM FRENTE A CAIXA ECONÔMICA DO AEROPORTO,IMBIRIBEIRA,,,COLISÃO,COLISÃO ENTRE AUTO E CARROÇA COM VÍTIMA,1,,,,,,,,1,1,,,,,,,,,,,,,,,,,,
2018-03-15,07:34:00,SEM VÍTIMA,CANCELADA,MADALENA,AV CAXANGA,,,SOBRE O TÚNEL DA ABOLIÇÃO, SENTIDO DERBY,AV CAXANGA,,SOBRE O TÚNEL DA ABOLIÇÃO, SENTIDO DERBY,MADALENA,,,COLISÃO,SEM VÍTIMAS,1,1,,,,,,,,0,,,,,,,,,,,,,,,,
2018-03-15,07:41:00,SEM VÍTIMA,FINALIZADA,BOMBA DO HEMETÉRIO,RUA BOMBA DO HEMETERIO,662,,PROX. A UNIVERSAL, EM FRENTE A DROGARIA POPULA,RUA BOMBA DO HEMETERIO,662,PROX. A UNIVERSAL, EM FRENTE A DROGARIA POPULA,BOMBA DO HEMETÉRIO,,,COLISÃO,COLISAO ENTRE DOIS AUTOS,2,,,,,,,,,0,,,,,,,,,,,,,,,,
2018-03-15,08:13:00,SEM VÍTIMA,FINALIZADA,CAXANGÁ,AV CAXANGA,,,EM FRENTE AO HOSPITAL SANTA TEREZINHA, E O POSTO DISLUB, SENTIDO CENTRO,AV CAXANGA,,EM FRENTE AO HOSPITAL SANTA TEREZINHA, E O POSTO DISLUB, SENTIDO CENTRO,CAXANGÁ,,,COLISÃO,DOIS AUTOS SV,2,,,,,,,,,0,,,,,,,,,,,,,,
2018-03-15,08:31:00,COM VÍTIMA,FINALIZADA,ILHA JOANA BEZERRA,AV DES GUERRA BARRETO,,,APÓS A AACD, SENTIDO AV. GOV AGAMENON MAGALHÃES,AV DES GUERRA BARRETO,,APÓS A AACD, SENTIDO AV. GOV AGAMENON MAGALHÃES,ILHA JOANA BEZERRA,,,COLISÃO,COM UMA VÍTIMA.,1,,,,,1,,,,1,,,,,,,,,,,,,,,,
2018-03-15,08:50:00,COM VÍTIMA,CANCELADA,AFOGADOS,RUA SAO MIGUEL,176,,EM FRENTE AO DEPATRI SENT/AFOGADOS,RUA SAO MIGUEL,176,EM FRENTE AO DEPATRI SENT/AFOGADOS,AFOGADOS,,,COLISÃO,SEM VITIMAS,1,1,,,,,,,,1,,,,,,,,,,,,,,,,,,
2018-03-15,09:19:00,SEM VÍTIMA,FINALIZADA,ILHA DO RETIRO,AV ENGENHEIRO ABDIAS DE CARVALHO,,,POSTO IPIRANGA ,SEMAFORO 355 SENT/ BR 232,AV ENGENHEIRO ABDIAS DE CARVALHO,,POSTO IPIRANGA ,SEMAFORO 355 SENT/ BR 232,ILHA DO RETIRO,,,COLISÃO,SEM VITIMAS,1,,,,,,1,,,0,,,,,,,,,,,,,,,,
2018-03-15,09:19:00,SEM VÍTIMA,FINALIZADA,SÃO JOSÉ,AV SUL,1148,,EM BAIXO DO VIA DUTO CAPITAO TEMUDO,AV SUL,1148,EM BAIXO DO VIA DUTO CAPITAO TEMUDO,SÃO JOSÉ,,,ENGAVETAMENTO,TRES AUTOS S/V,3,,,,,,,,,0,,,,,,,,,,,,,,,,,,
2018-03-15,09:40:00,COM VÍTIMA,FINALIZADA,IPUTINGA,RUA BOM PASTOR,430,,E/F A GALERIA MARCELA CENTER,RUA BOM PASTOR,430,E/F A GALERIA MARCELA CENTER,IPUTINGA,,,COLISÃO,COM UMA VÍTIMA.,1,1,,,,,,,,1,,,,,,,,,,,,,,,,,,
2018-03-15,09:54:00,SEM VÍTIMA,FINALIZADA,PINA,AV REPUBLICA DO LIBANO,,,PROX. AO RIOMAR,AV REPUBLICA DO LIBANO,,PROX. AO RIOMAR,PINA,,,COLISÃO,DOIS AUTOS,2,,,,,,,,,0,,,,,,,,,,,,,,,,,,
2018-03-15,09:57:00,SEM VÍTIMA,CANCELADA,IPUTINGA,RUA MAURICIO DE NASSAU,,RUA NOSSA SENHORA DA SAUDE,SEMAFORO 088 ,CRUZAMENTO COM A RUA NOSSA SENHORA DA SAUDE .,RUA MAURICIO DE NASSAU,,SEMAFORO 088 ,CRUZAMENTO COM A RUA NOSSA SENHORA DA SAUDE .,IPUTINGA,,,COLISÃO,SEM VITIMAS,1,,,,,,1,,,0,,,,,,,,,,,,,,,,
2018-03-15,10:02:00,SEM VÍTIMA,FINALIZADA,SANTO AMARO,AV CRUZ CABUGA,,,EM FRENTE AO HOSPITAL DA MARINHA,AV CRUZ CABUGA,,EM FRENTE AO HOSPITAL DA MARINHA,SANTO AMARO,,,COLISÃO,COLISÃO SEM VITIMA,,,,,,,,,,0,,,,,,,,,,,,,,,,,,
2018-03-15,10:09:00,SEM VÍTIMA,FINALIZADA,FUNDÃO,AV BEBERIBE,1136,,EM FRENTE AO PAGODE DA PRESSÃO,AV BEBERIBE,1136,EM FRENTE AO PAGODE DA PRESSÃO,FUNDÃO,,,COLISÃO,SEM VITIMAS,1,,,,,1,,,,0,,,,,,,,,,,,,,,,,,
2018-03-15,10:22:00,SEM VÍTIMA,FINALIZADA,ALTO DO MANDU,RUA CONDURU,25,RUA MACARANDUBA,ESQUINA COM RUA MAÇARANDUBA,RUA CONDURU,25,ESQUINA COM RUA MAÇARANDUBA,ALTO DO MANDU,,,COLISÃO,DOIS AUTOS S/V,2,,,,,,,,,0,,,,,,,,,,,,,,,,,,
2018-03-15,11:45:00,COM VÍTIMA,FINALIZADA,CAXANGÁ,AV CAXANGA,,,EM FRENTE À FAC. STA. HELENA,AV CAXANGA,,EM FRENTE À FAC. STA. HELENA,CAXANGÁ,,,COLISÃO,COLISÃO ENTRE CARRETA E MOTOCICLETA,,1,,,,,1,,,1,,,,,,,,,,,,,,,,,,
2018-03-15,12:06:00,SEM VÍTIMA,FINALIZADA,MADALENA,RUA ARLINDO GOUVEIA,100,,PROXIMO AO INTERNACIONAL,RUA ARLINDO GOUVEIA,100,PROXIMO AO INTERNACIONAL,MADALENA,,,COLISÃO,COLISÃO SEM VÍTIMA,3,,,,,,,,,0,,,,,,,,,,,,,,,,,,
2018-03-15,12:37:00,SEM VÍTIMA,FINALIZADA,TORRE,AV BEIRA RIO,71,,SEMAFORO 387,AV BEIRA RIO,71,SEMAFORO 387,TORRE,,,COLISÃO,DOIS AUTOS,2,,,,,,,,,0,,,,,,,,,,,,,,,,,,