data,hora,natureza_acidente,situacao,bairro,endereco,numero,detalhe_endereco_acidente,complemento,endereco_cruzamento,numero_cruzamento,referencia_cruzamento,bairro_cruzamento,num_semaforo,sentido_via,tipo,descricao,auto,moto,ciclom,ciclista,pedestre,onibus,caminhao,viatura,outros,vitimas,vitimasfatais,acidente_verificado,tempo_clima,situacao_semaforo,sinalizacao,condicao_via,conservacao_via,ponto_controle,situacao_placa,velocidade_max_via,mao_direcao,divisao_via1,divisao_via2,divisao_via3,,,,
2018-03-15,13:45:00,SEM VÍTIMA,FINALIZADA,BOA VIAGEM,RUA LIBIA CASTRO ASSIS,59,,PROX. A PIZZARIA DOMINO´S,RUA LIBIA CASTRO ASSIS,59,PROX. A PIZZARIA DOMINO´S,BOA VIAGEM,,,COLISÃO,DOIS AUTOS S/V,2,,,,,,,,,0,,,,,,,,,,,,,,,,,,
2018-03-15,14:48:00,SEM VÍTIMA,FINALIZADA,AFOGADOS,LARGO DA PAZ,,,EM FRENTE AO TERMINAL INTEGRADO LARGO DA PAZ,LARGO DA PAZ,,EM FRENTE AO TERMINAL INTEGRADO LARGO DA PAZ,AFOGADOS,,,COLISÃO,COLISÃO SEM VÍTIMA,1,,,,,,1,,,0,,,,,,,,,,,,,,,,,,
2018-03-15,14:49:00,SEM VÍTIMA,FINALIZADA,BARRO,RUA AMADOR ARAUJO,542,,E/F AO CEMITERIO DO BARRO,RUA AMADOR ARAUJO,542,E/F AO CEMITERIO DO BARRO,BARRO,,,COLISÃO,COLISAO DE DOIS AUTOS S/V,2,,,,,,,,,0,,,,,,,,,,,,,,,,,,
2018-03-15,14:56:00,COM VÍTIMA,FINALIZADA,BOA VIAGEM,AV CONSELHEIRO AGUIAR,1748,,EM FRENTE AO RESTAURANTE GRAND CRU,AV CONSELHEIRO AGUIAR,1748,EM FRENTE AO RESTAURANTE GRAND CRU,BOA VIAGEM,,,COLISÃO,COLISÃO COM VÍTIMA,1,1,,,,,,,,1,,,,,,,,,,,,,,,,,,
2018-03-15,14:58:00,,CANCELADA,BOA VIAGEM,AV BOA VIAGEM,,,EM FRENTE À PADARIA BOA VIAGEM,AV BOA VIAGEM,,EM FRENTE À PADARIA BOA VIAGEM,BOA VIAGEM,,,COLISÃO,COLISÃO SEM VITIMA,,,,,,,,,,0,,,,,,,,,,,,,,,,,,
2018-03-15,15:04:00,SEM VÍTIMA,FINALIZADA,BOA VIAGEM,AV BOA VIAGEM,2938,,EM FRENTE AO EDIFICIO SANTO INACIO,AV BOA VIAGEM,2938,EM FRENTE AO EDIFICIO SANTO INACIO,BOA VIAGEM,,,COLISÃO,COLISÃO SEM VÍTIMA,2,,,,,,,,,0,,,,,,,,,,,,,,,,,,
2018-03-15,15:24:00,SEM VÍTIMA,FINALIZADA,CABANGA,VDO PAPA JOAO PAULO II,,,NA SUBIDA DO VIADUTO, SENTIDO OLINDA,VDO PAPA JOAO PAULO II,,NA SUBIDA DO VIADUTO, SENTIDO OLINDA,CABANGA,,,COLISÃO,AUTO E CAMINHAO,1,,,,,,1,,,0,,,,,,,,,,,,,,,,
2018-03-15,15:29:00,SEM VÍTIMA,FINALIZADA,SAN MARTIN,AV CONSUL VILARES FRAGOSO,683,,AO LADO DA CAVALARIA DA PM,AV CONSUL VILARES FRAGOSO,683,AO LADO DA CAVALARIA DA PM,SAN MARTIN,,,COLISÃO,COLISAO DE DOIS AUTOS S/V,2,,,,,,,,,0,,,,,,,,,,,,,,,,,,
2018-03-15,15:44:00,SEM VÍTIMA,FINALIZADA,IMBIRIBEIRA,AV MARECHAL MASCARENHAS DE MORAES,,,NO AEROPORTO VT 31 NO LOCAL,AV MARECHAL MASCARENHAS DE MORAES,,NO AEROPORTO VT 31 NO LOCAL,IMBIRIBEIRA,,,COLISÃO,COLISAO DE DOIS AUTOS S/V,2,,,,,,,,,0,,,,,,,,,,,,,,,,,,
2018-03-15,16:40:00,SEM VÍTIMA,CANCELADA,SOLEDADE,RUA BARAO DE SAO BORJA,278,,EM FRENTE A ESCOLA MUNICIPAL PEDRO AUGUSTO,RUA BARAO DE SAO BORJA,278,EM FRENTE A ESCOLA MUNICIPAL PEDRO AUGUSTO,SOLEDADE,,,COLISÃO,COLISÃO SEM VÍTIMA,2,,,,,,,,,0,,,,,,,,,,,,,,,,,,
2018-03-15,18:04:00,SEM VÍTIMA,EQUIPE EM DESLOCAMENTO,SANTO AMARO,AV CRUZ CABUGA,,,EM FRENTE A COMPESA SENT. OLINDA AO LADO DO BRT,AV CRUZ CABUGA,,EM FRENTE A COMPESA SENT. OLINDA AO LADO DO BRT,SANTO AMARO,,,COLISÃO,ONIBUS E AUTO,1,,,,,1,,,,0,,,,,,,,,,,,,,,,,,
2018-03-15,18:35:00,SEM VÍTIMA,FINALIZADA,SÃO JOSÉ,AV SUL,,,NO SEMAFORO 072, EMBAIXO DO VIADUTO DAS 5 PONTAS,AV SUL,,NO SEMAFORO 072, EMBAIXO DO VIADUTO DAS 5 PONTAS,SÃO JOSÉ,,,COLISÃO,AUTO E ONIBUS,1,,,,,1,,,,0,,,,,,,,,,,,,,,,
2018-03-15,18:37:00,SEM VÍTIMA,FINALIZADA,BOA VIAGEM,AV CONSELHEIRO AGUIAR,,RUA ERNESTO DE PAULA SANTOS,NO CRUZAMENTO COM A ERNESTO DE PAULA SANTOS/ APÓS O EXTRA,AV CONSELHEIRO AGUIAR,,NO CRUZAMENTO COM A ERNESTO DE PAULA SANTOS/ APÓS O EXTRA,BOA VIAGEM,,,COLISÃO,ONIBUS E AUTO,1,,,,,1,,,,0,,,,,,,,,,,,,,,,,,
2018-03-15,21:24:00,COM VÍTIMA,FINALIZADA,AREIAS,RUA ELIZEU CESAR,219,,APOS O ANTIGO COLEGIO WALT DISNEY,RUA ELIZEU CESAR,219,APOS O ANTIGO COLEGIO WALT DISNEY,AREIAS,,,COLISÃO,MOTO DA PM E AUTO,1,1,,,,,,,,1,,,,,,,,,,,,,,,,,,
2018-03-15,21:55:00,SEM VÍTIMA,CANCELADA,IMBIRIBEIRA,AV MARECHAL MASCARENHAS DE MORAES,,,AO LADO DA UPA, SENT. CIDADE EM FRENTE AO CLUBE RODOVIARIO,AV MARECHAL MASCARENHAS DE MORAES,,AO LADO DA UPA, SENT. CIDADE EM FRENTE AO CLUBE RODOVIARIO,IMBIRIBEIRA,,,COLISÃO,DOIS AUTOS,2,,,,,,,,,0,,,,,,,,,,,,,,,,
2018-03-16,07:39:00,SEM VÍTIMA,FINALIZADA,ENCRUZILHADA,RUA FERNANDO CESAR,65,,EM FRENTE A SECRETARIA DE MEIO AMBIENTE E SUSTENTABILIDADE DO RECIFE,RUA FERNANDO CESAR,65,EM FRENTE A SECRETARIA DE MEIO AMBIENTE E SUSTENTABILIDADE DO RECIFE,ENCRUZILHADA,,,COLISÃO,COLISAO DE ONIBUS E AUTO S/V,1,,,,,1,,,,0,,,,,,,,,,,,,,,,,,
2018-03-16,07:41:00,SEM VÍTIMA,FINALIZADA,CAXANGÁ,AV CAXANGA,833,,E/F A WILL MOTOS, SENTIDO CIDADE. SEMÁFORO 274,AV CAXANGA,833,E/F A WILL MOTOS, SENTIDO CIDADE. SEMÁFORO 274,CAXANGÁ,,,COLISÃO,SEM VÍTIMAS,2,,,,,,,,,0,,,,,,,,,,,,,,,,
2018-03-16,08:05:00,SEM VÍTIMA,CANCELADA,CIDADE UNIVERSITÁRIA,RUA PROFESSOR CHAVES BATISTA,56,,AO LADO DO RESTAURANTE BOI E BRASA,RUA PROFESSOR CHAVES BATISTA,56,AO LADO DO RESTAURANTE BOI E BRASA,CIDADE UNIVERSITÁRIA,,,COLISÃO,SEM VITIMAS,2,,,,,,,,,0,,,,,,,,,,,,,,,,,,
2018-03-16,08:21:00,SEM VÍTIMA,FINALIZADA,CIDADE UNIVERSITÁRIA,RUA PROFESSOR ANTONIO COELHO,50,,E/F AO COLÉGIO DESAFIO, NO LADO DIREITO DA VIA.,RUA PROFESSOR ANTONIO COELHO,50,E/F AO COLÉGIO DESAFIO, NO LADO DIREITO DA VIA.,CIDADE UNIVERSITÁRIA,,,COLISÃO,SEM VÍTIMAS.,2,,,,,,,,,0,,,,,,,,,,,,,,,,
2018-03-16,08:39:00,SEM VÍTIMA,FINALIZADA,BOA VIAGEM,RUA ANTONIO FALCAO,,AV ENG DOMINGOS FERREIRA,COM AV DOMINGOS FERREIRA NO SEMAFORO 145,RUA ANTONIO FALCAO,,COM AV DOMINGOS FERREIRA NO SEMAFORO 145,BOA VIAGEM,,,COLISÃO,COLISAO DE CAMINHAO E TAXI S/V,1,,,,,,,,,0,,,,,,,,,,,,,,,,,,
2018-03-16,08:47:00,SEM VÍTIMA,FINALIZADA,DERBY,AV RUI BARBOSA,,,SENTIDO AV GOV. AGAMENON MAGALHÃES. SEMÁFORO 037,AV RUI BARBOSA,,SENTIDO AV GOV. AGAMENON MAGALHÃES. SEMÁFORO 037,DERBY,,,COLISÃO,SEM VÍTIMAS,2,,,,,,,,,0,,,,,,,,,,,,,,,,,,
2018-03-16,08:49:00,COM VÍTIMA,FINALIZADA,ROSARINHO,RUA COUTO MAGALHAES,146,,EM FRENTE A BARRACA DO ALCIDES,HA 100 METROS DA AV BEBERIBE,RUA COUTO MAGALHAES,146,EM FRENTE A BARRACA DO ALCIDES,HA 100 METROS DA AV BEBERIBE,ROSARINHO,,,COLISÃO,COM UMA VITIMA SOCORRIDA PELO SAMU,2,1,,,,,,,,1,,,,,,,,,,,,,,,,
2018-03-16,09:45:00,SEM VÍTIMA,FINALIZADA,BOA VIAGEM,RUA ANTONIO PEDRO DE FIGUEIREDO,,,E/F AO POSTO SHELL,RUA ANTONIO PEDRO DE FIGUEIREDO,,E/F AO POSTO SHELL,BOA VIAGEM,,,COLISÃO,COLISAO DE DOIS AUTOS S/V,2,,,,,,,,,0,,,,,,,,,,,,,,,,,,
2018-03-16,09:53:00,SEM VÍTIMA,FINALIZADA,CASA AMARELA,RUA PROFESSOR ALVARO LIMA,55,,E/F PROX A ACADEMIA SIMETRIA,RUA PROFESSOR ALVARO LIMA,55,E/F PROX A ACADEMIA SIMETRIA,CASA AMARELA,,,COLISÃO,COLISAO DE DOIS AUTOS S/V,1,,,,,,,,,0,,,,,,,,,,,,,,,,,,
2018-03-16,10:05:00,SEM VÍTIMA,FINALIZADA,IMBIRIBEIRA,AV GENERAL MAC ARTHUR,,AV MAL MASCARENHAS DE MORAES,COM MASCARENHAS DE MORAES, SEMÁFORO 225,AV GENERAL MAC ARTHUR,,COM MASCARENHAS DE MORAES, SEMÁFORO 225,IMBIRIBEIRA,,,CHOQUE,CAMINHÃO E POSTE,,,,,,,,,,0,,,,,,,,,,,,,,,,
2018-03-16,10:17:00,SEM VÍTIMA,FINALIZADA,IMBIRIBEIRA,RUA CONDE PEREIRA CARNEIRO,305,,E/F AO EDF. MIRANTE OCEANICO. (APÓS PASSAR SOB O PONTILHÃO DO METRÔ ANTONIO FALCÃO ENTRAR NA PRIMEIRA A DIREITA.),RUA CONDE PEREIRA CARNEIRO,305,E/F AO EDF. MIRANTE OCEANICO. (APÓS PASSAR SOB O PONTILHÃO DO METRÔ ANTONIO FALCÃO ENTRAR NA PRIMEIRA A DIREITA.),IMBIRIBEIRA,,,COLISÃO,SEM VÍTIMAS,2,,,,,,,,,0,,,,,,,,,,,,,,,,,,
2018-03-16,10:29:00,SEM VÍTIMA,FINALIZADA,CORDEIRO,AV CAXANGA,,AV GENERAL SAN MARTIN,SEMAFORO 080,CRUZAMENTO COM A AV GENERAL SAN MARTIN,AV CAXANGA,,SEMAFORO 080,CRUZAMENTO COM A AV GENERAL SAN MARTIN,CORDEIRO,,,COLISÃO,SEM VITIMAS,2,,,,,,,,,0,,,,,,,,,,,,,,,,
2018-03-16,11:21:00,COM VÍTIMA,FINALIZADA,CORDEIRO,RUA EURICO DE SOUZA LEAO,448,,E/F AO IMPÉRIO DOS BICHOS,RUA EURICO DE SOUZA LEAO,448,E/F AO IMPÉRIO DOS BICHOS,CORDEIRO,,,COLISÃO,COM UMA VÍTIMA,1,1,,,,,,,,1,,,,,,,,,,,,,,,,,,
2018-03-16,12:13:00,SEM VÍTIMA,FINALIZADA,MADALENA,AV CAXANGA,1484,,SEMAFORO 080, SENTIDO CID/SUB,AV CAXANGA,1484,SEMAFORO 080, SENTIDO CID/SUB,MADALENA,,,COLISÃO,CAMINHAO E ONIBUS DA MOBI,,,,,,1,1,,,0,,,,,,,,,,,,,,,,
2018-03-16,12:28:00,SEM VÍTIMA,FINALIZADA,GRAÇAS,RUA AMELIA,637,,E/F A ACADEMIA HI,RUA AMELIA,637,E/F A ACADEMIA HI,GRAÇAS,,,COLISÃO,COLISAO DE AUTO E MOTO S/V,1,1,,,,,,,,0,,,,,,,,,,,,,,,,,,
2018-03-16,12:29:00,SEM VÍTIMA,FINALIZADA,BOA VIAGEM,AV CONSELHEIRO AGUIAR,182,,EM FRENTE A VIA CAR,AV CONSELHEIRO AGUIAR,182,EM FRENTE A VIA CAR,BOA VIAGEM,,,COLISÃO,AUTO E ONIBUS,1,,,,,1,,,,0,,,,,,,,,,,,,,,,,,
2018-03-16,12:33:00,SEM VÍTIMA,FINALIZADA,HIPÓDROMO,RUA FONSECA OLIVEIRA,278,,EM FRENTE AO NUCLEO DA POLICIA,RUA FONSECA OLIVEIRA,278,EM FRENTE AO NUCLEO DA POLICIA,HIPÓDROMO,,,COLISÃO,COLISÃO SEM VÍTIMA,2,,,,,,,,,0,,,,,,,,,,,,,,,,,,
2018-03-16,12:33:00,SEM VÍTIMA,CANCELADA,BOA VIAGEM,RUA AGENOR LOPES,1172,,AO LADO DO EMPRESARIAL NESTOR ROCHA,RUA AGENOR LOPES,1172,AO LADO DO EMPRESARIAL NESTOR ROCHA,BOA VIAGEM,,,COLISÃO,COLISAO DE DOIS AUTOS S/V,2,,,,,,,,,0,,,,,,,,,,,,,,,,,,
2018-03-16,13:17:00,COM VÍTIMA,FINALIZADA,CASA AMARELA,RUA ALTO JOSE BONIFACIO,240,,INICIO DALADEIRA,RUA ALTO JOSE BONIFACIO,240,INICIO DALADEIRA,CASA AMARELA,,,COLISÃO,,,2,,,,,,,,1,,,,,,,,,,,,,,,,,,
2018-03-16,14:19:00,SEM VÍTIMA,FINALIZADA,BAIRRO DO RECIFE,AV ALFREDO LISBOA,,,EM FRENTE AO POSTO DE GASOLINA, QUANDO SAI DA PONTE GIRATORIA, PROX. AO MARCO ZERO,AV ALFREDO LISBOA,,EM FRENTE AO POSTO DE GASOLINA, QUANDO SAI DA PONTE GIRATORIA, PROX. AO MARCO ZERO,BAIRRO DO RECIFE,,,COLISÃO,DOIS AUTOS S/V,2,,,,,,,,,0,,,,,,,,,,,,,,
2018-03-16,14:50:00,SEM VÍTIMA,FINALIZADA,PINA,AV CONSELHEIRO AGUIAR,355,RUA ONDINA,COM RUA ONDINA PROX A GALERIA PORTO FINO,AV CONSELHEIRO AGUIAR,355,COM RUA ONDINA PROX A GALERIA PORTO FINO,PINA,,,COLISÃO,COLISAO DE ONIBUS E AUTO S/V,1,,,,,1,,,,0,,,,,,,,,,,,,,,,,,
2018-03-16,15:04:00,SEM VÍTIMA,FINALIZADA,VÁRZEA,RUA ABATIA,179,,PROXIMO A ACADEMIA PLATAFORMA,RUA ABATIA,179,PROXIMO A ACADEMIA PLATAFORMA,VÁRZEA,,,COLISÃO,COLISÃO SEM VÍTIMA,2,,,,,,,,,0,,,,,,,,,,,,,,,,,,
2018-03-16,15:07:00,COM VÍTIMA,FINALIZADA,VÁRZEA,AV CAXANGA,4951,,SENTIDO SUBÚRBIO/ CIDADE,AV CAXANGA,4951,SENTIDO SUBÚRBIO/ CIDADE,VÁRZEA,,,COLISÃO,COLISÃO ENTRE 2 MOTOS, COM VÍTIMAS,,2,,,,,,,,2,,,,,,,,,,,,,,,,,
2018-03-16,15:31:00,SEM VÍTIMA,FINALIZADA,SANTO AMARO,AV MARIO MELO,,,EM FRENTE AO COLEGIO SILVIO RABELO,AV MARIO MELO,,EM FRENTE AO COLEGIO SILVIO RABELO,SANTO AMARO,,,COLISÃO,AUTO E MOTO,1,1,,,,,,,,0,,,,,,,,,,,,,,,,,,
2018-03-16,16:10:00,SEM VÍTIMA,FINALIZADA,IMBIRIBEIRA,AV MARECHAL MASCARENHAS DE MORAES,5089,,E/F AO PALACIO DOS RADIADORES S/T CID,AV MARECHAL MASCARENHAS DE MORAES,5089,E/F AO PALACIO DOS RADIADORES S/T CID,IMBIRIBEIRA,,,COLISÃO,COLISAO DE AUTO E MOTO S/V,1,1,,,,,,,,0,,,,,,,,,,,,,,,,,,
2018-03-16,16:18:00,SEM VÍTIMA,FINALIZADA,MADALENA,RUA BENFICA,,,EM FRENTE AO CLUBE INTERNACIONAL,RUA BENFICA,,EM FRENTE AO CLUBE INTERNACIONAL,MADALENA,,,COLISÃO,COLISÃO SEM VÍTIMA,3,,,,,,,,,0,,,,,,,,,,,,,,,,,,
2018-03-16,16:30:00,SEM VÍTIMA,FINALIZADA,SANTO AMARO,RUA SAO GERALDO,,,PROXIMO AO COLEGIO SYLVIO RABELLO,RUA SAO GERALDO,,PROXIMO AO COLEGIO SYLVIO RABELLO,SANTO AMARO,,,COLISÃO,COLISAO ENVOLVENDO DOIS AUTOS,2,,,,,,,,,0,,,,,,,,,,,,,,,,,,
2018-03-16,16:40:00,SEM VÍTIMA,FINALIZADA,BEBERIBE,PRC DA CONVENCAO,,,EM FRENTE A PRAÇA,PRC DA CONVENCAO,,EM FRENTE A PRAÇA,BEBERIBE,,,COLISÃO,AUTO E CAMINHAO S/V,1,,,,,,1,,,0,,,,,,,,,,,,,,,,,,
2018-03-16,17:29:00,SEM VÍTIMA,FINALIZADA,SOLEDADE,RUA NUNES MACHADO,119,,EM FRENTE AO EDIFICIO UIRAPURU,RUA NUNES MACHADO,119,EM FRENTE AO EDIFICIO UIRAPURU,SOLEDADE,,,COLISÃO,COLISÃO SEM VÍTIMA,1,,,,,1,,,,0,,,,,,,,,,,,,,,,,,
2018-03-16,17:39:00,SEM VÍTIMA,FINALIZADA,BOA VIAGEM,AV ENGENHEIRO DOMINGOS FERREIRA,1097,,EM FRENTE AO EMPRESARIAL GABRIEL BACELAR/ PISTA DA ESQUERDA,AV ENGENHEIRO DOMINGOS FERREIRA,1097,EM FRENTE AO EMPRESARIAL GABRIEL BACELAR/ PISTA DA ESQUERDA,BOA VIAGEM,,,COLISÃO,COLISÃO SEM VÍTIMA,1,1,,,,,,,,0,,,,,,,,,,,,,,,,,,
2018-03-16,17:48:00,SEM VÍTIMA,FINALIZADA,SÍTIO DOS PINTOS,EST DOS PINTOS,,,EM FRENTE AO TERMINAL,EST DOS PINTOS,,EM FRENTE AO TERMINAL,SÍTIO DOS PINTOS,,,COLISÃO,AUTO E ONIBUS ,1,,,,,1,,,,0,,,,,,,,,,,,,,,,,,
2018-03-16,18:22:00,SEM VÍTIMA,CANCELADA,ÁGUA FRIA,RUA SAO SEBASTIAO,408,,E/F A IGREJA ÁGUA DA VIDA,RUA SAO SEBASTIAO,408,E/F A IGREJA ÁGUA DA VIDA,ÁGUA FRIA,,,COLISÃO,ENTRE 2 AUTOS. S/V,2,,,,,,,,,0,,,,,,,,,,,,,,,,,,
2018-03-16,18:22:00,SEM VÍTIMA,CANCELADA,MADALENA,RUA REAL DA TORRE,,,EM CIMA DO VIADUTO DO CARREFOUR SENTIDO CARREFOUR,RUA REAL DA TORRE,,EM CIMA DO VIADUTO DO CARREFOUR SENTIDO CARREFOUR,MADALENA,,,COLISÃO,COLISÃO ENTRE DOS CARROS UM DOS CONDUTORES EMBRIAGADO,2,,,,,,,,,0,,,,,,,,,,,,,,,,,,
2018-03-16,18:29:00,SEM VÍTIMA,CANCELADA,VÁRZEA,AV PROFESSOR MORAES REGO,,,E/F A UFPE / NO GIRADOURO DA VIA,AV PROFESSOR MORAES REGO,,E/F A UFPE / NO GIRADOURO DA VIA,VÁRZEA,,,COLISÃO,ENTRE 2 AUTOS. S/V,1,,,,,,1,,,0,,,,,,,,,,,,,,,,,,
2018-03-16,18:45:00,SEM VÍTIMA,CANCELADA,BONGI,TRV ESTRADA DO BONGI,960,,E/F A IGREJA BATISTA DO BONGI,TRV ESTRADA DO BONGI,960,E/F A IGREJA BATISTA DO BONGI,BONGI,,,COLISÃO,ENTRE 2 AUTOS. S/V,2,,,,,,,,,0,,,,,,,,,,,,,,,,,,
2018-03-16,19:22:00,SEM VÍTIMA,FINALIZADA,SANTO ANTÔNIO,RUA SIQUEIRA CAMPOS,,,POR TRAS DOS CORREIOS / PROX. AO ANTIGO POSTO DA POLICIA,RUA SIQUEIRA CAMPOS,,POR TRAS DOS CORREIOS / PROX. AO ANTIGO POSTO DA POLICIA,SANTO ANTÔNIO,,,COLISÃO,COLISÃO ENTRE 1 CARRO FORTE E 1 PASSEIO,2,,,,,,,,,0,,,,,,,,,,,,,,,,,,
2018-03-16,19:26:00,SEM VÍTIMA,CANCELADA,ENGENHO DO MEIO,RUA CERES,,,APOS O MOTEL RHODES,RUA CERES,,APOS O MOTEL RHODES,ENGENHO DO MEIO,,,COLISÃO,FOOD TRUCK E UM CAMINHÃO,2,,,,,,,,,0,,,,,,,,,,,,,,,,,,
2018-03-16,19:44:00,SEM VÍTIMA,FINALIZADA,IMBIRIBEIRA,AV MARECHAL MASCARENHAS DE MORAES,,,E/F AO AEROPORTO E HOTEL IBIS. SNT AFOGADOS,AV MARECHAL MASCARENHAS DE MORAES,,E/F AO AEROPORTO E HOTEL IBIS. SNT AFOGADOS,IMBIRIBEIRA,,,COLISÃO,ENTRE ÔNIBUS E VAN. S/V,1,,,,,1,,,,0,,,,,,,,,,,,,,,,,,
2018-03-16,20:10:00,SEM VÍTIMA,CANCELADA,CAXANGÁ,AV CAXANGA,,,E/ F AO GOLF CLUB,AV CAXANGA,,E/ F AO GOLF CLUB,CAXANGÁ,,,COLISÃO,VEICULO BATEU EM UMA ARVORE MOT. EMBRIAGADO SE EVADIU DO LOCAL,1,,,,,,,,,0,,,,,,,,,,,,,,,,,,
2018-03-16,20:20:00,SEM VÍTIMA,FINALIZADA,GRAÇAS,AV CONS ROSA E SILVA,,RUA RICARDO HARDMAN,SEMÁFORO 522 / CRUZ COM A R RICARDO HARDMAN,AV CONS ROSA E SILVA,,SEMÁFORO 522 / CRUZ COM A R RICARDO HARDMAN,GRAÇAS,,,COLISÃO,ENTRE 2 AUTOS (( VT 12 NO LOCAL )) S/V.,2,,,,,,,,,0,,,,,,,,,,,,,,,,,,
2018-03-16,20:25:00,SEM VÍTIMA,FINALIZADA,IBURA,AV RIO SAO FRANCISCO,134,,ANTIGA ACADEMIA L1,AV RIO SAO FRANCISCO,134,ANTIGA ACADEMIA L1,IBURA,,,COLISÃO,COLISÃO ENTRE ONIBUS E CARRO,1,,,,,1,,,,0,,,,,,,,,,,,,,,,,,
2018-03-16,21:42:00,SEM VÍTIMA,CANCELADA,SAN MARTIN,AV GENERAL SAN MARTIN,,,E/F A CENTRAL DOS CORREIOS,AV GENERAL SAN MARTIN,,E/F A CENTRAL DOS CORREIOS,SAN MARTIN,,,COLISÃO,MOTO CINQUENTINHA E 2 CARROS/ MOTORISTA DA MOTO SE EVADIU DO LOCAL,2,,1,,,,,,,0,,,,,,,,,,,,,,,,,,
2018-03-16,21:45:00,SEM VÍTIMA,FINALIZADA,TAMARINEIRA,AV NORTE,,,E/F AO NEXOS HOTEL / SNT MACAXEIRA,AV NORTE,,E/F AO NEXOS HOTEL / SNT MACAXEIRA,TAMARINEIRA,,,COLISÃO,ENTRE 2 AUTOS. S/V,2,,,,,,,,,0,,,,,,,,,,,,,,,,,,
2018-03-16,22:54:00,COM VÍTIMA,FINALIZADA,ESTÂNCIA,AV DR JOSE RUFINO,,,POR BAIXO DO VIADUTO / E/F A IGREJA SANTA LUZIA / SNT CIDADE/SUB,AV DR JOSE RUFINO,,POR BAIXO DO VIADUTO / E/F A IGREJA SANTA LUZIA / SNT CIDADE/SUB,ESTÂNCIA,,,COLISÃO,ENTRE 2 MOTOS. C/V,,2,,,,,,,,2,,,,,,,,,,,,,,,,,,
2018-03-16,23:26:00,SEM VÍTIMA,FINALIZADA,CAMPO GRANDE,EST DE BELEM,,,E/F A IGREJA DE BELÉM,EST DE BELEM,,E/F A IGREJA DE BELÉM,CAMPO GRANDE,,,COLISÃO,ENTRE 2 AUTOS. S/V,2,,,,,,,,,0,,,,,,,,,,,,,,,,,,
2018-03-16,23:31:00,SEM VÍTIMA,FINALIZADA,IMBIRIBEIRA,RUA IZABEL DE SOUZA,325,,POR TRÁS DO BANCO ITAU,RUA IZABEL DE SOUZA,325,POR TRÁS DO BANCO ITAU,IMBIRIBEIRA,,,COLISÃO,ENTRE 2 AUTOS. S/V,2,,,,,,,,,0,,,,,,,,,,,,,,,,,,
2018-03-16,23:35:00,COM VÍTIMA,FINALIZADA,IPUTINGA,RUA MAURICIO DE NASSAU,,,E/F A FUNDAÇÃO ALTINO VENTURA,RUA MAURICIO DE NASSAU,,E/F A FUNDAÇÃO ALTINO VENTURA,IPUTINGA,,,CHOQUE,ENTRE AUTO PASSEIO E POSTE. C/V,1,,,,,,,,,1,,,,,,,,,,,,,,,,,,
2018-03-17,00:24:00,SEM VÍTIMA,FINALIZADA,IMBIRIBEIRA,AV MARECHAL MASCARENHAS DE MORAES,,RUA PAMPULHA,CRUZ COM A R DA PAMPULHA- SEMÁFORO 534 / E/F A EUROVIA / SNT CENTRO,AV MARECHAL MASCARENHAS DE MORAES,,CRUZ COM A R DA PAMPULHA- SEMÁFORO 534 / E/F A EUROVIA / SNT CENTRO,IMBIRIBEIRA,,,COLISÃO,ENTRE 2 AUTOS. S/V,2,,,,,,,,,0,,,,,,,,,,,,,,,,,,
2018-03-17,00:45:00,SEM VÍTIMA,FINALIZADA,BOA VIAGEM,RUA VISCONDE DE JEQUITINHONHA,,RUA MARIO DE CASTRO,SEMÁFORO 158- CRUZ COM A R MARIO CASTRO / PROX AO POSTO SHELL,RUA VISCONDE DE JEQUITINHONHA,,SEMÁFORO 158- CRUZ COM A R MARIO CASTRO / PROX AO POSTO SHELL,BOA VIAGEM,,,COLISÃO,ENTRE 2 AUTOS. S/V,2,,,,,,,,,0,,,,,,,,,,,,,,,,,,
2018-03-17,06:50:00,COM VÍTIMA,FINALIZADA,IMBIRIBEIRA,AVENIDA CELSO FURTADO (VIA MANGUE),XX,,NAS PROXIMIDADES DO EXTRA,AVENIDA CELSO FURTADO (VIA MANGUE),XX,NAS PROXIMIDADES DO EXTRA,IMBIRIBEIRA,,,COLISÃO COM CICLISTA,O MESMO ENVOLVEU -SE EM ACIDENTE COM VITIMA,1,,,1,,,,,,1,,,,,,,,,,,,,,,,,,
2018-03-17,07:18:00,SEM VÍTIMA,CANCELADA,DOIS IRMÃOS,EST DOS PINTOS,25,,EM FRENTE AO CRAS,EST DOS PINTOS,25,EM FRENTE AO CRAS,DOIS IRMÃOS,,,COLISÃO,SEM VITIMAS,1,1,,,,,,,,0,,,,,,,,,,,,,,,,,,
2018-03-17,07:41:00,SEM VÍTIMA,FINALIZADA,CASA FORTE,AV DEZESSETE DE AGOSTO,,,E/F AO CPOR, SEMÁFORO 399. SENTIDO DOIS IRMÃOS,AV DEZESSETE DE AGOSTO,,E/F AO CPOR, SEMÁFORO 399. SENTIDO DOIS IRMÃOS,CASA FORTE,,,COLISÃO,SEM VÍTIMAS,,,,,,,,,,0,,,,,,,,,,,,,,,,
2018-03-17,08:06:00,SEM VÍTIMA,CANCELADA,IMBIRIBEIRA,RUA PAMPULHA,378,,JUNTO AO SEMÁFORO 450,RUA PAMPULHA,378,JUNTO AO SEMÁFORO 450,IMBIRIBEIRA,,,COLISÃO,COLISÃO SEM VITIMA,,1,,,,,1,,,0,,,,,,,,,,,,,,,,,,
2018-03-17,08:31:00,SEM VÍTIMA,FINALIZADA,AREIAS,AV RECIFE,,,SEMAFORO 620 / EM FRENTE AO POSTO BR / SENT SUB,AV RECIFE,,SEMAFORO 620 / EM FRENTE AO POSTO BR / SENT SUB,AREIAS,,,COLISÃO,CAMINHAO E ONIBUS,,,,,,1,1,,,0,,,,,,,,,,,,,,,,,,
2018-03-17,08:37:00,SEM VÍTIMA,FINALIZADA,CAXANGÁ,AV CAXANGA,3953,,NAFRENTE DO HIPER BOM PREÇO, SENTIDO CIDADE,AV CAXANGA,3953,NAFRENTE DO HIPER BOM PREÇO, SENTIDO CIDADE,CAXANGÁ,,,COLISÃO,COLISÃO SEM VITIMAS,3,,,,,,,,,0,,,,,,,,,,,,,,,,