data,hora,natureza_acidente,situacao,bairro,endereco,numero,detalhe_endereco_acidente,complemento,endereco_cruzamento,numero_cruzamento,referencia_cruzamento,bairro_cruzamento,num_semaforo,sentido_via,tipo,descricao,auto,moto,ciclom,ciclista,pedestre,onibus,caminhao,viatura,outros,vitimas,vitimasfatais,acidente_verificado,tempo_clima,situacao_semaforo,sinalizacao,condicao_via,conservacao_via,ponto_controle,situacao_placa,velocidade_max_via,mao_direcao,divisao_via1,divisao_via2,divisao_via3,,,,
2018-03-17,08:46:00,SEM VÍTIMA,FINALIZADA,ESPINHEIRO,RUA QUARENTA E OITO,760,,EM FRENTE A PANIFICADORA ESPINHEIRO,RUA QUARENTA E OITO,760,EM FRENTE A PANIFICADORA ESPINHEIRO,ESPINHEIRO,,,COLISÃO,SEM VITIMAS,2,,,,,,,,,0,,,,,,,,,,,,,,,,,,
2018-03-17,08:53:00,COM VÍTIMA,FINALIZADA,BARRO,AV DR JOSE RUFINO,1789,,EM FRENTE A IGREJA MUNDIAL DE JESUS CRISTO,AV DR JOSE RUFINO,1789,EM FRENTE A IGREJA MUNDIAL DE JESUS CRISTO,BARRO,,,COLISÃO,MOTO AUTO,1,1,,,,,,,,1,,,,,,,,,,,,,,,,,,
2018-03-17,09:15:00,SEM VÍTIMA,FINALIZADA,BOA VISTA,RUA DO HOSPICIO,,,E/F A FACULDADE DE DIREITO. SEMÁFORO 031,RUA DO HOSPICIO,,E/F A FACULDADE DE DIREITO. SEMÁFORO 031,BOA VISTA,,,COLISÃO,SEM VÍTIMAS,2,,,,,,,,,0,,,,,,,,,,,,,,,,,,
2018-03-17,09:58:00,SEM VÍTIMA,FINALIZADA,IMBIRIBEIRA,AV MARECHAL MASCARENHAS DE MORAES,,,EM FRENTE A GRILLO FLORES,SENT/ AEROPORTO,AV MARECHAL MASCARENHAS DE MORAES,,EM FRENTE A GRILLO FLORES,SENT/ AEROPORTO,IMBIRIBEIRA,,,COLISÃO,SEM VITIMAS,1,,,,,,1,,,0,,,,,,,,,,,,,,,,
2018-03-17,10:06:00,SEM VÍTIMA,FINALIZADA,DERBY,AV GOVERNADOR AGAMENON MAGALHAES,,,SENT/BOA VIAGEM,SEMAFORO 075,AV GOVERNADOR AGAMENON MAGALHAES,,SENT/BOA VIAGEM,SEMAFORO 075,DERBY,,,COLISÃO,SEM VITIMA,1,2,,,,,,,,0,,,,,,,,,,,,,,,,
2018-03-17,11:00:00,SEM VÍTIMA,CANCELADA,BOA VIAGEM,AV CONSELHEIRO AGUIAR,2878,,EM FRENTE APADARIA CARMEN,AV CONSELHEIRO AGUIAR,2878,EM FRENTE APADARIA CARMEN,BOA VIAGEM,,,COLISÃO,SEM VITIMAS,2,,,,,,,,,0,,,,,,,,,,,,,,,,,,
2018-03-17,11:17:00,SEM VÍTIMA,FINALIZADA,CAMPINA DO BARRETO,RUA IGUATU,309,,RUA POLICLINICA DO CAMPINA DO BARRETO,RUA IGUATU,309,RUA POLICLINICA DO CAMPINA DO BARRETO,CAMPINA DO BARRETO,,,COLISÃO,SEM VITIMAS,1,,,,,,,1,,0,,,,,,,,,,,,,,,,,,
2018-03-17,11:44:00,SEM VÍTIMA,FINALIZADA,BARRO,AV DR JOSE RUFINO,,,JUNTO AO COLEGIO IAMCULADA CONCEIÇÃO,AV DR JOSE RUFINO,,JUNTO AO COLEGIO IAMCULADA CONCEIÇÃO,BARRO,,,COLISÃO,COLISÃO SEM VITIMA,1,,,,,,1,,,0,,,,,,,,,,,,,,,,,,
2018-03-17,11:58:00,SEM VÍTIMA,FINALIZADA,ESPINHEIRO,RUA DA HORA,806,,DOM GRÃO , PRODUTOS NATURAIS,RUA DA HORA,806,DOM GRÃO , PRODUTOS NATURAIS,ESPINHEIRO,,,COLISÃO,COLISÃO SEM VITIMA,1,1,,,,,,,,0,,,,,,,,,,,,,,,,
2018-03-17,12:06:00,SEM VÍTIMA,FINALIZADA,JAQUEIRA,RUA DO FUTURO,,,NA ESQUINA DO VERDE FRUT,RUA DO FUTURO,,NA ESQUINA DO VERDE FRUT,JAQUEIRA,,,COLISÃO,COLISÃO SEM VITIMA,2,,,,,,,,,0,,,,,,,,,,,,,,,,,,
2018-03-17,12:33:00,SEM VÍTIMA,CANCELADA,CASA FORTE,EST DAS UBAIAS,,,,E/F AO COLEGIO NAP,EST DAS UBAIAS,,,E/F AO COLEGIO NAP,CASA FORTE,,,COLISÃO,COLISAO DE DOIS AUTOS S/V,2,,,,,,,,,0,,,,,,,,,,,,,,,,
2018-03-17,12:40:00,SEM VÍTIMA,FINALIZADA,BOA VISTA,RUA JOSE DE ALENCAR,116,,ESQUINA DO HOTEL BOA VISTA,RUA JOSE DE ALENCAR,116,ESQUINA DO HOTEL BOA VISTA,BOA VISTA,,,COLISÃO,COLISAO DE DOIS AUTOS S/V,2,,,,,,,,,0,,,,,,,,,,,,,,,,,,
2018-03-17,13:09:00,SEM VÍTIMA,CANCELADA,MADALENA,AV ENGENHEIRO ABDIAS DE CARVALHO,,GAL SAN MARTIN,SEMAFORO 058, EM FRENTE AO COMPAZ,AV ENGENHEIRO ABDIAS DE CARVALHO,,SEMAFORO 058, EM FRENTE AO COMPAZ,MADALENA,,,COLISÃO,AUTO E CAMINHAO S/V,1,,,,,,1,,,0,,,,,,,,,,,,,,,,
2018-03-17,13:29:00,COM VÍTIMA,FINALIZADA,JORDÃO,AV MARIA IRENE,,,E/F AO RESTAURANTE QUERO MAIS,AV MARIA IRENE,,E/F AO RESTAURANTE QUERO MAIS,JORDÃO,,,ATROPELAMENTO,MOTO/PEDESTRE,,1,,,,,,,,1,,,,,,,,,,,,,,,,,,
2018-03-17,13:38:00,SEM VÍTIMA,CANCELADA,TORREÃO,AV GOVERNADOR AGAMENON MAGALHAES,1300,,APOS O DIAGNOSTICO CARDIACO,AV GOVERNADOR AGAMENON MAGALHAES,1300,APOS O DIAGNOSTICO CARDIACO,TORREÃO,,,COLISÃO,COLISÃO SEM VITIMA,2,,,,,,,,,0,,,,,,,,,,,,,,,,,,
2018-03-17,15:14:00,SEM VÍTIMA,FINALIZADA,JARDIM SÃO PAULO,AV SAO PAULO,,,AO LADO DO COLEGIO 2001,AV SAO PAULO,,AO LADO DO COLEGIO 2001,JARDIM SÃO PAULO,,,COLISÃO,AUTO E MOTO S/V,1,1,,,,,,,,0,,,,,,,,,,,,,,,,,,
2018-03-17,15:20:00,,CANCELADA,JARDIM SÃO PAULO,RUA JOSE DE ALMEIDA SEIXAS,145,,E/F A IGREJA MISSIONARIA DE JARDIM SAO PAULO,RUA JOSE DE ALMEIDA SEIXAS,145,E/F A IGREJA MISSIONARIA DE JARDIM SAO PAULO,JARDIM SÃO PAULO,,,COLISÃO,COLISAO DE AUTO E MOTO COM UMA VITIMA,1,1,,,,,,,,0,,,,,,,,,,,,,,,,,,
2018-03-17,16:46:00,SEM VÍTIMA,FINALIZADA,MADALENA,AV ENGENHEIRO ABDIAS DE CARVALHO,,,JUNTO AO SEMAFORO 52,AV ENGENHEIRO ABDIAS DE CARVALHO,,JUNTO AO SEMAFORO 52,MADALENA,,,COLISÃO,COLISÃO SEM VITIMA,2,,,,,,,,,0,,,,,,,,,,,,,,,,,,
2018-03-17,16:59:00,COM VÍTIMA,FINALIZADA,AFOGADOS,RUA AUGUSTO CALHEIROS,,,SEMAFORO 553,RUA AUGUSTO CALHEIROS,,SEMAFORO 553,AFOGADOS,,,COLISÃO,ENTRE TRES MOTOS,,3,,,,,,,,1,,,,,,,,,,,,,,,,,,
2018-03-17,17:54:00,SEM VÍTIMA,FINALIZADA,GRAÇAS,RUA AMELIA,651,,EDF . NOSSA SENHORA DO CARMO,RUA AMELIA,651,EDF . NOSSA SENHORA DO CARMO,GRAÇAS,,,COLISÃO,COLISÃO SEM VITIMA,2,,,,,,,,,0,,,,,,,,,,,,,,,,,,
2018-03-17,19:12:00,COM VÍTIMA,FINALIZADA,PAISSANDU,AV GOVERNADOR AGAMENON MAGALHAES,,,E/F AO BANCO ITAU E HOSPITAL PORTUGUÊS,AV GOVERNADOR AGAMENON MAGALHAES,,E/F AO BANCO ITAU E HOSPITAL PORTUGUÊS,PAISSANDU,,,COLISÃO,ENTRE AUTO E MOTO. C/V,1,1,,,,,,,,1,,,,,,,,,,,,,,,,,,
2018-03-17,20:06:00,SEM VÍTIMA,FINALIZADA,TORRE,RUA REAL DA TORRE,,RUA CONDE DE IRAJA,CRUZ COM A R CONDE DO IRAJA / SEMÁFORO 106,RUA REAL DA TORRE,,CRUZ COM A R CONDE DO IRAJA / SEMÁFORO 106,TORRE,,,COLISÃO,ENTRE 2 AUTOS. S/V,2,,,,,,,,,0,,,,,,,,,,,,,,,,,,
2018-03-17,20:14:00,COM VÍTIMA,FINALIZADA,TAMARINEIRA,RUA CONEGO BARATA,,,E/F A FERREIRA COSTA / NO RETORNO,RUA CONEGO BARATA,,E/F A FERREIRA COSTA / NO RETORNO,TAMARINEIRA,,,COLISÃO COM CICLISTA,MOTO X BIKE. C/V,,1,,1,,,,,,2,,,,,,,,,,,,,,,,,,
2018-03-17,20:32:00,SEM VÍTIMA,FINALIZADA,ENCRUZILHADA,RUA MARECHAL DEODORO,,,RESTAURANTE PRAÇA DA PICANHA,RUA MARECHAL DEODORO,,RESTAURANTE PRAÇA DA PICANHA,ENCRUZILHADA,,,COLISÃO,ENTRE 2 AUTOS. S/V,,,,,,,,,,0,,,,,,,,,,,,,,,,,,
2018-03-17,20:40:00,SEM VÍTIMA,FINALIZADA,AREIAS,RUA AURORA CACOTE,394-A,,PROXIMO A RUA CAP GREGORIO DE CALDAS,RUA AURORA CACOTE,394-A,PROXIMO A RUA CAP GREGORIO DE CALDAS,AREIAS,,,COLISÃO,COLISÃO SEM VITIMA,,,,,,,,,,0,,,,,,,,,,,,,,,,,,
2018-03-17,22:02:00,SEM VÍTIMA,FINALIZADA,JARDIM SÃO PAULO,RUA LEANDRO BARRETO,,RUA LORENA,COM A RUA LORENA,RUA LEANDRO BARRETO,,COM A RUA LORENA,JARDIM SÃO PAULO,,,COLISÃO,COLISÃO SEM VITIMA,2,,,,,,,,,0,,,,,,,,,,,,,,,,,,
2018-03-17,22:09:00,SEM VÍTIMA,CANCELADA,JORDÃO,RUA BELO HORIZONTE,80,,NO CONSELHO MORADOR ALTO DA JAQUEIRA / SUBIDA DA LADEIRA,RUA BELO HORIZONTE,80,NO CONSELHO MORADOR ALTO DA JAQUEIRA / SUBIDA DA LADEIRA,JORDÃO,,,ACID. DE PERCURSO,NO MOMENTO EM QUE O AUTO ESTAVA SUBINDO A LADEIRA , O MESMO CAPOTOU E SE ENCONTRA PARADO NO MEIO DA VIA.,1,,,,,,,,,0,,,,,,,,,,,,,,,,,
2018-03-17,22:36:00,SEM VÍTIMA,FINALIZADA,BOA VIAGEM,AV CONSELHEIRO AGUIAR,,,NO SINAL 241 E/F AO ED. TAMOIO,AV CONSELHEIRO AGUIAR,,NO SINAL 241 E/F AO ED. TAMOIO,BOA VIAGEM,,,COLISÃO,COLISÃO SEM VITIMA,2,,,,,,,,,0,,,,,,,,,,,,,,,,,,
2018-03-17,22:58:00,SEM VÍTIMA,FINALIZADA,CORDEIRO,AV INACIO MONTEIRO,,,AO LADO DO MERCADO TUDO DE BOM,AV INACIO MONTEIRO,,AO LADO DO MERCADO TUDO DE BOM,CORDEIRO,,,COLISÃO,ENTRE 2 AUTOS. S/V,2,,,,,,,,,0,,,,,,,,,,,,,,,,,,
2018-03-17,23:50:00,SEM VÍTIMA,CANCELADA,IBURA,AV RIO LARGO,,AV DOZE DE JUNHO,COM AV DOZE DE JUNHO,AV RIO LARGO,,COM AV DOZE DE JUNHO,IBURA,,,COLISÃO,COLISÃO SEM VITIMA,2,,,,,,,,,0,,,,,,,,,,,,,,,,,,
2018-03-18,06:28:00,COM VÍTIMA,FINALIZADA,PORTO DA MADEIRA,AV BEBERIBE,,,EM FRENTE A PIZZARIA DO GORDO / SENNT SUB,AV BEBERIBE,,EM FRENTE A PIZZARIA DO GORDO / SENNT SUB,PORTO DA MADEIRA,,,COLISÃO,ONIBUS E DUAS MOTOS VITIMA SOCORRIDA POR MEIOS PRÓPRIOS ,SEGUNDO OS AGENTES,,2,,,,1,,,,1,,,,,,,,,,,,,,,,,
2018-03-18,11:10:00,SEM VÍTIMA,FINALIZADA,BOA VIAGEM,RUA DOM JOSE LOPES,700,,EM FRENTE AO RESTAURANTE CALDISSIMO,RUA DOM JOSE LOPES,700,EM FRENTE AO RESTAURANTE CALDISSIMO,BOA VIAGEM,,,COLISÃO,SEM VITIMAS,2,,,,,,,,,0,,,,,,,,,,,,,,,,,,
2018-03-18,13:09:00,SEM VÍTIMA,FINALIZADA,TORRE,RUA CONDE DE IRAJA,,,SEMAFORO 191,RUA CONDE DE IRAJA,,SEMAFORO 191,TORRE,,,COLISÃO,DOIS AUTOS S/V,2,,,,,,,,,0,,,,,,,,,,,,,,,,,,
2018-03-18,15:20:00,COM VÍTIMA,FINALIZADA,GRAÇAS,RUA BRUNO MAIA,180,,EM FRENTE AO EDIFICIO MANGUINHOS PRINCE,RUA BRUNO MAIA,180,EM FRENTE AO EDIFICIO MANGUINHOS PRINCE,GRAÇAS,,,COLISÃO,COLISÃO COM VÍTIMA,1,,,,,1,,,,2,,,,,,,,,,,,,,,,,,
2018-03-18,15:35:00,SEM VÍTIMA,CANCELADA,GRAÇAS,RUA JOAO RAMOS,50,,DEFRONTE A ACR- CONTABILIDADE,RUA JOAO RAMOS,50,DEFRONTE A ACR- CONTABILIDADE,GRAÇAS,,,COLISÃO,COLISÃO SEM VITIMA,2,,,,,,,,,0,,,,,,,,,,,,,,,,,,
2018-03-18,15:36:00,COM VÍTIMA,FINALIZADA,JARDIM SÃO PAULO,RUA LEANDRO BARRETO,,,EM CIMA DO VIADUTO,RUA LEANDRO BARRETO,,EM CIMA DO VIADUTO,JARDIM SÃO PAULO,,,COLISÃO,COLISÃO COM VÍTIMA,1,,,,,1,,,,1,,,,,,,,,,,,,,,,,,
2018-03-18,15:47:00,SEM VÍTIMA,FINALIZADA,SAN MARTIN,RUA EDUARDO DE ANDRADE,,,PROX. A CAVALARIA DA PM,RUA EDUARDO DE ANDRADE,,PROX. A CAVALARIA DA PM,SAN MARTIN,,,COLISÃO,COLISÃO SEM VITIMAS,2,,,,,,,,,0,,,,,,,,,,,,,,,,,,
2018-03-18,16:15:00,SEM VÍTIMA,FINALIZADA,BOA VISTA,AV MANOEL BORBA,,,POR TRAZ DO SHOPPING DA BOA VISTA, JUNTO AO SEMAFORO 29,AV MANOEL BORBA,,POR TRAZ DO SHOPPING DA BOA VISTA, JUNTO AO SEMAFORO 29,BOA VISTA,,,COLISÃO,COLISÃO SEM VITIMA,2,,,,,,,,,0,,,,,,,,,,,,,,,,
2018-03-18,17:04:00,SEM VÍTIMA,FINALIZADA,BOMBA DO HEMETÉRIO,RUA ESMERALDA,47,,NA FRENTE DA FUNERARIA CANAA,RUA ESMERALDA,47,NA FRENTE DA FUNERARIA CANAA,BOMBA DO HEMETÉRIO,,,COLISÃO,COLISÃO SEM VITIMA/ CONDUTOR ALCOLIZADO,1,,,,,,,,1,0,,,,,,,,,,,,,,,,,,
2018-03-18,17:35:00,COM VÍTIMA,FINALIZADA,AREIAS,AV DR JOSE RUFINO,,,POSTO IPYRANGA,AV DR JOSE RUFINO,,POSTO IPYRANGA,AREIAS,,,COLISÃO,A EQUIPE ESTAVA SEGUINDO PARA JARDIM SÃO PAULO PARA APOIO A VT 08 COM PÓ DE SERRA E SE DEPAROU COM ESTA COLISÃO,,,,,,,,,,1,,,,,,,,,,,,,,,,,,
2018-03-18,18:17:00,SEM VÍTIMA,CANCELADA,BOA VIAGEM,RUA FLORIANO,,,EM FRENTE A PRACINHA DE BOA VIAGEM,RUA FLORIANO,,EM FRENTE A PRACINHA DE BOA VIAGEM,BOA VIAGEM,,,COLISÃO,ONIBUS E AUTO,1,,,,,1,,,,0,,,,,,,,,,,,,,,,,,
2018-03-18,18:34:00,SEM VÍTIMA,CANCELADA,IMBIRIBEIRA,RUA ARQUITETO LUIZ NUNES,,,E/F A PADARIA MAGIA DOS PÃES,RUA ARQUITETO LUIZ NUNES,,E/F A PADARIA MAGIA DOS PÃES,IMBIRIBEIRA,,,ENGAVETAMENTO,ENTRE 3 AUTOS. S/V,3,,,,,,,,,0,,,,,,,,,,,,,,,,,,
2018-03-18,18:37:00,SEM VÍTIMA,FINALIZADA,MUSTARDINHA,AV MANOEL GONCALVES DA LUZ,,,EM FRENTE A PADARIA MUSTAPAN E PRAÇA DA MUSTARDINHA,AV MANOEL GONCALVES DA LUZ,,EM FRENTE A PADARIA MUSTAPAN E PRAÇA DA MUSTARDINHA,MUSTARDINHA,,,COLISÃO,ONIBUS E AUTO,1,,,,,1,,,,0,,,,,,,,,,,,,,,,,,
2018-03-19,06:50:00,SEM VÍTIMA,FINALIZADA,MONTEIRO,AV DEZESSETE DE AGOSTO,2720,,ESTACIONADOS NA PRAÇA DO MONTEIRO,AV DEZESSETE DE AGOSTO,2720,ESTACIONADOS NA PRAÇA DO MONTEIRO,MONTEIRO,,,COLISÃO,DOIS AUTOS S/V,2,,,,,,,,,0,,,,,,,,,,,,,,,,,,
2018-03-19,07:55:00,SEM VÍTIMA,FINALIZADA,MADALENA,RUA BENFICA,,,SEMAFORO 590 / SENT CIDADE,RUA BENFICA,,SEMAFORO 590 / SENT CIDADE,MADALENA,,,COLISÃO,ONIBUS E AUTO PASSEIO,1,,,,,1,,,,0,,,,,,,,,,,,,,,,,,
2018-03-19,08:24:00,SEM VÍTIMA,FINALIZADA,MADALENA,RUA JOAQUIM NABUCO,747,,GALERIA CAPUNGA,RUA JOAQUIM NABUCO,747,GALERIA CAPUNGA,MADALENA,,,COLISÃO,SEM VITIMAS,3,,,,,,,,,0,,,,,,,,,,,,,,,,,,
2018-03-19,08:27:00,SEM VÍTIMA,FINALIZADA,PINA,AV ANTONIO DE GOES,60,,JUNTO AO SEMÁAFORO 226,AV ANTONIO DE GOES,60,JUNTO AO SEMÁAFORO 226,PINA,,,COLISÃO,COLISÃO SM VÍTIMA,2,,,,,,,,,0,,,,,,,,,,,,,,,,,,
2018-03-19,08:32:00,SEM VÍTIMA,FINALIZADA,ENGENHO DO MEIO,RUA LINDOLFO COLOR,353,,PX DO EDF/PARC DOS NOBRE,RUA LINDOLFO COLOR,353,PX DO EDF/PARC DOS NOBRE,ENGENHO DO MEIO,,,COLISÃO,COL.S/V ,GM NO LOCAL,1,,,,,,1,,,0,,,,,,,,,,,,,,,,,
2018-03-19,08:35:00,COM VÍTIMA,FINALIZADA,CAMPO GRANDE,RUA ODORICO MENDES,533,,IGREJA EVANGELICA CRISTO VIVE,RUA ODORICO MENDES,533,IGREJA EVANGELICA CRISTO VIVE,CAMPO GRANDE,,,COLISÃO,COLISÃO COM VITIMA,1,1,,,,,,,,1,,,,,,,,,,,,,,,,,,
2018-03-19,09:16:00,SEM VÍTIMA,FINALIZADA,SANTO AMARO,AV GOVERNADOR AGAMENON MAGALHAES,,,EM FRENTE EDF/JEEP,AV GOVERNADOR AGAMENON MAGALHAES,,EM FRENTE EDF/JEEP,SANTO AMARO,,,COLISÃO,COL.S/V SET..DERBY,1,1,,,,,,,,0,,,,,,,,,,,,,,,,,,
2018-03-19,09:17:00,SEM VÍTIMA,FINALIZADA,PRADO,RUA GOMES TABORDA,,,SEMAFORO 348 ,EM FRENTE AO BAILE PERFUMADO,RUA GOMES TABORDA,,SEMAFORO 348 ,EM FRENTE AO BAILE PERFUMADO,PRADO,,,COLISÃO,SEM VITIMAS CTTU NO LOCAL VT 14,2,,,,,,,,,0,,,,,,,,,,,,,,,,
2018-03-19,09:22:00,COM VÍTIMA,FINALIZADA,APIPUCOS,RUA DE APIPUCOS,,,SEMAFORO Nº540,RUA DE APIPUCOS,,SEMAFORO Nº540,APIPUCOS,,,COLISÃO,COL.C/ DUAS VITIMAS GM JA NO LOCAL,1,1,,,,,,,,2,,,,,,,,,,,,,,,,,,
2018-03-19,09:50:00,SEM VÍTIMA,FINALIZADA,BOA VISTA,AV MANOEL BORBA,,,PRAÇA MARCIEL PINHEIRO,AV MANOEL BORBA,,PRAÇA MARCIEL PINHEIRO,BOA VISTA,,,CHOQUE,CARROÇA E VIATURA DA PM,,,,,,,,1,1,0,,,,,,,,,,,,,,,,,,
2018-03-19,10:49:00,SEM VÍTIMA,FINALIZADA,DOIS UNIDOS,AV HILDEBRANDO DE VASCONCELOS,,,TERMINAL DE DOIS UNIDOS,AV HILDEBRANDO DE VASCONCELOS,,TERMINAL DE DOIS UNIDOS,DOIS UNIDOS,,,COLISÃO,MOTO E AUTO,1,1,,,,,,,,0,,,,,,,,,,,,,,,,,,
2018-03-19,11:02:00,COM VÍTIMA,FINALIZADA,AFOGADOS,RUA IMPERIAL,1600,,DEFRONTE A JUCEPE,RUA IMPERIAL,1600,DEFRONTE A JUCEPE,AFOGADOS,,,COLISÃO,COLISÃO COM VITIMA,1,,,,,,1,,,1,,,,,,,,,,,,,,,,,,
2018-03-19,12:20:00,SEM VÍTIMA,FINALIZADA,AFLITOS,AV RUI BARBOSA,,,E/F A CASA DOS FRIOS,AV RUI BARBOSA,,E/F A CASA DOS FRIOS,AFLITOS,,,COLISÃO,COLISAO DE ONIBUS E AUTO S/V,1,,,,,1,,,,0,,,,,,,,,,,,,,,,,,
2018-03-19,12:48:00,SEM VÍTIMA,FINALIZADA,IMBIRIBEIRA,AV MARECHAL MASCARENHAS DE MORAES,4815,,EM FRENTE POSTO SHELL/ SENTIDO CIDADE,AV MARECHAL MASCARENHAS DE MORAES,4815,EM FRENTE POSTO SHELL/ SENTIDO CIDADE,IMBIRIBEIRA,,,COLISÃO,COLISÃO SEM VÍTIMA,2,,,,,,,,,0,,,,,,,,,,,,,,,,,,
2018-03-19,13:41:00,SEM VÍTIMA,FINALIZADA,BOA VIAGEM,AV DOM JOAO VI,,,ANTES DO TUNEL/ SENTIDO SETUBAL,AV DOM JOAO VI,,ANTES DO TUNEL/ SENTIDO SETUBAL,BOA VIAGEM,,,COLISÃO,COLISÃO SEM VÍTIMA,2,,,,,,,,,0,,,,,,,,,,,,,,,,,,
2018-03-19,13:48:00,SEM VÍTIMA,FINALIZADA,ROSARINHO,RUA GENERAL ABREU E LIMA,65,,PROX. A ACADEMIA LIFT,RUA GENERAL ABREU E LIMA,65,PROX. A ACADEMIA LIFT,ROSARINHO,,,ENGAVETAMENTO,TRES AUTOS,3,,,,,,,,,0,,,,,,,,,,,,,,,,,,
2018-03-19,14:02:00,SEM VÍTIMA,FINALIZADA,PASSARINHO,EST DE PASSARINHO,22,,PROX. A IGREJA ASSEMBLEIA DE DEUS,EST DE PASSARINHO,22,PROX. A IGREJA ASSEMBLEIA DE DEUS,PASSARINHO,,,COLISÃO,DOIS AUTOS,2,,,,,,,,,0,,,,,,,,,,,,,,,,,,
2018-03-19,14:42:00,SEM VÍTIMA,FINALIZADA,IPSEP,AV GENERAL BENTO DA GAMA,102,,AO LADO DO PIZZARIA ATLANTICO,AV GENERAL BENTO DA GAMA,102,AO LADO DO PIZZARIA ATLANTICO,IPSEP,,,COLISÃO,DOIS AUTOS,2,,,,,,,,,0,,,,,,,,,,,,,,,,,,
2018-03-19,14:59:00,SEM VÍTIMA,FINALIZADA,BOA VISTA,AV CONDE DA BOA VISTA,1650,RUA DOM BOSCO,COM A RUA DOM BOSC, EM FRENTE A FACULDADE UNINTER,AV CONDE DA BOA VISTA,1650,COM A RUA DOM BOSC, EM FRENTE A FACULDADE UNINTER,BOA VISTA,,,COLISÃO,ONIBUS E AUTO,1,,,,,1,,,,0,,,,,,,,,,,,,,,,
2018-03-19,15:16:00,SEM VÍTIMA,FINALIZADA,AFLITOS,RUA DO FUTURO,141,,EM FRENTE A CLINICA DIAGNOSTICO CARDIACO,RUA DO FUTURO,141,EM FRENTE A CLINICA DIAGNOSTICO CARDIACO,AFLITOS,,,COLISÃO,COLISÃO SEM VÍTIMA,2,,,,,,,,,0,,,,,,,,,,,,,,,,,,
2018-03-19,15:29:00,SEM VÍTIMA,FINALIZADA,ILHA JOANA BEZERRA,AV MARTIN LUTHER KING,,,PROX. AO TRF,AV MARTIN LUTHER KING,,PROX. AO TRF,ILHA JOANA BEZERRA,,,COLISÃO,CAMINHÃO E AUTO. INSP NO LOCAL,1,,,,,,1,,,0,,,,,,,,,,,,,,,,,,
2018-03-19,15:37:00,SEM VÍTIMA,EQUIPE EM DESLOCAMENTO,VÁRZEA,RUA ISAAC BURIL,,,PROX. AO INSTITUTO RICARDO BRENNAND,RUA ISAAC BURIL,,PROX. AO INSTITUTO RICARDO BRENNAND,VÁRZEA,,,CHOQUE,CAMINHAO CHOCOU-SE COM POSTE E FIOS ESTÃO NA VIA,,,,,,,1,,,0,,,,,,,,,,,,,,,,,,
2018-03-19,15:40:00,SEM VÍTIMA,FINALIZADA,BOA VIAGEM,RUA PEDRO BERGAMO,109,,EM FRENTE AO EDIFICIO BENIDORM,RUA PEDRO BERGAMO,109,EM FRENTE AO EDIFICIO BENIDORM,BOA VIAGEM,,,COLISÃO,COLISÃO SEM VÍTIMA,2,,,,,,,,,0,,,,,,,,,,,,,,,,,,
2018-03-19,16:55:00,SEM VÍTIMA,FINALIZADA,MADALENA,AV ENGENHEIRO ABDIAS DE CARVALHO,1671,,AO LADO DO POSTO DE GASOLINA BR,AV ENGENHEIRO ABDIAS DE CARVALHO,1671,AO LADO DO POSTO DE GASOLINA BR,MADALENA,,,COLISÃO COM CICLISTA,AUTO E CICLISTA,,1,,1,,,,,,0,,,,,,,,,,,,,,,,,,
2018-03-19,17:05:00,SEM VÍTIMA,FINALIZADA,CASA FORTE,AV DEZESSETE DE AGOSTO,500,,EM FRENTE AO EDF. GARAGEM DO SHOPPING PLAZA,AV DEZESSETE DE AGOSTO,500,EM FRENTE AO EDF. GARAGEM DO SHOPPING PLAZA,CASA FORTE,,,COLISÃO,DOIS AUTOS,1,,,,,,1,,,0,,,,,,,,,,,,,,,,,,
2018-03-19,17:25:00,SEM VÍTIMA,FINALIZADA,PORTO DA MADEIRA,RUA DALVA DE OLIVEIRA,105,,AO LADO DO SENAI,RUA DALVA DE OLIVEIRA,105,AO LADO DO SENAI,PORTO DA MADEIRA,,,COLISÃO,COLISAO DE AUTO E CAMINHAO S/V,1,,,,,,1,,,0,,,,,,,,,,,,,,,,,,
2018-03-19,18:21:00,SEM VÍTIMA,CANCELADA,IPUTINGA,RUA CLAUDIO BROTHERHOOD,,,E/F A REPLUBICA DO PÃO E AO LADO DA AUTO ESPORTE,RUA CLAUDIO BROTHERHOOD,,E/F A REPLUBICA DO PÃO E AO LADO DA AUTO ESPORTE,IPUTINGA,,,COLISÃO,ENTRE MOTO E AUTO. S/V,1,1,,,,,,,,0,,,,,,,,,,,,,,,,,,
2018-03-19,18:37:00,SEM VÍTIMA,FINALIZADA,CÓRREGO DO JENIPAPO,AV DA RECUPERACAO,14,,PROX AO TERMINAL DO CÓRREGO DO JENIPAPO,AV DA RECUPERACAO,14,PROX AO TERMINAL DO CÓRREGO DO JENIPAPO,CÓRREGO DO JENIPAPO,,,COLISÃO,COLISÃO ENTRE ONIBUS E CARRO,1,,,,,1,,,,0,,,,,,,,,,,,,,,,,,
2018-03-19,18:44:00,SEM VÍTIMA,FINALIZADA,IMBIRIBEIRA,AV MARECHAL MASCARENHAS DE MORAES,,,E/F A LOJA GRILO SENTIDO AFOGADOS,AV MARECHAL MASCARENHAS DE MORAES,,E/F A LOJA GRILO SENTIDO AFOGADOS,IMBIRIBEIRA,,,COLISÃO,COLISÃO ENTRE 2 CARROS E 1 MOTO,2,1,,,,,,,,0,,,,,,,,,,,,,,,,,,
2018-03-19,19:05:00,SEM VÍTIMA,CANCELADA,SANTO AMARO,AV CRUZ CABUGA,,,NA SAIDA DO SHOPPING TACARUNA / AO LADO DO PONTO DE TÁXI,AV CRUZ CABUGA,,NA SAIDA DO SHOPPING TACARUNA / AO LADO DO PONTO DE TÁXI,SANTO AMARO,,,COLISÃO,ENTRE 2 AUTOS. S/V,2,,,,,,,,,0,,,,,,,,,,,,,,,,,,