data,hora,natureza_acidente,situacao,bairro,endereco,numero,detalhe_endereco_acidente,complemento,endereco_cruzamento,numero_cruzamento,referencia_cruzamento,bairro_cruzamento,num_semaforo,sentido_via,tipo,descricao,auto,moto,ciclom,ciclista,pedestre,onibus,caminhao,viatura,outros,vitimas,vitimasfatais,acidente_verificado,tempo_clima,situacao_semaforo,sinalizacao,condicao_via,conservacao_via,ponto_controle,situacao_placa,velocidade_max_via,mao_direcao,divisao_via1,divisao_via2,divisao_via3,,,,
2018-03-19,19:12:00,SEM VÍTIMA,FINALIZADA,CAXANGÁ,RUA GENERAL POLIDORO,,,PROX. AO GOLF CLUB/ E/F AO POSTO SHEL,RUA GENERAL POLIDORO,,PROX. AO GOLF CLUB/ E/F AO POSTO SHEL,CAXANGÁ,,,COLISÃO,COLISÃO ENTRE 2 CARROS,2,,,,,,,,,0,,,,,,,,,,,,,,,,,,
2018-03-19,19:23:00,SEM VÍTIMA,FINALIZADA,ILHA DO LEITE,AV LINS PETIT,,,E/F AO HOSPITAL UNIMED E PRC CHORA MENINO / SEMÁFORO 151,AV LINS PETIT,,E/F AO HOSPITAL UNIMED E PRC CHORA MENINO / SEMÁFORO 151,ILHA DO LEITE,,,COLISÃO,ENTRE 2 AUTOS. S/V,2,,,,,,,,,0,,,,,,,,,,,,,,,,,,
2018-03-19,19:33:00,SEM VÍTIMA,FINALIZADA,IPSEP,RUA JEAN EMILE FAVRE,,,E/F A FACULDADE BOA VIAGEM,RUA JEAN EMILE FAVRE,,E/F A FACULDADE BOA VIAGEM,IPSEP,,,COLISÃO,COLISÃO ENTRE ENTRE 4 VEICULOS,4,,,,,,,,,0,,,,,,,,,,,,,,,,,,
2018-03-19,19:58:00,SEM VÍTIMA,CANCELADA,IMBIRIBEIRA,AV MARECHAL MASCARENHAS DE MORAES,,,MADEREIRA PORTA LARGA/ FERREIRA PINTO,AV MARECHAL MASCARENHAS DE MORAES,,MADEREIRA PORTA LARGA/ FERREIRA PINTO,IMBIRIBEIRA,,,COLISÃO,COLISÃO ENTRE CARRO E ONIBUS,1,,,,,1,,,,0,,,,,,,,,,,,,,,,,,
2018-03-19,20:32:00,COM VÍTIMA,FINALIZADA,SANTO AMARO,AV CRUZ CABUGA,,,E/F AO SHOPPING TACARUNA E A FÁBRICA TACARUNA / SNT AGAMENON,AV CRUZ CABUGA,,E/F AO SHOPPING TACARUNA E A FÁBRICA TACARUNA / SNT AGAMENON,SANTO AMARO,,,COLISÃO,ENTRE AUTO E MOTO. C/V,1,1,,,,,,,,1,,,,,,,,,,,,,,,,,,
2018-03-19,20:47:00,SEM VÍTIMA,FINALIZADA,BOA VIAGEM,RUA MARQUES DE VALENCA,387,,AO LADO DA IGREJA NOSSA SENHORA DE FÁTIMA,RUA MARQUES DE VALENCA,387,AO LADO DA IGREJA NOSSA SENHORA DE FÁTIMA,BOA VIAGEM,,,COLISÃO,ENTRE 2 AUTOS. S/V,2,,,,,,,,,0,,,,,,,,,,,,,,,,,,
2018-03-19,23:39:00,SEM VÍTIMA,FINALIZADA,SÃO JOSÉ,AV SUL,,,PROX A TORRE GEMEAS,AV SUL,,PROX A TORRE GEMEAS,SÃO JOSÉ,,,COLISÃO,VIATURA DA POLÍCIA BATEU NO POSTE,1,,,,,,,,,0,,,,,,,,,,,,,,,,,,
2018-03-20,06:18:00,SEM VÍTIMA,FINALIZADA,CAXANGÁ,AV CAXANGA,,,EM FRENTE A UPA SEMAFORO 281 / SENT SUB,AV CAXANGA,,EM FRENTE A UPA SEMAFORO 281 / SENT SUB,CAXANGÁ,,,COLISÃO,ONIBUS E AUTO PASSEIO,1,,,,,1,,,,0,,,,,,,,,,,,,,,,,,
2018-03-20,06:57:00,SEM VÍTIMA,FINALIZADA,IMBIRIBEIRA,RUA JOSE DA SILVA LUCENA,,,COLEGIO GGE,RUA JOSE DA SILVA LUCENA,,COLEGIO GGE,IMBIRIBEIRA,,,COLISÃO,COLISÃO SEM VÍTIMA,2,,,,,,,,,0,,,,,,,,,,,,,,,,,,
2018-03-20,07:48:00,COM VÍTIMA,FINALIZADA,ESTÂNCIA,AV RECIFE,,,NA SUBIDA DO VIADUTRO ULISSES GUIMARÃES SENTIDO AEROPORTO- CEASA,AV RECIFE,,NA SUBIDA DO VIADUTRO ULISSES GUIMARÃES SENTIDO AEROPORTO- CEASA,ESTÂNCIA,,,COLISÃO,COLISÃO E EM SEGUIDA O AUTO PASSEIO CAPOTOU,1,,,,,,1,,,1,,,,,,,,,,,,,,,,,,
2018-03-20,08:06:00,COM VÍTIMA,CANCELADA,MADALENA,AV ENGENHEIRO ABDIAS DE CARVALHO,,,JUNTO A BOBS,AV ENGENHEIRO ABDIAS DE CARVALHO,,JUNTO A BOBS,MADALENA,,,COLISÃO,COLISÃO COM VITIMA, AUTO PASSEIO E MOTO,1,1,,,,,,,,1,,,,,,,,,,,,,,,,,
2018-03-20,08:20:00,SEM VÍTIMA,FINALIZADA,AREIAS,AV DR JOSE RUFINO,,,PROX. A CRECHE MIGUEL ARRAES,AV DR JOSE RUFINO,,PROX. A CRECHE MIGUEL ARRAES,AREIAS,,,COLISÃO,COLISÃO SEM VITIMAS,3,,,,,,,,,0,,,,,,,,,,,,,,,,,,
2018-03-20,09:31:00,SEM VÍTIMA,FINALIZADA,BOA VIAGEM,RUA DOM JOSE LOPES,57,,EM FRENTE AO RESTAURANTE BODE PARAIBANO,RUA DOM JOSE LOPES,57,EM FRENTE AO RESTAURANTE BODE PARAIBANO,BOA VIAGEM,,,COLISÃO,DOIS AUTOS,2,,,,,,,,,0,,,,,,,,,,,,,,,,,,
2018-03-20,10:02:00,SEM VÍTIMA,FINALIZADA,AREIAS,RUA GENERAL FRANCISCO FIGUEIROA,212,,EM FRENTE DA IGREJA PRESBITERIANA,RUA GENERAL FRANCISCO FIGUEIROA,212,EM FRENTE DA IGREJA PRESBITERIANA,AREIAS,,,COLISÃO,COL.S/V NO TERMIN AL DOS ÔNIBUS,1,,,,,1,,,,0,,,,,,,,,,,,,,,,,,
2018-03-20,10:05:00,SEM VÍTIMA,FINALIZADA,GRAÇAS,RUA DONA ANUNCIADA,231,,E/F AO EDF ITALIA,RUA DONA ANUNCIADA,231,E/F AO EDF ITALIA,GRAÇAS,,,COLISÃO,SEM VÍTIMAS,2,,,,,,,,,0,,,,,,,,,,,,,,,,,,
2018-03-20,10:17:00,SEM VÍTIMA,FINALIZADA,PINA,AV BOA VIAGEM,,,JUNTO A O POSTO BR, DEFRONTE AO RECIFE PRAIA HOTEL,AV BOA VIAGEM,,JUNTO A O POSTO BR, DEFRONTE AO RECIFE PRAIA HOTEL,PINA,,,COLISÃO,COLISÃO SEM VITIMAS,2,,,,,,,,,0,,,,,,,,,,,,,,,,
2018-03-20,10:38:00,SEM VÍTIMA,FINALIZADA,SANTO AMARO,AV JOAO DE BARROS,,,EM FRENTE A JIPE SENT OLINDA SEMAFORO / SEMAFORO 465,AV JOAO DE BARROS,,EM FRENTE A JIPE SENT OLINDA SEMAFORO / SEMAFORO 465,SANTO AMARO,,,COLISÃO,DOIS AUTOS,2,,,,,,,,,0,,,,,,,,,,,,,,,,,,
2018-03-20,11:11:00,COM VÍTIMA,FINALIZADA,MADALENA,AV CAXANGA,279,,BANCO SANTANDER (SENTIDO SUBURBIO / CIDADE),AV CAXANGA,279,BANCO SANTANDER (SENTIDO SUBURBIO / CIDADE),MADALENA,,,ATROPELAMENTO,MOTO E PEDESTRE (SEGUNDO O ORIENTADOR AS VITIMAS SÃO O PEDESTRE E O PASSAGEIRO DA MOTOCICLETA),,1,,,,,,,,2,,,,,,,,,,,,,,,,,,
2018-03-20,11:41:00,SEM VÍTIMA,FINALIZADA,MADALENA,RUA REAL DA TORRE,884,,EM FRENTE AO PESHOPT CÃES E GATOS,RUA REAL DA TORRE,884,EM FRENTE AO PESHOPT CÃES E GATOS,MADALENA,,,COLISÃO,COLISÃO SEM VÍTIMA,2,,,,,,,,,0,,,,,,,,,,,,,,,,,,
2018-03-20,12:02:00,SEM VÍTIMA,FINALIZADA,BOA VISTA,AV CONDE DA BOA VISTA,,,E/F AO COPE S/T,AV CONDE DA BOA VISTA,,E/F AO COPE S/T,BOA VISTA,,,COLISÃO,COLISAO DE ONIBUS E AUTO S/V,1,,,,,1,,,,0,,,,,,,,,,,,,,,,,,
2018-03-20,12:54:00,SEM VÍTIMA,FINALIZADA,ILHA DO LEITE,RUA GENERAL JOAQUIM INACIO,830,,EM FRENTE AO RESTAURANTE SKILLUS,RUA GENERAL JOAQUIM INACIO,830,EM FRENTE AO RESTAURANTE SKILLUS,ILHA DO LEITE,,,COLISÃO,COLISÃO SEM VÍTIMA,3,,,,,,,,,0,,,,,,,,,,,,,,,,,,
2018-03-20,13:13:00,SEM VÍTIMA,FINALIZADA,BOA VISTA,RUA ILDEFONSO LOPES,64,,RESTAURANTE O VEGETARIANO,RUA ILDEFONSO LOPES,64,RESTAURANTE O VEGETARIANO,BOA VISTA,,,COLISÃO,COLISÃO SEM VITIMAS,2,,,,,,,,,0,,,,,,,,,,,,,,,,,,
2018-03-20,13:40:00,SEM VÍTIMA,FINALIZADA,PAISSANDU,AV PORTUGAL,,,APOS O SÃO MARCOS, SENTIDO RECIFE,AV PORTUGAL,,APOS O SÃO MARCOS, SENTIDO RECIFE,PAISSANDU,,,COLISÃO,COLISÃO SEM VITIMAS,2,,,,,,,,,0,,,,,,,,,,,,,,,,
2018-03-20,14:42:00,SEM VÍTIMA,FINALIZADA,SAN MARTIN,RUA TENENTE MINDELO,110,,PROX O GIRADOURO DE SAN MARTN S/T JARDIM SAO PAULO,RUA TENENTE MINDELO,110,PROX O GIRADOURO DE SAN MARTN S/T JARDIM SAO PAULO,SAN MARTIN,,,COLISÃO,COLISAO DE DOIS AUTOS S/V,2,,,,,,,,,0,,,,,,,,,,,,,,,,,,
2018-03-20,15:21:00,COM VÍTIMA,FINALIZADA,CAXANGÁ,AV MARIO ALVARES PEREIRA DE LYRA,,,JUNTO A ACADEMIA DA CIDADE, SENTIDO AV. CAXANGA,AV MARIO ALVARES PEREIRA DE LYRA,,JUNTO A ACADEMIA DA CIDADE, SENTIDO AV. CAXANGA,CAXANGÁ,,,COLISÃO,COLISÃO COM VITIMA, AUTO PASSEIO E MOTO,2,,,,,,,,,1,,,,,,,,,,,,,,,
2018-03-20,15:22:00,SEM VÍTIMA,FINALIZADA,BOA VIAGEM,RUA JOSE DA SILVA LUCENA,,,E/F AO COLEGIO GGE,RUA JOSE DA SILVA LUCENA,,E/F AO COLEGIO GGE,BOA VIAGEM,,,COLISÃO,COLISAO DE DOIS AUTOS S/V VT 32 NO LOCAL,2,,,,,,,,,0,,,,,,,,,,,,,,,,,,
2018-03-20,15:23:00,SEM VÍTIMA,FINALIZADA,ILHA DO LEITE,RUA GENERAL JOAQUIM INACIO,,AV LINS PETIT,CRUZAMENTO COM A AV. LINS PETITI/ SEMÁFORO 653,RUA GENERAL JOAQUIM INACIO,,CRUZAMENTO COM A AV. LINS PETITI/ SEMÁFORO 653,ILHA DO LEITE,,,COLISÃO,COLISÃO SEM VÍTIMA,2,,,,,,,,,0,,,,,,,,,,,,,,,,,,
2018-03-20,15:57:00,SEM VÍTIMA,FINALIZADA,BOA VIAGEM,AV BOA VIAGEM,3610,,EDIF. PORTO CANOAS,AV BOA VIAGEM,3610,EDIF. PORTO CANOAS,BOA VIAGEM,,,COLISÃO,COLISÃO SEM VITIMAS,2,,,,,,,,,0,,,,,,,,,,,,,,,,,,
2018-03-20,15:51:00,SEM VÍTIMA,FINALIZADA,MADALENA,AV VISCONDE DE ALBUQUERQUE,500,,VT 20 NO LOCAL,AV VISCONDE DE ALBUQUERQUE,500,VT 20 NO LOCAL,MADALENA,,,COLISÃO,COLISASO DE DOIS ONIBUS S/V,,,,,,2,,,,0,,,,,,,,,,,,,,,,,,
2018-03-20,16:14:00,COM VÍTIMA,FINALIZADA,ENCRUZILHADA,AV NORTE,,,EM FRENTE AO BANCO DO BRASIL, SENTIDO SUBÚRBIO.,AV NORTE,,EM FRENTE AO BANCO DO BRASIL, SENTIDO SUBÚRBIO.,ENCRUZILHADA,,,COLISÃO,COLISÃO AUTO E MOTO, COM VÍTIMA.,1,1,,,,,,,,1,,,,,,,,,,,,,,,
2018-03-20,16:15:00,SEM VÍTIMA,FINALIZADA,SÃO JOSÉ,RUA IMPERIAL,,TRV PADRE AZEVEDO,COM A TRAVESSA PADRE AZEVEDO NO SEMAFORO 511,RUA IMPERIAL,,COM A TRAVESSA PADRE AZEVEDO NO SEMAFORO 511,SÃO JOSÉ,,,COLISÃO,COLISAO DE DOIS AUTOS S/V,2,,,,,,,,,0,,,,,,,,,,,,,,,,,,
2018-03-20,16:34:00,SEM VÍTIMA,FINALIZADA,PARNAMIRIM,RUA JOSE DE GODOY VASCONCELOS,,AV DEZESSETE DE AGOSTO,COM AV DEZESSETE DE AGOSTO E/F A CULTURA INGLESA E A PRAÇA VILELA,RUA JOSE DE GODOY VASCONCELOS,,COM AV DEZESSETE DE AGOSTO E/F A CULTURA INGLESA E A PRAÇA VILELA,PARNAMIRIM,,,COLISÃO,COLISAO DE DOIS AUTOS S/V,2,,,,,,,,,0,,,,,,,,,,,,,,,,,,
2018-03-20,16:52:00,SEM VÍTIMA,FINALIZADA,VÁRZEA,RUA EMILIANO BRAGA,,,NA FRENTE DA DROGASIL, JUNTO AO BOI NA BRASA,RUA EMILIANO BRAGA,,NA FRENTE DA DROGASIL, JUNTO AO BOI NA BRASA,VÁRZEA,,,COLISÃO,COLISÃO SEM VITIMAS,1,,,,,1,,,,0,,,,,,,,,,,,,,,,
2018-03-20,17:13:00,SEM VÍTIMA,FINALIZADA,BOA VISTA,PTE PRINCESA IZABEL,,,EM CIMA DA PONTE,PTE PRINCESA IZABEL,,EM CIMA DA PONTE,BOA VISTA,,,COLISÃO,COLISÃO SEM VÍTIMA,1,,,,,1,1,,,0,,,,,,,,,,,,,,,,,,
2018-03-20,17:19:00,SEM VÍTIMA,FINALIZADA,ENGENHO DO MEIO,RUA GOVERNADOR LOPO GARRO,353,,PROX. AO CLUB DA SUDENE,RUA GOVERNADOR LOPO GARRO,353,PROX. AO CLUB DA SUDENE,ENGENHO DO MEIO,,,COLISÃO,COLISÃO SEM VITIMAS,2,,,,,,,,,0,,,,,,,,,,,,,,,,,,
2018-03-20,18:29:00,SEM VÍTIMA,CANCELADA,CAXANGÁ,AV PROFESSOR MORAES REGO,364,,E/F AO POSTO PETROBRAS,AV PROFESSOR MORAES REGO,364,E/F AO POSTO PETROBRAS,CAXANGÁ,,,COLISÃO,COLISÃO ENTRE CAMINHÃO E CARRO,1,,,,,,1,,,0,,,,,,,,,,,,,,,,,,
2018-03-20,18:33:00,SEM VÍTIMA,FINALIZADA,DERBY,AV GOVERNADOR AGAMENON MAGALHAES,,,EM FRENTE AO CERPE, SENT. BOA VIAGEM,AV GOVERNADOR AGAMENON MAGALHAES,,EM FRENTE AO CERPE, SENT. BOA VIAGEM,DERBY,,,COLISÃO,ONIBUS E AUTO,1,,,,,1,,,,0,,,,,,,,,,,,,,,,
2018-03-20,18:35:00,SEM VÍTIMA,CANCELADA,VÁRZEA,RUA VALE DO SIRIJI,,,E/F A ESCOLA MUNICIPAL PROF. JOÃO DE SOUZA,RUA VALE DO SIRIJI,,E/F A ESCOLA MUNICIPAL PROF. JOÃO DE SOUZA,VÁRZEA,,,COLISÃO,ONIBUS E AUTO,1,,,,,1,,,,0,,,,,,,,,,,,,,,,,,
2018-03-20,18:41:00,SEM VÍTIMA,CANCELADA,CAXANGÁ,AV CAXANGA,,,PROX AO SINAL 274,AV CAXANGA,,PROX AO SINAL 274,CAXANGÁ,,,COLISÃO,COLISÃO ENTRE 2 CARRO,2,,,,,,,,,0,,,,,,,,,,,,,,,,,,
2018-03-20,19:04:00,SEM VÍTIMA,FINALIZADA,TEJIPIÓ,RUA FALCAO DE LACERDA,277,,EM FRENTE A PADARIA AVENIDA,RUA FALCAO DE LACERDA,277,EM FRENTE A PADARIA AVENIDA,TEJIPIÓ,,,COLISÃO,DUAS MOTOS,,2,,,,,,,,0,,,,,,,,,,,,,,,,,,
2018-03-20,22:00:00,SEM VÍTIMA,CANCELADA,BOA VIAGEM,RUA BALTAZAR PASSOS,,RUA VISCONDE DE JEQUITINHONHA,COM A RUA VISCONDE DE JEQUITINHONHA, PROX. A PADARIA PAN JOVEM,RUA BALTAZAR PASSOS,,COM A RUA VISCONDE DE JEQUITINHONHA, PROX. A PADARIA PAN JOVEM,BOA VIAGEM,,,COLISÃO,DOIS AUTOS,2,,,,,,,,,0,,,,,,,,,,,,,,,,
2018-03-20,23:23:00,SEM VÍTIMA,FINALIZADA,CAMPO GRANDE,RUA PROFESSOR JERONIMO GUEIROS,205,,PROX A COCA COLA,RUA PROFESSOR JERONIMO GUEIROS,205,PROX A COCA COLA,CAMPO GRANDE,,,COLISÃO,COLISÃO ENTRE 2 AUTOS,2,,,,,,,,,0,,,,,,,,,,,,,,,,,,
2018-03-21,06:09:00,SEM VÍTIMA,FINALIZADA,IBURA,AV PERNAMBUCO,,,APOS A PRACINHA DA UR 01 EM FRENTE IGREJA PENTECOSTAL,AV PERNAMBUCO,,APOS A PRACINHA DA UR 01 EM FRENTE IGREJA PENTECOSTAL,IBURA,,,COLISÃO,COLISÃO SEM VITIMAS,1,,,,,1,,,,0,,,,,,,,,,,,,,,,,,
2018-03-21,06:50:00,SEM VÍTIMA,FINALIZADA,ESPINHEIRO,RUA DO ESPINHEIRO,,,NO SEMAFORO Nº166,RUA DO ESPINHEIRO,,NO SEMAFORO Nº166,ESPINHEIRO,,,COLISÃO,COL.S/V,1,2,,,,,,,,0,,,,,,,,,,,,,,,,,,
2018-03-21,06:50:00,SEM VÍTIMA,FINALIZADA,BOA VIAGEM,AV ARMINDO MOURA,,,EM BAIXO DO SEMAFORO 441 EM FRENTE A VILA DO SARGENTO DA AERONAUTICA,AV ARMINDO MOURA,,EM BAIXO DO SEMAFORO 441 EM FRENTE A VILA DO SARGENTO DA AERONAUTICA,BOA VIAGEM,,,COLISÃO,COLISÃO SEM VITIMAS,2,,,,,,,,,0,,,,,,,,,,,,,,,,,,
2018-03-21,07:07:00,SEM VÍTIMA,FINALIZADA,AREIAS,AV RECIFE,,,SENT/BOA VIAGEM AO LADO DO MERCADINHO ECONOMICO,,AV RECIFE,,SENT/BOA VIAGEM AO LADO DO MERCADINHO ECONOMICO,,AREIAS,,,COLISÃO,SEM VITIMAS,1,1,,,,,,,,0,,,,,,,,,,,,,,,,
2018-03-21,07:12:00,COM VÍTIMA,FINALIZADA,IMBIRIBEIRA,AV MARECHAL MASCARENHAS DE MORAES,,,SENTIDO CENTRO EM FRENTE A CONCESSIONARIA FORD,AV MARECHAL MASCARENHAS DE MORAES,,SENTIDO CENTRO EM FRENTE A CONCESSIONARIA FORD,IMBIRIBEIRA,,,COLISÃO,COLISÃO COM VITIMA SOCORRIDA PELOS BOMBEIROS,2,,,,,,1,,,1,,,,,,,,,,,,,,,,,,
2018-03-21,07:28:00,SEM VÍTIMA,CANCELADA,IPUTINGA,RUA TERRA GRANDE,710,,AO LADO DO DETRAN,RUA TERRA GRANDE,710,AO LADO DO DETRAN,IPUTINGA,,,COLISÃO,COLISÃO SEM VITIMA,2,,,,,,,,,0,,,,,,,,,,,,,,,,,,
2018-03-21,07:48:00,SEM VÍTIMA,FINALIZADA,CORDEIRO,AV GENERAL SAN MARTIN,478,,APOS O HOSPITAL GETULIO VARGAS EM FRENTE A SORVETERIA MUG,AV GENERAL SAN MARTIN,478,APOS O HOSPITAL GETULIO VARGAS EM FRENTE A SORVETERIA MUG,CORDEIRO,,,COLISÃO,COLISÃO SEM VITIMAS,1,1,,,,,,,,0,,,,,,,,,,,,,,,,,,
2018-03-21,07:58:00,SEM VÍTIMA,FINALIZADA,GRAÇAS,RUA DAS GRACAS,142,,EM FRENTE AO EDF/TARUMÃ,RUA DAS GRACAS,142,EM FRENTE AO EDF/TARUMÃ,GRAÇAS,,,COLISÃO COM CICLISTA,COL.S/V,1,,,,,,,,,0,,,,,,,,,,,,,,,,,,
2018-03-21,08:13:00,SEM VÍTIMA,FINALIZADA,CASA FORTE,RUA LAURINDO COELHO,,,NA RUA DA CONCESSIONARIA HYUNDAI EM FRENTE AO EDIFICIO ALAMEDA 17,RUA LAURINDO COELHO,,NA RUA DA CONCESSIONARIA HYUNDAI EM FRENTE AO EDIFICIO ALAMEDA 17,CASA FORTE,,,COLISÃO,COLISÃO SEM VITIMAS,2,,,,,,,,,0,,,,,,,,,,,,,,,,,,
2018-03-21,08:14:00,SEM VÍTIMA,FINALIZADA,MADALENA,RUA JOSE OSORIO,124,,CECOSNE E PX SEMAFORO Nº 387,RUA JOSE OSORIO,124,CECOSNE E PX SEMAFORO Nº 387,MADALENA,,,COLISÃO,COL.S/V SET.MADALENA,2,,,,,,,,,0,,,,,,,,,,,,,,,,,,
2018-03-21,08:25:00,SEM VÍTIMA,FINALIZADA,CABANGA,AV SUL,,,SENTIDO BOA VIAGEM EM BAIXO DO SEMAFORO 661 EM FRENTE A COMPESA,AV SUL,,SENTIDO BOA VIAGEM EM BAIXO DO SEMAFORO 661 EM FRENTE A COMPESA,CABANGA,,,COLISÃO,COLISÃO SEM VITIMAS,1,,,,,1,,,,0,,,,,,,,,,,,,,,,,,
2018-03-21,09:18:00,COM VÍTIMA,FINALIZADA,VÁRZEA,RUA RIBEIRO PESSOA,,RUA JOAQUIM RIBEIRO,CRUZAMENTO COM RUA JOAQUIM RIBEIRO,RUA RIBEIRO PESSOA,,CRUZAMENTO COM RUA JOAQUIM RIBEIRO,VÁRZEA,,,COLISÃO,COLISÃO ENTRE AUTO E MOTOCICLETA COM VÍTIMA,1,1,,,,,,,,1,,,,,,,,,,,,,,,,,,
2018-03-21,10:22:00,SEM VÍTIMA,FINALIZADA,CAMPO GRANDE,RUA OLIVEIRA FONSECA,,,PROX AO COLEGIO MARIO MELO EM FRENTE AO EDIFICIO KARINA,RUA OLIVEIRA FONSECA,,PROX AO COLEGIO MARIO MELO EM FRENTE AO EDIFICIO KARINA,CAMPO GRANDE,,,COLISÃO,COLISÃO SEM VITIMAS,2,,,,,,,,,0,,,,,,,,,,,,,,,,,,
2018-03-21,10:22:00,SEM VÍTIMA,FINALIZADA,IMBIRIBEIRA,RUA DOS TIJOLOS,4505,,EM FRENTE AO POSTO DE MOLA SÃO JOSE,RUA DOS TIJOLOS,4505,EM FRENTE AO POSTO DE MOLA SÃO JOSE,IMBIRIBEIRA,,,COLISÃO,COL.S/V,SET CD,2,,,,,,,,,0,,,,,,,,,,,,,,,,,
2018-03-21,10:23:00,SEM VÍTIMA,FINALIZADA,BOA VIAGEM,AV CONSELHEIRO AGUIAR,4368,,PROX. A HABIBIS,AV CONSELHEIRO AGUIAR,4368,PROX. A HABIBIS,BOA VIAGEM,,,COLISÃO,COLISÃO SEM VITIMAS,2,,,,,,,,,0,,,,,,,,,,,,,,,,,,
2018-03-21,10:33:00,SEM VÍTIMA,FINALIZADA,JORDÃO,AV MARIA IRENE,,,EM FRENTE A BASE AREA,AV MARIA IRENE,,EM FRENTE A BASE AREA,JORDÃO,,,COLISÃO,COLISÃO SEM VITIMAS,2,,,,,,,,,0,,,,,,,,,,,,,,,,,,
2018-03-21,10:38:00,SEM VÍTIMA,FINALIZADA,DERBY,AV GOVERNADOR AGAMENON MAGALHAES,,,EM FRENTE AO CLUBE PORTUGUES,SENT/BOA VIAGEM,AV GOVERNADOR AGAMENON MAGALHAES,,EM FRENTE AO CLUBE PORTUGUES,SENT/BOA VIAGEM,DERBY,,,COLISÃO,SEM VITIMAS,,,,,,2,,,,0,,,,,,,,,,,,,,,,
2018-03-21,10:52:00,COM VÍTIMA,FINALIZADA,ENGENHO DO MEIO,RUA PADRE RODRIGUES CAMPELO,100,,EM FRENTE A A REVENDEDORA BEBA AGUA,RUA PADRE RODRIGUES CAMPELO,100,EM FRENTE A A REVENDEDORA BEBA AGUA,ENGENHO DO MEIO,,,COLISÃO,COLISÃO COM VITIMA SAMU,1,1,,,,,,,,1,,,,,,,,,,,,,,,,,,
2018-03-21,10:54:00,SEM VÍTIMA,FINALIZADA,BOA VISTA,AV ENGENHEIRO AGAMENON DE MAGALHAES MELO,,,AO LADO DO WALMART- PARQUE AMORIM,AV ENGENHEIRO AGAMENON DE MAGALHAES MELO,,AO LADO DO WALMART- PARQUE AMORIM,BOA VISTA,,,CHOQUE,CHOQUE COM POSTE,1,,,,,,,,,0,,,,,,,,,,,,,,,,,,
2018-03-21,11:00:00,SEM VÍTIMA,FINALIZADA,IMBIRIBEIRA,AV MARECHAL MASCARENHAS DE MORAES,,,EM FRENTE DO AERPORTO,AV MARECHAL MASCARENHAS DE MORAES,,EM FRENTE DO AERPORTO,IMBIRIBEIRA,,,COLISÃO,COL.S/V,SET CD,1,,,,,,1,,,0,,,,,,,,,,,,,,,,,
2018-03-21,11:23:00,SEM VÍTIMA,FINALIZADA,IPUTINGA,RUA MAURICIO DE NASSAU,53 B,,PROX AO PARQUE DO CAIARA,RUA MAURICIO DE NASSAU,,PROX AO PARQUE DO CAIARA,IPUTINGA,,,COLISÃO,COLISÃO SEM VITIMAS,3,,,,,,,,,0,,,,,,,,,,,,,,,,,,
2018-03-21,12:46:00,SEM VÍTIMA,EQUIPE EM DESLOCAMENTO,BOA VIAGEM,RUA FELIX DE BRITO E MELO,,AV FERNANDO SIMOES BARBOSA,COM RUA FERNANDO SIMOES BARBOSA E/F AO WALMART,RUA FELIX DE BRITO E MELO,,COM RUA FERNANDO SIMOES BARBOSA E/F AO WALMART,BOA VIAGEM,,,COLISÃO,COLISAO DE DOIS AUTOS S/V BATEDOR DA MOTO 14 NO LOCAL,2,,,,,,,,,0,,,,,,,,,,,,,,,,,,
2018-03-21,12:55:00,SEM VÍTIMA,FINALIZADA,CAMPO GRANDE,EST DE BELEM,1211,,EM FRENTE AO POSTO IPIRANGA,EST DE BELEM,1211,EM FRENTE AO POSTO IPIRANGA,CAMPO GRANDE,,,COLISÃO,COLISÃO SEM VITIMAS,2,,,,,,,,,0,,,,,,,,,,,,,,,,,,
2018-03-21,12:59:00,SEM VÍTIMA,FINALIZADA,BOA VISTA,RUA GERVASIO PIRES,,,,RUA GERVASIO PIRES,,,BOA VISTA,,,COLISÃO,COLISÃO SEM VITIMAS,1,1,,,,,,,,0,,,,,,,,,,,,,,,,,,
2018-03-21,13:02:00,SEM VÍTIMA,FINALIZADA,BOA VIAGEM,RUA JOSE ADERVAL CHAVES,230,,PROX. AO EXTRA, POR TRAS DO COLEGIO NUCLEO,RUA JOSE ADERVAL CHAVES,230,PROX. AO EXTRA, POR TRAS DO COLEGIO NUCLEO,BOA VIAGEM,,,COLISÃO,AUTO E MOTO,1,1,,,,,,,,0,,,,,,,,,,,,,,,,
2018-03-21,13:24:00,COM VÍTIMA,FINALIZADA,BOA VIAGEM,AV DES JOSE NEVES,90,,ANTES DO POSTO IPIRANGA, SENTIDO SUB/CENTRO,AV DES JOSE NEVES,90,ANTES DO POSTO IPIRANGA, SENTIDO SUB/CENTRO,BOA VIAGEM,,,COLISÃO COM CICLISTA,MOTO E CICLISTA,,1,,1,,,,,,1,,,,,,,,,,,,,,,,
2018-03-21,13:35:00,SEM VÍTIMA,EQUIPE EM DESLOCAMENTO,BOA VIAGEM,RUA DES JOAO PAES,1000,,PROX AO CLUB SOCIETY,RUA DES JOAO PAES,1000,PROX AO CLUB SOCIETY,BOA VIAGEM,,,COLISÃO,COLISAO DE DOIS AUTOS S/V,2,,,,,,,,,0,,,,,,,,,,,,,,,,,,
2018-03-21,13:48:00,SEM VÍTIMA,FINALIZADA,PARNAMIRIM,EST DO ENCANAMENTO,200,,ESQUINA DA DROGASIL E/F AO EDF UBAIAS PRINCE,EST DO ENCANAMENTO,200,ESQUINA DA DROGASIL E/F AO EDF UBAIAS PRINCE,PARNAMIRIM,,,COLISÃO,COLISAO DE DOIS AUTOS S/V,2,,,,,,,,,0,,,,,,,,,,,,,,,,,,
2018-03-21,13:50:00,SEM VÍTIMA,EQUIPE EM DESLOCAMENTO,ESPINHEIRO,RUA QUARENTA E OITO,,,EM FRENTE A FARMACIA PAGUE MENOS,RUA QUARENTA E OITO,,EM FRENTE A FARMACIA PAGUE MENOS,ESPINHEIRO,,,COLISÃO,COLISÃO SEM VITIMAS,3,,,,,,,,,0,,,,,,,,,,,,,,,,,,