data,hora,natureza_acidente,situacao,bairro,endereco,numero,detalhe_endereco_acidente,complemento,endereco_cruzamento,numero_cruzamento,referencia_cruzamento,bairro_cruzamento,num_semaforo,sentido_via,tipo,descricao,auto,moto,ciclom,ciclista,pedestre,onibus,caminhao,viatura,outros,vitimas,vitimasfatais,acidente_verificado,tempo_clima,situacao_semaforo,sinalizacao,condicao_via,conservacao_via,ponto_controle,situacao_placa,velocidade_max_via,mao_direcao,divisao_via1,divisao_via2,divisao_via3,,,,
2018-03-21,14:11:00,SEM VÍTIMA,CANCELADA,BOA VISTA,AV GOVERNADOR AGAMENON MAGALHAES,,,,AV GOVERNADOR AGAMENON MAGALHAES,,,BOA VISTA,,,COLISÃO,COLISÃO ENTRE DOIS AUTOS SEM VÍTIMAS,2,,,,,,,,,0,,,,,,,,,,,,,,,,,,
2018-03-21,14:12:00,SEM VÍTIMA,FINALIZADA,TORRE,RUA CONDE DE IRAJA,,,NA PONTE DA TORRE,RUA CONDE DE IRAJA,,NA PONTE DA TORRE,TORRE,,,COLISÃO,COLISAO DE TRES AUTOS S/V,3,,,,,,,,,0,,,,,,,,,,,,,,,,,,
2018-03-21,14:23:00,SEM VÍTIMA,EQUIPE EM DESLOCAMENTO,CASA AMARELA,COR DO BARTOLOMEU,95,,E/F A PADARIA ANDREA,COR DO BARTOLOMEU,95,E/F A PADARIA ANDREA,CASA AMARELA,,,COLISÃO,COLISAO DE DOIS AAUTOS S/V,2,,,,,,,,,0,,,,,,,,,,,,,,,,,,
2018-03-21,14:51:00,COM VÍTIMA,EQUIPE EM DESLOCAMENTO,BOA VIAGEM,RUA TENENTE JOAO CICERO,486,,EM FRENTE A ACADEMIA CORPO LIVRE,RUA TENENTE JOAO CICERO,486,EM FRENTE A ACADEMIA CORPO LIVRE,BOA VIAGEM,,,COLISÃO,COLISÃO COM VÍTIMA,1,1,,,,,,,,1,,,,,,,,,,,,,,,,,,
2018-03-21,14:57:00,SEM VÍTIMA,EQUIPE EM DESLOCAMENTO,SANTO AMARO,RUA MACIEL MONTEIRO,,,ESQUINA DO MERCADO PUBLICO DE SANTO AMARO,RUA MACIEL MONTEIRO,,ESQUINA DO MERCADO PUBLICO DE SANTO AMARO,SANTO AMARO,,,COLISÃO,AUTO E CAMINHAO,1,,,,,,1,,,0,,,,,,,,,,,,,,,,,,
2018-03-21,15:00:00,SEM VÍTIMA,EQUIPE EM DESLOCAMENTO,APIPUCOS,RUA MANDACARU,485,,NA SUBIDA DO ALTO DO MANDU,RUA MANDACARU,485,NA SUBIDA DO ALTO DO MANDU,APIPUCOS,,,COLISÃO,COLISAO DE DOIS AUTOS S/V,2,,,,,,,,,0,,,,,,,,,,,,,,,,,,
2018-03-21,15:04:00,COM VÍTIMA,EQUIPE EM DESLOCAMENTO,IMBIRIBEIRA,RUA ARQUITETO LUIZ NUNES,,AV PINHEIROS,CRUZAMENTO COM A AV. PINHEIROS/ SEMÁFORO 537,RUA ARQUITETO LUIZ NUNES,,CRUZAMENTO COM A AV. PINHEIROS/ SEMÁFORO 537,IMBIRIBEIRA,,,COLISÃO,COLISÃO COM VÍTIMA,1,1,,,,,,,,1,,,,,,,,,,,,,,,,,,
2018-03-21,15:42:00,SEM VÍTIMA,FINALIZADA,CAXANGÁ,AV CAXANGA,,,EM BAIXO DO VIADUTO NO SEMAFORO 008,AV CAXANGA,,EM BAIXO DO VIADUTO NO SEMAFORO 008,CAXANGÁ,,,COLISÃO,COLISAO DE DOIS AUTOS S/V,2,,,,,,,,,0,,,,,,,,,,,,,,,,,,
2018-03-21,19:32:00,SEM VÍTIMA,FINALIZADA,CASA AMARELA,RUA DA HARMONIA,,,NO SEMAFORO 074,RUA DA HARMONIA,,NO SEMAFORO 074,CASA AMARELA,,,COLISÃO,DOIS AUTOS,2,,,,,,,,,0,,,,,,,,,,,,,,,,,,
2018-03-21,19:35:00,SEM VÍTIMA,FINALIZADA,DERBY,AV GOVERNADOR AGAMENON MAGALHAES,,,EM FRENTE AO MEMORIAL SAO JOSE SENT. OLINDA,AV GOVERNADOR AGAMENON MAGALHAES,,EM FRENTE AO MEMORIAL SAO JOSE SENT. OLINDA,DERBY,,,COLISÃO,DOIS AUTOS,2,,,,,,,,,0,,,,,,,,,,,,,,,,,,
2018-03-21,20:24:00,SEM VÍTIMA,FINALIZADA,AREIAS,AV DR JOSE RUFINO,,,E/F AO 4º BATALHÃO/ APÓS O VIADUTO DO BARRO,AV DR JOSE RUFINO,,E/F AO 4º BATALHÃO/ APÓS O VIADUTO DO BARRO,AREIAS,,,COLISÃO,COLISÃO 1 AUTO E 1 ÔNIBUS,1,,,,,1,,,,0,,,,,,,,,,,,,,,,,,
2018-03-21,20:29:00,SEM VÍTIMA,FINALIZADA,BOA VIAGEM,AV BOA VIAGEM,5152,RUA AQUIDABA,ED. CORONADO NA ESQUINA DA RUA AQUIDABÃ,AV BOA VIAGEM,5152,ED. CORONADO NA ESQUINA DA RUA AQUIDABÃ,BOA VIAGEM,,,COLISÃO,COLISÃO 2 AUTOS,2,,,,,,,,,0,,,,,,,,,,,,,,,,,,
2018-03-23,08:43:00,COM VÍTIMA,FINALIZADA,DOIS IRMÃOS,RUA DOIS IRMAOS,,,SENMÁFORO 416,RUA DOIS IRMAOS,,SENMÁFORO 416,DOIS IRMÃOS,,,COLISÃO,,1,1,,,,,,,,1,,,,,,,,,,,,,,,,,,
2018-03-22,06:45:00,SEM VÍTIMA,CANCELADA,VÁRZEA,AV AFONSO OLINDENSE,661,,AO LADO DO COLEGIO SUPLETIVO,AV AFONSO OLINDENSE,661,AO LADO DO COLEGIO SUPLETIVO,VÁRZEA,,,COLISÃO,SEM VITIMAS,2,,,,,,,,,0,,,,,,,,,,,,,,,,,,
2018-03-22,07:47:00,SEM VÍTIMA,FINALIZADA,DERBY,RUA HENRIQUE DIAS,,,EM FRENTE AO COLEGIO DA POLICIA MILITAR,RUA HENRIQUE DIAS,,EM FRENTE AO COLEGIO DA POLICIA MILITAR,DERBY,,,COLISÃO,DOIS AUTOS,2,,,,,,,,,0,,,,,,,,,,,,,,,,,,
2018-03-22,08:50:00,SEM VÍTIMA,FINALIZADA,MADALENA,AV JOSE GONCALVES DE MEDEIROS,336,,AO LADO DO POSTO IPIRANGA,AV JOSE GONCALVES DE MEDEIROS,336,AO LADO DO POSTO IPIRANGA,MADALENA,,,COLISÃO,COL.S/V ,SET.SUB,2,,,,,,,,,0,,,,,,,,,,,,,,,,,
2018-03-22,08:52:00,SEM VÍTIMA,FINALIZADA,SANTO AMARO,AV CRUZ CABUGA,,,EM FRENTE DA COMPESA,SENT/CIDADE,AV CRUZ CABUGA,,EM FRENTE DA COMPESA,SENT/CIDADE,SANTO AMARO,,,COLISÃO,SEM VITIMAS,1,,,,,1,,,,0,,,,,,,,,,,,,,,,
2018-03-22,08:57:00,SEM VÍTIMA,FINALIZADA,DERBY,AV GOVERNADOR AGAMENON MAGALHAES,,,SENTIDO BOA VIAGEM,EM FRENTE AO RESTAURANTE SPETTUS,AV GOVERNADOR AGAMENON MAGALHAES,,SENTIDO BOA VIAGEM,EM FRENTE AO RESTAURANTE SPETTUS,DERBY,,,COLISÃO,SEM VITIMAS,1,,,,,1,,,,0,,,,,,,,,,,,,,,,
2018-03-22,09:28:00,COM VÍTIMA,FINALIZADA,CAMPO GRANDE,RUA FRANKLIN TAVORA,,RUA JERONIMO VILELA,CRUZAMENTO COM A RUA JERONIMO VILELA,SEMAFORO 282,RUA FRANKLIN TAVORA,,CRUZAMENTO COM A RUA JERONIMO VILELA,SEMAFORO 282,CAMPO GRANDE,,,COLISÃO,COM UMA VITIMA,AGUARDANDO SAMU,1,1,,,,,,,,1,,,,,,,,,,,,,,,
2018-03-22,09:36:00,SEM VÍTIMA,FINALIZADA,IMBIRIBEIRA,AV SUL,279,,DENTRO DA ESTAÇAO TANCREDO NEVES,AV SUL,279,DENTRO DA ESTAÇAO TANCREDO NEVES,IMBIRIBEIRA,,,COLISÃO,ONIBUS E AUTO,1,,,,,1,,,,0,,,,,,,,,,,,,,,,,,
2018-03-22,09:45:00,SEM VÍTIMA,FINALIZADA,SÃO JOSÉ,AV DOM PEDRO I - IMPERADOR,,,POR TRAS DO FORO THOMÁZ DE AQUINO,AV DOM PEDRO I - IMPERADOR,,POR TRAS DO FORO THOMÁZ DE AQUINO,SÃO JOSÉ,,,COLISÃO,COL.S/V,1,,,,,,1,,,0,,,,,,,,,,,,,,,,,,
2018-03-22,10:16:00,SEM VÍTIMA,FINALIZADA,CASA AMARELA,EST DO ARRAIAL,,,SOB O SEMAFORO 074,EST DO ARRAIAL,,SOB O SEMAFORO 074,CASA AMARELA,,,COLISÃO,,,,,,,,,,,0,,,,,,,,,,,,,,,,,,
2018-03-22,10:27:00,SEM VÍTIMA,FINALIZADA,TORRÕES,AV ENGENHEIRO ABDIAS DE CARVALHO,1886,,EM FRENTE DA OFICINA VITORINO ALVES,AV ENGENHEIRO ABDIAS DE CARVALHO,1886,EM FRENTE DA OFICINA VITORINO ALVES,TORRÕES,,,COLISÃO,COL.S/V SET.SUB,2,,,,,,,,,0,,,,,,,,,,,,,,,,,,
2018-03-22,10:58:00,SEM VÍTIMA,FINALIZADA,CAMPO GRANDE,EST DE BELEM,,,NA FRENTE DA ESCOLA NOBREGA,EST DE BELEM,,NA FRENTE DA ESCOLA NOBREGA,CAMPO GRANDE,,,COLISÃO,COLISÃO SEM VITIMA,2,,,,,,,,,0,,,,,,,,,,,,,,,,,,
2018-03-22,11:46:00,SEM VÍTIMA,FINALIZADA,BOA VIAGEM,AV ENGENHEIRO DOMINGOS FERREIRA,,,NA FRENTE AO LAÇA BURGUE,AV ENGENHEIRO DOMINGOS FERREIRA,,NA FRENTE AO LAÇA BURGUE,BOA VIAGEM,,,COLISÃO,COLISÃO SEM VITIMA.,2,,,,,,,,,0,,,,,,,,,,,,,,,,,,
2018-03-22,12:29:00,COM VÍTIMA,FINALIZADA,PINA,AV ENGENHEIRO DOMINGOS FERREIRA,,,APOS A IGREJINHA NA CURVA E/F AO ARMAZEM BEIRA MAR,AV ENGENHEIRO DOMINGOS FERREIRA,,APOS A IGREJINHA NA CURVA E/F AO ARMAZEM BEIRA MAR,PINA,,,ATROPELAMENTO,VEICULO ATROPELOU UMA VITIMA,1,,,,,,,,,1,,,,,,,,,,,,,,,,,,
2018-03-22,13:30:00,SEM VÍTIMA,FINALIZADA,DERBY,RUA HENRIQUE DIAS,609,,EM A FUNDAÇÃO JOAQUIM NABUCO,RUA HENRIQUE DIAS,609,EM A FUNDAÇÃO JOAQUIM NABUCO,DERBY,,,COLISÃO,COLISÃO SEM VÍTIMA,3,,,,,,,,,0,,,,,,,,,,,,,,,,,,
2018-03-22,13:51:00,SEM VÍTIMA,FINALIZADA,SÃO JOSÉ,RUA DA PRAIA,,,ANTES DO ATACADO DOS PRESENTES E/F AO ARMAZEM CORAL,RUA DA PRAIA,,ANTES DO ATACADO DOS PRESENTES E/F AO ARMAZEM CORAL,SÃO JOSÉ,,,COLISÃO,COLISAO DE DEOIS AUTOS S/V,2,,,,,,,,,0,,,,,,,,,,,,,,,,,,
2018-03-22,14:01:00,COM VÍTIMA,FINALIZADA,SANTO AMARO,AV GOVERNADOR AGAMENON MAGALHAES,,,PRÓXIMO À UPE, SENTIDO BOA VIAGEM,AV GOVERNADOR AGAMENON MAGALHAES,,PRÓXIMO À UPE, SENTIDO BOA VIAGEM,SANTO AMARO,,,ACID. DE PERCURSO,,,1,,,,,,,,1,,,,,,,,,,,,,,,,
2018-03-22,14:35:00,SEM VÍTIMA,FINALIZADA,SANTO AMARO,RUA ODORICO MENDES,,AV GOV AGAMENON MAGALHAES,COM AV AGAMENON NO SEMAFORO 049,RUA ODORICO MENDES,,COM AV AGAMENON NO SEMAFORO 049,SANTO AMARO,,,COLISÃO,COLISAO DE DOIS AUTOS S/V,2,,,,,,,,,0,,,,,,,,,,,,,,,,,,
2018-03-22,14:52:00,COM VÍTIMA,FINALIZADA,MADALENA,AV BEIRA RIO,879,RUA JANUARIO BARBOSA,COM A RUA JANUARIO BARBOSA E/F AO EDF QUATRO ESTAÇOES,AV BEIRA RIO,879,COM A RUA JANUARIO BARBOSA E/F AO EDF QUATRO ESTAÇOES,MADALENA,,,COLISÃO,COLISAO DE AUTO E MOTO COM DUAS VITIMAS,1,1,,,,,,,,2,,,,,,,,,,,,,,,,,,
2018-03-22,15:29:00,SEM VÍTIMA,FINALIZADA,AFOGADOS,AV SUL,,,E/F AO TERMINAL INTEGRADO DO LARGO DA PAZ,AV SUL,,E/F AO TERMINAL INTEGRADO DO LARGO DA PAZ,AFOGADOS,,,COLISÃO,COLISAO DE DOIS AUTOS S/V,2,,,,,,,,,0,,,,,,,,,,,,,,,,,,
2018-03-22,15:30:00,SEM VÍTIMA,FINALIZADA,IMBIRIBEIRA,RUA JOSE DA SILVA LUCENA,273,,EM FRENTE A LACOMEX,RUA JOSE DA SILVA LUCENA,273,EM FRENTE A LACOMEX,IMBIRIBEIRA,,,COLISÃO,COLISÃO SEM VÍTIMA,2,,,,,,,,,0,,,,,,,,,,,,,,,,,,
2018-03-22,15:48:00,SEM VÍTIMA,FINALIZADA,SANTO AMARO,RUA AURORA,547,,E/F A DELEGACIA DA POLICIA CIVIL,RUA AURORA,547,E/F A DELEGACIA DA POLICIA CIVIL,SANTO AMARO,,,COLISÃO,COLISAO DE DOIS AUTOS S/V,2,,,,,,,,,0,,,,,,,,,,,,,,,,,,
2018-03-22,16:58:00,SEM VÍTIMA,FINALIZADA,CASA AMARELA,RUA DES GOIS CAVALCANTE,,,EM FRENTE AO HOSPITAL AGAMENON MAGALHÃES,RUA DES GOIS CAVALCANTE,,EM FRENTE AO HOSPITAL AGAMENON MAGALHÃES,CASA AMARELA,,,COLISÃO,COLISÃO SEM VÍTIMA,1,,,,,1,,,,0,,,,,,,,,,,,,,,,,,
2018-03-22,17:54:00,COM VÍTIMA,FINALIZADA,BOA VIAGEM,AV DES JOSE NEVES,,,PROX AO RESTAURANTE CANGAÇO E POSTO IPIRANGA / SNT CENTRO, ANTES DO TUNEL,AV DES JOSE NEVES,,PROX AO RESTAURANTE CANGAÇO E POSTO IPIRANGA / SNT CENTRO, ANTES DO TUNEL,BOA VIAGEM,,,COLISÃO,ENTRE MOTO E AUTO. C/V,1,1,,,,,,,,1,,,,,,,,,,,,,,,,
2018-03-22,18:23:00,SEM VÍTIMA,EQUIPE NO LOCAL,ILHA DO RETIRO,RUA SPORT CLUBE DO RECIFE,,,E/F AO CAMPO DO SPORT - AGENTE DE TRÃNSITO NO LOCAL ( GM ROBERTO JUNIOR ),RUA SPORT CLUBE DO RECIFE,,E/F AO CAMPO DO SPORT - AGENTE DE TRÃNSITO NO LOCAL ( GM ROBERTO JUNIOR ),ILHA DO RETIRO,,,COLISÃO,ENTRE AUTO E CAMINHÃO. S/V,1,,,,,,1,,,0,,,,,,,,,,,,,,,,,,
2018-03-22,18:38:00,SEM VÍTIMA,FINALIZADA,BEBERIBE,AV BEBERIBE,394,,FACULDADE SÃO MIGUEL,AV BEBERIBE,394,FACULDADE SÃO MIGUEL,BEBERIBE,,,COLISÃO,COLISÃO SEM VÍTIMA,3,,,,,,,,,0,,,,,,,,,,,,,,,,,,
2018-03-22,18:39:00,SEM VÍTIMA,FINALIZADA,CAMPO GRANDE,RUA ODORICO MENDES,,,CRUZANDO A AV AGEMENON, NA RUA DO CLUBE DAZ PAZ / E/F AO FERRO VELHO E ECO ESTAÇÃO AGAMENON,RUA ODORICO MENDES,,CRUZANDO A AV AGEMENON, NA RUA DO CLUBE DAZ PAZ / E/F AO FERRO VELHO E ECO ESTAÇÃO AGAMENON,CAMPO GRANDE,,,COLISÃO,ENTRE 2 AUTOS. S/V,2,,,,,,,,,0,,,,,,,,,,,,,,,,
2018-03-22,19:02:00,SEM VÍTIMA,FINALIZADA,JARDIM SÃO PAULO,RUA LEANDRO BARRETO,,,NA DESCIDA DO VIADUTO DE JD. SÃO PAULO/ ACADEMIA WM,RUA LEANDRO BARRETO,,NA DESCIDA DO VIADUTO DE JD. SÃO PAULO/ ACADEMIA WM,JARDIM SÃO PAULO,,,COLISÃO,,2,,,,,,,,,0,,,,,,,,,,,,,,,,,,
2018-03-22,19:04:00,SEM VÍTIMA,FINALIZADA,IPSEP,RUA ELIZA LEAL WANDERLEY,65,,PROX A PIZZARIA ATLÂNTICO, TERCEIRA RUA A DIREITA,RUA ELIZA LEAL WANDERLEY,65,PROX A PIZZARIA ATLÂNTICO, TERCEIRA RUA A DIREITA,IPSEP,,,COLISÃO,ENTRE 2 AUTOS. S/V,2,,,,,,,,,0,,,,,,,,,,,,,,,,
2018-03-22,19:07:00,SEM VÍTIMA,FINALIZADA,BOA VIAGEM,AV ENGENHEIRO DOMINGOS FERREIRA,2258,,FARMÁCIA BIG BEN/ ANTES DO VILA ARENA,AV ENGENHEIRO DOMINGOS FERREIRA,2258,FARMÁCIA BIG BEN/ ANTES DO VILA ARENA,BOA VIAGEM,,,COLISÃO,ENTRE 2 AUTOS. S/V,2,,,,,,,,,0,,,,,,,,,,,,,,,,,,
2018-03-22,19:27:00,SEM VÍTIMA,FINALIZADA,IMBIRIBEIRA,AV RECIFE,,,NA DESCIDA DO VIADUTO PRES TRANCREDO NEVES. SNT IPSEP,AV RECIFE,,NA DESCIDA DO VIADUTO PRES TRANCREDO NEVES. SNT IPSEP,IMBIRIBEIRA,,,COLISÃO,ENTRE 2 AUTOS. S/V,1,,,,,,1,,,0,,,,,,,,,,,,,,,,,,
2018-03-22,20:48:00,SEM VÍTIMA,FINALIZADA,MACAXEIRA,AV DR EURICO CHAVES,,,EM FRENTE A FARMACIA MANDACARU,AV DR EURICO CHAVES,,EM FRENTE A FARMACIA MANDACARU,MACAXEIRA,,,COLISÃO,AUTO X MOTOCICLETA SEM VITIMA,1,1,,,,,,,,0,,,,,,,,,,,,,,,,,,
2018-03-22,21:11:00,COM VÍTIMA,FINALIZADA,SANTO AMARO,AV MARIO MELO,,AV CRUZ CABUGA,CRUZAMENTO COM AV. CRUZ CABUGA, PROXIMO A IGREJA ASSEMBLEIA DE DEUS,AV MARIO MELO,,CRUZAMENTO COM AV. CRUZ CABUGA, PROXIMO A IGREJA ASSEMBLEIA DE DEUS,SANTO AMARO,,,COLISÃO,ENTRE 2 MOTOCICLISTAS COM VITIMA,,2,,,,,,,,1,,,,,,,,,,,,,,,,
2018-03-22,22:12:00,SEM VÍTIMA,FINALIZADA,TEJIPIÓ,RUA FALCAO DE LACERDA,,RUA QUINZE DE NOVEMBRO,SEMÁFORO 285 / CRUZ COM A R 15 DE NOVEMBRO,RUA FALCAO DE LACERDA,,SEMÁFORO 285 / CRUZ COM A R 15 DE NOVEMBRO,TEJIPIÓ,,,COLISÃO,ENTRE 2 AUTOS. S/V,2,,,,,,,,,0,,,,,,,,,,,,,,,,,,
2018-03-22,23:25:00,SEM VÍTIMA,FINALIZADA,SANTO AMARO,AV DANTAS BARRETO,,,SEMÁFORO 015,AV DANTAS BARRETO,,SEMÁFORO 015,SANTO AMARO,,,COLISÃO,ENTRE 2 ONIBUS. S/V,2,,,,,,,,,0,,,,,,,,,,,,,,,,,,
2018-03-23,06:10:00,SEM VÍTIMA,FINALIZADA,SÃO JOSÉ,RUA IMPERIAL,1410,,EM FRENTE AO ANTIGO CAANGA VEICULOS,RUA IMPERIAL,1410,EM FRENTE AO ANTIGO CAANGA VEICULOS,SÃO JOSÉ,,,CHOQUE,CONDUTOR CHOCOU SE COM UMA MURETA,1,,,,,,,,,0,,,,,,,,,,,,,,,,,,
2018-03-23,06:50:00,SEM VÍTIMA,FINALIZADA,COELHOS,RUA DOS COELHOS,,,AO LADO DO HOSPITAL IMIP NA DESCIDA DO VIADUTO JOAQUIM CARDOSO,RUA DOS COELHOS,,AO LADO DO HOSPITAL IMIP NA DESCIDA DO VIADUTO JOAQUIM CARDOSO,COELHOS,,,COLISÃO,COLISÃO SEM VITIMAS,1,1,,,,,,,,0,,,,,,,,,,,,,,,,,,
2018-03-23,07:20:00,SEM VÍTIMA,FINALIZADA,SANTO AMARO,RUA DA AURORA,547,,EM FRENTE AO EDF CARTES,RUA DA AURORA,547,EM FRENTE AO EDF CARTES,SANTO AMARO,,,COLISÃO,DOIS AUTOS,2,,,,,,,,,0,,,,,,,,,,,,,,,,,,
2018-03-23,08:55:00,COM VÍTIMA,CANCELADA,PRADO,RUA CARLOS GOMES,,,AO LADO DD CANAL EM FRENTE AO POSTO DE SAUDE ROMERO MARCOS,RUA CARLOS GOMES,,AO LADO DD CANAL EM FRENTE AO POSTO DE SAUDE ROMERO MARCOS,PRADO,,,COLISÃO,COLISÃO COM VITIMA A ESPERA DO SAMU,1,1,,,,,,,,1,,,,,,,,,,,,,,,,,,
2018-03-23,09:20:00,SEM VÍTIMA,FINALIZADA,BOA VIAGEM,RUA MINISTRO NELSON HUNGRIA,,RUA BERNARDINO PESSOA,CRUZ COM A RUA BERNARDINO PESSOA EM FRENTE AO COLEGIO SANTA MARIA,RUA MINISTRO NELSON HUNGRIA,,CRUZ COM A RUA BERNARDINO PESSOA EM FRENTE AO COLEGIO SANTA MARIA,BOA VIAGEM,,,COLISÃO,COLISÃO SEM VITIMAS,2,,,,,,,,,0,,,,,,,,,,,,,,,,,,
2018-03-23,09:27:00,SEM VÍTIMA,CANCELADA,VÁRZEA,RUA RIBEIRO PESSOA,,,SEMAFORO 281,RUA RIBEIRO PESSOA,,SEMAFORO 281,VÁRZEA,,,COLISÃO,DOIS AUTOS,2,,,,,,,,,0,,,,,,,,,,,,,,,,,,
2018-03-23,09:28:00,COM VÍTIMA,FINALIZADA,PRADO,RUA CARLOS GOMES,914,,EM FRENTE AO MULT JATO,RUA CARLOS GOMES,914,EM FRENTE AO MULT JATO,PRADO,,,COLISÃO,COM VITIMA SENDO SOCORRIDA PELO SAMU,1,1,,,,,,,,1,,,,,,,,,,,,,,,,,,
2018-03-23,09:47:00,SEM VÍTIMA,FINALIZADA,BOA VISTA,AV CONDE DA BOA VISTA,1463,,EM FRENTE A GRAFICA NACIONAL,AV CONDE DA BOA VISTA,1463,EM FRENTE A GRAFICA NACIONAL,BOA VISTA,,,COLISÃO,SEM VITIMAS,1,,,,,1,,,,0,,,,,,,,,,,,,,,,,,
2018-03-23,09:52:00,COM VÍTIMA,FINALIZADA,IMBIRIBEIRA,AV MARECHAL MASCARENHAS DE MORAES,,,SOB O VIADUTO TANCREDO NEVES SENTIDO AFOGADOS,AV MARECHAL MASCARENHAS DE MORAES,,SOB O VIADUTO TANCREDO NEVES SENTIDO AFOGADOS,IMBIRIBEIRA,,,COLISÃO,COLISÃO COM VITIMA,4,,,,,,1,,,1,,,,,,,,,,,,,,,,,,
2018-03-23,10:34:00,SEM VÍTIMA,FINALIZADA,BOA VIAGEM,RUA BARAO DE SOUZA LEAO,,RUA VISCONDE DE JEQUITINHONHA,ESQUINA COM A RUA VISCONDE DE JEQUINTINHONHA,SEMAFORO 129,RUA BARAO DE SOUZA LEAO,,ESQUINA COM A RUA VISCONDE DE JEQUINTINHONHA,SEMAFORO 129,BOA VIAGEM,,,COLISÃO,SEM VITIMAS,VEICULOS NO MEIO DA VIA SEM CONDIÇÕES DE SAIR,3,,,,,,,,,0,,,,,,,,,,,,,,,
2018-03-23,10:37:00,SEM VÍTIMA,CANCELADA,PRADO,AV ENGENHEIRO ABDIAS DE CARVALHO,149,,EM FRENTE A ESTACIO, E AO POSTO DE GASOLINA DISLUB, SENTIDO CENTRO,AV ENGENHEIRO ABDIAS DE CARVALHO,149,EM FRENTE A ESTACIO, E AO POSTO DE GASOLINA DISLUB, SENTIDO CENTRO,PRADO,,,COLISÃO,DOIS AUTOS S/V,2,,,,,,,,,0,,,,,,,,,,,,,,
2018-03-23,10:42:00,COM VÍTIMA,FINALIZADA,AFOGADOS,EST DOS REMEDIOS,1988,,SEMAFORO 052 SENT BENFICA / EM FRENTE A HC PNEUS,EST DOS REMEDIOS,1988,SEMAFORO 052 SENT BENFICA / EM FRENTE A HC PNEUS,AFOGADOS,,,COLISÃO,ONIBUS E VIATURA DO BOMBEIROS,,,,,,1,,1,,1,,,,,,,,,,,,,,,,,,
2018-03-23,10:57:00,SEM VÍTIMA,FINALIZADA,VASCO DA GAMA,RUA LUIZ CESARIO DE MELO,,,EM FRENTE AO TERMINAL DE ONIBUS NOVA TORRE,RUA LUIZ CESARIO DE MELO,,EM FRENTE AO TERMINAL DE ONIBUS NOVA TORRE,VASCO DA GAMA,,,COLISÃO,COLISÃO SEM VITIMAS,1,,,,,1,,,,0,,,,,,,,,,,,,,,,,,
2018-03-23,11:51:00,SEM VÍTIMA,FINALIZADA,PRADO,AV ENGENHEIRO ABDIAS DE CARVALHO,,,E/F AO HABIB´S S/T CURADO,AV ENGENHEIRO ABDIAS DE CARVALHO,,E/F AO HABIB´S S/T CURADO,PRADO,,,COLISÃO,,3,,,,,,,,,0,,,,,,,,,,,,,,,,,,
2018-03-23,12:02:00,SEM VÍTIMA,FINALIZADA,BOA VIAGEM,RUA COSMORAMA,380,,APOS O COLEGIO MADRE DE DEUS,RUA COSMORAMA,380,APOS O COLEGIO MADRE DE DEUS,BOA VIAGEM,,,COLISÃO,COLISAO DE DOIS AUTOS S/V,2,,,,,,,,,0,,,,,,,,,,,,,,,,,,
2018-03-23,12:28:00,SEM VÍTIMA,FINALIZADA,TORRÕES,AV INACIO MONTEIRO,601,,E/F AO DEPOSITO SANTA RITA,AV INACIO MONTEIRO,601,E/F AO DEPOSITO SANTA RITA,TORRÕES,,,COLISÃO,COLISAO DE AUTO E MOTO S/V,1,1,,,,,,,,0,,,,,,,,,,,,,,,,,,
2018-03-23,13:03:00,SEM VÍTIMA,FINALIZADA,BOA VIAGEM,RUA ERNESTO DE PAULA SANTOS,940,,E/F A UNIMED RECIFE,RUA ERNESTO DE PAULA SANTOS,940,E/F A UNIMED RECIFE,BOA VIAGEM,,,COLISÃO,COLISAO DE DOIS AUTOS S/V,2,,,,,,,,,0,,,,,,,,,,,,,,,,,,
2018-03-23,13:27:00,SEM VÍTIMA,FINALIZADA,DOIS IRMÃOS,AV DEZESSETE DE AGOSTO,,,PROX AO HOTEL SENZALA EM BAIXO DO VIADUTO S/T MACAXEIRA,AV DEZESSETE DE AGOSTO,,PROX AO HOTEL SENZALA EM BAIXO DO VIADUTO S/T MACAXEIRA,DOIS IRMÃOS,,,COLISÃO,COLISAO DE AUTO E CAMINHAO S/V,1,,,,,,1,,,0,,,,,,,,,,,,,,,,,,
2018-03-23,13:40:00,SEM VÍTIMA,FINALIZADA,ILHA DO RETIRO,RUA BENFICA,,,PROX. A BLUE ANGEL,RUA BENFICA,,PROX. A BLUE ANGEL,ILHA DO RETIRO,,,COLISÃO,COLISÃO DE AUTO E CAMINHÃO S/V,1,,,,,,1,,,0,,,,,,,,,,,,,,,,,,
2018-03-23,14:18:00,SEM VÍTIMA,FINALIZADA,CORDEIRO,RUA MAURICIO DE NASSAU,350,,PROX AO GOE,RUA MAURICIO DE NASSAU,350,PROX AO GOE,CORDEIRO,,,COLISÃO,COLISAO DE TRES AUTOS S/V,2,,,,,,,,,0,,,,,,,,,,,,,,,,,,
2018-03-23,15:00:00,SEM VÍTIMA,FINALIZADA,HIPÓDROMO,RUA MEM DE SA,,,PROX. A COCA COLA,RUA MEM DE SA,,PROX. A COCA COLA,HIPÓDROMO,,,COLISÃO,ENTRE COMPLEMENTAR E AUTO PASSEIO,1,,,,,1,,,,0,,,,,,,,,,,,,,,,,,
2018-03-23,15:38:00,COM VÍTIMA,FINALIZADA,BOA VIAGEM,RUA BALTAZAR PASSOS,,,PROX AO PARQUE DONA LINDU SENTIDO CANDEIAS,RUA BALTAZAR PASSOS,,PROX AO PARQUE DONA LINDU SENTIDO CANDEIAS,BOA VIAGEM,,,COLISÃO,COLISAO COM VEICULO E MOTO,1,1,,,,,,,,1,,,,,,,,,,,,,,,,,,
2018-03-23,16:33:00,SEM VÍTIMA,FINALIZADA,CORDEIRO,RUA FIRMINO DE BARROS,,RUA GOMES TABORDA,CRUZAMENTO COM GOMES TABORDA,RUA FIRMINO DE BARROS,,CRUZAMENTO COM GOMES TABORDA,CORDEIRO,,,COLISÃO,AUTO E MOTO S/V,1,1,,,,,,,,0,,,,,,,,,,,,,,,,,,