data,hora,natureza_acidente,situacao,bairro,endereco,numero,detalhe_endereco_acidente,complemento,endereco_cruzamento,numero_cruzamento,referencia_cruzamento,bairro_cruzamento,num_semaforo,sentido_via,tipo,descricao,auto,moto,ciclom,ciclista,pedestre,onibus,caminhao,viatura,outros,vitimas,vitimasfatais,acidente_verificado,tempo_clima,situacao_semaforo,sinalizacao,condicao_via,conservacao_via,ponto_controle,situacao_placa,velocidade_max_via,mao_direcao,divisao_via1,divisao_via2,divisao_via3,,,,
2018-03-23,17:31:00,SEM VÍTIMA,FINALIZADA,BOA VISTA,RUA JOAO FERNANDES VIEIRA,,,APOS O BOMPREÇO DO PARQUE AMORIM,RUA JOAO FERNANDES VIEIRA,,APOS O BOMPREÇO DO PARQUE AMORIM,BOA VISTA,,,COLISÃO,DOIS AUTOS S/V,2,,,,,,,,,0,,,,,,,,,,,,,,,,,,
2018-03-23,16:30:00,SEM VÍTIMA,FINALIZADA,TAMARINEIRA,EST DO ARRAIAL,2846,,APÓS O HOSPITAL AGAMENON MAGALHAES,EST DO ARRAIAL,2846,APÓS O HOSPITAL AGAMENON MAGALHAES,TAMARINEIRA,,,COLISÃO,,4,,,,,,,,,0,,,,,,,,,,,,,,,,,,
2018-03-23,17:31:00,SEM VÍTIMA,FINALIZADA,ROSARINHO,RUA BELMIRO CORREIA,,,PROX AO POSTO SHELL NA RUA DO ANTIGO COLEGIO ROSA GATTORNO,RUA BELMIRO CORREIA,,PROX AO POSTO SHELL NA RUA DO ANTIGO COLEGIO ROSA GATTORNO,ROSARINHO,,,COLISÃO,COLISAO DE DOIS AUTOS S/V,2,,,,,,,,,0,,,,,,,,,,,,,,,,,,
2018-03-23,17:37:00,SEM VÍTIMA,FINALIZADA,AFOGADOS,RUA COSME VIANA,,,E/F A TUPAN,RUA COSME VIANA,,E/F A TUPAN,AFOGADOS,,,COLISÃO,,,,,,,,2,,,0,,,,,,,,,,,,,,,,,,
2018-03-23,18:00:00,COM VÍTIMA,FINALIZADA,IMBIRIBEIRA,AV RECIFE,,,EM FRENTE AO SAL E BRASA, SENTIDO AO AEROPORTO,AV RECIFE,,EM FRENTE AO SAL E BRASA, SENTIDO AO AEROPORTO,IMBIRIBEIRA,,,COLISÃO,AUTO, CAMINHAO E MOTO,1,1,,,,,1,,,1,,,,,,,,,,,,,,,
2018-03-23,18:22:00,SEM VÍTIMA,CANCELADA,TORRÕES,AV ENGENHEIRO ABDIAS DE CARVALHO,1668,,E/F AO YOKI GALETOS E POSTO BR / PROX A UPA DE TORRÕES,AV ENGENHEIRO ABDIAS DE CARVALHO,1668,E/F AO YOKI GALETOS E POSTO BR / PROX A UPA DE TORRÕES,TORRÕES,,,COLISÃO,ENTRE 2 AUTOS. S/V,1,,,,,,1,,,0,,,,,,,,,,,,,,,,,,
2018-03-23,18:27:00,SEM VÍTIMA,CANCELADA,JORDÃO,AV JULIO CESAR,,,BASE AÉREA,AV JULIO CESAR,,BASE AÉREA,JORDÃO,,,COLISÃO,ENTRE MOTO E CARRO S/V,1,1,,,,,,,,0,,,,,,,,,,,,,,,,,,
2018-03-23,19:23:00,SEM VÍTIMA,FINALIZADA,CAXANGÁ,AV CAXANGA,,,NA ESQUINA DO HOSPITAL STAª TEREZINHA,AV CAXANGA,,NA ESQUINA DO HOSPITAL STAª TEREZINHA,CAXANGÁ,,,COLISÃO,,2,,,,,,,,,0,,,,,,,,,,,,,,,,,,
2018-03-23,19:54:00,COM VÍTIMA,CANCELADA,AREIAS,AV RECIFE,,,E/F AO MAKRO SENTIDO BR 101,AV RECIFE,,E/F AO MAKRO SENTIDO BR 101,AREIAS,,,COLISÃO,CAMINHÃO DERRAMOU ÓLEO NA VIA E SE EVADIU DO LOCAL,,1,,,,,1,,,1,,,,,,,,,,,,,,,,,,
2018-03-23,20:14:00,SEM VÍTIMA,FINALIZADA,BOA VIAGEM,AV FERNANDO SIMOES BARBOSA,,,SAIDA DO EDF GARAGEM DO SHOPPING RECIFE - PARTE INTERNA DA CANCELA,AV FERNANDO SIMOES BARBOSA,,SAIDA DO EDF GARAGEM DO SHOPPING RECIFE - PARTE INTERNA DA CANCELA,BOA VIAGEM,,,COLISÃO,COLISÃO DOIS AUTOS S/VITIMA,2,,,,,,,,,0,,,,,,,,,,,,,,,,,,
2018-03-23,20:47:00,SEM VÍTIMA,FINALIZADA,ILHA DO RETIRO,RUA SPORT CLUBE DO RECIFE,XX,,E/F A LOJA OFICIAL DO SPORT CLUB DO RECIFE,RUA SPORT CLUBE DO RECIFE,XX,E/F A LOJA OFICIAL DO SPORT CLUB DO RECIFE,ILHA DO RETIRO,,,COLISÃO,COLISÃO 2 AUTOS S/V,2,,,,,,,,,0,,,,,,,,,,,,,,,,,,
2018-03-23,22:03:00,SEM VÍTIMA,FINALIZADA,PINA,AVENIDA CELSO FURTADO (VIA MANGUE),,,AO LADO DO RIO MAR / NA ENTRADA DA VIA MANGUE,AVENIDA CELSO FURTADO (VIA MANGUE),,AO LADO DO RIO MAR / NA ENTRADA DA VIA MANGUE,PINA,,,COLISÃO,ENTRE 2 AUTOS. S/VV,2,,,,,,,,,0,,,,,,,,,,,,,,,,,,
2018-03-24,00:00:00,COM VÍTIMA,FINALIZADA,AREIAS,AV RECIFE,,,SEMÁFORO 59 // EM FRENTE A FARMÁCIA PAGUE MENOS,AV RECIFE,,SEMÁFORO 59 // EM FRENTE A FARMÁCIA PAGUE MENOS,AREIAS,,,COLISÃO,COLISÃO ENTRE AUTO E MOTO C/ VÍTIMAS,1,1,,,,,,,,2,,,,,,,,,,,,,,,,,,
2018-03-24,04:33:00,VÍTIMA FATAL,FINALIZADA,APIPUCOS,RUA DE APIPUCOS,,,EM FRENTE AO ARCADIA,RUA DE APIPUCOS,,EM FRENTE AO ARCADIA,APIPUCOS,,,COLISÃO,COLISÃO ENTRE DOIS CARROS C/V,2,,,,,,,,,6,1,,,,,,,,,,,,,,,,,
2018-03-24,06:35:00,COM VÍTIMA,FINALIZADA,CASA AMARELA,AV NORTE,,RUA PADRE LEMOS,COM A RUA PADRE LEMOS,AV NORTE,,COM A RUA PADRE LEMOS,CASA AMARELA,,,COLISÃO,COLISÃO ENTRE DOIS CARROS C/V,1,,,,,,1,,,1,,,,,,,,,,,,,,,,,,
2018-03-24,07:19:00,SEM VÍTIMA,FINALIZADA,GRAÇAS,PRC DO ENTRONCAMENTO,,,NA PRAÇA DO ENTRONCAMENTO,PRC DO ENTRONCAMENTO,,NA PRAÇA DO ENTRONCAMENTO,GRAÇAS,,,CHOQUE,CONDUTOR COM SINTOMAS DE EMBRIAGUEZ,1,,,,,,,,,0,,,,,,,,,,,,,,,,,,
2018-03-24,07:30:00,SEM VÍTIMA,FINALIZADA,ESTÂNCIA,AV DR JOSE RUFINO,730,,E/F AO ARMAZÉM CORAL / APÓS O VIADUTO LOCAL,AV DR JOSE RUFINO,730,E/F AO ARMAZÉM CORAL / APÓS O VIADUTO LOCAL,ESTÂNCIA,,,ENGAVETAMENTO,ENTRE 3 AUTOS. S/V,3,,,,,,,,,0,,,,,,,,,,,,,,,,,,
2018-03-24,08:01:00,SEM VÍTIMA,FINALIZADA,BOA VIAGEM,AV BOA VIAGEM,3456,,EM FRENTE AO EDF REMBRANDT,AV BOA VIAGEM,3456,EM FRENTE AO EDF REMBRANDT,BOA VIAGEM,,,COLISÃO,SEM VITIMAS,VEICULOS COM AS RODAS TRAVADAS.,2,,,,,,,,,0,,,,,,,,,,,,,,,,,
2018-03-24,09:15:00,SEM VÍTIMA,FINALIZADA,JARDIM SÃO PAULO,RUA LEOBINA PEREIRA,334,,RUA DA PIZZARIA DOS GEMEOS,RUA LEOBINA PEREIRA,334,RUA DA PIZZARIA DOS GEMEOS,JARDIM SÃO PAULO,,,CHOQUE,VEICULO CHOCOU-SE COM UM MURO,1,,,,,,,,,0,,,,,,,,,,,,,,,,,,
2018-03-24,09:22:00,COM VÍTIMA,FINALIZADA,SANTO AMARO,AV GOVERNADOR AGAMENON MAGALHAES,,,EM FRENTE AO MINISTERIO DO TRABALHO / SENT BOA VIAGEM/,AV GOVERNADOR AGAMENON MAGALHAES,,EM FRENTE AO MINISTERIO DO TRABALHO / SENT BOA VIAGEM/,SANTO AMARO,,,COLISÃO,COL.COM VITIMA,1,1,,,,,,,,1,,,,,,,,,,,,,,,,,,
2018-03-24,09:33:00,SEM VÍTIMA,CANCELADA,VÁRZEA,AV PROFESSOR ARTUR DE SA,1010 B,,PROX AO CEMITÉRIO DA VÁRZEA E FACULDADE FEDERAL,AV PROFESSOR ARTUR DE SA,1010 B,PROX AO CEMITÉRIO DA VÁRZEA E FACULDADE FEDERAL,VÁRZEA,,,COLISÃO,ENTRE 2 AUTOS. S/V,2,,,,,,,,,0,,,,,,,,,,,,,,,,,,
2018-03-24,09:56:00,SEM VÍTIMA,CANCELADA,IMBIRIBEIRA,AV MARECHAL MASCARENHAS DE MORAES,,,EM BAIXO DA PASSARELA DE PEDESTRE EM FRENTE AO AEROPORTO / SENT SUB,AV MARECHAL MASCARENHAS DE MORAES,,EM BAIXO DA PASSARELA DE PEDESTRE EM FRENTE AO AEROPORTO / SENT SUB,IMBIRIBEIRA,,,COLISÃO,ONIBUS E AUTO,1,1,,,,,,,,0,,,,,,,,,,,,,,,,,,
2018-03-24,10:22:00,COM VÍTIMA,FINALIZADA,MANGABEIRA,AV PROFESSOR JOSE DOS ANJOS,,AV NORTE,COM AVENIDA NORTE, SEMÁFORO 364.,AV PROFESSOR JOSE DOS ANJOS,,COM AVENIDA NORTE, SEMÁFORO 364.,MANGABEIRA,,,COLISÃO,COLISÃO COM VÍTIMA, ENTRE AUTO E MOTO,1,1,,,,,,,,1,,,,,,,,,,,,,,,
2018-03-24,10:38:00,SEM VÍTIMA,FINALIZADA,BOA VIAGEM,RUA ALMIRANTE NELSON FERNANDES,,,APOS O COLEGIO SANTOS DUMONT PRIMEIRA A DIREITA,RUA ALMIRANTE NELSON FERNANDES,,APOS O COLEGIO SANTOS DUMONT PRIMEIRA A DIREITA,BOA VIAGEM,,,COLISÃO,SEM VITIMAS.,2,,,,,1,,,,0,,,,,,,,,,,,,,,,,,
2018-03-24,10:59:00,SEM VÍTIMA,FINALIZADA,TORRE,AV VISCONDE DE ALBUQUERQUE,,RUA LOPES DE CARVALHO,COM RUA LOPES DE CARVALHO / EM FRENTE A GALERIA MADALENA CENTER,AV VISCONDE DE ALBUQUERQUE,,COM RUA LOPES DE CARVALHO / EM FRENTE A GALERIA MADALENA CENTER,TORRE,,,COLISÃO,,2,,,,,,,,,0,,,,,,,,,,,,,,,,,,
2018-03-24,12:46:00,SEM VÍTIMA,FINALIZADA,IMBIRIBEIRA,AV MARECHAL MASCARENHAS DE MORAES,,,NA SAIDA DA AV RECIFE E/F A JUSTIÇA DO TRABALHO,AV MARECHAL MASCARENHAS DE MORAES,,NA SAIDA DA AV RECIFE E/F A JUSTIÇA DO TRABALHO,IMBIRIBEIRA,,,COLISÃO,COLISAO DE CAMINHAO E AUTO S/V,1,,,,,,1,,,0,,,,,,,,,,,,,,,,,,
2018-03-24,13:06:00,SEM VÍTIMA,FINALIZADA,MANGABEIRA,AV PROFESSOR JOSE DOS ANJOS,,AV NORTE,PROXIMO AO POSTO BR/ SENTIDO ARRUDA/ CRUZAMENTO COM A AV. NORTE,AV PROFESSOR JOSE DOS ANJOS,,PROXIMO AO POSTO BR/ SENTIDO ARRUDA/ CRUZAMENTO COM A AV. NORTE,MANGABEIRA,,,COLISÃO,COLISÃO SEM VÍTIMA,2,,,,,,1,,,0,,,,,,,,,,,,,,,,,,
2018-03-24,13:33:00,SEM VÍTIMA,FINALIZADA,NOVA DESCOBERTA,RUA CORREGO DA AREIA,881,,EM FRENTE AO TERMINAL DE ONIBUS DE NOVA DESCOBERTA,RUA CORREGO DA AREIA,881,EM FRENTE AO TERMINAL DE ONIBUS DE NOVA DESCOBERTA,NOVA DESCOBERTA,,,COLISÃO,COLISÃO SEM VITIMAS,,,,,,1,,1,,0,,,,,,,,,,,,,,,,,,
2018-03-24,13:56:00,SEM VÍTIMA,FINALIZADA,PAISSANDU,PRC DA BANDEIRA,,,APOS O VIADUTO CHICO SCIENCE SENTIDO DERBY,PRC DA BANDEIRA,,APOS O VIADUTO CHICO SCIENCE SENTIDO DERBY,PAISSANDU,,,COLISÃO,COLISÃO SEM VITIMAS,2,,,,,,,,,0,,,,,,,,,,,,,,,,,,
2018-03-24,14:38:00,SEM VÍTIMA,CANCELADA,ROSARINHO,EST DO ARRAIAL,2466,,EM FRENTE A FARMACIA SANDRA,EST DO ARRAIAL,2466,EM FRENTE A FARMACIA SANDRA,ROSARINHO,,,COLISÃO,COLISÃO SEM VÍTIMA,2,,,,,,,,,0,,,,,,,,,,,,,,,,,,
2018-03-24,14:49:00,SEM VÍTIMA,FINALIZADA,AREIAS,AV DR JOSE RUFINO,1552,,EM FRENTE A IGREJA PRESBITERIANA,AV DR JOSE RUFINO,1552,EM FRENTE A IGREJA PRESBITERIANA,AREIAS,,,COLISÃO,COLISÃO SEM VÍTIMA,1,,,,,1,,,,0,,,,,,,,,,,,,,,,,,
2018-03-24,15:30:00,SEM VÍTIMA,FINALIZADA,VÁRZEA,AV PREFEITO ANTONIO PEREIRA,,,DENTRO DO TERMINAL RODOVIARIO DO TIP NO PORTAO DE EMBARQUE E DESEMBARQUE,AV PREFEITO ANTONIO PEREIRA,,DENTRO DO TERMINAL RODOVIARIO DO TIP NO PORTAO DE EMBARQUE E DESEMBARQUE,VÁRZEA,,,COLISÃO,COLISÃO SEM VITIMAS,1,,,,,1,,,,0,,,,,,,,,,,,,,,,,,
2018-03-24,16:00:00,SEM VÍTIMA,FINALIZADA,AFOGADOS,RUA SAO MIGUEL,,,EM FRENTE AO BODE DO NÕ,RUA SAO MIGUEL,,EM FRENTE AO BODE DO NÕ,AFOGADOS,,,COLISÃO,COLISÃO SEM VITIMAS,1,1,,,,,,,,0,,,,,,,,,,,,,,,,,,
2018-03-24,17:05:00,COM VÍTIMA,FINALIZADA,VÁRZEA,RUA RODRIGUES FERREIRA,244,,PROX. A PADARIA CAXANGA,RUA RODRIGUES FERREIRA,244,PROX. A PADARIA CAXANGA,VÁRZEA,,,COLISÃO COM CICLISTA,AUTO E CICLISTA,1,,,1,,,,,,1,,,,,,,,,,,,,,,,,,
2018-03-24,19:04:00,SEM VÍTIMA,FINALIZADA,BOA VIAGEM,AV BOA VIAGEM,1064,,EM FRENTE AO MARANTES PLAZA HOTEL,AV BOA VIAGEM,1064,EM FRENTE AO MARANTES PLAZA HOTEL,BOA VIAGEM,,,COLISÃO,DOIS AUTOS,2,,,,,,,,,0,,,,,,,,,,,,,,,,,,
2018-03-24,19:04:00,SEM VÍTIMA,CANCELADA,BOA VIAGEM,RUA BARAO DE SOUZA LEAO,849,,PROXIMIDADES AO COLÉGIO SANTOS DUMONT,RUA BARAO DE SOUZA LEAO,849,PROXIMIDADES AO COLÉGIO SANTOS DUMONT,BOA VIAGEM,,,COLISÃO,ENTRE 2 AUTOS. S/V,2,,,,,,,,,0,,,,,,,,,,,,,,,,,,
2018-03-24,19:11:00,SEM VÍTIMA,CANCELADA,IPUTINGA,RUA DR JOSE ANASTACIO DA SILVA GUIMARAES,561,,E/F AO MERCADO COBAL DO CARDOSO E RENDE MAIS,RUA DR JOSE ANASTACIO DA SILVA GUIMARAES,561,E/F AO MERCADO COBAL DO CARDOSO E RENDE MAIS,IPUTINGA,,,COLISÃO,ENTRE 2 AUTOS. S/V,2,,,,,,,,,0,,,,,,,,,,,,,,,,,,
2018-03-24,19:28:00,COM VÍTIMA,FINALIZADA,TORRÕES,RUA DO FORTE,,,E/F A PRAÇA DO QUINZE,RUA DO FORTE,,E/F A PRAÇA DO QUINZE,TORRÕES,,,COLISÃO,ENTRE AUTO PASSEIO E MOTO DO BPTRAN. C/V,1,1,,,,,,,,1,,,,,,,,,,,,,,,,,,
2018-03-24,19:38:00,SEM VÍTIMA,FINALIZADA,GRAÇAS,AV RUI BARBOSA,1104,,EM FRENTE AO COLEGIO MARISTA,AV RUI BARBOSA,1104,EM FRENTE AO COLEGIO MARISTA,GRAÇAS,,,COLISÃO,DOIS AUTOS,2,,,,,,,,,0,,,,,,,,,,,,,,,,,,
2018-03-24,19:42:00,SEM VÍTIMA,FINALIZADA,ALTO DO MANDU,RUA MANDACARU,606,,EM FRENTE AO MERCADINHO MANDACARU,RUA MANDACARU,606,EM FRENTE AO MERCADINHO MANDACARU,ALTO DO MANDU,,,COLISÃO,AUTO E CAMINHÃO,1,,,,,,1,,,0,,,,,,,,,,,,,,,,,,
2018-03-24,19:53:00,,CANCELADA,GRAÇAS,AV RUI BARBOSA,,,E/F AO COLÉGIO MARISTA,AV RUI BARBOSA,,E/F AO COLÉGIO MARISTA,GRAÇAS,,,COLISÃO,ENTRE 2 AUTOS. S/-V,2,,,,,,,,,0,,,,,,,,,,,,,,,,,,
2018-03-24,19:57:00,SEM VÍTIMA,CANCELADA,TORRE,RUA JOSE BONIFACIO,,,E/F A DROGASIL E PAGUE MENOS / PROX AO ATACADO DOS PRESENTES,RUA JOSE BONIFACIO,,E/F A DROGASIL E PAGUE MENOS / PROX AO ATACADO DOS PRESENTES,TORRE,,,COLISÃO,ENTRE 2. S/V,2,,,,,,,,,0,,,,,,,,,,,,,,,,,,
2018-03-24,20:02:00,SEM VÍTIMA,FINALIZADA,IPSEP,RUA JEAN EMILE FAVRE,,,EM FRENTE A PADARIA VILA DO PAO,RUA JEAN EMILE FAVRE,,EM FRENTE A PADARIA VILA DO PAO,IPSEP,,,COLISÃO,ONIBUS E AUTO,1,,,,,1,,,,0,,,,,,,,,,,,,,,,,,
2018-03-24,20:09:00,SEM VÍTIMA,FINALIZADA,BOA VIAGEM,AV ENGENHEIRO DOMINGOS FERREIRA,,RUA DONA BENVINDA DE FARIAS,E/F A FARMÁCIA BIG BEN / ESQUINA COM A R DONA BEM VINDA DE FARIAS,AV ENGENHEIRO DOMINGOS FERREIRA,,E/F A FARMÁCIA BIG BEN / ESQUINA COM A R DONA BEM VINDA DE FARIAS,BOA VIAGEM,,,COLISÃO,ENTRE AUTO E ÔNIBUS. S/V,1,,,,,1,,,,0,,,,,,,,,,,,,,,,,,
2018-03-24,20:37:00,SEM VÍTIMA,FINALIZADA,BOA VIAGEM,RUA BARAO DE SOUZA LEAO,,,EM FRENTE AO SUPERMERCADO TREVO,RUA BARAO DE SOUZA LEAO,,EM FRENTE AO SUPERMERCADO TREVO,BOA VIAGEM,,,COLISÃO,DOIS AUTOS,2,,,,,,,,,0,,,,,,,,,,,,,,,,,,
2018-03-24,21:31:00,SEM VÍTIMA,FINALIZADA,TAMARINEIRA,AV NORTE,SEMSFORO 62,RUA CONEGO BARATA,CRUZAMENTO COM RUA CONEGO BARATA E ESTRADA VELHA DE ÁGUA FRIA,AV NORTE,SEMSFORO 62,CRUZAMENTO COM RUA CONEGO BARATA E ESTRADA VELHA DE ÁGUA FRIA,TAMARINEIRA,,,CHOQUE,ENTRE AUTO E PRISMA DE CONCRETO. VT 14 NO LOCAL ORIENTOU O USUÁRIO ENTRAR EM CONTATO COM O 0800, PARA O MESMO OBTER O PROTOCOLO DA OCORRÊNCIA,1,,,,,,,,,0,,,,,,,,,,,,,,,,,
2018-03-24,21:45:00,SEM VÍTIMA,FINALIZADA,FUNDÃO,RUA CORONEL URBANO RIBEIRO DE SENA,487,,PROXIMIDADES DA PIZZARIA VICOUS E CALDINHO DO ELIO,RUA CORONEL URBANO RIBEIRO DE SENA,487,PROXIMIDADES DA PIZZARIA VICOUS E CALDINHO DO ELIO,FUNDÃO,,,COLISÃO,ENTRE 2 AUTOS. S/V,2,,,,,,,,,0,,,,,,,,,,,,,,,,,,
2018-03-24,22:36:00,SEM VÍTIMA,FINALIZADA,MADALENA,RUA BENFICA,,,PROX AO CLUBE INTERNACIONAL // SEMÁFORO 590 - PRAÇA EUCLIDES DA CUNHA SÁIDA DO TÚNEL CHICO SCIENCE,RUA BENFICA,,PROX AO CLUBE INTERNACIONAL // SEMÁFORO 590 - PRAÇA EUCLIDES DA CUNHA SÁIDA DO TÚNEL CHICO SCIENCE,MADALENA,,,COLISÃO,ENTRE 2 AUTOS. S/V,2,,,,,,,,,0,,,,,,,,,,,,,,,,,,
2018-03-25,00:24:00,SEM VÍTIMA,FINALIZADA,CASA FORTE,PRC DE CASA FORTE,,,EM FRENTE A IGREJA MATRIZ DE CASA FORTE,PRC DE CASA FORTE,,EM FRENTE A IGREJA MATRIZ DE CASA FORTE,CASA FORTE,,,COLISÃO,COLISÃO ENTRE DOIS AUTOS S/V,2,,,,,,,,,0,,,,,,,,,,,,,,,,,,
2018-03-25,05:20:00,COM VÍTIMA,CANCELADA,ILHA DO RETIRO,RUA BENFICA,,,SENTIDO CIDADE APOS A ILHA DO RETIRO PRIMEIRA A DIREITA, ANTES DO TUNEL CHICO SCIENCE,RUA BENFICA,,SENTIDO CIDADE APOS A ILHA DO RETIRO PRIMEIRA A DIREITA, ANTES DO TUNEL CHICO SCIENCE,ILHA DO RETIRO,,,ACID. DE PERCURSO,ACIDENTE DE PERCURSO ENVOLVENDO MOTO C/V,,1,,,,,,,,1,,,,,,,,,,,,,,,,
2018-03-25,05:48:00,SEM VÍTIMA,FINALIZADA,BOA VIAGEM,AV ENGENHEIRO DOMINGOS FERREIRA,1222,,PROX AO POSTO SHELL, ALTO PARVI, LADO ESQUERDO,AV ENGENHEIRO DOMINGOS FERREIRA,1222,PROX AO POSTO SHELL, ALTO PARVI, LADO ESQUERDO,BOA VIAGEM,,,COLISÃO,COLISÃO ENTRE TRES AUTOS S/V,3,,,,,,,,,0,,,,,,,,,,,,,,
2018-03-25,07:46:00,SEM VÍTIMA,FINALIZADA,GRAÇAS,AV RUI BARBOSA,,,EM FRENTE A PIZZARIA ATLANTICO / SEMAFORO 126,AV RUI BARBOSA,,EM FRENTE A PIZZARIA ATLANTICO / SEMAFORO 126,GRAÇAS,,,COLISÃO,DOIS AUTOS,2,,,,,,,,,0,,,,,,,,,,,,,,,,,,
2018-03-25,12:16:00,SEM VÍTIMA,PENDENTE,PINA,AV BOA VIAGEM,,,AO LADO DO RECIFE PRAIA HOTEL,AV BOA VIAGEM,,AO LADO DO RECIFE PRAIA HOTEL,PINA,,,COLISÃO,COLISÃO SEM VÍTIMA,2,,,,,,,,,0,,,,,,,,,,,,,,,,,,
2018-03-25,12:27:00,SEM VÍTIMA,FINALIZADA,CAXANGÁ,AV CAXANGA,1118,,EM FRENTE A CAIXA ECONOMICA SENT. CAMARAGIBE,AV CAXANGA,1118,EM FRENTE A CAIXA ECONOMICA SENT. CAMARAGIBE,CAXANGÁ,,,COLISÃO,4 AUTOS,4,,,,,,,,,0,,,,,,,,,,,,,,,,,,
2018-03-25,12:33:00,SEM VÍTIMA,FINALIZADA,BOMBA DO HEMETÉRIO,RUA BOMBA DO HEMETERIO,596,,PROX. AO SUPERMERCADO BOM GOSTO,RUA BOMBA DO HEMETERIO,596,PROX. AO SUPERMERCADO BOM GOSTO,BOMBA DO HEMETÉRIO,,,COLISÃO,ONIBUS E AUTO,1,,,,,1,,,,0,,,,,,,,,,,,,,,,,,
2018-03-25,12:50:00,SEM VÍTIMA,FINALIZADA,CIDADE UNIVERSITÁRIA,RUA GENERAL POLIDORO,590,,EM FRENTE A PIZZARIA NOVA KIS,RUA GENERAL POLIDORO,590,EM FRENTE A PIZZARIA NOVA KIS,CIDADE UNIVERSITÁRIA,,,COLISÃO,MOTO E AUTO,1,1,,,,,,,,0,,,,,,,,,,,,,,,,,,
2018-03-25,13:58:00,SEM VÍTIMA,FINALIZADA,CASA AMARELA,RUA DA HARMONIA,,,NO SEMÁFORO 074/ PROXIMO AO EDIFICIO BARCELONA,RUA DA HARMONIA,,NO SEMÁFORO 074/ PROXIMO AO EDIFICIO BARCELONA,CASA AMARELA,,,COLISÃO,COLISÃO SEM VÍTIMA,1,,,,,1,,,,0,,,,,,,,,,,,,,,,,,
2018-03-25,14:01:00,SEM VÍTIMA,CANCELADA,AFOGADOS,RUA DR ADELINO,148,,PROX. AO BAR ESQUINA DO LEO,RUA DR ADELINO,148,PROX. AO BAR ESQUINA DO LEO,AFOGADOS,,,COLISÃO,DOIS AUTOS,2,,,,,,,,,0,,,,,,,,,,,,,,,,,,
2018-03-25,14:05:00,SEM VÍTIMA,FINALIZADA,BOA VIAGEM,RUA VISCONDE DE JEQUITINHONHA,850,RUA PROF MARIO DE CASTRO,COM A RUA MARIO DE CASTRO, PROX. AO CURSO BRITANIC,RUA VISCONDE DE JEQUITINHONHA,850,COM A RUA MARIO DE CASTRO, PROX. AO CURSO BRITANIC,BOA VIAGEM,,,COLISÃO,DOIS AUTOS VT-13,2,,,,,,,,,0,,,,,,,,,,,,,,,,
2018-03-25,14:42:00,COM VÍTIMA,FINALIZADA,CORDEIRO,EST DO FORTE DO ARRAIAL N. DO B. JESUS,150,,,EST DO FORTE DO ARRAIAL N. DO B. JESUS,150,,CORDEIRO,,,COLISÃO,COLISÃO ENTRE AUTO E MOTO COM VÍTIMA,1,1,,,,,,,,1,,,,,,,,,,,,,,,,,,
2018-03-25,15:01:00,COM VÍTIMA,FINALIZADA,IMBIRIBEIRA,RUA PAMPULHA,,RUA ITAJAI,COM A RUA ITAJAI, EM FRENTE DA PANIFICADORA VALE DO RIO DOCE,RUA PAMPULHA,,COM A RUA ITAJAI, EM FRENTE DA PANIFICADORA VALE DO RIO DOCE,IMBIRIBEIRA,,,COLISÃO,MOTO E AUTO,1,1,,,,,,,,2,,,,,,,,,,,,,,,,
2018-03-25,17:07:00,SEM VÍTIMA,FINALIZADA,ILHA DO RETIRO,AV ENGENHEIRO ABDIAS DE CARVALHO,,,EM FRENTE AO SPORT/ SENTIDO CIDADE,AV ENGENHEIRO ABDIAS DE CARVALHO,,EM FRENTE AO SPORT/ SENTIDO CIDADE,ILHA DO RETIRO,,,COLISÃO,COLISÃO SEM VÍTIMA,2,,,,,,,,,0,,,,,,,,,,,,,,,,,,
2018-03-25,17:20:00,SEM VÍTIMA,FINALIZADA,IBURA,RUA EXP FRANCISCO VITORIANO,35,,EM FRENTE A DROGA MEDIC, UR-05,RUA EXP FRANCISCO VITORIANO,35,EM FRENTE A DROGA MEDIC, UR-05,IBURA,,,COLISÃO,ONIBUS E AUTO,1,,,,,1,,,,0,,,,,,,,,,,,,,,,
2018-03-25,18:11:00,SEM VÍTIMA,FINALIZADA,IMBIRIBEIRA,AV MARECHAL MASCARENHAS DE MORAES,,,EM FRENTE A CONCESSIONARIA FORD// SENTIDO JABOATÃO, AEROPORTO,AV MARECHAL MASCARENHAS DE MORAES,,EM FRENTE A CONCESSIONARIA FORD// SENTIDO JABOATÃO, AEROPORTO,IMBIRIBEIRA,,,COLISÃO,COLISÃO ENTRE AUTO E MOTO S/V,1,1,,,,,,,,0,,,,,,,,,,,,,,,,
2018-03-25,19:48:00,SEM VÍTIMA,FINALIZADA,IBURA,AV DOIS RIOS,563,,PROX DO POSTO TOTAL, PROX DA IGREJA PROX DA IGREJA ELSHADAY,AV DOIS RIOS,563,PROX DO POSTO TOTAL, PROX DA IGREJA PROX DA IGREJA ELSHADAY,IBURA,,,COLISÃO,COLISÃO ENTRE TRES AUTOS S/V,3,,,,,,,,,0,,,,,,,,,,,,,,,,
2018-03-25,19:50:00,SEM VÍTIMA,CANCELADA,VASCO DA GAMA,RUA VASCO DA GAMA,74,,E/F A FARMACIA DA SAÚDE / PRÓX AO SESI DO VASCO,RUA VASCO DA GAMA,74,E/F A FARMACIA DA SAÚDE / PRÓX AO SESI DO VASCO,VASCO DA GAMA,,,COLISÃO,ENTRE 2 AUTOS. S/V,2,,,,,,,,,0,,,,,,,,,,,,,,,,,,
2018-03-25,21:31:00,SEM VÍTIMA,FINALIZADA,DERBY,AV GOVERNADOR AGAMENON MAGALHAES,,,E/F AO COLÉGIO AMERICANO BATISTA. SNT OLINDA,AV GOVERNADOR AGAMENON MAGALHAES,,E/F AO COLÉGIO AMERICANO BATISTA. SNT OLINDA,DERBY,,,COLISÃO,ENTRE 2 AUTOS. S/V (( VT 09 NO LOCAL )),2,,,,,,,,,0,,,,,,,,,,,,,,,,,,