data,hora,natureza_acidente,situacao,bairro,endereco,numero,detalhe_endereco_acidente,complemento,endereco_cruzamento,numero_cruzamento,referencia_cruzamento,bairro_cruzamento,num_semaforo,sentido_via,tipo,descricao,auto,moto,ciclom,ciclista,pedestre,onibus,caminhao,viatura,outros,vitimas,vitimasfatais,acidente_verificado,tempo_clima,situacao_semaforo,sinalizacao,condicao_via,conservacao_via,ponto_controle,situacao_placa,velocidade_max_via,mao_direcao,divisao_via1,divisao_via2,divisao_via3,,,,
2018-03-25,21:58:00,SEM VÍTIMA,FINALIZADA,TAMARINEIRA,AV NORTE,,,SEMÁFORO 456,AV NORTE,,SEMÁFORO 456,TAMARINEIRA,,,COLISÃO,ENTRE 2 AUTOS. S/V,2,,,,,,,,,0,,,,,,,,,,,,,,,,,,
2018-03-25,22:19:00,SEM VÍTIMA,FINALIZADA,SANTO AMARO,RUA COELHO LEITE,,,NA MESMA RUA DO IML / E/F AO CENTRO DE QUALIFICAÇÃO PROFISSIONAL SÃO JOSÉ,RUA COELHO LEITE,,NA MESMA RUA DO IML / E/F AO CENTRO DE QUALIFICAÇÃO PROFISSIONAL SÃO JOSÉ,SANTO AMARO,,,COLISÃO,ENTRE 2 AUTOS. S/V,2,,,,,,,,,0,,,,,,,,,,,,,,,,,,
2018-03-25,22:22:00,SEM VÍTIMA,FINALIZADA,BEBERIBE,AV BEBERIBE,2740,,E/F A ASSEMBLEIA DE DEUS MINISTÉRIO SANTOS, SNT CIDADE/SUB //,AV BEBERIBE,2740,E/F A ASSEMBLEIA DE DEUS MINISTÉRIO SANTOS, SNT CIDADE/SUB //,BEBERIBE,,,COLISÃO,ENTRE 2 AUTOS. S/V,2,,,,,,,,,0,,,,,,,,,,,,,,,,
2018-03-25,22:59:00,SEM VÍTIMA,FINALIZADA,ÁGUA FRIA,RUA SAO SEBASTIAO,74,RUA LADEIRA DE PEDRA,CRUZAMENTO COM A RUA LADEIRA DE PEDRA,RUA SAO SEBASTIAO,74,CRUZAMENTO COM A RUA LADEIRA DE PEDRA,ÁGUA FRIA,,,COLISÃO,COLISÃO ENTRE DOIS AUTOS,2,,,,,,,,,0,,,,,,,,,,,,,,,,,,
2018-03-25,23:38:00,SEM VÍTIMA,FINALIZADA,TORRE,RUA REAL DA TORRE,1068,RUA DOM MANUEL DA COSTA,CRUZAMENTO COM A RUA DOM MANUEL DA COSTA,RUA REAL DA TORRE,1068,CRUZAMENTO COM A RUA DOM MANUEL DA COSTA,TORRE,,,COLISÃO,COLISÃO ENTRE DOIS AUTOS S/V,2,,,,,,,,,0,,,,,,,,,,,,,,,,,,
2018-03-25,23:59:00,SEM VÍTIMA,FINALIZADA,SANTO AMARO,AV CRUZ CABUGA,,AV DR JAYME DA FONTE,CRUZAMENTO COM A AVENIDA DR. JAYME DA FONTE,AV CRUZ CABUGA,,CRUZAMENTO COM A AVENIDA DR. JAYME DA FONTE,SANTO AMARO,,,COLISÃO,COLISÃO ENTRE AUTO E MOTO S/V,1,1,,,,,,,,0,,,,,,,,,,,,,,,,,,
2018-03-26,00:19:00,SEM VÍTIMA,FINALIZADA,CORDEIRO,AV CAXANGA,,,EM FRENTE AO PERNAMBUCO DA SORTE,AV CAXANGA,,EM FRENTE AO PERNAMBUCO DA SORTE,CORDEIRO,,,COLISÃO,COLISÃO ENTRE DOIS AUTOS S/V,2,,,,,,,,,0,,,,,,,,,,,,,,,,,,
2018-03-26,05:16:00,SEM VÍTIMA,FINALIZADA,DOIS UNIDOS,AV HILDEBRANDO DE VASCONCELOS,,,PRÓXIMO AO TERMINAL DE ÔNIBUS DE DOIS UNIDOS // APÓS O DEPÓSITO DE BEBIDAS DE DANDA,AV HILDEBRANDO DE VASCONCELOS,,PRÓXIMO AO TERMINAL DE ÔNIBUS DE DOIS UNIDOS // APÓS O DEPÓSITO DE BEBIDAS DE DANDA,DOIS UNIDOS,,,CHOQUE,VIATURA CHOCOU-SE CONTRA O MEIO- FIO DA AV,,,,,,,,1,,0,,,,,,,,,,,,,,,,,,
2018-03-26,05:46:00,SEM VÍTIMA,FINALIZADA,BOA VIAGEM,AV CONSELHEIRO AGUIAR,,,PRÓX AO COLÉGIO LANDELINO ROCHA // SEMÁFORO 133,AV CONSELHEIRO AGUIAR,,PRÓX AO COLÉGIO LANDELINO ROCHA // SEMÁFORO 133,BOA VIAGEM,,,COLISÃO,COLISÃO ENTRE DOIS AUTOS S/V,2,,,,,,,,,0,,,,,,,,,,,,,,,,,,
2018-03-26,06:22:00,COM VÍTIMA,FINALIZADA,AFOGADOS,RUA MOTOCOLOMBO,,,SEMAFORO Nº 039,RUA MOTOCOLOMBO,,SEMAFORO Nº 039,AFOGADOS,,,COLISÃO,COLISÃO ONIBUS E MOTO COM VITIMAS,,1,,,,1,,,,1,,,,,,,,,,,,,,,,,,
2018-03-26,08:11:00,SEM VÍTIMA,FINALIZADA,ESPINHEIRO,RUA DO ESPINHEIRO,506,,PROX. AO POSTO IPIRANGA,RUA DO ESPINHEIRO,506,PROX. AO POSTO IPIRANGA,ESPINHEIRO,,,COLISÃO,COLISÃO SEM VITIMAS,2,,,,,,,,,0,,,,,,,,,,,,,,,,,,
2018-03-26,08:16:00,SEM VÍTIMA,FINALIZADA,BOA VIAGEM,RUA BALTAZAR PASSOS,566,,JUNTO AO CRUZAMENTO AO COLEGIO FAZER EVOLUIR E A RUA BALTAZAR PASSOS,RUA BALTAZAR PASSOS,566,JUNTO AO CRUZAMENTO AO COLEGIO FAZER EVOLUIR E A RUA BALTAZAR PASSOS,BOA VIAGEM,,,COLISÃO,COLISÃO SEM VITIMAS,2,,,,,,,,,0,,,,,,,,,,,,,,,,,,
2018-03-26,08:37:00,SEM VÍTIMA,FINALIZADA,SANTO AMARO,RUA DOS PALMARES,,,NA FRENTE DA POLICLINIDA DR VALDEMAR DE OLIVEIRA,RUA DOS PALMARES,,NA FRENTE DA POLICLINIDA DR VALDEMAR DE OLIVEIRA,SANTO AMARO,,,COLISÃO,COLISÃO SEM VITIMAS,2,,,,,,,,,0,,,,,,,,,,,,,,,,,,
2018-03-26,08:45:00,SEM VÍTIMA,FINALIZADA,ENCRUZILHADA,AV NORTE,,,NA FRENTE DO EXTRA BOM, SENTIDO CIDADE,AV NORTE,,NA FRENTE DO EXTRA BOM, SENTIDO CIDADE,ENCRUZILHADA,,,COLISÃO,COLISÃO SEM VITIMAS,1,1,,,,,,,,0,,,,,,,,,,,,,,,,
2018-03-26,09:05:00,SEM VÍTIMA,FINALIZADA,MADALENA,RUA JOSE OSORIO,803,,SENTIDO CIDADE SUBURBIO EM FRENTE A LOJA VEICULOS PREMUIM AUTO MOVEIS,RUA JOSE OSORIO,803,SENTIDO CIDADE SUBURBIO EM FRENTE A LOJA VEICULOS PREMUIM AUTO MOVEIS,MADALENA,,,COLISÃO,COLISÃO SEM VITIMAS,1,1,,,,,,,,0,,,,,,,,,,,,,,,,,,
2018-03-26,09:15:00,COM VÍTIMA,FINALIZADA,PRADO,RUA PINTO JUNIOR,,,PROX. AIGREJA PRESBITERIANA, SENTIDO CIDADE,RUA PINTO JUNIOR,,PROX. AIGREJA PRESBITERIANA, SENTIDO CIDADE,PRADO,,,COLISÃO,COLISÃO COM VITIMA, O CLIO CAPOTOU SENDO LANÇADO PARA DENTRO DO RIO,2,,,,,,,,,3,,,,,,,,,,,,,,,
2018-03-26,09:17:00,COM VÍTIMA,FINALIZADA,TAMARINEIRA,AV NORTE,,RUA CONEGO BARATA,DE ESQUINA CM A RUA CONEGO BARATA,AV NORTE,,DE ESQUINA CM A RUA CONEGO BARATA,TAMARINEIRA,,,ATROPELAMENTO,ATROPELAMENTO VITIMA A ESPERA DO SAMU,,1,,,1,,,,,1,,,,,,,,,,,,,,,,,,
2018-03-26,09:37:00,SEM VÍTIMA,FINALIZADA,MADALENA,AV BEIRA RIO,741,,SENTIDO PONTE DA TORRE EM FRENTE A ACADEMIA DA CIDADE,AV BEIRA RIO,741,SENTIDO PONTE DA TORRE EM FRENTE A ACADEMIA DA CIDADE,MADALENA,,,COLISÃO,COLISÃO SEM VITIMAS,2,,,,,,,,,0,,,,,,,,,,,,,,,,,,
2018-03-26,09:39:00,SEM VÍTIMA,FINALIZADA,IPUTINGA,AV MARIO ALVARES PEREIRA DE LYRA,,RUA CANDIDO BORGES CASTELO BRANCO,ESQ COM A RUA CANDIDO BOGES CASTELO BRANCO,AV MARIO ALVARES PEREIRA DE LYRA,,ESQ COM A RUA CANDIDO BOGES CASTELO BRANCO,IPUTINGA,,,COLISÃO,TRES AUTOS,3,,,,,,,,,0,,,,,,,,,,,,,,,,,,
2018-03-26,09:47:00,,CANCELADA,ENGENHO DO MEIO,AV MARIO ALVARES PEREIRA DE LYRA,608,,PROX.A PENITENCIARIA BOM PASTOR, SENTIDO SUBURBIO,AV MARIO ALVARES PEREIRA DE LYRA,608,PROX.A PENITENCIARIA BOM PASTOR, SENTIDO SUBURBIO,ENGENHO DO MEIO,,,COLISÃO,COLISÃO SEM VITIMA,3,,,,,,,,,0,,,,,,,,,,,,,,,,
2018-03-26,10:05:00,SEM VÍTIMA,FINALIZADA,SÃO JOSÉ,AV MARTINS DE BARROS,,,EM FRENTE AO FORO,AV MARTINS DE BARROS,,EM FRENTE AO FORO,SÃO JOSÉ,,,COLISÃO,COL.S/V,1,,,,,1,,,,0,,,,,,,,,,,,,,,,,,
2018-03-26,11:48:00,SEM VÍTIMA,FINALIZADA,BOA VIAGEM,RUA ANTONIO FALCAO,80,,EM FRENTE A GRAFICA LAFIT,RUA ANTONIO FALCAO,80,EM FRENTE A GRAFICA LAFIT,BOA VIAGEM,,,COLISÃO,COLISÃO SEM VÍTIMA,2,,,,,,,,,0,,,,,,,,,,,,,,,,,,
2018-03-26,11:56:00,SEM VÍTIMA,FINALIZADA,CAMPO GRANDE,EST DE BELEM,,,EM FRENTE AO COLEGIO JESUS CRUSIFICADO,EST DE BELEM,,EM FRENTE AO COLEGIO JESUS CRUSIFICADO,CAMPO GRANDE,,,COLISÃO,COLISÃO SEM VÍTIMA,1,,,,,,1,,,0,,,,,,,,,,,,,,,,,,
2018-03-26,11:58:00,SEM VÍTIMA,FINALIZADA,VÁRZEA,RUA FRUTUOSO GOMES,100,,AO LADO DA PRAÇA SABERE,RUA FRUTUOSO GOMES,100,AO LADO DA PRAÇA SABERE,VÁRZEA,,,COLISÃO,COLISÃO SEM VITIMAS,1,,,,,,1,,,0,,,,,,,,,,,,,,,,,,
2018-03-26,12:06:00,SEM VÍTIMA,FINALIZADA,ENCRUZILHADA,AV NORTE,2651,,EM FRENTE A OFICINA FREIO TESTE/ SENTIDO CIDADE,AV NORTE,2651,EM FRENTE A OFICINA FREIO TESTE/ SENTIDO CIDADE,ENCRUZILHADA,,,COLISÃO,COLISÃO SEM VÍTIMA,2,,,,,,,,,0,,,,,,,,,,,,,,,,,,
2018-03-26,12:40:00,SEM VÍTIMA,FINALIZADA,BOA VIAGEM,AV CONSELHEIRO AGUIAR,231,,EM FRENTE A CASA DO CELULAR,AV CONSELHEIRO AGUIAR,231,EM FRENTE A CASA DO CELULAR,BOA VIAGEM,,,COLISÃO,COLISÃO SEM VÍTIMA,1,,,,,1,,,,0,,,,,,,,,,,,,,,,,,
2018-03-26,12:47:00,SEM VÍTIMA,FINALIZADA,BONGI,EST DO BONGI,1155,,APOS A IGREJA DO BONGI S/T FACULDADE ESTACIO,EST DO BONGI,1155,APOS A IGREJA DO BONGI S/T FACULDADE ESTACIO,BONGI,,,COLISÃO,,1,,,,,,1,,,0,,,,,,,,,,,,,,,,,,
2018-03-26,13:08:00,SEM VÍTIMA,FINALIZADA,BOA VISTA,RUA PRINCESA IZABEL,,,AO LADO DO PARQUE TREZE DE MAIO PROX AO BAR A CANCELA E A CAMERA DOS VEREADORES,RUA PRINCESA IZABEL,,AO LADO DO PARQUE TREZE DE MAIO PROX AO BAR A CANCELA E A CAMERA DOS VEREADORES,BOA VISTA,,,COLISÃO,COLISÃO SEM VITIMAS,1,,,,1,,,,,0,,,,,,,,,,,,,,,,,,
2018-03-26,13:35:00,SEM VÍTIMA,FINALIZADA,IMBIRIBEIRA,AV MARECHAL MASCARENHAS DE MORAES,,,LADO OPOSTO DO SEMÁFORO 626/ SENTIDO JABOATÃO/ EM FRENTE AO MURO DO AEROPORTO,AV MARECHAL MASCARENHAS DE MORAES,,LADO OPOSTO DO SEMÁFORO 626/ SENTIDO JABOATÃO/ EM FRENTE AO MURO DO AEROPORTO,IMBIRIBEIRA,,,COLISÃO,COLISÃO SEM VITIMAS,1,1,,,,,,,,0,,,,,,,,,,,,,,,,,,
2018-03-26,14:19:00,SEM VÍTIMA,FINALIZADA,AFOGADOS,AV ENGENHEIRO ABDIAS DE CARVALHO,2116,,EM FRENTE A FARMACIA DROGASIL/ SENTIDO BR,AV ENGENHEIRO ABDIAS DE CARVALHO,2116,EM FRENTE A FARMACIA DROGASIL/ SENTIDO BR,AFOGADOS,,,COLISÃO,COLISÃO SEM VITIMAS,2,,,,,,,,,0,,,,,,,,,,,,,,,,,,
2018-03-26,14:25:00,SEM VÍTIMA,FINALIZADA,BAIRRO DO RECIFE,AV MILITAR,,,EM FRENTE AO POSTO DE GASOLINA SHELL,AV MILITAR,,EM FRENTE AO POSTO DE GASOLINA SHELL,BAIRRO DO RECIFE,,,COLISÃO,COLISÃO SEM VITIMAS GM QTH,1,1,,,,,,,,0,,,,,,,,,,,,,,,,,,
2018-03-26,14:34:00,SEM VÍTIMA,FINALIZADA,AFLITOS,RUA DES MARTINS PEREIRA,225,,POR TRAS DO BOMPREÇO DO AFLITOS / EM FRENTE AO EDIFICIO MONALISA,RUA DES MARTINS PEREIRA,225,POR TRAS DO BOMPREÇO DO AFLITOS / EM FRENTE AO EDIFICIO MONALISA,AFLITOS,,,COLISÃO,COLISAO DE DOIS AUTOS S/V,2,,,,,,,,,0,,,,,,,,,,,,,,,,,,
2018-03-26,14:41:00,SEM VÍTIMA,FINALIZADA,ILHA DO LEITE,AV GOVERNADOR AGAMENON MAGALHAES,,,SENTIDO BOA VIAGEM EM FRENTE AO HOSPITAL PORTUGUES,AV GOVERNADOR AGAMENON MAGALHAES,,SENTIDO BOA VIAGEM EM FRENTE AO HOSPITAL PORTUGUES,ILHA DO LEITE,,,COLISÃO,EM FRENTE AO HOSPITAL PORTUGUES,2,,,,,,,,,0,,,,,,,,,,,,,,,,,,
2018-03-26,14:57:00,SEM VÍTIMA,CANCELADA,CORDEIRO,EST DO FORTE DO ARRAIAL N. DO B. JESUS,780,,AO LADO DO DEPOSITO DA LIQUIGAS,EST DO FORTE DO ARRAIAL N. DO B. JESUS,780,AO LADO DO DEPOSITO DA LIQUIGAS,CORDEIRO,,,COLISÃO,COLISAO DE AUTO E MOTO S/V,1,1,,,,,,,,0,,,,,,,,,,,,,,,,,,
2018-03-26,15:14:00,COM VÍTIMA,FINALIZADA,CASA AMARELA,AV NORTE,,,SENTIDO CIDADE APOS A BARROS LIMA EM FRENTE A CASA DO VASSOUREIRO,AV NORTE,,SENTIDO CIDADE APOS A BARROS LIMA EM FRENTE A CASA DO VASSOUREIRO,CASA AMARELA,,,COLISÃO,COLISÃO COM VITIMA,1,1,,,,,,,,1,,,,,,,,,,,,,,,,,,
2018-03-26,15:30:00,SEM VÍTIMA,FINALIZADA,BOA VISTA,AV CONDE DA BOA VISTA,,,NA PONTE DUARTE COELHO,AV CONDE DA BOA VISTA,,NA PONTE DUARTE COELHO,BOA VISTA,,,COLISÃO,COLISAO DE ONIBUS E AUTO S/V GM NO LOCAL,1,,,,,1,,,,0,,,,,,,,,,,,,,,,,,
2018-03-26,16:17:00,COM VÍTIMA,FINALIZADA,SÃO JOSÉ,AV SUL,1105,,PROX AO PONTILHAO E/F A OFICINA DO ABELARDO,AV SUL,1105,PROX AO PONTILHAO E/F A OFICINA DO ABELARDO,SÃO JOSÉ,,,COLISÃO,COLISAO DE AUTO E MOTO COM UMA VITIMA,1,1,,,,,,,,1,,,,,,,,,,,,,,,,,,
2018-03-26,16:26:00,SEM VÍTIMA,FINALIZADA,CORDEIRO,RUA ALFREDO BECKER,32,,EM FRENTE AO HOSPITAL GETULIO VARGAS,RUA ALFREDO BECKER,32,EM FRENTE AO HOSPITAL GETULIO VARGAS,CORDEIRO,,,COLISÃO,COLISÃO SEM VITIMAS,2,,,,,,,,,0,,,,,,,,,,,,,,,,,,
2018-03-26,17:02:00,SEM VÍTIMA,FINALIZADA,CORDEIRO,RUA RIBEIRO ROMA,100,,PROX A PADARIA RAINHA DA TORRE EM FRENTE A EMPRESA LOQUIPE,RUA RIBEIRO ROMA,100,PROX A PADARIA RAINHA DA TORRE EM FRENTE A EMPRESA LOQUIPE,CORDEIRO,,,COLISÃO,COLISÃO SEM VITIMAS,1,,,,,,1,,,0,,,,,,,,,,,,,,,,,,
2018-03-26,17:16:00,COM VÍTIMA,FINALIZADA,MADALENA,RUA BENFICA,,,EM FRENTE AO INTERNACIONAL,RUA BENFICA,,EM FRENTE AO INTERNACIONAL,MADALENA,,,COLISÃO,COLISÃO COM VÍTIMA,1,,,,,1,,,,1,,,,,,,,,,,,,,,,,,
2018-03-26,17:42:00,SEM VÍTIMA,FINALIZADA,SANTO AMARO,RUA ALEXANDRE MOURA,,,AO LADO DO HOSPITAL DA MARINHA,RUA ALEXANDRE MOURA,,AO LADO DO HOSPITAL DA MARINHA,SANTO AMARO,,,COLISÃO,COLISÃO SEM VÍTIMA,1,,,,,1,,,,0,,,,,,,,,,,,,,,,,,
2018-03-26,17:46:00,SEM VÍTIMA,FINALIZADA,SANTO ANTÔNIO,C SANTA RITA,,,E/F AO GRANDE RECIFE NA SAIDA,C SANTA RITA,,E/F AO GRANDE RECIFE NA SAIDA,SANTO ANTÔNIO,,,COLISÃO,COLISAO DE AUTO E MOTO S/V,1,1,,,,,,,,0,,,,,,,,,,,,,,,,,,
2018-03-26,18:07:00,SEM VÍTIMA,CANCELADA,BOA VISTA,RUA DOM BOSCO,,,EM FRENTE AO COLEGIO AMERICANO BATISTA,RUA DOM BOSCO,,EM FRENTE AO COLEGIO AMERICANO BATISTA,BOA VISTA,,,COLISÃO,ONIBUS E AUTO,1,,,,,1,,,,0,,,,,,,,,,,,,,,,,,
2018-03-26,18:21:00,COM VÍTIMA,CANCELADA,BOA VIAGEM,RUA SETUBAL,156,RUA BARAO DE SOUZA LEAO,COM A RUA BARAO DE SOUSA LEAO, EM FRENTE A CASA DOS DOCES,RUA SETUBAL,156,COM A RUA BARAO DE SOUSA LEAO, EM FRENTE A CASA DOS DOCES,BOA VIAGEM,,,ATROPELAMENTO,AUTO E PEDESTRE,1,,,,,,,,,1,,,,,,,,,,,,,,,,
2018-03-26,18:41:00,COM VÍTIMA,FINALIZADA,IMBIRIBEIRA,RUA PINTOR LULA CARDOSO AYRES,108,,EM FRENTE A CASA DE FARINHA, PROX. AO POSTO SHELL,RUA PINTOR LULA CARDOSO AYRES,108,EM FRENTE A CASA DE FARINHA, PROX. AO POSTO SHELL,IMBIRIBEIRA,,,COLISÃO,AUTO E MOTO,1,1,,,,,,,,2,,,,,,,,,,,,,,,,
2018-03-26,19:12:00,SEM VÍTIMA,FINALIZADA,MADALENA,RUA BENFICA,,,PROX. A DPCA,RUA BENFICA,,PROX. A DPCA,MADALENA,,,COLISÃO,COLISÃO S/V,1,,,,,,1,,,0,,,,,,,,,,,,,,,,,,
2018-03-26,19:45:00,SEM VÍTIMA,FINALIZADA,IMBIRIBEIRA,AV MARECHAL MASCARENHAS DE MORAES,,,EM FRENTE AO GERALDÃO, NO SEMAFORO 290,AV MARECHAL MASCARENHAS DE MORAES,,EM FRENTE AO GERALDÃO, NO SEMAFORO 290,IMBIRIBEIRA,,,COLISÃO,CAMINHÃO E AUTO,1,,,,,,,,,0,,,,,,,,,,,,,,,,
2018-03-26,19:59:00,SEM VÍTIMA,FINALIZADA,BOA VISTA,RUA GERVASIO PIRES,237,,PROX. AOS CORREIOS E FARMACIA ROVAL,RUA GERVASIO PIRES,237,PROX. AOS CORREIOS E FARMACIA ROVAL,BOA VISTA,,,COLISÃO,DOIS AUTOS,2,,,,,,,,,0,,,,,,,,,,,,,,,,,,
2018-03-26,20:02:00,SEM VÍTIMA,FINALIZADA,ESTÂNCIA,AV CAPITAO GREGORIO DE CALDAS,,,AO LADO DO WALMART,AV CAPITAO GREGORIO DE CALDAS,,AO LADO DO WALMART,ESTÂNCIA,,,COLISÃO COM CICLISTA,COLISÃO ENTRE MOTO E BICICLETA,,1,,1,,,,,,0,,,,,,,,,,,,,,,,,,
2018-03-26,21:24:00,COM VÍTIMA,CANCELADA,BOA VIAGEM,RUA BARAO DE SOUZA LEAO,,,AO LADO DO POSTO DE GASOLINA,RUA BARAO DE SOUZA LEAO,,AO LADO DO POSTO DE GASOLINA,BOA VIAGEM,,,COLISÃO COM CICLISTA,VEICULO COLIDIU NO CICLISTA E O MESMO FOI SOCORRIDO,PELO SAMU.,1,,,,,,,,,1,,,,,,,,,,,,,,,,,
2018-03-26,22:11:00,SEM VÍTIMA,FINALIZADA,MADALENA,RUA JOSE OSORIO,,,E/F A BIG BEN,RUA JOSE OSORIO,,E/F A BIG BEN,MADALENA,,,COLISÃO,,2,,,,,,,,,0,,,,,,,,,,,,,,,,,,
2018-03-26,22:22:00,SEM VÍTIMA,FINALIZADA,BOA VIAGEM,RUA ERNESTO DE PAULA SANTOS,525,,NO POSTO DE GASOLINA SHELL,RUA ERNESTO DE PAULA SANTOS,525,NO POSTO DE GASOLINA SHELL,BOA VIAGEM,,,COLISÃO,DOIS AUTOS,2,,,,,,,,,0,,,,,,,,,,,,,,,,,,
2018-03-27,07:29:00,SEM VÍTIMA,FINALIZADA,DERBY,RUA JENER DE SOUZA,,,EM FRENTE AO QCG PMPE,RUA JENER DE SOUZA,,EM FRENTE AO QCG PMPE,DERBY,,,COLISÃO,DOIS AUTO PASSEIO,2,,,,,,,,,0,,,,,,,,,,,,,,,,,,
2018-03-27,07:58:00,SEM VÍTIMA,FINALIZADA,BAIRRO DO RECIFE,AV MILITAR,,,EM FRENTE A GERENCIA DE ATENÇÃO BASICA ,AO LADO DA PREFEITURA DO RECIFE,AV MILITAR,,EM FRENTE A GERENCIA DE ATENÇÃO BASICA ,AO LADO DA PREFEITURA DO RECIFE,BAIRRO DO RECIFE,,,COLISÃO,SEM VITIMAS,2,,,,,,,,,0,,,,,,,,,,,,,,,,
2018-03-27,08:04:00,,CANCELADA,AFOGADOS,AV DR JOSE RUFINO,1110,,NA ESQUINA DA RUA CARLOS PENA FILHO,AV DR JOSE RUFINO,1110,NA ESQUINA DA RUA CARLOS PENA FILHO,AFOGADOS,,,COLISÃO,COLISÃO SEM VITIMA,2,,,,,,,,,0,,,,,,,,,,,,,,,,,,
2018-03-27,08:07:00,COM VÍTIMA,FINALIZADA,TORREÃO,AV NORTE,,,SEMAFRO Nº056,AV NORTE,,SEMAFRO Nº056,TORREÃO,,,COLISÃO,COL.C/V UMA SET.SUB,1,1,,,,,,,,1,,,,,,,,,,,,,,,,,,
2018-03-27,08:08:00,COM VÍTIMA,FINALIZADA,TEJIPIÓ,AV DR JOSE RUFINO,,,EM FRENTE A HONDA,AV DR JOSE RUFINO,,EM FRENTE A HONDA,TEJIPIÓ,,,COLISÃO,COLISÃO COM VITIMA,,2,,,,,,,,2,,,,,,,,,,,,,,,,,,
2018-03-27,08:13:00,SEM VÍTIMA,FINALIZADA,AFOGADOS,RUA SAO MIGUEL,1136,,EM FRENTE AO CHINA IN BOX, POSTO DE GASOLINA FEDERAL,RUA SAO MIGUEL,1136,EM FRENTE AO CHINA IN BOX, POSTO DE GASOLINA FEDERAL,AFOGADOS,,,COLISÃO,AUTO E MOTO,1,1,,,,,,,,0,,,,,,,,,,,,,,,,
2018-03-27,08:46:00,SEM VÍTIMA,FINALIZADA,TORREÃO,AV NORTE,,,PROX. A CARLOS EQUIPADORA, JUNTO AO SEMAFORO 376,AV NORTE,,PROX. A CARLOS EQUIPADORA, JUNTO AO SEMAFORO 376,TORREÃO,,,COLISÃO,COLISÃO SEM VITIMA,1,1,,,,,,,,0,,,,,,,,,,,,,,,,
2018-03-27,08:47:00,SEM VÍTIMA,FINALIZADA,AFOGADOS,RUA SAO MIGUEL,1425,,DEZ METROS APÓS O BODE DO NÕ SENT/SUB,RUA SAO MIGUEL,1425,DEZ METROS APÓS O BODE DO NÕ SENT/SUB,AFOGADOS,,,COLISÃO,SEM VITIMAS,2,,,,,,,,,0,,,,,,,,,,,,,,,,,,
2018-03-27,08:47:00,SEM VÍTIMA,FINALIZADA,SANTO AMARO,AV CRUZ CABUGA,,,SEMAFORO Nº523,AV CRUZ CABUGA,,SEMAFORO Nº523,SANTO AMARO,,,COLISÃO,COL.S/V.SET.CD,1,,,,,1,,,,0,,,,,,,,,,,,,,,,,,
2018-03-27,09:48:00,SEM VÍTIMA,FINALIZADA,BOA VIAGEM,AV ENGENHEIRO DOMINGOS FERREIRA,2600,,EM FRENTE A FARMACIA INDEPENDENTE,SEMAFORO 550,AV ENGENHEIRO DOMINGOS FERREIRA,2600,EM FRENTE A FARMACIA INDEPENDENTE,SEMAFORO 550,BOA VIAGEM,,,COLISÃO,SEM VITIMAS,1,,,,,,1,,,0,,,,,,,,,,,,,,,,
2018-03-27,10:26:00,SEM VÍTIMA,FINALIZADA,CORDEIRO,RUA N S DA SAUDE,501,,RESIDENCIAL CLUB DO AUTOMOVEL,RUA N S DA SAUDE,501,RESIDENCIAL CLUB DO AUTOMOVEL,CORDEIRO,,,COLISÃO,COLISÃO SEM VITIMA,1,,,,,1,,,,0,,,,,,,,,,,,,,,,,,
2018-03-27,10:30:00,COM VÍTIMA,FINALIZADA,IMBIRIBEIRA,AV MARECHAL MASCARENHAS DE MORAES,2671,,EM FRENTE AO POSTO BR, SENTIDO RECIFE,AV MARECHAL MASCARENHAS DE MORAES,2671,EM FRENTE AO POSTO BR, SENTIDO RECIFE,IMBIRIBEIRA,,,ATROPELAMENTO,AUTO E PEDESTRE,1,,,,1,,,,,1,,,,,,,,,,,,,,,,
2018-03-27,10:32:00,SEM VÍTIMA,FINALIZADA,AFOGADOS,RUA COSME VIANA,550,,EM FRENTE DA OFICINA CEMAUTO,RUA COSME VIANA,550,EM FRENTE DA OFICINA CEMAUTO,AFOGADOS,,,COLISÃO,COL.S/V ,SET .IMBIRIBEIRA,1,1,,,,,,,,0,,,,,,,,,,,,,,,,,
2018-03-27,10:40:00,SEM VÍTIMA,FINALIZADA,BOA VIAGEM,RUA BARAO DE SOUZA LEAO,565,,APOS O MAR HOTEL,RUA BARAO DE SOUZA LEAO,565,APOS O MAR HOTEL,BOA VIAGEM,,,COLISÃO,COLISÃO SEM VITIMA,1,,,,,1,,,,0,,,,,,,,,,,,,,,,,,
2018-03-27,10:53:00,SEM VÍTIMA,CANCELADA,ÁGUA FRIA,RUA JULIO RAMOS,,,JUNTO A DELEGACIA,RUA JULIO RAMOS,,JUNTO A DELEGACIA,ÁGUA FRIA,,,COLISÃO,COLISÃO SEM VITIMA,2,,,,,,,,,0,,,,,,,,,,,,,,,,,,
2018-03-27,10:58:00,SEM VÍTIMA,FINALIZADA,SANTO AMARO,AV GOVERNADOR AGAMENON MAGALHAES,,,EM FRENTE AO MINISTERIO DO TRABALHO, SENTIDO DERBY,AV GOVERNADOR AGAMENON MAGALHAES,,EM FRENTE AO MINISTERIO DO TRABALHO, SENTIDO DERBY,SANTO AMARO,,,COLISÃO,AUTO E CAMINHAO SEM VITIMA,1,,,,,,1,,,0,,,,,,,,,,,,,,,,
2018-03-27,10:58:00,SEM VÍTIMA,FINALIZADA,CASA FORTE,AV DEZESSETE DE AGOSTO,,,NA FRENTE DA FARMACIA PAGUE MENOS,AV DEZESSETE DE AGOSTO,,NA FRENTE DA FARMACIA PAGUE MENOS,CASA FORTE,,,COLISÃO,COLISÃO SEM VITIMA,2,,,,,,,,,0,,,,,,,,,,,,,,,,,,