data,hora,natureza_acidente,situacao,bairro,endereco,numero,detalhe_endereco_acidente,complemento,endereco_cruzamento,numero_cruzamento,referencia_cruzamento,bairro_cruzamento,num_semaforo,sentido_via,tipo,descricao,auto,moto,ciclom,ciclista,pedestre,onibus,caminhao,viatura,outros,vitimas,vitimasfatais,acidente_verificado,tempo_clima,situacao_semaforo,sinalizacao,condicao_via,conservacao_via,ponto_controle,situacao_placa,velocidade_max_via,mao_direcao,divisao_via1,divisao_via2,divisao_via3,,,,
2018-03-31,14:26:00,SEM VÍTIMA,FINALIZADA,IPSEP,RUA SAO NICOLAU,,RUA HELIO BRANDÃO,CRUZ COM HELIO BRANDÃO EM FRENTE AO LAVA JATO GARAGEM QUATROCENTOS E DEZ,RUA SAO NICOLAU,,CRUZ COM HELIO BRANDÃO EM FRENTE AO LAVA JATO GARAGEM QUATROCENTOS E DEZ,IPSEP,,,COLISÃO,COLISÃO SEM VITIMAS,1,,,,,1,,,,0,,,,,,,,,,,,,,,,,,
2018-03-31,15:49:00,SEM VÍTIMA,FINALIZADA,SANTO AMARO,AV CRUZ CABUGA,,,NA ENTRADA DO SHOPPING TACARUNA,AV CRUZ CABUGA,,NA ENTRADA DO SHOPPING TACARUNA,SANTO AMARO,,,COLISÃO,COLISÃO SEM VITIMAS,2,,,,,,,,,0,,,,,,,,,,,,,,,,,,
2018-03-31,16:12:00,COM VÍTIMA,FINALIZADA,JIQUIÁ,AV DR JOSE RUFINO,2072,,EM FRENTE AO POSTO DE GASOLINA IPIRANGA,AV DR JOSE RUFINO,2072,EM FRENTE AO POSTO DE GASOLINA IPIRANGA,JIQUIÁ,,,COLISÃO,COLISÃO COM VITIMA,1,1,,,,,,,,1,,,,,,,,,,,,,,,,,,
2018-03-31,17:01:00,COM VÍTIMA,FINALIZADA,TORRE,RUA REAL DA TORRE,705,,PROX AO MERCADO DA MADALENA EM FRENTE AO LOJÃO DO CONDOMINIO,RUA REAL DA TORRE,705,PROX AO MERCADO DA MADALENA EM FRENTE AO LOJÃO DO CONDOMINIO,TORRE,,,COLISÃO,COLISÃO COM VITIMA,1,1,,,,,,,,1,,,,,,,,,,,,,,,,,,
2018-03-31,18:07:00,SEM VÍTIMA,FINALIZADA,FUNDÃO,AV BEBERIBE,,,SEMÁFORO 307,AV BEBERIBE,,SEMÁFORO 307,FUNDÃO,,,COLISÃO,ENTRE AUTO E MOTO. S/V,1,1,,,,,,,,0,,,,,,,,,,,,,,,,,,
2018-03-31,19:18:00,SEM VÍTIMA,FINALIZADA,SANTO AMARO,AV GOVERNADOR AGAMENON MAGALHAES,,,SEMÁFORO 465 / E/F A REITORIA FESP/UPE, SNT OLINDA,AV GOVERNADOR AGAMENON MAGALHAES,,SEMÁFORO 465 / E/F A REITORIA FESP/UPE, SNT OLINDA,SANTO AMARO,,,ENGAVETAMENTO,ENTRE 3 AUTOS ( UM DOS AUTOS SE EVADIU DO LOCAL, RESTANDO APENAS DOIS) S/V.,3,,,,,,,,,0,,,,,,,,,,,,,,,
2018-03-31,19:50:00,SEM VÍTIMA,FINALIZADA,AFLITOS,AV CONS ROSA E SILVA,950,,E/F AO INCRA,AV CONS ROSA E SILVA,950,E/F AO INCRA,AFLITOS,,,COLISÃO,ENTRE AUTO E ÔNIBUS, S/V. O CONDUTOR DO AUTO APRESENTA EMBRIAGUEZ,1,,,,,,1,,,0,,,,,,,,,,,,,,,,,
2018-03-31,21:49:00,COM VÍTIMA,FINALIZADA,CABANGA,AV SUL,,RUA NOVA DA CABANGA,SEMÁFORO 260 / CRUZANDO A RUA NOVA DA CABANGA,AV SUL,,SEMÁFORO 260 / CRUZANDO A RUA NOVA DA CABANGA,CABANGA,,,COLISÃO,ENTRE 2 AUTOS. C/V,2,,,,,,,,,1,,,,,,,,,,,,,,,,,,
2018-03-31,23:56:00,COM VÍTIMA,FINALIZADA,TORREÃO,RUA MARECHAL DEODORO,579,,EM FRENTE FESTANÇA RECEPÇÕES,RUA MARECHAL DEODORO,579,EM FRENTE FESTANÇA RECEPÇÕES,TORREÃO,,,COLISÃO,COLISÃO ENTRE DOIS AUTOS ONDE UM AUTO APOS A COLISÃO VEIO A CAPOTAR C/V,2,,,,,,,,,1,,,,,,,,,,,,,,,,,,
2018-04-01,03:04:00,SEM VÍTIMA,CANCELADA,SAN MARTIN,RUA COMENDADOR JOSE VITA,,,PRÓXIMO A CAVALARIA, 2ª RUA PARARELA,RUA COMENDADOR JOSE VITA,,PRÓXIMO A CAVALARIA, 2ª RUA PARARELA,SAN MARTIN,,,COLISÃO,COLISÃO ENTRE DOIS AUTOS S/V,2,,,,,,,,,0,,,,,,,,,,,,,,,,
2018-04-01,04:18:00,COM VÍTIMA,FINALIZADA,BOA VISTA,AV CONDE DA BOA VISTA,,,EM FRENTE AO POSTO SHEL,AV CONDE DA BOA VISTA,,EM FRENTE AO POSTO SHEL,BOA VISTA,,,COLISÃO,COLISÃO ENTRE AUTO E MOTO C/V,1,1,,,,,,,,1,,,,,,,,,,,,,,,,,,
2018-04-01,04:33:00,SEM VÍTIMA,FINALIZADA,AFOGADOS,RUA SAO MIGUEL,,,EM FRENTE A PRAÇA LARGO DA PAZ, EM FRENTE AO BANCO ITAÚ,RUA SAO MIGUEL,,EM FRENTE A PRAÇA LARGO DA PAZ, EM FRENTE AO BANCO ITAÚ,AFOGADOS,,,COLISÃO,COLISÃO ENTRE ÔNIBUS E AUTO S/V,1,,,,,1,,,,0,,,,,,,,,,,,,,,,
2018-04-01,04:52:00,COM VÍTIMA,FINALIZADA,ILHA DO RETIRO,RUA SPORT CLUBE DO RECIFE,,,EM FRENTE AO ESTÁDIO DO SPORT, SENTIDO BR,RUA SPORT CLUBE DO RECIFE,,EM FRENTE AO ESTÁDIO DO SPORT, SENTIDO BR,ILHA DO RETIRO,,,COLISÃO,COLISÃO ENTRE DOIS AUTOS C/V,2,,,,,,,,,1,,,,,,,,,,,,,,,,
2018-04-01,05:05:00,SEM VÍTIMA,FINALIZADA,CAMPO GRANDE,RUA ODORICO MENDES,,,EM FRENTE AO MARTELINHO DE OURO // PRÓXIMO AO SUPERMERCADO RENDE MAIS,RUA ODORICO MENDES,,EM FRENTE AO MARTELINHO DE OURO // PRÓXIMO AO SUPERMERCADO RENDE MAIS,CAMPO GRANDE,,,CHOQUE,VEÍCULO CHOCOU-SE CONTRA UM POSTE,1,,,,,,,,,0,,,,,,,,,,,,,,,,,,
2018-04-01,06:04:00,SEM VÍTIMA,FINALIZADA,MANGUEIRA,RUA VINTE E UM DE ABRIL,1'768,,EM FRENTE AO A ASSISTENCIA TECNICA DA SINGER,RUA VINTE E UM DE ABRIL,1'768,EM FRENTE AO A ASSISTENCIA TECNICA DA SINGER,MANGUEIRA,,,COLISÃO,COLISÃO SEM VITIMAS,2,,,,,,,,,0,,,,,,,,,,,,,,,,,,
2018-04-01,09:08:00,COM VÍTIMA,FINALIZADA,IMBIRIBEIRA,AV MARECHAL MASCARENHAS DE MORAES,,,SEM 570 SENTIDO SUB CID - AO LADO DO AEROPORTO,AV MARECHAL MASCARENHAS DE MORAES,,SEM 570 SENTIDO SUB CID - AO LADO DO AEROPORTO,IMBIRIBEIRA,,,COLISÃO,FORD ECOSPORT X MOTO 160 BROS,,,,,,,,,,2,,,,,,,,,,,,,,,,,,
2018-04-01,10:15:00,SEM VÍTIMA,FINALIZADA,IPUTINGA,RUA MAURICIO DE NASSAU,430,,EM FRENTE PRESENTES E CHAVEROS,RUA MAURICIO DE NASSAU,430,EM FRENTE PRESENTES E CHAVEROS,IPUTINGA,,,COLISÃO,COL.S/V.SET.CD,1,1,,,,,,,,0,,,,,,,,,,,,,,,,,,
2018-04-01,12:30:00,SEM VÍTIMA,FINALIZADA,CASA FORTE,PRC DE CASA FORTE,505,,EM FRENTE A EMPRESA GRUPO LIDER SEGUROS,PRC DE CASA FORTE,505,EM FRENTE A EMPRESA GRUPO LIDER SEGUROS,CASA FORTE,,,COLISÃO,COLISÃO SEM VITIMAS,2,,,,,,,,,0,,,,,,,,,,,,,,,,,,
2018-04-01,13:02:00,SEM VÍTIMA,FINALIZADA,IPSEP,AV RECIFE,3448,,EM FRENTE A EMPRESA AÇO RECIFE SENTIDO CAXANGA,AV RECIFE,3448,EM FRENTE A EMPRESA AÇO RECIFE SENTIDO CAXANGA,IPSEP,,,COLISÃO,COLISÃO SEM VITIMAS,3,,,,,,,,,0,,,,,,,,,,,,,,,,,,
2018-04-01,18:08:00,SEM VÍTIMA,CANCELADA,BONGI,AV GENERAL SAN MARTIN,1083,,EM FRENTE AO CENTRO DE DISTRIBUIÇÃO DOS CORREIOS,AV GENERAL SAN MARTIN,1083,EM FRENTE AO CENTRO DE DISTRIBUIÇÃO DOS CORREIOS,BONGI,,,COLISÃO,ONIBUS E AUTO,1,,,,,1,,,,0,,,,,,,,,,,,,,,,,,
2018-04-01,18:34:00,SEM VÍTIMA,CANCELADA,SANTO AMARO,AV CRUZ CABUGA,,,EM FRENTE AO SHOPPING TACARUNA,AV CRUZ CABUGA,,EM FRENTE AO SHOPPING TACARUNA,SANTO AMARO,,,COLISÃO,DOIS AUTOS,2,,,,,,,,,0,,,,,,,,,,,,,,,,,,
2018-04-01,19:18:00,SEM VÍTIMA,FINALIZADA,AREIAS,AV DR JOSE RUFINO,,,NO POSTO DE GASOLNA SHELL,AV DR JOSE RUFINO,,NO POSTO DE GASOLNA SHELL,AREIAS,,,COLISÃO,DOIS AUTOS,2,,,,,,,,,0,,,,,,,,,,,,,,,,,,
2018-04-01,19:25:00,SEM VÍTIMA,FINALIZADA,VÁRZEA,RUA GENERAL POLIDORO,,AV PROFESSOR ARTUR DE SA,PROX. AO POSTO DE GASOLINA BR,RUA GENERAL POLIDORO,,PROX. AO POSTO DE GASOLINA BR,VÁRZEA,,,COLISÃO,AUTO E ONIBUS,1,,,,,1,,,,0,,,,,,,,,,,,,,,,,,
2018-04-01,19:51:00,SEM VÍTIMA,FINALIZADA,ENGENHO DO MEIO,RUA ANTONIO CURADO,194,,PROX. A PRAÇA DO ENGENHO DO MEIO, EM FRENTE AO DEPOSITO BODEGA DO ENGENHO,RUA ANTONIO CURADO,194,PROX. A PRAÇA DO ENGENHO DO MEIO, EM FRENTE AO DEPOSITO BODEGA DO ENGENHO,ENGENHO DO MEIO,,,COLISÃO,DOIS AUTOS,2,,,,,,,,,0,,,,,,,,,,,,,,,,
2018-04-01,20:12:00,SEM VÍTIMA,FINALIZADA,JORDÃO,AV MARIA IRENE,255,,AO LADO DO ATACADÃO JORDÃO,AV MARIA IRENE,255,AO LADO DO ATACADÃO JORDÃO,JORDÃO,,,COLISÃO,DOIS AUTOS,2,,,,,,,,,0,,,,,,,,,,,,,,,,,,
2018-04-01,22:18:00,SEM VÍTIMA,FINALIZADA,IPSEP,AV RECIFE,2309,,PROX. A BETEL LOCADORA E ENTRADA DO IBURA,AV RECIFE,2309,PROX. A BETEL LOCADORA E ENTRADA DO IBURA,IPSEP,,,COLISÃO,DOIS AUTOS,2,,,,,,,,,0,,,,,,,,,,,,,,,,,,
2018-04-02,00:06:00,SEM VÍTIMA,FINALIZADA,BOA VIAGEM,AV ENGENHEIRO DOMINGOS FERREIRA,,RUA PROFESSOR JOSE BRANDÃO,CRUZAMENTO COM A RUA PROFESSOR JOSE BRANDÃO, LADO DIREITO DA DOMINGOS FERREIRA,AV ENGENHEIRO DOMINGOS FERREIRA,,CRUZAMENTO COM A RUA PROFESSOR JOSE BRANDÃO, LADO DIREITO DA DOMINGOS FERREIRA,BOA VIAGEM,,,COLISÃO,COLISÃO ENTRE DOIS AUTOS S/V,2,,,,,,,,,0,,,,,,,,,,,,,,,,
2018-04-02,02:51:00,SEM VÍTIMA,FINALIZADA,ÁGUA FRIA,EST VELHA DE AGUA FRIA,1835,,EM FRENTE O SUERMERCADO IDEAL, EM FRENTE A LEMOS BOMBONIERE, ESQUINA COM A FEIRA NOVA DE ÁGUA FRIA,EST VELHA DE AGUA FRIA,1835,EM FRENTE O SUERMERCADO IDEAL, EM FRENTE A LEMOS BOMBONIERE, ESQUINA COM A FEIRA NOVA DE ÁGUA FRIA,ÁGUA FRIA,,,CHOQUE,AUTO CHOCOU-SE COM MURO S/V, CONDUTOR APRESENTA SINTOMAS DE EMBRIAGUES,1,,,,,,,,,0,,,,,,,,,,,,,
2018-04-02,06:08:00,VÍTIMA FATAL,FINALIZADA,AFOGADOS,RUA VINTE E UM DE ABRIL,220,,PROX. A PIPOQUEIRA VENEZA,RUA VINTE E UM DE ABRIL,220,PROX. A PIPOQUEIRA VENEZA,AFOGADOS,,,COLISÃO,ONIBUS E DUAS MOTOS C/V,,2,,,,1,,,,1,1,,,,,,,,,,,,,,,,,
2018-04-02,06:29:00,SEM VÍTIMA,CANCELADA,SANTO AMARO,RUA FRANCISCO JACINTO,273,,EM FRENTE DA ENTRADA PARA O HOSPITAL OSWALDO CRUZ,RUA FRANCISCO JACINTO,273,EM FRENTE DA ENTRADA PARA O HOSPITAL OSWALDO CRUZ,SANTO AMARO,,,COLISÃO,COL.S/V,2,,,,,,,,,0,,,,,,,,,,,,,,,,,,
2018-04-02,07:56:00,SEM VÍTIMA,FINALIZADA,IMBIRIBEIRA,AV MARECHAL MASCARENHAS DE MORAES,,,EM FRENTE AO ANTIGO AEROPORTO, SENTIDO CENTRO,AV MARECHAL MASCARENHAS DE MORAES,,EM FRENTE AO ANTIGO AEROPORTO, SENTIDO CENTRO,IMBIRIBEIRA,,,COLISÃO,DOIS AUTOS,2,,,,,,,,,0,,,,,,,,,,,,,,,,
2018-04-02,08:04:00,SEM VÍTIMA,FINALIZADA,IMBIRIBEIRA,RUA ENGENHEIRO JOSE APOLINARIO,304,,POR TRÁS DO ARMAZEM CORAL,RUA ENGENHEIRO JOSE APOLINARIO,304,POR TRÁS DO ARMAZEM CORAL,IMBIRIBEIRA,,,COLISÃO,COLISÃO SEM VÍTIMA,1,,,,,1,,,,0,,,,,,,,,,,,,,,,,,
2018-04-02,08:09:00,SEM VÍTIMA,FINALIZADA,BOA VIAGEM,AV CONSELHEIRO AGUIAR,,RUA RIBEIRO DE BRITO,COM A RUA RIBEIRO DE BRITO,AV CONSELHEIRO AGUIAR,,COM A RUA RIBEIRO DE BRITO,BOA VIAGEM,,,COLISÃO,SEM VITIMAS,CTTU NO LOCAL GM VAI FAZER O B.O,2,,,,,,,,,0,,,,,,,,,,,,,,,,,
2018-04-02,08:57:00,SEM VÍTIMA,FINALIZADA,JORDÃO,AV MARECHAL MASCARENHAS DE MORAES,6997,,NO RETORNO DO TUNEL DO JORDÃO SENT/IMBIRIBEIRA,AV MARECHAL MASCARENHAS DE MORAES,6997,NO RETORNO DO TUNEL DO JORDÃO SENT/IMBIRIBEIRA,JORDÃO,,,COLISÃO,SEM VITIMAS,1,,,,,1,,,,0,,,,,,,,,,,,,,,,,,
2018-04-02,09:19:00,SEM VÍTIMA,PENDENTE,TORRE,RUA JOSE BONIFACIO,961,,ATACADO DOS PRESENTE,RUA JOSE BONIFACIO,961,ATACADO DOS PRESENTE,TORRE,,,COLISÃO,COL.S/V,1,1,,,,,,,,0,,,,,,,,,,,,,,,,,,
2018-04-02,09:52:00,SEM VÍTIMA,FINALIZADA,BEBERIBE,AV BEBERIBE,4510,,EM FRENTE AO POSTO DE SAUDE PROFESSOR MONTEIRO DE MORAES,AV BEBERIBE,4510,EM FRENTE AO POSTO DE SAUDE PROFESSOR MONTEIRO DE MORAES,BEBERIBE,,,COLISÃO,SEM VITIMAS,1,1,,,,,,,,0,,,,,,,,,,,,,,,,,,
2018-04-02,10:18:00,SEM VÍTIMA,FINALIZADA,VÁRZEA,AV CAXANGA,,RUA SÃO FRANCISCO DE PAULA,ESQUINA COM RUA SAO FRANCISCO DE PAULA, EM FRENTE AO POSTO SHELL, SENTIDO CAMARAGIBE,AV CAXANGA,,ESQUINA COM RUA SAO FRANCISCO DE PAULA, EM FRENTE AO POSTO SHELL, SENTIDO CAMARAGIBE,VÁRZEA,,,COLISÃO,AUTO E CAMINHAO,1,,,,,,1,,,0,,,,,,,,,,,,,,
2018-04-02,10:32:00,SEM VÍTIMA,FINALIZADA,BOA VISTA,AV GOVERNADOR AGAMENON MAGALHAES,,,EM FRENTE A WALMART/ SENTIDO OLINDA,AV GOVERNADOR AGAMENON MAGALHAES,,EM FRENTE A WALMART/ SENTIDO OLINDA,BOA VISTA,,,COLISÃO,COLISÃO SEM VÍTIMA,2,,,,,,,,,0,,,,,,,,,,,,,,,,,,
2018-04-02,10:46:00,SEM VÍTIMA,FINALIZADA,BAIRRO DO RECIFE,AV MILITAR,,,EM FRENTE AO POSTO BR,AV MILITAR,,EM FRENTE AO POSTO BR,BAIRRO DO RECIFE,,,ENGAVETAMENTO,ENGAVETAMENTO DE 3 AUTOS PASSEIO SEM VÍTIMA,3,,,,,,,,,0,,,,,,,,,,,,,,,,,,
2018-04-02,10:46:00,SEM VÍTIMA,FINALIZADA,SANTO AMARO,RUA CAPITAO LIMA,,RUA DA FUNDICAO,CRUZAMENTO COM RUA DA FUNDIÇAO, POR TRAS DA GLOBO,RUA CAPITAO LIMA,,CRUZAMENTO COM RUA DA FUNDIÇAO, POR TRAS DA GLOBO,SANTO AMARO,,,COLISÃO,DOIS AUTOS S/V,2,,,,,,,,,0,,,,,,,,,,,,,,,,
2018-04-02,10:49:00,SEM VÍTIMA,FINALIZADA,PINA,RUA PAULO GUERRA,,,ENCIMA DA PONTE PAULO GUERRA,RUA PAULO GUERRA,,ENCIMA DA PONTE PAULO GUERRA,PINA,,,COLISÃO,COL.S/V SET. BOA VIAGEM,3,,,,,,,,,0,,,,,,,,,,,,,,,,,,
2018-04-02,11:49:00,SEM VÍTIMA,FINALIZADA,MADALENA,RUA JANUARIO BARBOSA,85,,PROXIMO A ESCOLA EQUIPE,RUA JANUARIO BARBOSA,85,PROXIMO A ESCOLA EQUIPE,MADALENA,,,COLISÃO,COLISÃO SEM VÍTIMA,2,,,,,,,,,0,,,,,,,,,,,,,,,,,,
2018-04-02,12:14:00,COM VÍTIMA,FINALIZADA,AFOGADOS,RUA MOTOCOLOMBO,190,,EM FRENTE À IGREJA PRESBITERIANA,RUA MOTOCOLOMBO,190,EM FRENTE À IGREJA PRESBITERIANA,AFOGADOS,,,COLISÃO,AUTO E MOTO COM LESÕES,1,1,,,,,,,,1,,,,,,,,,,,,,,,,,,
2018-04-02,12:31:00,SEM VÍTIMA,FINALIZADA,BOA VIAGEM,RUA ERNESTO DE PAULA SANTOS,75,,EM FRENTE AO EDIFICIO VIANNA DO CASTELO,RUA ERNESTO DE PAULA SANTOS,75,EM FRENTE AO EDIFICIO VIANNA DO CASTELO,BOA VIAGEM,,,COLISÃO,COLISÃO SEM VÍTIMA,2,,,,,,,,,0,,,,,,,,,,,,,,,,,,
2018-04-02,12:34:00,SEM VÍTIMA,FINALIZADA,IPUTINGA,RUA TOMAZ GONZAGA,,,SEMAFO 280,RUA TOMAZ GONZAGA,,SEMAFO 280,IPUTINGA,,,COLISÃO,DOIS AUTOS S/V,2,,,,,,,,,0,,,,,,,,,,,,,,,,,,
2018-04-02,12:57:00,SEM VÍTIMA,CANCELADA,JORDÃO,AV GOVERNADOR TORRES GALVAO,16,,PROXIMO A ESCOLA MUNICIPAL DE JORDÃO BAIXO,AV GOVERNADOR TORRES GALVAO,16,PROXIMO A ESCOLA MUNICIPAL DE JORDÃO BAIXO,JORDÃO,,,COLISÃO,COLISÃO SEM VÍTIMA,,,,,,2,,,,0,,,,,,,,,,,,,,,,,,
2018-04-02,13:26:00,SEM VÍTIMA,FINALIZADA,DERBY,AV GOVERNADOR AGAMENON MAGALHAES,241A,,EM FRENTE A CENTRAL DO DENTE,AV GOVERNADOR AGAMENON MAGALHAES,241A,EM FRENTE A CENTRAL DO DENTE,DERBY,,,COLISÃO,MOTO E AUTO,1,1,,,,,,,,0,,,,,,,,,,,,,,,,,,
2018-04-02,13:26:00,SEM VÍTIMA,FINALIZADA,MADALENA,AV VISCONDE DE ALBUQUERQUE,457,,EM FRENTE A DELICATESSEN ENGENHO MADALENA,AV VISCONDE DE ALBUQUERQUE,457,EM FRENTE A DELICATESSEN ENGENHO MADALENA,MADALENA,,,COLISÃO,COLISÃO SEM VÍTIMA,2,,,,,,,,,0,,,,,,,,,,,,,,,,,,
2018-04-02,13:48:00,SEM VÍTIMA,FINALIZADA,GRAÇAS,RUA JOAO RAMOS,,RUA BRUNO MAIA,COM A RUA BRUNO MAIA / POR TRAS DA PIZZARIA ATLANTICO,RUA JOAO RAMOS,,COM A RUA BRUNO MAIA / POR TRAS DA PIZZARIA ATLANTICO,GRAÇAS,,,COLISÃO,AMBULANCIA E AUTO,1,,,,,,,1,,0,,,,,,,,,,,,,,,,,,
2018-04-02,13:58:00,SEM VÍTIMA,FINALIZADA,ILHA DO RETIRO,AV ENGENHEIRO ABDIAS DE CARVALHO,,,EM FRENTE AO SPORT/ SENTIDO CIDADE,AV ENGENHEIRO ABDIAS DE CARVALHO,,EM FRENTE AO SPORT/ SENTIDO CIDADE,ILHA DO RETIRO,,,COLISÃO,COLISÃO SEM VÍTIMA,1,,,,,,1,,,0,,,,,,,,,,,,,,,,,,
2018-04-02,14:48:00,COM VÍTIMA,FINALIZADA,BONGI,AV ENGENHEIRO ABDIAS DE CARVALHO,,RUA BRANDÃO CAVALCANTI,COM A RUA BRANDAO CAVALCANTI / ESTACIONAMENTO DO LABORATORIO CERPE,AV ENGENHEIRO ABDIAS DE CARVALHO,,COM A RUA BRANDAO CAVALCANTI / ESTACIONAMENTO DO LABORATORIO CERPE,BONGI,,,COLISÃO,MOTO E AUTO,1,1,,,,,,,,1,,,,,,,,,,,,,,,,,,
2018-04-02,14:49:00,SEM VÍTIMA,FINALIZADA,PINA,AV ANTONIO DE GOES,,,EM FRENTE AO EMPRESARIAL NILTON MELO/ SEMÁFORO 277,AV ANTONIO DE GOES,,EM FRENTE AO EMPRESARIAL NILTON MELO/ SEMÁFORO 277,PINA,,,COLISÃO,COLISÃO SEM VÍTIMA,2,,,,,,,,,0,,,,,,,,,,,,,,,,,,
2018-04-02,14:58:00,SEM VÍTIMA,CANCELADA,BOA VIAGEM,RUA DOS NAVEGANTES,1475,,EM FRENTE AO EDIFICIO NATALIA,RUA DOS NAVEGANTES,1475,EM FRENTE AO EDIFICIO NATALIA,BOA VIAGEM,,,COLISÃO,COLISÃO SEM VÍTIMA,2,,,,,,,,,0,,,,,,,,,,,,,,,,,,
2018-04-02,15:38:00,SEM VÍTIMA,FINALIZADA,MADALENA,RUA JOAO FERNANDES VIEIRA,,,PROX. AO WALMART E A FARMACIA BIG BEN, AO LADO DA PRAÇA PARQUE AMORIM,RUA JOAO FERNANDES VIEIRA,,PROX. AO WALMART E A FARMACIA BIG BEN, AO LADO DA PRAÇA PARQUE AMORIM,MADALENA,,,COLISÃO,AUTO E ONIBUS ,1,,,,,1,,,,0,,,,,,,,,,,,,,,,
2018-04-02,16:23:00,SEM VÍTIMA,FINALIZADA,CASA AMARELA,RUA PADRE LEMOS,,,KINITOS,RUA PADRE LEMOS,,KINITOS,CASA AMARELA,,,COLISÃO,COLISÃO SEM VITIMA,2,,,,,,,,,0,,,,,,,,,,,,,,,,,,
2018-04-02,16:33:00,SEM VÍTIMA,FINALIZADA,MADALENA,RUA REAL DA TORRE,1060B,,EM FRENTE A LIVRARIA BOA VISTA,RUA REAL DA TORRE,1060B,EM FRENTE A LIVRARIA BOA VISTA,MADALENA,,,COLISÃO,COLISÃO SEM VÍTIMA,1,,,,,,,,1,0,,,,,,,,,,,,,,,,,,
2018-04-02,16:34:00,SEM VÍTIMA,FINALIZADA,CIDADE UNIVERSITÁRIA,RUA GENERAL POLIDORO,635,,EM FRENTE AO CONJUNTO RESIDENCIAL LUAR DO CAMPO, SENTIDO SUB/CID,RUA GENERAL POLIDORO,635,EM FRENTE AO CONJUNTO RESIDENCIAL LUAR DO CAMPO, SENTIDO SUB/CID,CIDADE UNIVERSITÁRIA,,,COLISÃO,AUTO E ONIBUS DA MOBI,1,,,,,,1,,,0,,,,,,,,,,,,,,,,
2018-04-02,16:52:00,COM VÍTIMA,FINALIZADA,SAN MARTIN,AV ENGENHEIRO ABDIAS DE CARVALHO,S/N,,C/ AV. GENERAL SAN MARTIN,AV ENGENHEIRO ABDIAS DE CARVALHO,S/N,C/ AV. GENERAL SAN MARTIN,SAN MARTIN,,,COLISÃO,COLISÃO ENVOLVENDO CAMINHÃO E MOTOCICLETA COM VÍTIMA,,1,,,,,1,,,1,,,,,,,,,,,,,,,,,,
2018-04-02,17:01:00,SEM VÍTIMA,FINALIZADA,PINA,AV REPUBLICA DO LIBANO,251,,EM FRENTE AO EMPRESARIAL RIOMAR,AV REPUBLICA DO LIBANO,251,EM FRENTE AO EMPRESARIAL RIOMAR,PINA,,,COLISÃO,AUTO E ONIBUS S/V,1,,,,,1,,,,0,,,,,,,,,,,,,,,,,,
2018-04-02,17:15:00,SEM VÍTIMA,FINALIZADA,MADALENA,RUA JOSE OSORIO,865,,EM FRENTE AS LOJAS AUTO CAR RECIFE,RUA JOSE OSORIO,865,EM FRENTE AS LOJAS AUTO CAR RECIFE,MADALENA,,,COLISÃO,DUAS MOTOS,,2,,,,,,,,0,,,,,,,,,,,,,,,,,,
2018-04-02,17:32:00,SEM VÍTIMA,FINALIZADA,BEBERIBE,AV BEBERIBE,,,RETORNO DA PRAÇA DA CONVENÇAO / EM FRENTE AO SUPERMERCADO DO GALEGO / SENT SUB,AV BEBERIBE,,RETORNO DA PRAÇA DA CONVENÇAO / EM FRENTE AO SUPERMERCADO DO GALEGO / SENT SUB,BEBERIBE,,,COLISÃO,ONIBUS E AUTO PASSEIO,1,,,,,1,,,,0,,,,,,,,,,,,,,,,,,
2018-04-02,18:03:00,SEM VÍTIMA,CANCELADA,BOA VIAGEM,RUA AVIADOR SEVERIANO LINS,,,PROX CENTRO DE NATAÇÃO NIKITA,RUA AVIADOR SEVERIANO LINS,,PROX CENTRO DE NATAÇÃO NIKITA,BOA VIAGEM,,,COLISÃO,COLISÃO S/V,1,,,,,,1,,,0,,,,,,,,,,,,,,,,,,
2018-04-02,18:38:00,SEM VÍTIMA,FINALIZADA,TAMARINEIRA,RUA CONEGO BARATA,,,E/F A FERREIRA COSTA,RUA CONEGO BARATA,,E/F A FERREIRA COSTA,TAMARINEIRA,,,COLISÃO,COLISÃO S/V,1,1,,,,,,,,0,,,,,,,,,,,,,,,,,,
2018-04-02,19:02:00,SEM VÍTIMA,CANCELADA,CORDEIRO,EST DO FORTE DO ARRAIAL N. DO B. JESUS,,,PROX AO YOKI,EST DO FORTE DO ARRAIAL N. DO B. JESUS,,PROX AO YOKI,CORDEIRO,,,COLISÃO,CARRO POPULAR COM CARRO DA PREFEITURA DO RECIFE,2,,,,,,,,,0,,,,,,,,,,,,,,,,,,
2018-04-02,19:28:00,SEM VÍTIMA,FINALIZADA,IMBIRIBEIRA,AV MARECHAL MASCARENHAS DE MORAES,,,E/F AO AEROPORTO INTERNACIONAL DOS GUARARAPES E FOCUS. SNT PRAZERES, APÓS O VIADUTO.,AV MARECHAL MASCARENHAS DE MORAES,,E/F AO AEROPORTO INTERNACIONAL DOS GUARARAPES E FOCUS. SNT PRAZERES, APÓS O VIADUTO.,IMBIRIBEIRA,,,COLISÃO,ENTRE AUTO E CAMINHÃO. S/V,1,,,,,,1,,,0,,,,,,,,,,,,,,,,
2018-04-02,19:37:00,SEM VÍTIMA,FINALIZADA,CORDEIRO,RUA N S DA SAUDE,,,PROX.TERMINAL DE ÔNIBUS DA TORRE,RUA N S DA SAUDE,,PROX.TERMINAL DE ÔNIBUS DA TORRE,CORDEIRO,,,COLISÃO,COLISÃO S/V,1,1,,,,,,,,0,,,,,,,,,,,,,,,,,,
2018-04-02,19:51:00,COM VÍTIMA,FINALIZADA,BOA VIAGEM,RUA DHALIA,211,,E/F AO EDF PARADOR DE ARAGON,RUA DHALIA,211,E/F AO EDF PARADOR DE ARAGON,BOA VIAGEM,,,COLISÃO,ENTRE AUTO E MOTO. C/V,1,1,,,,,,,,1,,,,,,,,,,,,,,,,,,
2018-04-02,20:14:00,SEM VÍTIMA,FINALIZADA,BOA VIAGEM,AV BOA VIAGEM,1230,,E/F AO EDF. JARDINS,AV BOA VIAGEM,1230,E/F AO EDF. JARDINS,BOA VIAGEM,,,COLISÃO,COLISAO 2 MOTOS S/V,,2,,,,,,,,0,,,,,,,,,,,,,,,,,,