data,hora,natureza_acidente,situacao,bairro,endereco,numero,detalhe_endereco_acidente,complemento,endereco_cruzamento,numero_cruzamento,referencia_cruzamento,bairro_cruzamento,num_semaforo,sentido_via,tipo,descricao,auto,moto,ciclom,ciclista,pedestre,onibus,caminhao,viatura,outros,vitimas,vitimasfatais,acidente_verificado,tempo_clima,situacao_semaforo,sinalizacao,condicao_via,conservacao_via,ponto_controle,situacao_placa,velocidade_max_via,mao_direcao,divisao_via1,divisao_via2,divisao_via3,,,,
2018-04-02,20:57:00,SEM VÍTIMA,FINALIZADA,DERBY,AV GOVERNADOR AGAMENON MAGALHAES,153,,E/F A MCDONALD´S/ PROX A PRAÇA DO DERBY,AV GOVERNADOR AGAMENON MAGALHAES,153,E/F A MCDONALD´S/ PROX A PRAÇA DO DERBY,DERBY,,,COLISÃO,COLISAO S/V,2,,,,,,,,,0,,,,,,,,,,,,,,,,,,
2018-04-02,22:45:00,SEM VÍTIMA,FINALIZADA,CAMPO GRANDE,RUA ODORICO MENDES,263,,E/F AO CLUBE DAS PÁS,RUA ODORICO MENDES,263,E/F AO CLUBE DAS PÁS,CAMPO GRANDE,,,COLISÃO,ENTRE 2 AUTOS. S/V,2,,,,,,,,,0,,,,,,,,,,,,,,,,,,
2018-04-02,23:45:00,SEM VÍTIMA,FINALIZADA,ROSARINHO,AV NORTE,3388,,AO LADO DO POSTO BR, SENT. CIDADE,AV NORTE,3388,AO LADO DO POSTO BR, SENT. CIDADE,ROSARINHO,,,COLISÃO,MOTO E AUTO,1,1,,,,,,,,0,,,,,,,,,,,,,,,,
2018-04-03,06:42:00,COM VÍTIMA,FINALIZADA,MADALENA,RUA PADRE TEOFILO TWORZ,295,,RUA DA FACULDADE NOVA ROMA,RUA PADRE TEOFILO TWORZ,295,RUA DA FACULDADE NOVA ROMA,MADALENA,,,COLISÃO,CAMINHAO E AUTO,1,,,,,,1,,,1,,,,,,,,,,,,,,,,,,
2018-04-03,07:28:00,SEM VÍTIMA,FINALIZADA,AFOGADOS,AV SUL,,,EM FRENTE DA ESTÇÃO DO METROR LARGO DA PAZ,AV SUL,,EM FRENTE DA ESTÇÃO DO METROR LARGO DA PAZ,AFOGADOS,,,COLISÃO,COL.S/V,SET. CD,1,,,,,,1,,,0,,,,,,,,,,,,,,,,,
2018-04-03,07:37:00,SEM VÍTIMA,FINALIZADA,DERBY,RUA JOAQUIM NABUCO,,,AO LADO DA RESTAURACAO / SEMAFORO 174,RUA JOAQUIM NABUCO,,AO LADO DA RESTAURACAO / SEMAFORO 174,DERBY,,,COLISÃO,ONIBUS E AUTO PASSEIO,1,,,,,1,,,,0,,,,,,,,,,,,,,,,,,
2018-04-03,07:50:00,SEM VÍTIMA,FINALIZADA,SÃO JOSÉ,RUA IMPERIAL,2212,,IMPERIO CAR, SENTIDO AFOGADOS,RUA IMPERIAL,2212,IMPERIO CAR, SENTIDO AFOGADOS,SÃO JOSÉ,,,COLISÃO,COLISÃO SEM VÍTIMA,1,1,,,,,,,,0,,,,,,,,,,,,,,,,
2018-04-03,08:11:00,SEM VÍTIMA,CANCELADA,PINA,RUA MANOEL DE BRITO,272,,NA FRENTE DO 19º,BATALHÃO ANDRE VIDAL DE NEGREIROS NA DESCIDA DO VIADUTO, SENTIDO CIDADE,RUA MANOEL DE BRITO,272,NA FRENTE DO 19º,BATALHÃO ANDRE VIDAL DE NEGREIROS NA DESCIDA DO VIADUTO, SENTIDO CIDADE,PINA,,,COLISÃO,COLISÃO SEM VITIMA,2,,,,,,,,,0,,,,,,,,,,,,,,
2018-04-03,08:16:00,SEM VÍTIMA,FINALIZADA,GRAÇAS,PRC DO ENTRONCAMENTO,,,EM FRENTE A FHARMAPELE,PRC DO ENTRONCAMENTO,,EM FRENTE A FHARMAPELE,GRAÇAS,,,COLISÃO,SEM VITIMAS,1,,,,,,1,,,0,,,,,,,,,,,,,,,,,,
2018-04-03,08:34:00,SEM VÍTIMA,FINALIZADA,CAMPO GRANDE,RUA MARQUES DE BAIPENDI,691,RUA JERONIMO VILELA,COM A RUA JERONIMO VILELA,RUA MARQUES DE BAIPENDI,691,COM A RUA JERONIMO VILELA,CAMPO GRANDE,,,ENGAVETAMENTO,DOIS CAMINHOES E DOIS AUTOS PASSEIO,2,,,,,,2,,,0,,,,,,,,,,,,,,,,,,
2018-04-03,08:47:00,SEM VÍTIMA,CANCELADA,SAN MARTIN,AV ENGENHEIRO ABDIAS DE CARVALHO,,,NA UPA, SENTIDO CENTRO DO RECIFE,AV ENGENHEIRO ABDIAS DE CARVALHO,,NA UPA, SENTIDO CENTRO DO RECIFE,SAN MARTIN,,,COLISÃO,COLISÃO SEM VITIMA, OS CONDUTORES SE DESLOCARAM ATE A CHESF, PARA PODER DEIXAR A VIA LIVRE,1,,,,,,1,,,0,,,,,,,,,,,,,,
2018-04-03,09:14:00,COM VÍTIMA,FINALIZADA,BOA VISTA,RUA JOSE DE ALENCAR,555,,EM FRENTE DA MERCEARIA DO BRAZ,RUA JOSE DE ALENCAR,555,EM FRENTE DA MERCEARIA DO BRAZ,BOA VISTA,,,COLISÃO,COL.S/V,1,1,,,,,,,,1,,,,,,,,,,,,,,,,,,
2018-04-03,09:23:00,SEM VÍTIMA,CANCELADA,AFOGADOS,RUA SAO MIGUEL,554,,EM FRENTE DA GT ASSESORIO DE PEÇA,RUA SAO MIGUEL,554,EM FRENTE DA GT ASSESORIO DE PEÇA,AFOGADOS,,,COLISÃO,COL.S/V,1,,,,,,,,,0,,,,,,,,,,,,,,,,,,
2018-04-03,09:24:00,SEM VÍTIMA,FINALIZADA,BEBERIBE,EST VELHA DE AGUA FRIA,,,AO LADO DA MILENA MOVEIS,EST VELHA DE AGUA FRIA,,AO LADO DA MILENA MOVEIS,BEBERIBE,,,COLISÃO,SEM VITIMAS,1,,,,,,1,,,0,,,,,,,,,,,,,,,,,,
2018-04-03,09:28:00,SEM VÍTIMA,FINALIZADA,CAMPINA DO BARRETO,AV POETA VINICIUS DE MORAIS,19,,ACADEMIA DO RECIFE, SENTIDO OLINDA,AV POETA VINICIUS DE MORAIS,19,ACADEMIA DO RECIFE, SENTIDO OLINDA,CAMPINA DO BARRETO,,,COLISÃO,COLISÃO SEM VITIMA,,,,,,1,1,,,0,,,,,,,,,,,,,,,,
2018-04-03,09:30:00,COM VÍTIMA,FINALIZADA,IMBIRIBEIRA,RUA ARQUITETO LUIZ NUNES,,,SEMAFORO 634 / SENT IPSEP,RUA ARQUITETO LUIZ NUNES,,SEMAFORO 634 / SENT IPSEP,IMBIRIBEIRA,,,COLISÃO,MOTO E AUTO,1,1,,,,,,,,1,,,,,,,,,,,,,,,,,,
2018-04-03,09:43:00,SEM VÍTIMA,FINALIZADA,BOA VIAGEM,AV BOA VIAGEM,,AV ARMINDO MOURA,PROX. AO POSTO DE OBS DOS BOMBEIROS 08 CRUZ COM A ARMINDO MOURA SEM 084,AV BOA VIAGEM,,PROX. AO POSTO DE OBS DOS BOMBEIROS 08 CRUZ COM A ARMINDO MOURA SEM 084,BOA VIAGEM,,,COLISÃO,COLISÃO SEM VITIMAS,1,1,,,,,,,,0,,,,,,,,,,,,,,,,,,
2018-04-03,10:22:00,SEM VÍTIMA,FINALIZADA,BOA VIAGEM,RUA PROFESSOR AUGUSTO LINS E SILVA,769,RUA JOAO CARDOSO AYRES,RUA DA EXTRA FARMA,CRUZAMENTO COM A RUA JOÃO CARDOSO AYRES,RUA PROFESSOR AUGUSTO LINS E SILVA,769,RUA DA EXTRA FARMA,CRUZAMENTO COM A RUA JOÃO CARDOSO AYRES,BOA VIAGEM,,,COLISÃO,SEM VITIMAS,2,,,,,,,,,0,,,,,,,,,,,,,,,,
2018-04-03,10:38:00,SEM VÍTIMA,FINALIZADA,SANTO ANTÔNIO,RUA SIQUEIRA CAMPOS,251,,EM FRENTE AO EDF DANTAS BARRETO,RUA SIQUEIRA CAMPOS,251,EM FRENTE AO EDF DANTAS BARRETO,SANTO ANTÔNIO,,,COLISÃO,SEM VITIMAS,1,,,,,,,1,,0,,,,,,,,,,,,,,,,,,
2018-04-03,10:55:00,SEM VÍTIMA,FINALIZADA,ILHA JOANA BEZERRA,AV DES GUERRA BARRETO,,,NA FRENTE D FORUM DE JOANA BEZERRA, JUNTO A AO SEMAFORO 038,AV DES GUERRA BARRETO,,NA FRENTE D FORUM DE JOANA BEZERRA, JUNTO A AO SEMAFORO 038,ILHA JOANA BEZERRA,,,COLISÃO,COLISÃO SEM VITIMA,1,,,,,,1,,,0,,,,,,,,,,,,,,,,
2018-04-03,11:08:00,SEM VÍTIMA,FINALIZADA,CASA FORTE,RUA LAURINDO COELHO,656,,EM FRENTE A DELIKATA DOCERIA,RUA LAURINDO COELHO,656,EM FRENTE A DELIKATA DOCERIA,CASA FORTE,,,COLISÃO,SEM VITIMAS,1,1,,,,,,,,0,,,,,,,,,,,,,,,,,,
2018-04-03,11:17:00,SEM VÍTIMA,FINALIZADA,SANTO AMARO,AV JOAO DE BARROS,948,,AO LADO VIADUTO SENT/HOSPITAL OSWALDO CRUZ,AV JOAO DE BARROS,948,AO LADO VIADUTO SENT/HOSPITAL OSWALDO CRUZ,SANTO AMARO,,,COLISÃO,SEM VITIMAS,1,,,,,1,,,,0,,,,,,,,,,,,,,,,,,
2018-04-03,11:38:00,SEM VÍTIMA,FINALIZADA,IMBIRIBEIRA,RUA ARQUITETO LUIZ NUNES,260,AV PINHEIROS,COM AV PINHEIROS PROX A GRILLO FLORES,RUA ARQUITETO LUIZ NUNES,260,COM AV PINHEIROS PROX A GRILLO FLORES,IMBIRIBEIRA,,,COLISÃO,COLISAO DE AUTO E MOTO S/V,1,1,,,,,,,,0,,,,,,,,,,,,,,,,,,
2018-04-03,12:47:00,SEM VÍTIMA,FINALIZADA,IBURA,RUA SAO FRANCISCO,256,,ANTES AO COLEGIO POLIVALENTE IBURA DE CIMA,RUA SAO FRANCISCO,256,ANTES AO COLEGIO POLIVALENTE IBURA DE CIMA,IBURA,,,COLISÃO,COLISAO DE DUAS MOTO S/V,,2,,,,,,,,0,,,,,,,,,,,,,,,,,,
2018-04-03,13:31:00,SEM VÍTIMA,FINALIZADA,DERBY,RUA HENRIQUE DIAS,,,NA FRENTE AO COLEGIO MILITAR,RUA HENRIQUE DIAS,,NA FRENTE AO COLEGIO MILITAR,DERBY,,,COLISÃO,COLISÃO SEM VITIMAS,2,,,,,,,,,0,,,,,,,,,,,,,,,,,,
2018-04-03,13:42:00,SEM VÍTIMA,FINALIZADA,BOA VISTA,RUA AURORA,703,,EM FRENTE AO GINASIO PERNAMBUCANO,RUA AURORA,703,EM FRENTE AO GINASIO PERNAMBUCANO,BOA VISTA,,,COLISÃO,AUTO E CAMINHAO,1,,,,,,1,,,0,,,,,,,,,,,,,,,,,,
2018-04-03,13:42:00,SEM VÍTIMA,FINALIZADA,CAXANGÁ,AV CAXANGA,1319,,NA FRENTE A BRADESCO,AV CAXANGA,1319,NA FRENTE A BRADESCO,CAXANGÁ,,,COLISÃO,COLISÃO SEM VITIMAS,1,,,,,,1,,,0,,,,,,,,,,,,,,,,,,
2018-04-03,13:43:00,SEM VÍTIMA,FINALIZADA,IMBIRIBEIRA,AV MARECHAL MASCARENHAS DE MORAES,4115,,ANTES DO ATACADO DOS PRESENTES E/F E/F A FONTE NÁUTICA S/T CID,AV MARECHAL MASCARENHAS DE MORAES,4115,ANTES DO ATACADO DOS PRESENTES E/F E/F A FONTE NÁUTICA S/T CID,IMBIRIBEIRA,,,COLISÃO,COLISAO DE CAMINHAO E AUTO S/V,1,,,,,,1,,,0,,,,,,,,,,,,,,,,,,
2018-04-03,13:55:00,SEM VÍTIMA,FINALIZADA,PARNAMIRIM,EST DO ENCANAMENTO,,,RESTAURANTE AO GUAIMUNDO,EST DO ENCANAMENTO,,RESTAURANTE AO GUAIMUNDO,PARNAMIRIM,,,COLISÃO,,2,,,,,,,,,0,,,,,,,,,,,,,,,,,,
2018-04-03,14:01:00,SEM VÍTIMA,FINALIZADA,CORDEIRO,RUA GREGORIO JUNIOR,,,PROX. AO MERCADO DO CORDEIRO, E A IGREJA BATISTA MEMORIAL, SENTIDO SUB,RUA GREGORIO JUNIOR,,PROX. AO MERCADO DO CORDEIRO, E A IGREJA BATISTA MEMORIAL, SENTIDO SUB,CORDEIRO,,,COLISÃO,AUTO E ONIBUS,1,,,,,1,,,,0,,,,,,,,,,,,,,
2018-04-03,14:11:00,SEM VÍTIMA,CANCELADA,AFLITOS,RUA DES MARTINS PEREIRA,225,,EDIF. MONALISA, SENTIDO COLEGIO DAMAS,RUA DES MARTINS PEREIRA,225,EDIF. MONALISA, SENTIDO COLEGIO DAMAS,AFLITOS,,,COLISÃO,COLISÃO SEM VITIMA,2,,,,,,,,,0,,,,,,,,,,,,,,,,
2018-04-03,14:35:00,SEM VÍTIMA,FINALIZADA,BRASÍLIA TEIMOSA,RUA DELFIM,,,E/F AO POSTO DE SAUDE,RUA DELFIM,,E/F AO POSTO DE SAUDE,BRASÍLIA TEIMOSA,,,COLISÃO,COLISAO DE CAMINHAO E AUTO,1,,,,,,1,,,0,,,,,,,,,,,,,,,,,,
2018-04-03,15:21:00,SEM VÍTIMA,FINALIZADA,IPSEP,AV RECIFE,,,APOS O SAL E BRASA, NA SUBIDA DO VIA DUTO SENTIDO BOA VIAGEM,AV RECIFE,,APOS O SAL E BRASA, NA SUBIDA DO VIA DUTO SENTIDO BOA VIAGEM,IPSEP,,,COLISÃO,DOIS AUTOS,2,,,,,,,,,0,,,,,,,,,,,,,,,,
2018-04-03,16:13:00,SEM VÍTIMA,FINALIZADA,BOA VIAGEM,RUA RIBEIRO DE BRITO,901,,NA FRENTE DO EMPRESARIAL RIBEIRO DE BRITO,RUA RIBEIRO DE BRITO,901,NA FRENTE DO EMPRESARIAL RIBEIRO DE BRITO,BOA VIAGEM,,,COLISÃO,COLISÃO SEM VITIMA,1,,,,,,,,1,0,,,,,,,,,,,,,,,,,,
2018-04-03,16:33:00,SEM VÍTIMA,FINALIZADA,JAQUEIRA,RUA DO FUTURO,1309,,NA PRAÇA DA JAQUEIRA E/F AO ESTACIONAMENTO DA VERDE FRUTTI,RUA DO FUTURO,1309,NA PRAÇA DA JAQUEIRA E/F AO ESTACIONAMENTO DA VERDE FRUTTI,JAQUEIRA,,,CHOQUE,CAMINHAO CHOCOU COM UM POSTE E O POSTE CAIU SOBRE O VEICULO,1,,,,,,1,,,0,,,,,,,,,,,,,,,,,,
2018-04-03,16:47:00,SEM VÍTIMA,CANCELADA,BOA VIAGEM,AV ARMINDO MOURA,,,E/F A AERONAUTICA NO SEMAFORO 529,AV ARMINDO MOURA,,E/F A AERONAUTICA NO SEMAFORO 529,BOA VIAGEM,,,COLISÃO,COLISAO DE DOIS AUTOS S/V,2,,,,,,,,,0,,,,,,,,,,,,,,,,,,
2018-04-03,17:13:00,COM VÍTIMA,FINALIZADA,CAJUEIRO,AV SEBASTIAO SALAZAR,125,,PROX. AO BAR DA FAVA, FUNDAO,AV SEBASTIAO SALAZAR,125,PROX. AO BAR DA FAVA, FUNDAO,CAJUEIRO,,,COLISÃO,AUTO E MOTO C/V, MOTO NOVA SEM PLACA,1,1,,,,,,,,2,,,,,,,,,,,,,,,
2018-04-03,18:21:00,SEM VÍTIMA,FINALIZADA,BAIRRO DO RECIFE,AV ALFREDO LISBOA,,,SEMAFORO 477, AO LADO DO ESTACIONAMENTO DO PAÇO ALFANDEGA,AV ALFREDO LISBOA,,SEMAFORO 477, AO LADO DO ESTACIONAMENTO DO PAÇO ALFANDEGA,BAIRRO DO RECIFE,,,COLISÃO,AUTO E CAMINHAO S/V,1,,,,,,1,,,0,,,,,,,,,,,,,,,,
2018-04-03,18:21:00,SEM VÍTIMA,CANCELADA,CAXANGÁ,AV CAXANGA,,,AO LADO DA UPA CAXANGÁ/ POSTO SHELL,AV CAXANGA,,AO LADO DA UPA CAXANGÁ/ POSTO SHELL,CAXANGÁ,,,COLISÃO,COLISAO S/V,2,,,,,,,,,0,,,,,,,,,,,,,,,,,,
2018-04-03,18:25:00,COM VÍTIMA,FINALIZADA,BOA VIAGEM,AV CONSELHEIRO AGUIAR,597,,E/F A BOSS BARBEARIA, SNT PINA/ PRÓX A SUZUKI MOTOS,AV CONSELHEIRO AGUIAR,597,E/F A BOSS BARBEARIA, SNT PINA/ PRÓX A SUZUKI MOTOS,BOA VIAGEM,,,ATROPELAMENTO,ENTRE AUTO E PEDETRE. C/V,1,,,,1,,,,,1,,,,,,,,,,,,,,,,
2018-04-03,23:14:00,SEM VÍTIMA,FINALIZADA,CASA AMARELA,RUA CONS PERETTI,136,RUA CONS RIBAS,CRUZ COM A R CONS RIBAS / PRÓX A CENTRAL COMERCIAL DE CASA AMARELA,RUA CONS PERETTI,136,CRUZ COM A R CONS RIBAS / PRÓX A CENTRAL COMERCIAL DE CASA AMARELA,CASA AMARELA,,,COLISÃO,EMTRE 2 AUTOS. SV,2,,,,,,,,,0,,,,,,,,,,,,,,,,,,
2018-04-03,23:39:00,SEM VÍTIMA,FINALIZADA,BOA VIAGEM,AV ENGENHEIRO DOMINGOS FERREIRA,,RUA PADRE BERNARDINO PESSOA,CRUZ COM A R PADRE BERNARDINO PESSOA / SEMÁFORO 144,AV ENGENHEIRO DOMINGOS FERREIRA,,CRUZ COM A R PADRE BERNARDINO PESSOA / SEMÁFORO 144,BOA VIAGEM,,,ENGAVETAMENTO,ENTRE 2 AUTOS E 2 ÔNIBUS . S/V,2,,,,,2,,,,0,,,,,,,,,,,,,,,,,,
2018-04-04,07:13:00,COM VÍTIMA,CANCELADA,AREIAS,AV RECIFE,,,PROXIMO AO BOMPREÇO,AV RECIFE,,PROXIMO AO BOMPREÇO,AREIAS,,,ACID. DE PERCURSO,QUEDA DE MOTO,,1,,,,,,,,2,,,,,,,,,,,,,,,,,,
2018-04-04,07:15:00,SEM VÍTIMA,FINALIZADA,BOA VIAGEM,AVENIDA CELSO FURTADO (VIA MANGUE),,,SENTIDO LE PARC,AVENIDA CELSO FURTADO (VIA MANGUE),,SENTIDO LE PARC,BOA VIAGEM,,,COLISÃO,COLISÃO SEM VITIMA,2,,,,,,,,,0,,,,,,,,,,,,,,,,,,
2018-04-04,07:22:00,SEM VÍTIMA,FINALIZADA,IMBIRIBEIRA,AV MARECHAL MASCARENHAS DE MORAES,7935,,EM FRENTE AO CONTINENTAL ALINHAMENTO,PNEUS ,SENT/BOA VIAGEM,AV MARECHAL MASCARENHAS DE MORAES,7935,EM FRENTE AO CONTINENTAL ALINHAMENTO,PNEUS ,SENT/BOA VIAGEM,IMBIRIBEIRA,,,COLISÃO,COLISÃO SEM VITIMA,2,1,,,,,,,,0,,,,,,,,,,,,,,
2018-04-04,07:48:00,SEM VÍTIMA,FINALIZADA,AFOGADOS,RUA SAO MIGUEL,4004,,EM FRENTE AO BANCO DO BRASIL E AO COLEGIO MONTEIRO LOBATO,RUA SAO MIGUEL,4004,EM FRENTE AO BANCO DO BRASIL E AO COLEGIO MONTEIRO LOBATO,AFOGADOS,,,COLISÃO,COLISÃO SEM VITIMAS,2,,,,,,,,,0,,,,,,,,,,,,,,,,,,
2018-04-04,08:09:00,SEM VÍTIMA,FINALIZADA,DERBY,AV GOVERNADOR AGAMENON MAGALHAES,,,DEFRONTE A RESTAURAÇÃO , SENTIDO BOA VIAGEM,AV GOVERNADOR AGAMENON MAGALHAES,,DEFRONTE A RESTAURAÇÃO , SENTIDO BOA VIAGEM,DERBY,,,COLISÃO,COLISÃO SEM VITIMA,1,,,,,1,,,,0,,,,,,,,,,,,,,,,
2018-04-04,08:24:00,COM VÍTIMA,FINALIZADA,AFOGADOS,RUA SAO MIGUEL,1093,,AO LADO DO POSTO FEDERAL, SENTIDO SUBURBIO,RUA SAO MIGUEL,1093,AO LADO DO POSTO FEDERAL, SENTIDO SUBURBIO,AFOGADOS,,,COLISÃO,COLISÃO COM VITIMA,1,1,,,,,,,,2,,,,,,,,,,,,,,,,
2018-04-04,08:36:00,SEM VÍTIMA,FINALIZADA,SÃO JOSÉ,RUA BUARQUE DE MACEDO,,,EM FRENTE AO TRIBUNAL DE JUSTIÇA NA SUBIDA DA PONTE BUARQUE MACEDO,RUA BUARQUE DE MACEDO,,EM FRENTE AO TRIBUNAL DE JUSTIÇA NA SUBIDA DA PONTE BUARQUE MACEDO,SÃO JOSÉ,,,COLISÃO,COLISÃO SEM VITIMAS,2,,,,,,,,,0,,,,,,,,,,,,,,,,,,
2018-04-04,08:50:00,SEM VÍTIMA,FINALIZADA,BOA VIAGEM,RUA FELIX DE BRITO E MELO,945,,AO ALDO DO WALL MART,RUA FELIX DE BRITO E MELO,945,AO ALDO DO WALL MART,BOA VIAGEM,,,COLISÃO,COLISÃO SEM VITIMA,1,,,,,1,,,,0,,,,,,,,,,,,,,,,,,
2018-04-04,09:01:00,SEM VÍTIMA,FINALIZADA,PINA,AV ENCANTA MOCA,68,RUA SÃO LUIS,CRUZAMENTO COM A RUA SÃO LUIS,EM FRENTE A CASA DE RAÇÃO MC NASCIMENTO,AV ENCANTA MOCA,68,CRUZAMENTO COM A RUA SÃO LUIS,EM FRENTE A CASA DE RAÇÃO MC NASCIMENTO,PINA,,,COLISÃO,SEM VITIMAS,1,,,,,1,,,,0,,,,,,,,,,,,,,,,
2018-04-04,09:21:00,SEM VÍTIMA,FINALIZADA,IMBIRIBEIRA,AV MARECHAL MASCARENHAS DE MORAES,4490,,EM FRENTE DA JUSTIÇA DO TRABALHO,EM FRENTE AO ESTACIONAMENTO SAN PARK,SENT/AEROPORTO,AV MARECHAL MASCARENHAS DE MORAES,4490,EM FRENTE DA JUSTIÇA DO TRABALHO,EM FRENTE AO ESTACIONAMENTO SAN PARK,SENT/AEROPORTO,IMBIRIBEIRA,,,COLISÃO,SEM VITIMAS,2,,,,,,,,,0,,,,,,,,,,,,,,
2018-04-04,10:59:00,COM VÍTIMA,FINALIZADA,IBURA,AV DOIS RIOS,,,EM FRENTE A QUADRA DA UR 01 LADEIRA DA COAB,AV DOIS RIOS,,EM FRENTE A QUADRA DA UR 01 LADEIRA DA COAB,IBURA,,,COLISÃO,COLISÃO COM VITIMA GM QTH,1,1,,,,,,,,1,,,,,,,,,,,,,,,,,,
2018-04-04,11:49:00,SEM VÍTIMA,FINALIZADA,JARDIM SÃO PAULO,AV SAO PAULO,651,,PRAÇA DE JARDIM SÃO PAULO, JUNTO A FARMACIA PAGUE MENOS,AV SAO PAULO,651,PRAÇA DE JARDIM SÃO PAULO, JUNTO A FARMACIA PAGUE MENOS,JARDIM SÃO PAULO,,,COLISÃO,COLISÃO SEM VITIMAS,4,,,,,,,,,0,,,,,,,,,,,,,,,,
2018-04-04,12:57:00,SEM VÍTIMA,FINALIZADA,CORDEIRO,RUA CLAUDIO BROTHERHOOD,,,NA FRENTE DO CONSELHO TUTELAR, SENTIDO CAXANGA,RUA CLAUDIO BROTHERHOOD,,NA FRENTE DO CONSELHO TUTELAR, SENTIDO CAXANGA,CORDEIRO,,,COLISÃO,COLISÃO SEM VITIMA,2,,,,,,,,,0,,,,,,,,,,,,,,,,
2018-04-04,12:59:00,COM VÍTIMA,FINALIZADA,CORDEIRO,EST DO FORTE DO ARRAIAL N. DO B. JESUS,1438,,E/F A CAPELINHA PROX AO CAMPO DO QUINZE,EST DO FORTE DO ARRAIAL N. DO B. JESUS,1438,E/F A CAPELINHA PROX AO CAMPO DO QUINZE,CORDEIRO,,,COLISÃO,COLISAO DE ONIBUS ESCOLAR E MOTO COM UMA VITIMA,,1,,,,1,,,,1,,,,,,,,,,,,,,,,,,
2018-04-04,13:07:00,SEM VÍTIMA,FINALIZADA,CASA AMARELA,AV PEDRO ALLAIN,124,,PROX. AO SUPERMERCADO CANELA E FIGUEIRAS CALÇADOS,AV PEDRO ALLAIN,124,PROX. AO SUPERMERCADO CANELA E FIGUEIRAS CALÇADOS,CASA AMARELA,,,COLISÃO,DOIS AUTOS,2,,,,,,,,,0,,,,,,,,,,,,,,,,,,
2018-04-04,13:17:00,SEM VÍTIMA,FINALIZADA,IMBIRIBEIRA,AV MARECHAL MASCARENHAS DE MORAES,2671,,PROX. AO GERALDÃO, EM FRENTE A FARMACIA PAGUE MENOS SENT. AEROPORTO,AV MARECHAL MASCARENHAS DE MORAES,2671,PROX. AO GERALDÃO, EM FRENTE A FARMACIA PAGUE MENOS SENT. AEROPORTO,IMBIRIBEIRA,,,COLISÃO,CAMINHÃO E AUTO,1,,,,,,1,,,0,,,,,,,,,,,,,,,,
2018-04-04,14:40:00,COM VÍTIMA,FINALIZADA,BOA VIAGEM,RUA SA E SOUZA,154,,E/F A DROGASIL,RUA SA E SOUZA,154,E/F A DROGASIL,BOA VIAGEM,,,COLISÃO,COLISAO DE AUTO E MOTO COM UMA VITIMA,1,1,,,,,,,,1,,,,,,,,,,,,,,,,,,
2018-04-04,14:44:00,SEM VÍTIMA,FINALIZADA,MADALENA,RUA BENFICA,1103,,AO LADO DO BANCO BRADESCO E GALERIA CAMPO NILA,RUA BENFICA,1103,AO LADO DO BANCO BRADESCO E GALERIA CAMPO NILA,MADALENA,,,COLISÃO,VT-BOMBEIRO E AUTO,1,,,,,,,1,,0,,,,,,,,,,,,,,,,,,
2018-04-04,14:56:00,COM VÍTIMA,FINALIZADA,MORRO DA CONCEIÇÃO,RUA ITACOATIARA,,,SUBIDA DO MORRO DA CONÇEIÇÃO,RUA ITACOATIARA,,SUBIDA DO MORRO DA CONÇEIÇÃO,MORRO DA CONCEIÇÃO,,,ATROPELAMENTO,,1,,,,1,,,,,1,,,,,,,,,,,,,,,,,,
2018-04-04,16:32:00,SEM VÍTIMA,FINALIZADA,IMBIRIBEIRA,AV MARECHAL MASCARENHAS DE MORAES,4861,,PROX AO AEROPORTO S/T AFOGADOS E/F A FACULDADE DE MEDICINA FPS,AV MARECHAL MASCARENHAS DE MORAES,4861,PROX AO AEROPORTO S/T AFOGADOS E/F A FACULDADE DE MEDICINA FPS,IMBIRIBEIRA,,,COLISÃO,COLISAO DE ONIBUS E AUTO S/V,1,,,,,1,,,,0,,,,,,,,,,,,,,,,,,
2018-04-04,16:38:00,COM VÍTIMA,CANCELADA,BOA VISTA,RUA JOSE DE ALENCAR,,,C / BARÃO DE SÃO BORJA,RUA JOSE DE ALENCAR,,C / BARÃO DE SÃO BORJA,BOA VISTA,,,COLISÃO,AUTO E MOTO,1,1,,,,,,,,1,,,,,,,,,,,,,,,,,,
2018-04-04,17:16:00,SEM VÍTIMA,CANCELADA,CORDEIRO,RUA DR MIGUEL VIEIRA FERREIRA,842 C,,PROX. A ESCOLA PASTOR MUNGUBA SOBRINHO,RUA DR MIGUEL VIEIRA FERREIRA,842 C,PROX. A ESCOLA PASTOR MUNGUBA SOBRINHO,CORDEIRO,,,COLISÃO,DUAS MOTOS,1,,1,,,,,,,0,,,,,,,,,,,,,,,,,,
2018-04-04,17:32:00,SEM VÍTIMA,CANCELADA,BOA VIAGEM,RUA PADRE CARAPUCEIRO,488,,,RUA PADRE CARAPUCEIRO,488,,BOA VIAGEM,,,COLISÃO,COLISAO DE CAMINHAO E MOTO S/V,,1,,,,,1,,,0,,,,,,,,,,,,,,,,,,
2018-04-04,17:33:00,SEM VÍTIMA,FINALIZADA,CAMPO GRANDE,EST DE BELEM,362,,EM FRENTE A SECRETARIA DA FAZENDA,EST DE BELEM,362,EM FRENTE A SECRETARIA DA FAZENDA,CAMPO GRANDE,,,COLISÃO,DOIS AUTOS,2,,,,,,,,,0,,,,,,,,,,,,,,,,,,
2018-04-04,18:11:00,COM VÍTIMA,FINALIZADA,IPSEP,RUA ADERBAL DE MELO,135,RUA HELIO BRANDÃO,E/F A CHAMBARIL FEIJOADA DO JOÃO / CRUZANDO A R HELIO BRANDÃO,RUA ADERBAL DE MELO,135,E/F A CHAMBARIL FEIJOADA DO JOÃO / CRUZANDO A R HELIO BRANDÃO,IPSEP,,,COLISÃO,ENTRE AUTO E MOTO. C/V,1,1,,,,,,,,1,,,,,,,,,,,,,,,,,,