data,hora,natureza_acidente,situacao,bairro,endereco,numero,detalhe_endereco_acidente,complemento,endereco_cruzamento,numero_cruzamento,referencia_cruzamento,bairro_cruzamento,num_semaforo,sentido_via,tipo,descricao,auto,moto,ciclom,ciclista,pedestre,onibus,caminhao,viatura,outros,vitimas,vitimasfatais,acidente_verificado,tempo_clima,situacao_semaforo,sinalizacao,condicao_via,conservacao_via,ponto_controle,situacao_placa,velocidade_max_via,mao_direcao,divisao_via1,divisao_via2,divisao_via3,,,,
2018-04-27,15:05:00,SEM VÍTIMA,FINALIZADA,BOA VIAGEM,RUA DOS NAVEGANTES,401,,PROX AO AO CANARIU´S PALACE HOTEL,RUA DOS NAVEGANTES,401,PROX AO AO CANARIU´S PALACE HOTEL,BOA VIAGEM,,,COLISÃO,COLISAO ENTRE DOIS AUTYOS S/V,2,,,,,,,,,0,,,,,,,,,,,,,,,,,,
2018-04-27,15:53:00,SEM VÍTIMA,FINALIZADA,IMBIRIBEIRA,AV MARECHAL MASCARENHAS DE MORAES,,,EM FRENTE AO ATACADO DOS PRESENTES/ SENTIDO CENTRO,AV MARECHAL MASCARENHAS DE MORAES,,EM FRENTE AO ATACADO DOS PRESENTES/ SENTIDO CENTRO,IMBIRIBEIRA,,,COLISÃO,COLISÃO SEM VÍTIMA,1,,,,,1,,,,0,,,,,,,,,,,,,,,,,,
2018-04-27,16:33:00,SEM VÍTIMA,FINALIZADA,SANTO AMARO,AV MARIO MELO,S/N,,AO LADO DO COLEGIO IEP SYLVIO RABELLO,AV MARIO MELO,S/N,AO LADO DO COLEGIO IEP SYLVIO RABELLO,SANTO AMARO,,,COLISÃO,COLISAO ENTRE ONIBUS E CARRO DE FUNERARIA,1,,,,,1,,,,0,,,,,,,,,,,,,,,,,,
2018-04-27,16:59:00,SEM VÍTIMA,FINALIZADA,CABANGA,PTE GOVERNADOR PAULO GUERRA,,,EM FRENTE AO CABANGA SENTIDO CIDADE,PTE GOVERNADOR PAULO GUERRA,,EM FRENTE AO CABANGA SENTIDO CIDADE,CABANGA,,,COLISÃO,AUTO E ONIBUS ,1,,,,,1,,,,0,,,,,,,,,,,,,,,,,,
2018-04-27,18:27:00,SEM VÍTIMA,FINALIZADA,TORRE,RUA JOAO TUDE DE MELO,,,E/F AO POSTO PETRO MEGA/IPIRANGA. AO LADO DO GUIAMUM GIGANTE,RUA JOAO TUDE DE MELO,,E/F AO POSTO PETRO MEGA/IPIRANGA. AO LADO DO GUIAMUM GIGANTE,TORRE,,,COLISÃO,ENTRE 2 AUTOS. S/V,2,,,,,,,,,0,,,,,,,,,,,,,,,,,,
2018-04-27,18:52:00,COM VÍTIMA,FINALIZADA,AREIAS,AV RECIFE,,,E/F A PERNAMBUCO PISCINAS E A PONTE, SNT BR,AV RECIFE,,E/F A PERNAMBUCO PISCINAS E A PONTE, SNT BR,AREIAS,,,COLISÃO,ENTRE 2 MOTOS. C/V,,2,,,,,,,,1,,,,,,,,,,,,,,,,
2018-04-27,19:28:00,SEM VÍTIMA,FINALIZADA,JAQUEIRA,RUA LEONARDO BEZERRA CAVALCANTE,11,,PRÓX AO HOSPITAL BARÃO MARIA LUCINDA E SHOPPING PLAZA,RUA LEONARDO BEZERRA CAVALCANTE,11,PRÓX AO HOSPITAL BARÃO MARIA LUCINDA E SHOPPING PLAZA,JAQUEIRA,,,COLISÃO,ENTRE 2 AUTOS. S/V,1,,,,,,1,,,0,,,,,,,,,,,,,,,,,,
2018-04-27,19:34:00,SEM VÍTIMA,FINALIZADA,ZUMBI,RUA GOMES TABORDA,,RUA FREI TEOFILO DE VIOLETTA,CRUZANDO COM A R FREI TEOFILO DE VIOLETTA / AO LADO DA PIZZARIA MAKY,RUA GOMES TABORDA,,CRUZANDO COM A R FREI TEOFILO DE VIOLETTA / AO LADO DA PIZZARIA MAKY,ZUMBI,,,COLISÃO,ENTRE AUTO E MOTO. S/V,1,1,,,,,,,,0,,,,,,,,,,,,,,,,,,
2018-04-27,19:46:00,SEM VÍTIMA,CANCELADA,IBURA,AV DOIS RIOS,,,SNT JORDÃO(IBURA DE CIMA) / E/F A IGREJA BATISTA VALE DOIS RIOS. SEMÁFORO 594,AV DOIS RIOS,,SNT JORDÃO(IBURA DE CIMA) / E/F A IGREJA BATISTA VALE DOIS RIOS. SEMÁFORO 594,IBURA,,,COLISÃO,ENTRE 2 AUTOS. S/V,2,,,,,,,,,0,,,,,,,,,,,,,,,,,,
2018-04-27,20:30:00,COM VÍTIMA,FINALIZADA,BAIRRO DO RECIFE,CAIS DO APOLO,321,,E/F A POLICIA FEDERAL - SRP,CAIS DO APOLO,321,E/F A POLICIA FEDERAL - SRP,BAIRRO DO RECIFE,,,COLISÃO,ENTRE AUTO E MOTO. C/V,1,1,,,,,,,,1,,,,,,,,,,,,,,,,,,
2018-04-27,20:34:00,SEM VÍTIMA,FINALIZADA,SANTO AMARO,RUA DA UNIAO,,RUA MAMEDE DE SIMOES,PRÓX AO ANEXO 1 E AO PARQUE 13 DE MAIO / CRUZ COM A MAMEDE DE SIMÕES,RUA DA UNIAO,,PRÓX AO ANEXO 1 E AO PARQUE 13 DE MAIO / CRUZ COM A MAMEDE DE SIMÕES,SANTO AMARO,,,COLISÃO,ENTRE 2 AUTOS. S/V,2,,,,,,,,,0,,,,,,,,,,,,,,,,,,
2018-04-27,20:53:00,SEM VÍTIMA,CANCELADA,BOA VIAGEM,RUA VISCONDE DE JEQUITINHONHA,,RUA ERNESTO DE PAULA SANTOS,NA SUBIDA PARA O SHOPPING RECIFE / DE ESQUINA COM A R ERNESTO DE PAULA SANTOS,RUA VISCONDE DE JEQUITINHONHA,,NA SUBIDA PARA O SHOPPING RECIFE / DE ESQUINA COM A R ERNESTO DE PAULA SANTOS,BOA VIAGEM,,,COLISÃO,ENTRE AUTO E CAMINHÃO DO LIXO. S/V,1,,,,,,1,,,0,,,,,,,,,,,,,,,,,,
2018-04-28,01:16:00,SEM VÍTIMA,FINALIZADA,BOA VIAGEM,RUA ERNESTO DE PAULA SANTOS,,,EM FRENTE A CASA DE SHOW VILLA ARENA,RUA ERNESTO DE PAULA SANTOS,,EM FRENTE A CASA DE SHOW VILLA ARENA,BOA VIAGEM,,,COLISÃO,COLISÃO ENTRE DOIS AUTOS S/V,2,,,,,,,,,0,,,,,,,,,,,,,,,,,,
2018-04-28,04:08:00,COM VÍTIMA,FINALIZADA,ARRUDA,AV BEBERIBE,,AV PROF JOSE DOS ANJOS,CRUZAMENTO COM AV PROF JOSÉ DOS ANJOS,AV BEBERIBE,,CRUZAMENTO COM AV PROF JOSÉ DOS ANJOS,ARRUDA,,,COLISÃO,,2,,,,,,,,,1,,,,,,,,,,,,,,,,,,
2018-04-28,05:55:00,SEM VÍTIMA,FINALIZADA,BOA VISTA,AV MANOEL BORBA,465,,EM FRENTE A BARRACA DO GALEGO, EM FRENTE A BANCA DA BOA VISTA, APOS O POSTO BR, PROX DO SACOLÃO JL,AV MANOEL BORBA,465,EM FRENTE A BARRACA DO GALEGO, EM FRENTE A BANCA DA BOA VISTA, APOS O POSTO BR, PROX DO SACOLÃO JL,BOA VISTA,,,COLISÃO,COLISÃO ENTRE DOIS AUTOS S/V,2,,,,,,,,,0,,,,,,,,,,,,
2018-04-28,06:42:00,SEM VÍTIMA,FINALIZADA,MADALENA,RUA BENFICA,,,DEPOIS DO INTERNACIONAL SENTIDO CENTRO,RUA BENFICA,,DEPOIS DO INTERNACIONAL SENTIDO CENTRO,MADALENA,,,CHOQUE,CHOQUE ENTRE AUTO E POSTE,1,,,,,,,,,0,,,,,,,,,,,,,,,,,,
2018-04-28,07:58:00,SEM VÍTIMA,FINALIZADA,CASA AMARELA,RUA DA HARMONIA,785,,E/F AO SALÃO DE BELEZA HANDS,RUA DA HARMONIA,785,E/F AO SALÃO DE BELEZA HANDS,CASA AMARELA,,,COLISÃO,SEM VÍTIMAS,3,,,,,,,,,0,,,,,,,,,,,,,,,,,,
2018-04-28,10:15:00,SEM VÍTIMA,FINALIZADA,MADALENA,AV JOSE GONCALVES DE MEDEIROS,997,,EM FRENTE A OFICINA MAX TROCA,SENT/RUA BENFICA,AV JOSE GONCALVES DE MEDEIROS,997,EM FRENTE A OFICINA MAX TROCA,SENT/RUA BENFICA,MADALENA,,,COLISÃO,SEM VITIMAS,2,,,,,,,,,0,,,,,,,,,,,,,,,,
2018-04-28,10:16:00,COM VÍTIMA,FINALIZADA,AFOGADOS,EST DOS REMEDIOS,29,RUA SÃO MIGUEL,CRUZ COM A RUA SÃO MIGUEL EM FRENTE A LOJA NARCISO MAIA,EST DOS REMEDIOS,29,CRUZ COM A RUA SÃO MIGUEL EM FRENTE A LOJA NARCISO MAIA,AFOGADOS,,,ATROPELAMENTO,VITIMA A ESPERA DO SAMU,,1,,,1,,,,,1,,,,,,,,,,,,,,,,,,
2018-04-28,11:16:00,SEM VÍTIMA,FINALIZADA,SÃO JOSÉ,RUA IMPERIAL,,TRV RAPOSO,COM A TRAFESSA DO RAPOUSO,RUA IMPERIAL,,COM A TRAFESSA DO RAPOUSO,SÃO JOSÉ,,,COLISÃO,MOTO E AUTO,1,1,,,,,,,,0,,,,,,,,,,,,,,,,,,
2018-04-28,11:21:00,SEM VÍTIMA,FINALIZADA,GRAÇAS,RUA JOAQUIM NABUCO,554,,EM FRENTE A FACULDADE MAURICIO DE NASSAU,RUA JOAQUIM NABUCO,554,EM FRENTE A FACULDADE MAURICIO DE NASSAU,GRAÇAS,,,COLISÃO,COLISÃO SEM VITIMAS,2,,,,,,,,,0,,,,,,,,,,,,,,,,,,
2018-04-28,11:41:00,SEM VÍTIMA,FINALIZADA,CIDADE UNIVERSITÁRIA,RUA MARECHAL MANOEL LUIS OSORIO,351,,E/F A SINHÁ BOLO, SENTIDO CAXANGÁ.,RUA MARECHAL MANOEL LUIS OSORIO,351,E/F A SINHÁ BOLO, SENTIDO CAXANGÁ.,CIDADE UNIVERSITÁRIA,,,COLISÃO,SEM VÍTIMAS.,1,,,,,1,,,,0,,,,,,,,,,,,,,,,
2018-04-28,12:25:00,SEM VÍTIMA,FINALIZADA,PARNAMIRIM,RUA JOAO TUDE DE MELO,,,EM FRENTE AO SHOPPING PARNAMIRIM, SENT. JAQUEIRA,RUA JOAO TUDE DE MELO,,EM FRENTE AO SHOPPING PARNAMIRIM, SENT. JAQUEIRA,PARNAMIRIM,,,COLISÃO,DOIS AUTOS,2,,,,,,,,,0,,,,,,,,,,,,,,,,
2018-04-28,12:33:00,SEM VÍTIMA,FINALIZADA,IMBIRIBEIRA,AV MARECHAL MASCARENHAS DE MORAES,,,EM FRENTE AO ATACADO DOS PRESENTES,AV MARECHAL MASCARENHAS DE MORAES,,EM FRENTE AO ATACADO DOS PRESENTES,IMBIRIBEIRA,,,COLISÃO,CAMINHÃO E AUTO,1,,,,,,1,,,0,,,,,,,,,,,,,,,,,,
2018-04-28,12:38:00,SEM VÍTIMA,FINALIZADA,MADALENA,AV ENGENHEIRO ABDIAS DE CARVALHO,1745,,NO SEMAFORO 328, EM FRENTE A FACULDADE ESTACIO,AV ENGENHEIRO ABDIAS DE CARVALHO,1745,NO SEMAFORO 328, EM FRENTE A FACULDADE ESTACIO,MADALENA,,,COLISÃO,DOIS AUTOS,2,,,,,,,,,0,,,,,,,,,,,,,,,,
2018-04-28,18:43:00,COM VÍTIMA,EM ABERTO,IPSEP,AV DA COSTA E SILVA,,,CRUZANDO A R RAIMUNDO DINIZ / E/F A DELTA ALTO PEÇA,AV DA COSTA E SILVA,,CRUZANDO A R RAIMUNDO DINIZ / E/F A DELTA ALTO PEÇA,IPSEP,,,COLISÃO,ENTRE AUTO E MOTO. C/V,1,1,,,,,,,,1,,,,,,,,,,,,,,,,,,
2018-04-28,18:46:00,COM VÍTIMA,FINALIZADA,BOA VISTA,RUA DO HOSPICIO,,,E/F AO 13 DE MAIO,RUA DO HOSPICIO,,E/F AO 13 DE MAIO,BOA VISTA,,,COLISÃO,ENTRE AUTO E MOTO,1,1,,,,,,,,1,,,,,,,,,,,,,,,,,,
2018-04-28,19:03:00,SEM VÍTIMA,FINALIZADA,BOA VIAGEM,RUA ERNESTO DE PAULA SANTOS,465,,POSTO BR (DENTRO DO POSTO) APOIS O VIADUTO TRANQUEDO NEVES DO LADO DIREITO,RUA ERNESTO DE PAULA SANTOS,465,POSTO BR (DENTRO DO POSTO) APOIS O VIADUTO TRANQUEDO NEVES DO LADO DIREITO,BOA VIAGEM,,,COLISÃO,FOX E HB 20 OBS: SUSPEITA DE EMBRIAGUEZ,2,,,,,,,,,0,,,,,,,,,,,,,,,,,,
2018-04-28,19:32:00,SEM VÍTIMA,FINALIZADA,BOA VIAGEM,AVENIDA CELSO FURTADO (VIA MANGUE),,,SNT PIEDADE, APÓS A SAÍDA DO SHOPPING RECIFE / PROX AO HIPERBOMPREÇO,AVENIDA CELSO FURTADO (VIA MANGUE),,SNT PIEDADE, APÓS A SAÍDA DO SHOPPING RECIFE / PROX AO HIPERBOMPREÇO,BOA VIAGEM,,,COLISÃO,ENTRE 2 AUTOS. S/V,2,,,,,,,,,0,,,,,,,,,,,,,,,,
2018-04-28,20:21:00,SEM VÍTIMA,FINALIZADA,BOA VIAGEM,RUA DONA MAGINA PONTUAL,48,,E/F AO AÇAI / PROX AO RESTAURANTE PONTEIO,RUA DONA MAGINA PONTUAL,48,E/F AO AÇAI / PROX AO RESTAURANTE PONTEIO,BOA VIAGEM,,,COLISÃO,ENTRE 2 AUTOS. S/V,2,,,,,,,,,0,,,,,,,,,,,,,,,,,,
2018-04-28,21:42:00,SEM VÍTIMA,FINALIZADA,DERBY,RUA DOM BOSCO,,,ENCIMA DA PONTE DOM BOSCO ENF A RESTAURAÇAO,RUA DOM BOSCO,,ENCIMA DA PONTE DOM BOSCO ENF A RESTAURAÇAO,DERBY,,,COLISÃO,DOIS AUTO,2,,,,,,,,,0,,,,,,,,,,,,,,,,,,
2018-04-28,21:49:00,SEM VÍTIMA,CANCELADA,APIPUCOS,RUA DE APIPUCOS,50,,APÓS O LAGO E E/F AO EDF ALAMEDA IMPERIAL,RUA DE APIPUCOS,50,APÓS O LAGO E E/F AO EDF ALAMEDA IMPERIAL,APIPUCOS,,,COLISÃO,ENTRE 2 AUTOS. S-V,2,,,,,,,,,0,,,,,,,,,,,,,,,,,,
2018-04-29,05:50:00,COM VÍTIMA,FINALIZADA,COHAB,LAD DA COHAB,,AV DOIS RIOS,CRUZAMENTO COM AV DOIS RIOS // PRÓX A POLICLÍNICA DO IBURA,LAD DA COHAB,,CRUZAMENTO COM AV DOIS RIOS // PRÓX A POLICLÍNICA DO IBURA,COHAB,,,COLISÃO,COLISÃO ENTRE AUTO E MOTO C/V,1,1,,,,,,,,1,,,,,,,,,,,,,,,,,,
2018-04-29,07:30:00,SEM VÍTIMA,FINALIZADA,SANTO AMARO,RUA DOM MANOEL PEREIRA,157,,EM FRENTE DO RESTAURANTE MAR E BRASA,RUA DOM MANOEL PEREIRA,157,EM FRENTE DO RESTAURANTE MAR E BRASA,SANTO AMARO,,,COLISÃO,COL.S.V,1,1,,,,,,,,0,,,,,,,,,,,,,,,,,,
2018-04-29,07:51:00,SEM VÍTIMA,FINALIZADA,PINA,AV HERCULANO BANDEIRA,749,,EM FRENTE A CAIXA ECONOMICA,AV HERCULANO BANDEIRA,749,EM FRENTE A CAIXA ECONOMICA,PINA,,,COLISÃO,SEM VITIMAS,2,,,,,,,,,0,,,,,,,,,,,,,,,,,,
2018-04-29,08:35:00,SEM VÍTIMA,FINALIZADA,IPUTINGA,AV CAXANGA,4038,,EM FRENTE DA SUPRAMOR,AV CAXANGA,4038,EM FRENTE DA SUPRAMOR,IPUTINGA,,,COLISÃO,COL.SET .SUB , GM JÁ NO LOCAL,1,,,,,1,,,,0,,,,,,,,,,,,,,,,,
2018-04-29,09:31:00,SEM VÍTIMA,FINALIZADA,ESPINHEIRO,AV CONS ROSA E SILVA,197,,EDF. VILA CRISTINA,AV CONS ROSA E SILVA,197,EDF. VILA CRISTINA,ESPINHEIRO,,,CHOQUE,VEÍCULO CHOCOU-SE CONTRA O GRADIL DO EDF. SEM VÍTIMAS,,,,,,,,,,0,,,,,,,,,,,,,,,,,,
2018-04-29,09:41:00,SEM VÍTIMA,FINALIZADA,BOA VIAGEM,AV ENGENHEIRO DOMINGOS FERREIRA,3380,,EM FRENTE A LOJA FAVORITA,AV ENGENHEIRO DOMINGOS FERREIRA,3380,EM FRENTE A LOJA FAVORITA,BOA VIAGEM,,,COLISÃO,SEM VITIMAS,2,,,,,,,,,0,,,,,,,,,,,,,,,,,,
2018-04-29,09:43:00,SEM VÍTIMA,FINALIZADA,CORDEIRO,AV CAXANGA,,,AO LADO DO PARQUE DE EXPOSIÇAO,AV CAXANGA,,AO LADO DO PARQUE DE EXPOSIÇAO,CORDEIRO,,,COLISÃO,TRES AUTOS / VT 20 NO QTH,3,,,,,,,,,0,,,,,,,,,,,,,,,,,,
2018-04-29,10:52:00,SEM VÍTIMA,FINALIZADA,CORDEIRO,AV CAXANGA,,,EM FRENTE A EXPOSIÇÃO DE ANIMAIS,AV CAXANGA,,EM FRENTE A EXPOSIÇÃO DE ANIMAIS,CORDEIRO,,,COLISÃO,,1,1,,,,,,,,0,,,,,,,,,,,,,,,,,,
2018-04-29,11:10:00,SEM VÍTIMA,FINALIZADA,ARRUDA,RUA DAS MOCAS,950,,POR TRÁS DO CAMPO DO SANTA CRUZ,RUA DAS MOCAS,950,POR TRÁS DO CAMPO DO SANTA CRUZ,ARRUDA,,,COLISÃO,SEM VITIMAS,2,,,,,,,,,0,,,,,,,,,,,,,,,,,,
2018-04-29,12:31:00,SEM VÍTIMA,CANCELADA,SANTO AMARO,AV VISCONDE DE SUASSUNA,634,,EM FRENTE A EDITORA SCIPIONE,AV VISCONDE DE SUASSUNA,634,EM FRENTE A EDITORA SCIPIONE,SANTO AMARO,,,COLISÃO,COLISÃO SEM VÍTIMA,2,,,,,,,,,0,,,,,,,,,,,,,,,,,,
2018-04-29,12:40:00,SEM VÍTIMA,FINALIZADA,PINA,RUA JOSE PAES DE BARROS,,,EM FRENTE A IGREJA DO CAPUCHINHO,RUA JOSE PAES DE BARROS,,EM FRENTE A IGREJA DO CAPUCHINHO,PINA,,,COLISÃO,COLISÃO SEM VITIMAS,1,,,,,1,,,,0,,,,,,,,,,,,,,,,,,
2018-04-29,15:52:00,SEM VÍTIMA,FINALIZADA,SANTO AMARO,AV CRUZ CABUGA,,,NA FRENTE DO MERCADP DE SANTO AMARO,AV CRUZ CABUGA,,NA FRENTE DO MERCADP DE SANTO AMARO,SANTO AMARO,,,COLISÃO,COLISÃO SEM VITIMAS,1,,,,,1,,,,0,,,,,,,,,,,,,,,,,,
2018-04-29,17:21:00,COM VÍTIMA,FINALIZADA,ÁGUA FRIA,RUA JOAO UZEDA LUNA,,,UMA RUA ANTES DO SEMÁFORO Nº 405, ANTES DO MERCADO PÚBLICO DE ÁGUA FRIA.,RUA JOAO UZEDA LUNA,,JUNTO A DELEGACIA DE RODA D FOGO,ÁGUA FRIA,,,COLISÃO,COLISÃO COM VITIMA ENVOLVENDO DUAS MOTOS E UM AUTO,1,2,,,,,,,,1,,,,,,,,,,,,,,,,,
2018-04-29,18:37:00,SEM VÍTIMA,FINALIZADA,NOVA DESCOBERTA,ALT DO OLHO D'AGUA,,,E/F A IGREJA CATÓLICA DE OLHO D ÁGUA,ALT DO OLHO D'AGUA,,E/F A IGREJA CATÓLICA DE OLHO D ÁGUA,NOVA DESCOBERTA,,,COLISÃO,ENTRE AUTO E ÕNIBUS. S/V,1,,,,,1,,,,0,,,,,,,,,,,,,,,,,,
2018-04-29,19:28:00,SEM VÍTIMA,FINALIZADA,JARDIM SÃO PAULO,RUA LEANDRO BARRETO,1025,RUA LORENA,COM A RUA LORENA, PROX. A ACADEMIA WM,RUA LEANDRO BARRETO,1025,COM A RUA LORENA, PROX. A ACADEMIA WM,JARDIM SÃO PAULO,,,COLISÃO,DOIS AUTOS,2,,,,,,,,,0,,,,,,,,,,,,,,,,
2018-04-29,19:32:00,SEM VÍTIMA,FINALIZADA,JARDIM SÃO PAULO,RUA MAJOR FELICIO,51,,NA RUA DO SHOPPING JARDIM, PROX. A CASA DE SHOW GULA,RUA MAJOR FELICIO,51,NA RUA DO SHOPPING JARDIM, PROX. A CASA DE SHOW GULA,JARDIM SÃO PAULO,,,COLISÃO,DOIS AUTOS,2,,,,,,,,,0,,,,,,,,,,,,,,,,
2018-04-29,20:12:00,SEM VÍTIMA,CANCELADA,CASA AMARELA,AV DR EURICO CHAVES,,AV NORTE,E/F A CASA DA MÃE, PRÓX AO POSTO BR E MATERNIDADE / CRUZ COM A AV MIGUEL ARRAES DE ALENCAR,AV DR EURICO CHAVES,,E/F A CASA DA MÃE, PRÓX AO POSTO BR E MATERNIDADE / CRUZ COM A AV MIGUEL ARRAES DE ALENCAR,CASA AMARELA,,,COLISÃO,ENTRE 2 AUTOS,2,,,,,,,,,0,,,,,,,,,,,,,,,,
2018-04-29,21:13:00,SEM VÍTIMA,FINALIZADA,JORDÃO,RUA ALBERTO LUNDGREN,,,E/F A PRAÇA DE JORDÃO BAIXO,RUA ALBERTO LUNDGREN,,E/F A PRAÇA DE JORDÃO BAIXO,JORDÃO,,,COLISÃO,ENTRE AUTO E MOTO. S/V,1,1,,,,,,,,0,,,,,,,,,,,,,,,,,,
2018-04-29,21:35:00,SEM VÍTIMA,FINALIZADA,ÁGUA FRIA,RUA DA REGENERACAO,541,,EM FRENTE A LANCHONETE ESTACIONAMENTO BURGUER,RUA DA REGENERACAO,541,EM FRENTE A LANCHONETE ESTACIONAMENTO BURGUER,ÁGUA FRIA,,,COLISÃO,MOTO E AUTO,1,1,,,,,,,,0,,,,,,,,,,,,,,,,,,
2018-04-29,22:45:00,SEM VÍTIMA,FINALIZADA,IMBIRIBEIRA,RUA PROFESSORA ROSILDA COSTA,295,,POR TRÁS DO GALPÃO DA SOUZA CRUZ,RUA PROFESSORA ROSILDA COSTA,295,POR TRÁS DO GALPÃO DA SOUZA CRUZ,IMBIRIBEIRA,,,COLISÃO,ENTRE 2 AUTOS. SV,2,,,,,,,,,0,,,,,,,,,,,,,,,,,,
2018-04-30,00:02:00,SEM VÍTIMA,FINALIZADA,ÁGUA FRIA,EST VELHA DE AGUA FRIA,,RUA SÃO BENTO,ESQUINA COM A RUA SÃO BENTO, EM FRENTE AO POSTO NORTE BRAZ,EST VELHA DE AGUA FRIA,,ESQUINA COM A RUA SÃO BENTO, EM FRENTE AO POSTO NORTE BRAZ,ÁGUA FRIA,,,COLISÃO,COLISÃO ENTRE DOIS AUTOS S/V,2,,,,,,,,,0,,,,,,,,,,,,,,,,
2018-04-30,07:46:00,SEM VÍTIMA,FINALIZADA,ILHA DO LEITE,AV GOVERNADOR AGAMENON MAGALHAES,,,SENTIDO SUBURBIO EM FRENTE AO EMPRESARIAL ISAAC NEWTON,AV GOVERNADOR AGAMENON MAGALHAES,,SENTIDO SUBURBIO EM FRENTE AO EMPRESARIAL ISAAC NEWTON,ILHA DO LEITE,,,COLISÃO,COLISÃO SEM VITIMAS,2,,,,,,,,,0,,,,,,,,,,,,,,,,,,
2018-04-30,07:51:00,SEM VÍTIMA,FINALIZADA,ENCRUZILHADA,RUA MARQUES DE PARANAGUA,382,,RUA GUADALUPE,RUA MARQUES DE PARANAGUA,382,RUA GUADALUPE,ENCRUZILHADA,,,COLISÃO,MOTO E AUTO,1,1,,,,,,,,0,,,,,,,,,,,,,,,,,,
2018-04-30,07:56:00,COM VÍTIMA,FINALIZADA,BOA VIAGEM,AV CONSELHEIRO AGUIAR,4635,,EM FRENTE DAFARMACIA PAGUE MENOS,AV CONSELHEIRO AGUIAR,4635,EM FRENTE DAFARMACIA PAGUE MENOS,BOA VIAGEM,,,COLISÃO,COL.C/V,1,1,,,,,,,,1,,,,,,,,,,,,,,,,,,
2018-04-30,08:17:00,SEM VÍTIMA,FINALIZADA,IPSEP,RUA SANTOS COSME E DAMIAO,431,,ESQ DA FARMACIA EXTRA FARMA,RUA SANTOS COSME E DAMIAO,431,ESQ DA FARMACIA EXTRA FARMA,IPSEP,,,COLISÃO,MOTO E AUTO,1,1,,,,,,,,0,,,,,,,,,,,,,,,,,,
2018-04-30,09:12:00,SEM VÍTIMA,FINALIZADA,BOA VIAGEM,RUA BARAO DE SOUZA LEAO,,,EM FRENTE AO POSTO DE GASOLINA BR EM BAIXO DO SEMAFORO 129,RUA BARAO DE SOUZA LEAO,,EM FRENTE AO POSTO DE GASOLINA BR EM BAIXO DO SEMAFORO 129,BOA VIAGEM,,,COLISÃO,COLISÃO SEM VITIMAS,2,,,,,,,,,0,,,,,,,,,,,,,,,,,,
2018-04-30,09:20:00,COM VÍTIMA,FINALIZADA,JARDIM SÃO PAULO,RUA LEANDRO BARRETO,104,,EM FRENTE AO CONDOMINIO TORRE DA LIBERDADE,RUA LEANDRO BARRETO,104,EM FRENTE AO CONDOMINIO TORRE DA LIBERDADE,JARDIM SÃO PAULO,,,COLISÃO,MOTO E AUTO,1,1,,,,,,,,1,,,,,,,,,,,,,,,,,,
2018-04-30,09:39:00,SEM VÍTIMA,FINALIZADA,SANTO AMARO,AV GOVERNADOR AGAMENON MAGALHAES,,,EMBAIXO DO VIADUTO DA AV NORTE SENT/ JOÃO DE BARROS,AV GOVERNADOR AGAMENON MAGALHAES,,EMBAIXO DO VIADUTO DA AV NORTE SENT/ JOÃO DE BARROS,SANTO AMARO,,,COLISÃO,SEM VITIMAS,2,,,,,,,,,0,,,,,,,,,,,,,,,,,,
2018-04-30,10:04:00,SEM VÍTIMA,FINALIZADA,BAIRRO DO RECIFE,RUA SAO JORGE,,,POR TRAS DA RECEITA FEDERAL,RUA SAO JORGE,,POR TRAS DA RECEITA FEDERAL,BAIRRO DO RECIFE,,,COLISÃO,COL.S/V,1,,,,,,,1,,0,,,,,,,,,,,,,,,,,,
2018-04-30,10:26:00,SEM VÍTIMA,FINALIZADA,CASA FORTE,RUA LEONARDO BEZERRA CAVALCANTE,300,,EM FRENTE AO EDF ESTAÇÃO JAQUEIRA,RUA LEONARDO BEZERRA CAVALCANTE,300,EM FRENTE AO EDF ESTAÇÃO JAQUEIRA,CASA FORTE,,,COLISÃO,SEM VITIMAS,2,,,,,,,,,0,,,,,,,,,,,,,,,,,,
2018-04-30,11:19:00,SEM VÍTIMA,FINALIZADA,TAMARINEIRA,RUA ISAAC SALAZAR,,,EM FRENTE A ESCOLA PARNAMIRIM,RUA ISAAC SALAZAR,,EM FRENTE A ESCOLA PARNAMIRIM,TAMARINEIRA,,,COLISÃO,COLISÃO SEM VITIMAS,2,,,,,,,,,0,,,,,,,,,,,,,,,,,,
2018-04-30,12:01:00,SEM VÍTIMA,FINALIZADA,ÁGUA FRIA,EST VELHA DE AGUA FRIA,353,,ESTA NO GIRADOURO, PIZZARIA DIANA, SENTIDO BOMBA DO HEMETERIO,EST VELHA DE AGUA FRIA,353,ESTA NO GIRADOURO, PIZZARIA DIANA, SENTIDO BOMBA DO HEMETERIO,ÁGUA FRIA,,,COLISÃO,COLISÃO SEM VÍTIMAS,1,,,,,,1,,,0,,,,,,,,,,,,,,
2018-04-30,12:31:00,SEM VÍTIMA,FINALIZADA,VÁRZEA,RUA VALE DO SIRIJI,,,,RUA VALE DO SIRIJI,,,VÁRZEA,,,COLISÃO,COLISÃO ENTRE MICRO ONIBUS E VT CTTU,1,,,,,1,,,,0,,,,,,,,,,,,,,,,,,
2018-04-30,13:08:00,SEM VÍTIMA,FINALIZADA,MADALENA,AV JOSE GONCALVES DE MEDEIROS,107,,PORTO SEGURO,AV JOSE GONCALVES DE MEDEIROS,107,PORTO SEGURO,MADALENA,,,COLISÃO,COLISÃO SEM VITIMAS,2,,,,,,,,,0,,,,,,,,,,,,,,,,,,
2018-04-30,13:18:00,COM VÍTIMA,FINALIZADA,ESPINHEIRO,RUA DO ESPINHEIRO,478,,GALERIA ESPINHEIRO , DENTRO DO POSTO IPIRANGA,RUA DO ESPINHEIRO,478,GALERIA ESPINHEIRO , DENTRO DO POSTO IPIRANGA,ESPINHEIRO,,,COLISÃO,COLISÃO COM VÍTIMA,1,1,,,,,,,,1,,,,,,,,,,,,,,,,