data,hora,natureza_acidente,situacao,bairro,endereco,numero,detalhe_endereco_acidente,complemento,endereco_cruzamento,numero_cruzamento,referencia_cruzamento,bairro_cruzamento,num_semaforo,sentido_via,tipo,descricao,auto,moto,ciclom,ciclista,pedestre,onibus,caminhao,viatura,outros,vitimas,vitimasfatais,acidente_verificado,tempo_clima,situacao_semaforo,sinalizacao,condicao_via,conservacao_via,ponto_controle,situacao_placa,velocidade_max_via,mao_direcao,divisao_via1,divisao_via2,divisao_via3,,,,
2018-04-30,13:41:00,SEM VÍTIMA,CANCELADA,ESPINHEIRO,RUA AMELIA,316,,EDIF. TAMATAUBA,RUA AMELIA,316,EDIF. TAMATAUBA,ESPINHEIRO,,,COLISÃO,COLISÃO SEM VITIMAS,2,,,,,,,,,0,,,,,,,,,,,,,,,,,,
2018-04-30,13:41:00,SEM VÍTIMA,FINALIZADA,SAN MARTIN,AV GENERAL SAN MARTIN,,,ENTRE A CHESF E A CAVALARIA,AV GENERAL SAN MARTIN,,ENTRE A CHESF E A CAVALARIA,SAN MARTIN,,,COLISÃO,COLISÃO SEM VÍTIMA,1,,,,,1,,,,0,,,,,,,,,,,,,,,,,,
2018-04-30,13:52:00,SEM VÍTIMA,FINALIZADA,BOA VIAGEM,RUA ERNESTO DE PAULA SANTOS,1235,,EM FRENTE A FARMACIA PAGUE MENOS,RUA ERNESTO DE PAULA SANTOS,1235,EM FRENTE A FARMACIA PAGUE MENOS,BOA VIAGEM,,,COLISÃO,COLISÃO SEM VÍTIMA,2,,,,,,,,,0,,,,,,,,,,,,,,,,,,
2018-04-30,14:14:00,SEM VÍTIMA,FINALIZADA,VÁRZEA,AV CAXANGA,,,NA FRENTE DO POSTO SHELL, ANTES DA ENTRADA DE DOIS IRMÃOS, SUPER CENTER CAXANGA,AV CAXANGA,,NA FRENTE DO POSTO SHELL, ANTES DA ENTRADA DE DOIS IRMÃOS, SUPER CENTER CAXANGA,VÁRZEA,,,COLISÃO,COLISÃO SEM VITIMAS,3,,,,,,,,,0,,,,,,,,,,,,,,
2018-04-30,14:51:00,SEM VÍTIMA,FINALIZADA,SANTO AMARO,AV CRUZ CABUGA,,,EM FRENTE AO HOSPITAL DO CÂNCER/ SENTIDO CIDADE,AV CRUZ CABUGA,,EM FRENTE AO HOSPITAL DO CÂNCER/ SENTIDO CIDADE,SANTO AMARO,,,COLISÃO,COLISÃO SEM VÍTIMA,2,,,,,,,,,0,,,,,,,,,,,,,,,,,,
2018-04-30,16:24:00,SEM VÍTIMA,FINALIZADA,SÃO JOSÉ,PRC SERGIO LORETO,457,,JUNTO AO POSTO DE GASOLINA BR/ JUNTO AO SEMITÉRIO DE TRENS EO SEMAFORO 311,PRC SERGIO LORETO,457,JUNTO AO POSTO DE GASOLINA BR/ JUNTO AO SEMITÉRIO DE TRENS EO SEMAFORO 311,SÃO JOSÉ,,,CHOQUE,CHOQUE COM UMA ARVORE,1,,,,,,,,,0,,,,,,,,,,,,,,,,,,
2018-04-30,17:58:00,COM VÍTIMA,FINALIZADA,SANTO AMARO,AV PREFEITO ARTUR LIMA CAVALCANTI,,,POR TRÃS DO HOSPITAL DA MARINHA ( HOSPITAL NAVAL) SNT OLINDA,AV PREFEITO ARTUR LIMA CAVALCANTI,,POR TRÃS DO HOSPITAL DA MARINHA ( HOSPITAL NAVAL) SNT OLINDA,SANTO AMARO,,,COLISÃO COM CICLISTA,AUTO X BIKE. C/V,1,,,1,,,,,,1,,,,,,,,,,,,,,,,,,
2018-04-30,18:46:00,SEM VÍTIMA,FINALIZADA,AREIAS,RUA GENERAL FRANCISCO FIGUEIROA,,,E/F AO TERMINAL DE VILA CARDEAL E SILVA,RUA GENERAL FRANCISCO FIGUEIROA,,E/F AO TERMINAL DE VILA CARDEAL E SILVA,AREIAS,,,COLISÃO,ENTRE AUTO E ÔNIBUS. S/S/V,1,,,,,1,,,,0,,,,,,,,,,,,,,,,,,
2018-04-30,21:01:00,SEM VÍTIMA,FINALIZADA,CIDADE UNIVERSITÁRIA,AV PROFESSOR LUIZ FREIRE,,RUA ACADEMICO HELIO RAMOS,COM A RUA ACADEMICO HELIO RAMOS,AV PROFESSOR LUIZ FREIRE,,COM A RUA ACADEMICO HELIO RAMOS,CIDADE UNIVERSITÁRIA,,,COLISÃO,DOIS AUTOS SEM VITIMAS,2,,,,,,,,,0,,,,,,,,,,,,,,,,,,
2018-04-30,21:44:00,SEM VÍTIMA,FINALIZADA,ALTO JOSÉ BONIFÁCIO,RUA ALTO JOSE BONIFACIO,,,NA SUBIDA DA LADEIRA DO ALTO JOSÉ BONIFÁCIO , PROXIMIDADES DA RODINHA,RUA ALTO JOSE BONIFACIO,,NA SUBIDA DA LADEIRA DO ALTO JOSÉ BONIFÁCIO , PROXIMIDADES DA RODINHA,ALTO JOSÉ BONIFÁCIO,,,COLISÃO,ENTRE AUTO E MOTO. S/V,1,1,,,,,,,,0,,,,,,,,,,,,,,,,
2018-04-30,22:06:00,SEM VÍTIMA,FINALIZADA,ARRUDA,RUA MEM DE SA,254,RUA MARQUES DE BAIPENDI,CRUZAMENTO COM A RUA MARQUES DE BAIPENDI PROX A COCA-COLA,RUA MEM DE SA,254,CRUZAMENTO COM A RUA MARQUES DE BAIPENDI PROX A COCA-COLA,ARRUDA,,,COLISÃO,DOIS AUTO,2,,,,,,,,,0,,,,,,,,,,,,,,,,,,
2018-04-30,23:47:00,SEM VÍTIMA,FINALIZADA,SANTO AMARO,AV VISCONDE DE SUASSUNA,388,,PROX AO SENAC E ED NOBRE,AV VISCONDE DE SUASSUNA,388,PROX AO SENAC E ED NOBRE,SANTO AMARO,,,COLISÃO,DOIS AUTO,2,,,,,,,,,0,,,,,,,,,,,,,,,,,,
2018-05-01,02:12:00,SEM VÍTIMA,CANCELADA,DERBY,PRC DO DERBY,,,EM FRENTE AO DRIVE IN,PRC DO DERBY,,EM FRENTE AO DRIVE IN,DERBY,,,COLISÃO,COLISÃO ENTRE DOIS AUTOS S/V,2,,,,,,,,,0,,,,,,,,,,,,,,,,,,
2018-05-01,02:14:00,SEM VÍTIMA,CANCELADA,ESPINHEIRO,RUA SANTO ELIAS,,RUA DO ESPINHEIRO,CRUZAMENTO COM RUA DO ESPINHEIRO // PRÓXIMO AO BAR PÉ DE AÇAÍ,RUA SANTO ELIAS,,CRUZAMENTO COM RUA DO ESPINHEIRO // PRÓXIMO AO BAR PÉ DE AÇAÍ,ESPINHEIRO,,,COLISÃO,COLISÃO ENTRE DOIS AUTOS S/V,2,,,,,,,,,0,,,,,,,,,,,,,,,,,,
2018-05-01,03:21:00,SEM VÍTIMA,FINALIZADA,DOIS IRMÃOS,EST DOS PINTOS,,,EM FRENTE A ESCOLA MUNICIPAL MUNDO ESPERANÇA // FINAL DA ESTRADA, ANTES DA SUBIDA DO TERMINAL DE ÔNIBUS,EST DOS PINTOS,,EM FRENTE A ESCOLA MUNICIPAL MUNDO ESPERANÇA // FINAL DA ESTRADA, ANTES DA SUBIDA DO TERMINAL DE ÔNIBUS,DOIS IRMÃOS,,,CHOQUE,VIATURA DA PM CHOCOU-SE CONTRA UM POSTE,1,,,,,,,,,0,,,,,,,,,,,,,,,,
2018-05-01,03:31:00,SEM VÍTIMA,FINALIZADA,SANTO AMARO,AV GOVERNADOR AGAMENON MAGALHAES,,RUA ODORICO MENDES,CRUZAMENTO COM A RUA ODORICO MENDES, SENTIDO BOA VIAGEM,AV GOVERNADOR AGAMENON MAGALHAES,,CRUZAMENTO COM A RUA ODORICO MENDES, SENTIDO BOA VIAGEM,SANTO AMARO,,,COLISÃO,COLISÃO ENTRE DOIS AUTOS S/V,2,,,,,,,,,0,,,,,,,,,,,,,,,,
2018-05-01,06:37:00,SEM VÍTIMA,FINALIZADA,TAMARINEIRA,RUA CONEGO BARATA,,,EM FRENTE A FERREIRA COSTA,RUA CONEGO BARATA,,EM FRENTE A FERREIRA COSTA,TAMARINEIRA,,,COLISÃO,COLISÃO SEM VITIMAS,1,,,,,1,,,,0,,,,,,,,,,,,,,,,,,
2018-05-01,08:25:00,COM VÍTIMA,FINALIZADA,SÃO JOSÉ,RUA IMPERIAL,,,EM FRENTE A JUNTA COMERCIAL,RUA IMPERIAL,,EM FRENTE A JUNTA COMERCIAL,SÃO JOSÉ,,,COLISÃO,MOTO E AUTO,1,1,,,,,,,,1,,,,,,,,,,,,,,,,,,
2018-05-01,11:30:00,SEM VÍTIMA,FINALIZADA,NOVA DESCOBERTA,RUA TEREZA CARNEIRO,305,,RESIDENCIA EM FRENTE A BARRACA DO SPORT,RUA TEREZA CARNEIRO,305,RESIDENCIA EM FRENTE A BARRACA DO SPORT,NOVA DESCOBERTA,,,COLISÃO,COLISÃO SEM VITIMAS,,1,,,,1,,,,0,,,,,,,,,,,,,,,,,,
2018-05-01,12:12:00,COM VÍTIMA,FINALIZADA,PORTO DA MADEIRA,AV BEBERIBE,,,EM FRENTE A PADARIA CONTINENTAL,AV BEBERIBE,,EM FRENTE A PADARIA CONTINENTAL,PORTO DA MADEIRA,,,COLISÃO,COLISÃO COM 1 VITIMA A ESPERA DO SAMU VT 31 QTH,1,1,,,,,,,,1,,,,,,,,,,,,,,,,,,
2018-05-01,12:20:00,SEM VÍTIMA,FINALIZADA,AREIAS,AV RECIFE,,,E/F AO RESTAURANTE SAL E BRASA S/T BOA VIAGEM,AV RECIFE,,E/F AO RESTAURANTE SAL E BRASA S/T BOA VIAGEM,AREIAS,,,ENGAVETAMENTO,ENGAVETAMENTO ENTRE DOIS AUTOS S/V,3,,,,,,,,,0,,,,,,,,,,,,,,,,,,
2018-05-01,12:41:00,SEM VÍTIMA,FINALIZADA,BOA VISTA,RUA GERVASIO PIRES,,RUA DO RIACHUELO,COM RUA DO RIACHUELO NO SEMAFORO 175,RUA GERVASIO PIRES,,COM RUA DO RIACHUELO NO SEMAFORO 175,BOA VISTA,,,COLISÃO,COLISAO ENTRE DOIS AUTOS S/V,2,,,,,,,,,0,,,,,,,,,,,,,,,,,,
2018-05-01,13:48:00,SEM VÍTIMA,FINALIZADA,PARNAMIRIM,RUA JOAO TUDE DE MELO,,,APOS O CARREFOUR S/T AV NORTE NA DESCIDA DO VIADUTO,RUA JOAO TUDE DE MELO,,APOS O CARREFOUR S/T AV NORTE NA DESCIDA DO VIADUTO,PARNAMIRIM,,,COLISÃO,COLISAO ENTRE ONIBUS E AUTO S/V,1,,,,,1,,,,0,,,,,,,,,,,,,,,,,,
2018-05-01,14:24:00,COM VÍTIMA,FINALIZADA,BOA VISTA,AV CONDE DA BOA VISTA,,RUA DO HOSPICIO,COM RUA DO HOSPÍCIO,AV CONDE DA BOA VISTA,,COM RUA DO HOSPÍCIO,BOA VISTA,,,ATROPELAMENTO,ÔNIBUS E PEDESTRE,,,,,,,,,,1,,,,,,,,,,,,,,,,,,
2018-05-01,15:47:00,COM VÍTIMA,FINALIZADA,PINA,RUA CAPITAO REBELINHO,,RUA PEREIRA DA COSTA,COM PEREIRA DA COSTA,RUA CAPITAO REBELINHO,,COM PEREIRA DA COSTA,PINA,,,COLISÃO,COLISÃO ENTRE 2 AUTOS, COM VÍTIMA.,2,,,,,,,,,1,,,,,,,,,,,,,,,,,
2018-05-01,17:09:00,COM VÍTIMA,FINALIZADA,IPSEP,AV DA COSTA E SILVA,151,,E/F A DINAMICA AUTO PEÇAS,AV DA COSTA E SILVA,151,E/F A DINAMICA AUTO PEÇAS,IPSEP,,,COLISÃO,VEICULO CHOCOU COM UM EDFICIO DA VILA DA SUDENE,1,,,,,,,,,1,,,,,,,,,,,,,,,,,,
2018-05-01,18:23:00,COM VÍTIMA,FINALIZADA,BOA VIAGEM,RUA BARAO DE SOUZA LEAO,,,EM FRENTE AO BANCO BRADESCO, NO SEMAFORO 407,RUA BARAO DE SOUZA LEAO,,EM FRENTE AO BANCO BRADESCO, NO SEMAFORO 407,BOA VIAGEM,,,ATROPELAMENTO,DOIS AUTOS E PEDESTRE,2,,,,1,,,,,1,,,,,,,,,,,,,,,,
2018-05-01,19:55:00,SEM VÍTIMA,CANCELADA,ÁGUA FRIA,RUA LADEIRA DE PEDRA,792,,PROX. AO CLUBE SETE DE SETEMBRO,RUA LADEIRA DE PEDRA,792,PROX. AO CLUBE SETE DE SETEMBRO,ÁGUA FRIA,,,COLISÃO,DOIS AUTOS,2,,,,,,,,,0,,,,,,,,,,,,,,,,,,
2018-05-01,20:08:00,COM VÍTIMA,CANCELADA,SAN MARTIN,RUA VINTE E UM DE ABRIL,2941,RUA PEDRO MELO,PROX A PADARIA PARIS CRUZAMENTO COM RUA PEDRO MELO,RUA VINTE E UM DE ABRIL,2941,PROX A PADARIA PARIS CRUZAMENTO COM RUA PEDRO MELO,SAN MARTIN,,,COLISÃO,DUAS MOTOS,,2,,,,,,,,3,,,,,,,,,,,,,,,,,,
2018-05-01,20:23:00,SEM VÍTIMA,CANCELADA,BOA VIAGEM,AV ENGENHEIRO DOMINGOS FERREIRA,,RUA TOME GIBSON,CRUZAMENTO COM TOME GIBSON PROX A ESCOLA MUNICIPAL OSWALDO LIMA FILHO,AV ENGENHEIRO DOMINGOS FERREIRA,,CRUZAMENTO COM TOME GIBSON PROX A ESCOLA MUNICIPAL OSWALDO LIMA FILHO,BOA VIAGEM,,,COLISÃO,AUTO X MOTO,1,1,,,,,,,,0,,,,,,,,,,,,,,,,,,
2018-05-01,21:59:00,SEM VÍTIMA,CANCELADA,JARDIM SÃO PAULO,AV SAO PAULO,1000,,ENF AUGUSTO AUTO PEÇAS NO FINAL DA AV SAO PAULO PROX AO POSTO SHELL,AV SAO PAULO,1000,ENF AUGUSTO AUTO PEÇAS NO FINAL DA AV SAO PAULO PROX AO POSTO SHELL,JARDIM SÃO PAULO,,,COLISÃO,DOIS AUTO,2,,,,,,,,,0,,,,,,,,,,,,,,,,,,
2018-05-01,22:02:00,SEM VÍTIMA,FINALIZADA,BAIRRO DO RECIFE,CAIS DO APOLO,,,EM FRENTE A PREFEITURA SENT. CIDADE/SUBURBIO,CAIS DO APOLO,,EM FRENTE A PREFEITURA SENT. CIDADE/SUBURBIO,BAIRRO DO RECIFE,,,COLISÃO,ONIBUS E AUTO,1,,,,,1,,,,0,,,,,,,,,,,,,,,,,,
2018-05-01,23:22:00,SEM VÍTIMA,FINALIZADA,GRAÇAS,AV RUI BARBOSA,132,,ENF A FARMACIA DONAFORMULA,AV RUI BARBOSA,132,ENF A FARMACIA DONAFORMULA,GRAÇAS,,,COLISÃO,SAVERO E HB 20,2,,,,,,,,,0,,,,,,,,,,,,,,,,,,
2018-05-01,23:28:00,SEM VÍTIMA,FINALIZADA,BOA VIAGEM,RUA BARAO DE SOUZA LEAO,335,,ENF AO MEDICAL CENTER E BANCO DO BRASIL,RUA BARAO DE SOUZA LEAO,335,ENF AO MEDICAL CENTER E BANCO DO BRASIL,BOA VIAGEM,,,COLISÃO,ONIBUS VERACRUZ X AUTO,1,,,,,1,,,,0,,,,,,,,,,,,,,,,,,
2018-05-02,00:25:00,SEM VÍTIMA,FINALIZADA,CURADO,RUA ANDIRA,33,RUA ITAMONTE,PROX DA LOJINHA DOIS IRMÃO, ESQUINA COM A RUA ITAMONTE,RUA ANDIRA,33,PROX DA LOJINHA DOIS IRMÃO, ESQUINA COM A RUA ITAMONTE,CURADO,,,CHOQUE,USUÁRIO INFORMA QUE O VEÍCULO PERDEU O CONTROLE QUANDO ESTAVA DESCENDO A LADEIRA E CHOCOU-SE COM UMA RESIDENCIA ONDE O MESMO ENCONTRA-SE EM CIMA DA CASA C/V,1,,,,,,,,,0,,,,,,,,,,,,,,,,
2018-05-02,05:04:00,SEM VÍTIMA,FINALIZADA,AREIAS,AV RECIFE,,RUA CAPITAO JACINTO DA CRUZ,CRUZAMENTO COM A RUA CAPITÃO JACINTO DA CRUZ, EM FRENTE A FARMACIA PAGUE MENOS, SEMAFORO 059,AV RECIFE,,CRUZAMENTO COM A RUA CAPITÃO JACINTO DA CRUZ, EM FRENTE A FARMACIA PAGUE MENOS, SEMAFORO 059,AREIAS,,,COLISÃO,COLISÃO ENTRE AUTO E CAMINHÃO S/V,1,,,,,,1,,,0,,,,,,,,,,,,,,
2018-05-02,05:37:00,COM VÍTIMA,FINALIZADA,CORDEIRO,RUA GOMES TABORDA,,,PROXIMO AO BAILE PERFUMADO,RUA GOMES TABORDA,,PROXIMO AO BAILE PERFUMADO,CORDEIRO,,,CHOQUE,AUTO CHOCOU-SE CONTRA UMA ÁRVORE,1,,,,,,,,,1,,,,,,,,,,,,,,,,,,
2018-05-02,06:43:00,COM VÍTIMA,CANCELADA,ENGENHO DO MEIO,RUA ANTONIO CURADO,88,,PRIMEIRA RUA HA DIREITA APÓS O PRESIDIO BOM PASTOR,SENT/ENGENHO DO MEIO,RUA ANTONIO CURADO,88,PRIMEIRA RUA HA DIREITA APÓS O PRESIDIO BOM PASTOR,SENT/ENGENHO DO MEIO,ENGENHO DO MEIO,,,COLISÃO,COM UMA VITIMA AGUARDANDO SAMU,1,1,,,,,,,,1,,,,,,,,,,,,,,,,
2018-05-02,07:45:00,SEM VÍTIMA,FINALIZADA,PRADO,RUA GOMES TABORDA,,,EM FRENTE AO CAVALO DOURADO,RUA GOMES TABORDA,,EM FRENTE AO CAVALO DOURADO,PRADO,,,COLISÃO,COLISÃO SEM VITIMA,2,,,,,,,,,0,,,,,,,,,,,,,,,,,,
2018-05-02,07:49:00,SEM VÍTIMA,FINALIZADA,PINA,RUA CONSUL JOSEPH NOUJAIM,,RUA NOGUEIRA DE SOUZA,CRUZ. COM A NOGUEIRA DE SOUZA/ BAR BARRACO,RUA CONSUL JOSEPH NOUJAIM,,CRUZ. COM A NOGUEIRA DE SOUZA/ BAR BARRACO,PINA,,,COLISÃO,COLISAO S/V,2,,,,,,,,,0,,,,,,,,,,,,,,,,,,
2018-05-02,07:50:00,SEM VÍTIMA,FINALIZADA,TEJIPIÓ,AV DR JOSE RUFINO,,,NA DESCIDA DO VIADUTO, QUE CRUZA A BR, SENTIDO JABOATAO, PROX. AO BAR RECANTO,AV DR JOSE RUFINO,,NA DESCIDA DO VIADUTO, QUE CRUZA A BR, SENTIDO JABOATAO, PROX. AO BAR RECANTO,TEJIPIÓ,,,COLISÃO,DOIS AUTOS S/V,2,,,,,,,,,0,,,,,,,,,,,,
2018-05-02,07:51:00,SEM VÍTIMA,CANCELADA,ENCRUZILHADA,RUA PROFESSOR MIRANDA CURIO,,AV BEBERIBE,CRUZAMENTO COM A AV BEBERIBE,EM FRENTE AO COMERCIAL BECHARA,RUA PROFESSOR MIRANDA CURIO,,CRUZAMENTO COM A AV BEBERIBE,EM FRENTE AO COMERCIAL BECHARA,ENCRUZILHADA,,,COLISÃO,SEM VITIMAS,2,,,,,,,,,0,,,,,,,,,,,,,,,,
2018-05-02,08:22:00,SEM VÍTIMA,FINALIZADA,ILHA DO LEITE,RUA JORNALISTA TRAJANO CHACON,4775,,AO LADO DO EMPRESARIAL THOMAS EDISON,RUA JORNALISTA TRAJANO CHACON,4775,AO LADO DO EMPRESARIAL THOMAS EDISON,ILHA DO LEITE,,,COLISÃO,AUTO E MOTO S/V,1,1,,,,,,,,0,,,,,,,,,,,,,,,,,,
2018-05-02,08:30:00,SEM VÍTIMA,FINALIZADA,ILHA DO LEITE,AV GOVERNADOR AGAMENON MAGALHAES,4775,,EM FRENTE A CAIXA ECONOMICA,SENT/OLINDA,AV GOVERNADOR AGAMENON MAGALHAES,4775,EM FRENTE A CAIXA ECONOMICA,SENT/OLINDA,ILHA DO LEITE,,,COLISÃO,SEM VITIMAS,CTTU NO LOCAL,2,,,,,,,,,0,,,,,,,,,,,,,,,
2018-05-02,08:35:00,SEM VÍTIMA,FINALIZADA,IMBIRIBEIRA,AV MARECHAL MASCARENHAS DE MORAES,,,SENTIDO PRAZERES, SEMÁFORO 626.,AV MARECHAL MASCARENHAS DE MORAES,,SENTIDO PRAZERES, SEMÁFORO 626.,IMBIRIBEIRA,,,COLISÃO,SEM VÍTIMAS,1,,,,,1,,,,0,,,,,,,,,,,,,,,,
2018-05-02,08:48:00,SEM VÍTIMA,FINALIZADA,BOA VIAGEM,AV CONSELHEIRO AGUIAR,,RUA BRUNO VELOSO,CRUZAMENTO COM A RUA BRUNO VELOSO ,SEMAFORO 146,AV CONSELHEIRO AGUIAR,,CRUZAMENTO COM A RUA BRUNO VELOSO ,SEMAFORO 146,BOA VIAGEM,,,COLISÃO,SEM VITIMAS,1,,,,,1,,,,0,,,,,,,,,,,,,,,,
2018-05-02,08:59:00,SEM VÍTIMA,FINALIZADA,IPSEP,RUA JEAN EMILE FAVRE,1288,,EM FRENTE A ACDEMIA YES FTNES,RUA JEAN EMILE FAVRE,1288,EM FRENTE A ACDEMIA YES FTNES,IPSEP,,,COLISÃO,SEM VITIMAS,1,1,,,,,,,,0,,,,,,,,,,,,,,,,,,
2018-05-02,09:17:00,SEM VÍTIMA,FINALIZADA,COHAB,RUA DOZE DE JUNHO,420,,EM FRENTE A O CAIC,RUA DOZE DE JUNHO,420,EM FRENTE A O CAIC,COHAB,,,COLISÃO,SEM VITIMAS,1,1,,,,,,,,0,,,,,,,,,,,,,,,,,,
2018-05-02,09:50:00,SEM VÍTIMA,FINALIZADA,IMBIRIBEIRA,RUA SARGENTO SILVIO DELMAR HOLLEMBACH,,,POR TRAS DA TAMBAÍ,RUA SARGENTO SILVIO DELMAR HOLLEMBACH,,POR TRAS DA TAMBAÍ,IMBIRIBEIRA,,,COLISÃO,COLISAO S/V,1,,,,,,1,,,0,,,,,,,,,,,,,,,,,,
2018-05-02,10:07:00,SEM VÍTIMA,CANCELADA,AFOGADOS,RUA SAO MIGUEL,,,EM FRENTE AO QUARTEL/ SENAR,RUA SAO MIGUEL,,EM FRENTE AO QUARTEL/ SENAR,AFOGADOS,,,COLISÃO,COLISAO S/V,2,,,,,,,,,0,,,,,,,,,,,,,,,,,,
2018-05-02,10:51:00,SEM VÍTIMA,FINALIZADA,IPESEP,RUA RAIMUNDO DINIZ,,,POR TRAS DA DELEGACIA DO IPESEP,RUA RAIMUNDO DINIZ,,POR TRAS DA DELEGACIA DO IPESEP,IPESEP,,,COLISÃO,,2,,,,,,,,,0,,,,,,,,,,,,,,,,,,
2018-05-02,11:14:00,COM VÍTIMA,FINALIZADA,SANTO AMARO,AV GOVERNADOR AGAMENON MAGALHAES,,,EM FRENTE A UPE, SENTIDO OLINDA,AV GOVERNADOR AGAMENON MAGALHAES,,EM FRENTE A UPE, SENTIDO OLINDA,SANTO AMARO,,,ATROPELAMENTO,REBOQUE SE DESPRENDEU DE UM AUTO, E ATINGIU UM PEDESTRE,1,,,,1,,,,1,1,,,,,,,,,,,,,,,
2018-05-02,11:23:00,SEM VÍTIMA,FINALIZADA,COELHOS,RUA DR JOSE MARIANO,,,E/F AO PRIMEIRO TEMPLO DA IGREJA BATISTA RENOVADA DOS COELHOS, AO LADO DO IMIP,RUA DR JOSE MARIANO,,E/F AO PRIMEIRO TEMPLO DA IGREJA BATISTA RENOVADA DOS COELHOS, AO LADO DO IMIP,COELHOS,,,COLISÃO,SEM VÍTIMAS,2,,,,,,,,,0,,,,,,,,,,,,,,,,
2018-05-02,12:09:00,SEM VÍTIMA,FINALIZADA,SANTO AMARO,AV GOVERNADOR AGAMENON MAGALHAES,,,APÓS O MINISTERIO PUBLICO/ NO RETORNO/ SENTIDO DERBY,AV GOVERNADOR AGAMENON MAGALHAES,,APÓS O MINISTERIO PUBLICO/ NO RETORNO/ SENTIDO DERBY,SANTO AMARO,,,COLISÃO,COLISÃO SEM VITIMA,2,,,,,,,,,0,,,,,,,,,,,,,,,,,,
2018-05-02,12:25:00,SEM VÍTIMA,CANCELADA,AFLITOS,AV CONS ROSA E SILVA,1489,,E/F A FUNASE,AV CONS ROSA E SILVA,1489,E/F A FUNASE,AFLITOS,,,COLISÃO,COLISAO ENTRE DOIS AUTOS S/V,2,,,,,,,,,0,,,,,,,,,,,,,,,,,,
2018-05-02,12:36:00,SEM VÍTIMA,FINALIZADA,PRADO,AV ENGENHEIRO ABDIAS DE CARVALHO,,,SEMAFORO 354, EM FRENTE AO POSTO BR,AV ENGENHEIRO ABDIAS DE CARVALHO,,SEMAFORO 354, EM FRENTE AO POSTO BR,PRADO,,,COLISÃO,DOIS AUTOS S/V,2,,,,,,,,,0,,,,,,,,,,,,,,,,
2018-05-02,13:09:00,SEM VÍTIMA,FINALIZADA,IMBIRIBEIRA,AV MARECHAL MASCARENHAS DE MORAES,,,EM FRENTE AO POSTO BR, E AO GERALDAO, SENTIDO AEROPORTO, SEMAFORO 289,AV MARECHAL MASCARENHAS DE MORAES,,EM FRENTE AO POSTO BR, E AO GERALDAO, SENTIDO AEROPORTO, SEMAFORO 289,IMBIRIBEIRA,,,COLISÃO,AUTO E CAMINHAO S/V,1,,,,,,1,,,0,,,,,,,,,,,,
2018-05-02,13:53:00,SEM VÍTIMA,FINALIZADA,SAN MARTIN,AV CONSUL VILARES FRAGOSO,,,AO LADO DA CAVALARIA,AV CONSUL VILARES FRAGOSO,,AO LADO DA CAVALARIA,SAN MARTIN,,,COLISÃO,COLISÃO SEM VÍTIMA,1,,,,,,,,1,0,,,,,,,,,,,,,,,,,,
2018-05-02,14:33:00,SEM VÍTIMA,FINALIZADA,MANGABEIRA,RUA DA MANGABEIRA,,,E/F AO POSTO DE SAUDE DA MANGABEIRA,RUA DA MANGABEIRA,,E/F AO POSTO DE SAUDE DA MANGABEIRA,MANGABEIRA,,,COLISÃO,COLISAO ENTRE AUTO E ONIBUS S/V,1,,,,,1,,,,0,,,,,,,,,,,,,,,,,,
2018-05-02,14:36:00,SEM VÍTIMA,FINALIZADA,ENCRUZILHADA,AV NORTE,,,EM FRENTE A PRAÇA A PICANHA, SENTIDO CIDADE,AV NORTE,,EM FRENTE A PRAÇA A PICANHA, SENTIDO CIDADE,ENCRUZILHADA,,,COLISÃO,DOIS AUTOS,2,,,,,,,,,0,,,,,,,,,,,,,,,,
2018-05-02,14:51:00,SEM VÍTIMA,FINALIZADA,CASA AMARELA,AV NORTE,,,BACIA DO VASCO,AV NORTE,,BACIA DO VASCO,CASA AMARELA,,,COLISÃO,COLISÃO SEM VITIMA,1,,,,,,,,1,0,,,,,,,,,,,,,,,,,,
2018-05-02,14:52:00,COM VÍTIMA,FINALIZADA,TORRE,RUA JOSE BONIFACIO,750,,EM FRENTE AO EDIFICIO BARÃO DA TORRE,RUA JOSE BONIFACIO,750,EM FRENTE AO EDIFICIO BARÃO DA TORRE,TORRE,,,COLISÃO COM CICLISTA,COLISÃO COM VÍTIMA,1,1,,1,,,,,,1,,,,,,,,,,,,,,,,,,
2018-05-02,15:33:00,SEM VÍTIMA,FINALIZADA,BAIRRO DO RECIFE,PRC DA COMUNIDADE LUSO BRASILEIRA,,,PROX A PREFEITURA DO RECIFE AO LADO DO FORTE DO BRUM,PRC DA COMUNIDADE LUSO BRASILEIRA,,PROX A PREFEITURA DO RECIFE AO LADO DO FORTE DO BRUM,BAIRRO DO RECIFE,,,COLISÃO,COLISAO ENTRE ONIBUS E AUTO S/V,1,,,,,1,,,,0,,,,,,,,,,,,,,,,,,
2018-05-02,15:40:00,SEM VÍTIMA,FINALIZADA,CORDEIRO,EST DO FORTE DO ARRAIAL N. DO B. JESUS,555,,NA RUA DO COLEGIO ANGLO,EST DO FORTE DO ARRAIAL N. DO B. JESUS,555,NA RUA DO COLEGIO ANGLO,CORDEIRO,,,COLISÃO,DOIS AUTOS S/V,2,,,,,,,,,0,,,,,,,,,,,,,,,,,,
2018-05-02,15:51:00,SEM VÍTIMA,FINALIZADA,DERBY,RUA DR SEVERINO PINHEIRO,,,AO LADO DA FACULDADE FAMA ANTES DO GIRADOURO S/T CLUBE INTERNACIONAL,RUA DR SEVERINO PINHEIRO,,AO LADO DA FACULDADE FAMA ANTES DO GIRADOURO S/T CLUBE INTERNACIONAL,DERBY,,,COLISÃO,COLISAO ENTRE AUTO E MOTO S/V,1,1,,,,,,,,0,,,,,,,,,,,,,,,,,,