data,hora,natureza_acidente,situacao,bairro,endereco,numero,detalhe_endereco_acidente,complemento,endereco_cruzamento,numero_cruzamento,referencia_cruzamento,bairro_cruzamento,num_semaforo,sentido_via,tipo,descricao,auto,moto,ciclom,ciclista,pedestre,onibus,caminhao,viatura,outros,vitimas,vitimasfatais,acidente_verificado,tempo_clima,situacao_semaforo,sinalizacao,condicao_via,conservacao_via,ponto_controle,situacao_placa,velocidade_max_via,mao_direcao,divisao_via1,divisao_via2,divisao_via3,,,,
2018-05-04,13:11:00,,CANCELADA,ESPINHEIRO,RUA DO ESPINHEIRO,,,CRUZ COM A R 48/ SEMÁFORO 166,RUA DO ESPINHEIRO,,CRUZ COM A R 48/ SEMÁFORO 166,ESPINHEIRO,,,COLISÃO,ENTRE CARRO FORTE E AUTO PASSEIO. S/V,2,,,,,,,,,0,,,,,,,,,,,,,,,,,,
2018-05-04,13:14:00,COM VÍTIMA,FINALIZADA,ÁGUA FRIA,RUA JOSE FERNANDES DE SOUZA,,,EM FRENTE AO POSTO BR, E O POSTO IPIRANGA, EM FRENTE TAMBEM AO AO HORFRUT,RUA JOSE FERNANDES DE SOUZA,,EM FRENTE AO POSTO BR, E O POSTO IPIRANGA, EM FRENTE TAMBEM AO AO HORFRUT,ÁGUA FRIA,,,COLISÃO,AUTO E MOTO CV,1,1,,,,,,,,2,,,,,,,,,,,,,,
2018-05-04,13:18:00,SEM VÍTIMA,CANCELADA,BOA VIAGEM,RUA WALDEMAR NERY CARNEIRO MONTEIRO,,,PROX. AO COLEGIO MADRE DE DEUS, NA BEIRA CANAL, SENTIDO PIEDADE,RUA WALDEMAR NERY CARNEIRO MONTEIRO,,PROX. AO COLEGIO MADRE DE DEUS, NA BEIRA CANAL, SENTIDO PIEDADE,BOA VIAGEM,,,COLISÃO,DOIS AUTOS,2,,,,,,,,,0,,,,,,,,,,,,,,
2018-05-04,13:20:00,SEM VÍTIMA,FINALIZADA,AFOGADOS,AV SUL,,,AO LADO DA ESTAÇÃO LARGO DA PAZ / SNT CENTRO,AV SUL,,AO LADO DA ESTAÇÃO LARGO DA PAZ / SNT CENTRO,AFOGADOS,,,COLISÃO,ENTRE CAMINHÃO ENTRE AUTO, S/V,1,,,,,,1,,,0,,,,,,,,,,,,,,,,,
2018-05-04,13:24:00,SEM VÍTIMA,FINALIZADA,BOA VIAGEM,RUA WALDEMAR NERY CARNEIRO MONTEIRO,511,,NA ESQUINA DO COLEGIO GRANDE PASSO, NA ENTRADA DA BEIRA CANAL,RUA WALDEMAR NERY CARNEIRO MONTEIRO,511,NA ESQUINA DO COLEGIO GRANDE PASSO, NA ENTRADA DA BEIRA CANAL,BOA VIAGEM,,,COLISÃO,DOIS AUTOS SV,2,,,,,,,,,0,,,,,,,,,,,,,,,,
2018-05-04,13:29:00,,CANCELADA,ÁGUA FRIA,RUA DR EUDES COSTA,,,NO GIRADOURO DE AGUA FRIA PROX A QUITANDARIA HORTIFRUTI,RUA DR EUDES COSTA,,NO GIRADOURO DE AGUA FRIA PROX A QUITANDARIA HORTIFRUTI,ÁGUA FRIA,,,COLISÃO,COLISAO ENTRE AUTO E MOTO COM DUAS VITIMAS,1,1,,,,,,,,2,,,,,,,,,,,,,,,,,,
2018-05-04,13:47:00,SEM VÍTIMA,FINALIZADA,BOA VISTA,RUA CORREDOR DO BISPO,720,,POR TRAS DO SHOPPING BOA VISTA AO LADO DA BOATE MKB,RUA CORREDOR DO BISPO,720,POR TRAS DO SHOPPING BOA VISTA AO LADO DA BOATE MKB,BOA VISTA,,,COLISÃO,AUTO E CAMINHAO,1,,,,,,1,,,0,,,,,,,,,,,,,,,,,,
2018-05-04,14:07:00,COM VÍTIMA,FINALIZADA,AFOGADOS,EST DOS REMEDIOS,,,NO SEMAFORO 053,EST DOS REMEDIOS,,NO SEMAFORO 053,AFOGADOS,,,COLISÃO,COLISAO ENTRE MOTO E AUTO COM UMA VITIMAS,1,1,,,,,,,,1,,,,,,,,,,,,,,,,,,
2018-05-04,14:27:00,SEM VÍTIMA,FINALIZADA,TAMARINEIRA,EST DO ARRAIAL,3638,,PROX. A CASA DOS DOCES, APOS A IGREJA DA HARMONIA,EST DO ARRAIAL,3638,PROX. A CASA DOS DOCES, APOS A IGREJA DA HARMONIA,TAMARINEIRA,,,COLISÃO,DOIS AUTOS,2,,,,,,,,,0,,,,,,,,,,,,,,,,
2018-05-04,14:34:00,SEM VÍTIMA,FINALIZADA,ILHA DO LEITE,AV FREI MATIAS TEVES,S/N,,POR TRAS DO HVISAO E/F AO CENTRO ADMINISTRATIVO PEDAGOGICO DA PREF. DO RECIFE,AV FREI MATIAS TEVES,S/N,POR TRAS DO HVISAO E/F AO CENTRO ADMINISTRATIVO PEDAGOGICO DA PREF. DO RECIFE,ILHA DO LEITE,,,COLISÃO,COLISAO ENTRE AUTO E MOTO S/V,2,1,,,,,,,,0,,,,,,,,,,,,,,,,,,
2018-05-04,14:45:00,SEM VÍTIMA,CANCELADA,ROSARINHO,AV NORTE,,,APOS A PRAÇA DO ROSARINHO, SENTIDO MACAXEIRA,AV NORTE,,APOS A PRAÇA DO ROSARINHO, SENTIDO MACAXEIRA,ROSARINHO,,,COLISÃO,DOIS AUTOS,2,,,,,,,,,0,,,,,,,,,,,,,,,,
2018-05-04,15:25:00,SEM VÍTIMA,FINALIZADA,PARNAMIRIM,AV PARNAMIRIM,430,,EM FRENTE AO BANCO SANTADER, SENTIDO JAQUEIRA,AV PARNAMIRIM,430,EM FRENTE AO BANCO SANTADER, SENTIDO JAQUEIRA,PARNAMIRIM,,,COLISÃO,DOIS AUTOS,2,,,,,,,,,0,,,,,,,,,,,,,,,,
2018-05-04,15:53:00,SEM VÍTIMA,FINALIZADA,VÁRZEA,AV AFONSO OLINDENSE,606,,PROX. AO COLEGIO MILENIO,AV AFONSO OLINDENSE,606,PROX. AO COLEGIO MILENIO,VÁRZEA,,,COLISÃO,AUTO E CAMINHAO S/V,1,,,,,,1,,,0,,,,,,,,,,,,,,,,,,
2018-05-04,16:02:00,SEM VÍTIMA,PENDENTE,JORDÃO,AV MARIA IRENE,,,EM FRENTE A ACADEMIA DA CIDADE,AV MARIA IRENE,,EM FRENTE A ACADEMIA DA CIDADE,JORDÃO,,,COLISÃO,AUTO E ONIBUS DA ASA BRANCA,,,,,,1,,,1,0,,,,,,,,,,,,,,,,,,
2018-05-04,16:27:00,SEM VÍTIMA,FINALIZADA,BOA VISTA,AV GOVERNADOR AGAMENON MAGALHAES,2805,,EM FRENTE AO CIRCULO MILITAR, SENTIDO OLINDA, NA VIA LOCAL,AV GOVERNADOR AGAMENON MAGALHAES,2805,EM FRENTE AO CIRCULO MILITAR, SENTIDO OLINDA, NA VIA LOCAL,BOA VISTA,,,ENGAVETAMENTO,TRES AUTOS S/V,3,,,,,,,,,0,,,,,,,,,,,,,,
2018-05-04,16:55:00,SEM VÍTIMA,FINALIZADA,IPUTINGA,AV CAXANGA,,,EM FRENTE AO HOSPITAL BARAO DE LUCENA, SENTIDO CAMARAGIBE,AV CAXANGA,,EM FRENTE AO HOSPITAL BARAO DE LUCENA, SENTIDO CAMARAGIBE,IPUTINGA,,,COLISÃO,]\\,2,,,,,,,,,0,,,,,,,,,,,,,,,,
2018-05-04,17:12:00,SEM VÍTIMA,FINALIZADA,CAMPO GRANDE,RUA PEDRO CELSO,,RUA SAO CAETANO,PROX. AO CLUBE DAS PAES, CRUZAMENTO COM RUASAO CAETANO,RUA PEDRO CELSO,,PROX. AO CLUBE DAS PAES, CRUZAMENTO COM RUASAO CAETANO,CAMPO GRANDE,,,COLISÃO,DOIS AUTOS,2,,,,,,,,,0,,,,,,,,,,,,,,,,
2018-05-04,18:51:00,SEM VÍTIMA,FINALIZADA,SAN MARTIN,RUA VINTE E UM DE ABRIL,2949,,E/F AO MERCADINHO PARIS,RUA VINTE E UM DE ABRIL,2949,E/F AO MERCADINHO PARIS,SAN MARTIN,,,COLISÃO,ENTRE ONIBUS E VT POLICIAL. S/V,,,,,,,1,1,,0,,,,,,,,,,,,,,,,,,
2018-05-04,19:18:00,SEM VÍTIMA,FINALIZADA,AFOGADOS,LARGO DA PAZ,,,ENF A ESTAÇAO DO LARGO DA PAZ PROX A UPA,LARGO DA PAZ,,ENF A ESTAÇAO DO LARGO DA PAZ PROX A UPA,AFOGADOS,,,COLISÃO,CAMINHAO X GOL,1,,,,,,1,,,0,,,,,,,,,,,,,,,,,,
2018-05-04,19:32:00,SEM VÍTIMA,FINALIZADA,DERBY,AV GOVERNADOR AGAMENON MAGALHAES,,RUA HENRIQUE DIAS,CRUZAMENTO COM A RUA HENRIQUE DIAS SEMAFORO 068,AV GOVERNADOR AGAMENON MAGALHAES,,CRUZAMENTO COM A RUA HENRIQUE DIAS SEMAFORO 068,DERBY,,,COLISÃO,DOIS AUTO,2,,,,,,,,,0,,,,,,,,,,,,,,,,,,
2018-05-04,20:23:00,COM VÍTIMA,FINALIZADA,PARNAMIRIM,RUA CONEGO BARATA,,EST DO ARRAIAL,CRUZANDO COM A EST DO ARRAIAL / E/F A LOJA CASAS JOSÉ ARAUJO. SNT SUB,RUA CONEGO BARATA,,CRUZANDO COM A EST DO ARRAIAL / E/F A LOJA CASAS JOSÉ ARAUJO. SNT SUB,PARNAMIRIM,,,COLISÃO,ENTRE AUTO E MOTO. C/V,1,1,,,,,,,,1,,,,,,,,,,,,,,,,,,
2018-05-04,21:31:00,SEM VÍTIMA,CANCELADA,BOA VIAGEM,AV VINTE DE JANEIRO,1080,,PRÓX AO COLÉGIO DOLRADO E ANTIGA SADIA / PARALELA COM A AV MASCARENHAS. SNT AEROPORTO,AV VINTE DE JANEIRO,1080,PRÓX AO COLÉGIO DOLRADO E ANTIGA SADIA / PARALELA COM A AV MASCARENHAS. SNT AEROPORTO,BOA VIAGEM,,,COLISÃO,ENTRE 2 AUTOS. S/V,2,,,,,,,,,0,,,,,,,,,,,,,,,,,,
2018-05-04,21:37:00,COM VÍTIMA,FINALIZADA,IPSEP,AV RECIFE,,,E/F A PIZZARIA ATLÂNTICO. SEMÁFORO 616,AV RECIFE,,E/F A PIZZARIA ATLÂNTICO. SEMÁFORO 616,IPSEP,,,COLISÃO,ENTRE 2 AUTOS. C/V,2,,,,,,,,,1,,,,,,,,,,,,,,,,,,
2018-05-04,22:07:00,SEM VÍTIMA,FINALIZADA,MADALENA,RUA BENFICA,2464,,DENTRO DO POSTO SHELL EXTRA ENF: AO BOMPREÇO,RUA BENFICA,2464,DENTRO DO POSTO SHELL EXTRA ENF: AO BOMPREÇO,MADALENA,,,COLISÃO,FOX X FAIT,2,,,,,,,,,0,,,,,,,,,,,,,,,,,,
2018-05-04,23:37:00,SEM VÍTIMA,FINALIZADA,SANTO ANTÔNIO,RUA IMPERADOR PEDRO SEGUNDO,,,E/F AO BANCO SANTANDER E NAS PROXIMIDADES Do GABINETE PORTUGUÊS DE LEITURA DE PE / SNT CIDADE/SUB,RUA IMPERADOR PEDRO SEGUNDO,,E/F AO BANCO SANTANDER E NAS PROXIMIDADES Do GABINETE PORTUGUÊS DE LEITURA DE PE / SNT CIDADE/SUB,SANTO ANTÔNIO,,,COLISÃO,ENTRE ÔNIBUS E AUTO. S/V,1,,,,,1,,,,0,,,,,,,,,,,,,,,,,,
2018-05-05,06:44:00,SEM VÍTIMA,FINALIZADA,IMBIRIBEIRA,AV MARECHAL MASCARENHAS DE MORAES,,,SEMAFORO 631/ PROX A UNIVERSO,AV MARECHAL MASCARENHAS DE MORAES,,SEMAFORO 631/ PROX A UNIVERSO,IMBIRIBEIRA,,,COLISÃO,COLISAO S/V,2,,,,,,,,,0,,,,,,,,,,,,,,,,,,
2018-05-05,06:46:00,SEM VÍTIMA,FINALIZADA,ESTÂNCIA,AV RECIFE,,,EM BAIXO DO SEMAFORO 618 EM FRENTE AO SUPERMERCADO WALMART,AV RECIFE,,EM BAIXO DO SEMAFORO 618 EM FRENTE AO SUPERMERCADO WALMART,ESTÂNCIA,,,COLISÃO,COLISÃO SEM VITIMAS,1,,,,,,1,,,0,,,,,,,,,,,,,,,,,,
2018-05-05,07:00:00,COM VÍTIMA,FINALIZADA,DERBY,RUA JOAO FERNANDES VIEIRA,699,,EM FRENTE A CLINICA VDA E IMAGEM E AO BOM PREÇO DO PARQUE AMORIM,RUA JOAO FERNANDES VIEIRA,699,EM FRENTE A CLINICA VDA E IMAGEM E AO BOM PREÇO DO PARQUE AMORIM,DERBY,,,ATROPELAMENTO,VITIMA A ESPERA DO SAMU,,1,,,1,,,,,1,,,,,,,,,,,,,,,,,,
2018-05-05,09:11:00,COM VÍTIMA,FINALIZADA,DERBY,AV GOVERNADOR AGAMENON MAGALHAES,,,SENTIDO BOA VIAGEM EM FRENTE AO T R E,AV GOVERNADOR AGAMENON MAGALHAES,,SENTIDO BOA VIAGEM EM FRENTE AO T R E,DERBY,,,COLISÃO,COLISÃO COM VITIMA A ESPERA DO SAMU,,1,,,,1,,,,1,,,,,,,,,,,,,,,,,,
2018-05-05,09:25:00,SEM VÍTIMA,CANCELADA,TEJIPIÓ,RUA FALCAO DE LACERDA,484,,E/F A ASA BRANCA MOTOS. SENTIDO JARDIM SÃO PAULO.,RUA FALCAO DE LACERDA,484,E/F A ASA BRANCA MOTOS. SENTIDO JARDIM SÃO PAULO.,TEJIPIÓ,,,COLISÃO,SEM VÍTIMAS,2,,,,,,,,,0,,,,,,,,,,,,,,,,,,
2018-05-05,10:07:00,SEM VÍTIMA,FINALIZADA,AFOGADOS,RUA SAO MIGUEL,116,,AO LADO DO CARTORIO DE AFOGADOS,RUA SAO MIGUEL,116,AO LADO DO CARTORIO DE AFOGADOS,AFOGADOS,,,COLISÃO,CAMINHAO E AUTO PASSEIO,1,,,,,,1,,,0,,,,,,,,,,,,,,,,,,
2018-05-05,10:20:00,SEM VÍTIMA,FINALIZADA,PINA,AV ANTONIO DE GOES,306,,EM FRENTE A OFICINA CENTRAL DAS RODAS,AV ANTONIO DE GOES,306,EM FRENTE A OFICINA CENTRAL DAS RODAS,PINA,,,COLISÃO,COLISÃO SEM VITIMAS,2,,,,,,,,,0,,,,,,,,,,,,,,,,,,
2018-05-05,11:29:00,SEM VÍTIMA,CANCELADA,TORRE,RUA JOAO TUDE DE MELO,,,APOS A PONTE DO CARREFOUR SENTIDO SHOPPING PLAZA BEIRA CANAL,RUA JOAO TUDE DE MELO,,APOS A PONTE DO CARREFOUR SENTIDO SHOPPING PLAZA BEIRA CANAL,TORRE,,,COLISÃO,COLISÃO SEM VITIMAS,2,,,,,,,,,0,,,,,,,,,,,,,,,,,,
2018-05-05,12:31:00,SEM VÍTIMA,CANCELADA,TORRE,RUA JOSE BONIFACIO,232,,EM FRENTE A VILA BARILOCHE, AO LADO DO POSTO IPIRANGA,RUA JOSE BONIFACIO,232,EM FRENTE A VILA BARILOCHE, AO LADO DO POSTO IPIRANGA,TORRE,,,COLISÃO,COLISAO ENTRE DOIS AUTOS, UM SE EVADIU DO LOCAL, E O OUTRO ESTA NO MEIO DA VIA COM O EIXO QUEBRADO,2,,,,,,,,,0,,,,,,,,,,,,,,
2018-05-05,12:51:00,SEM VÍTIMA,CANCELADA,MACAXEIRA,RUA ALTO DO PITU,1490,,PROXIMO AO MERCADINHO BOM DE PREÇO,RUA ALTO DO PITU,1490,PROXIMO AO MERCADINHO BOM DE PREÇO,MACAXEIRA,,,COLISÃO,COLISÃO SEM VÍTIMA,1,,,,,1,,,,0,,,,,,,,,,,,,,,,,,
2018-05-05,12:57:00,SEM VÍTIMA,FINALIZADA,BOA VIAGEM,RUA GENERAL LUIS MALLET,140,,EM FRENTE AO EDIFICIO JOANA CAPELEIRO,RUA GENERAL LUIS MALLET,140,EM FRENTE AO EDIFICIO JOANA CAPELEIRO,BOA VIAGEM,,,COLISÃO,COLISÃO SEM VITIMAS,3,,,,,,,,,0,,,,,,,,,,,,,,,,,,
2018-05-05,13:24:00,SEM VÍTIMA,FINALIZADA,IMBIRIBEIRA,AV ENGENHEIRO ALVES DE SOUZA,556,,EM FRENTE A SUB ESTAÇÃO DA CELPE,AV ENGENHEIRO ALVES DE SOUZA,556,EM FRENTE A SUB ESTAÇÃO DA CELPE,IMBIRIBEIRA,,,COLISÃO,COLISÃO SEM VITIMAS,1,1,,,,,,,,0,,,,,,,,,,,,,,,,,,
2018-05-05,14:08:00,SEM VÍTIMA,FINALIZADA,IPSEP,AV PRESIDENTE DUTRA,,,EM FRENTE AO SAL E BRASA/ SENTIDO BOA VIAGEM,AV PRESIDENTE DUTRA,,EM FRENTE AO SAL E BRASA/ SENTIDO BOA VIAGEM,IPSEP,,,COLISÃO,COLISÃO SEM VÍTIMA,2,,,,,1,,,,0,,,,,,,,,,,,,,,,,,
2018-05-05,14:59:00,SEM VÍTIMA,FINALIZADA,CAXANGÁ,AV CAXANGA,,,SENTIDO CIDADE EM FRENTE A CONCESSIONARIA FIAT ITALIANA,AV CAXANGA,,SENTIDO CIDADE EM FRENTE A CONCESSIONARIA FIAT ITALIANA,CAXANGÁ,,,COLISÃO,COLISÃO SEM VITIMAS,4,,,,,,,,,0,,,,,,,,,,,,,,,,,,
2018-05-05,15:46:00,COM VÍTIMA,FINALIZADA,BOA VIAGEM,AVENIDA CELSO FURTADO (VIA MANGUE),,,APOS O SUPERMERCADO EXTRA SENTIDO RIO MAR VIA MANGUE,AVENIDA CELSO FURTADO (VIA MANGUE),,APOS O SUPERMERCADO EXTRA SENTIDO RIO MAR VIA MANGUE,BOA VIAGEM,,,COLISÃO,COLISÃO COM VITIMA A ESPERA DO SAMU,1,1,,,,,,,,1,,,,,,,,,,,,,,,,,,
2018-05-05,16:11:00,SEM VÍTIMA,FINALIZADA,MADALENA,AV VISCONDE DE ALBUQUERQUE,,,APÓS O HOSPITAL D´AVILA E E/F A PRAÇA EÇA DE QUEIROZ,AV VISCONDE DE ALBUQUERQUE,,APÓS O HOSPITAL D´AVILA E E/F A PRAÇA EÇA DE QUEIROZ,MADALENA,,,COLISÃO,2 AUTOS,2,,,,,,,,,0,,,,,,,,,,,,,,,,,,
2018-05-05,16:32:00,SEM VÍTIMA,CANCELADA,SOLEDADE,RUA DO PRINCIPE,232,,PROX. AO HOSPITAL DO EXERCITO,RUA DO PRINCIPE,232,PROX. AO HOSPITAL DO EXERCITO,SOLEDADE,,,COLISÃO,DOIS ONIBUS,,,,,,2,,,,0,,,,,,,,,,,,,,,,,,
2018-05-05,16:40:00,SEM VÍTIMA,FINALIZADA,TAMARINEIRA,RUA CONEGO BARATA,,AV NORTE,DE ESQUINA COM A AV NORTE EM BAIXO SEMAFORO 062 DE ESQUINA COM FERREIRA COSTA,RUA CONEGO BARATA,,DE ESQUINA COM A AV NORTE EM BAIXO SEMAFORO 062 DE ESQUINA COM FERREIRA COSTA,TAMARINEIRA,,,COLISÃO,COLISÃO SEM VITIMAS,2,,,,,,,,,0,,,,,,,,,,,,,,,,,,
2018-05-05,19:04:00,SEM VÍTIMA,CANCELADA,BOA VIAGEM,RUA PADRE BERNADINO PESSOA,,AV ENG DOMINGOS FERREIRA,COM AV DOMINGOS FERREIRA, ANTES DO CARREFOUR NO SEMAFORO 144,RUA PADRE BERNADINO PESSOA,,COM AV DOMINGOS FERREIRA, ANTES DO CARREFOUR NO SEMAFORO 144,BOA VIAGEM,,,COLISÃO,DOIS AUTOS,2,,,,,,,,,0,,,,,,,,,,,,,,,,
2018-05-05,19:44:00,COM VÍTIMA,FINALIZADA,AFOGADOS,EST DO BONGI,425,,EM FRENTE A FACULDADE NOVA ROMA,EST DO BONGI,425,EM FRENTE A FACULDADE NOVA ROMA,AFOGADOS,,,COLISÃO,AUTO E MOTO,1,1,,,,,,,,1,,,,,,,,,,,,,,,,,,
2018-05-05,19:58:00,SEM VÍTIMA,FINALIZADA,MADALENA,RUA BENFICA,,,E/F AO SUPERMERCADO BOMPREÇO. SNT CENTRO,RUA BENFICA,,E/F AO SUPERMERCADO BOMPREÇO. SNT CENTRO,MADALENA,,,COLISÃO,ENTRE ONIBUS E AUTO. S/V,1,,,,,1,,,,0,,,,,,,,,,,,,,,,,,
2018-05-05,20:56:00,SEM VÍTIMA,FINALIZADA,MADALENA,RUA CAMPOS SALES,160,,AO LADO DA SUL AMERICA,RUA CAMPOS SALES,160,AO LADO DA SUL AMERICA,MADALENA,,,COLISÃO,ENTRE CAMINHÃO E AUTO. S/V,1,,,,,,1,,,0,,,,,,,,,,,,,,,,,,
2018-05-05,21:05:00,SEM VÍTIMA,FINALIZADA,ILHA JOANA BEZERRA,AV BEIRA RIO,,,EM FRENTE A ACADEMIA DA CIDADE,AV BEIRA RIO,,EM FRENTE A ACADEMIA DA CIDADE,ILHA JOANA BEZERRA,,,COLISÃO,DOIS AUTOS,2,,,,,,,,,0,,,,,,,,,,,,,,,,,,
2018-05-05,21:42:00,SEM VÍTIMA,FINALIZADA,AFLITOS,AV CONS ROSA E SILVA,197,,PROX. AO CLUBE PORTUGUES,AV CONS ROSA E SILVA,197,PROX. AO CLUBE PORTUGUES,AFLITOS,,,COLISÃO,ONIBUS E AUTO,1,,,,,1,,,,0,,,,,,,,,,,,,,,,,,
2018-05-05,22:47:00,COM VÍTIMA,CANCELADA,DERBY,AV GOVERNADOR AGAMENON MAGALHAES,,,E/F AO SUPERMERCADO WALMART E PRÓX A MCCDONALDS. SNT OLINDA,AV GOVERNADOR AGAMENON MAGALHAES,,E/F AO SUPERMERCADO WALMART E PRÓX A MCCDONALDS. SNT OLINDA,DERBY,,,COLISÃO,AUTO E MOTO. C/V,1,1,,,,,,,,1,,,,,,,,,,,,,,,,,,
2018-05-05,23:17:00,SEM VÍTIMA,FINALIZADA,BOA VIAGEM,RUA RIBEIRO DE BRITO,901,,E/F AO CENTRO EMPRESARIAL RIBEIRO DE BRITO,RUA RIBEIRO DE BRITO,901,E/F AO CENTRO EMPRESARIAL RIBEIRO DE BRITO,BOA VIAGEM,,,COLISÃO,ENTRE AUTO E MOTO. S/V,1,1,,,,,,,,0,,,,,,,,,,,,,,,,,,
2018-05-06,00:07:00,SEM VÍTIMA,FINALIZADA,MADALENA,RUA REAL DA TORRE,,,PROXIMO AO POSTO,RUA REAL DA TORRE,,PROXIMO AO POSTO,MADALENA,,,COLISÃO,TRÊS AUTOS S/V,3,,,,,,,,,0,,,,,,,,,,,,,,,,,,
2018-05-06,00:03:00,SEM VÍTIMA,FINALIZADA,DOIS IRMÃOS,RUA DOIS IRMAOS,,AV DA RECUPERACAO,CRUZAMENTO COM A AV DA RECUPERAÇÃO(BR101) SEMAFORO 416,RUA DOIS IRMAOS,,CRUZAMENTO COM A AV DA RECUPERAÇÃO(BR101) SEMAFORO 416,DOIS IRMÃOS,,,COLISÃO,COPLISÃO ENTRE DOIS AUTOS S/V,2,,,,,,,,,0,,,,,,,,,,,,,,,,,,
2018-05-06,01:36:00,COM VÍTIMA,FINALIZADA,MADALENA,RUA JOAQUIM NABUCO,,,EM FRENTE A UNINASSAU,RUA JOAQUIM NABUCO,,EM FRENTE A UNINASSAU,MADALENA,,,CHOQUE,MOTO CHOCOU-SE CONTRA UM POSTE C/V,,1,,,,,,,,1,,,,,,,,,,,,,,,,,,
2018-05-06,02:20:00,SEM VÍTIMA,FINALIZADA,BOA VISTA,RUA DAS NINFAS,,,PROX DA BOATE METROPOLE,RUA DAS NINFAS,,PROX DA BOATE METROPOLE,BOA VISTA,,,COLISÃO,COLISÃO ENTRE DOIS AUTOS S/V,2,,,,,,,,,0,,,,,,,,,,,,,,,,,,
2018-05-06,05:27:00,SEM VÍTIMA,FINALIZADA,BOA VIAGEM,AV ENGENHEIRO DOMINGOS FERREIRA,,RUA RIBEIRO DE BRITO,CRUZAMENTO COM A RUA RIBEIRO DE BRITO, LADO DIREITO DA VIA,AV ENGENHEIRO DOMINGOS FERREIRA,,CRUZAMENTO COM A RUA RIBEIRO DE BRITO, LADO DIREITO DA VIA,BOA VIAGEM,,,COLISÃO,COLISÃO ENTRE DOIS AUTOS S/V,2,,,,,,,,,0,,,,,,,,,,,,,,,,
2018-05-06,05:45:00,COM VÍTIMA,CANCELADA,DOIS IRMÃOS,RUA MANUEL DE MEDEIROS,109,,EM FRENTE AO COLEGIO LIONS PANAMIRIM, EM FRENTE AO NORDESTE FRIO,RUA MANUEL DE MEDEIROS,109,EM FRENTE AO COLEGIO LIONS PANAMIRIM, EM FRENTE AO NORDESTE FRIO,DOIS IRMÃOS,,,COLISÃO,COLISÃO ENTRE DOIS AUTOS C/V,2,,,,,,,,,1,,,,,,,,,,,,,,,,
2018-05-06,07:02:00,SEM VÍTIMA,FINALIZADA,ESTÂNCIA,AV DR JOSE RUFINO,,,EM FRENTE AO COLEGIO VISÁO E A EMPRESA ASTROTUR,AV DR JOSE RUFINO,,EM FRENTE AO COLEGIO VISÁO E A EMPRESA ASTROTUR,ESTÂNCIA,,,COLISÃO,COLISÁO SEM VITIMAS,1,,,,,1,,,,0,,,,,,,,,,,,,,,,,,
2018-05-06,08:37:00,COM VÍTIMA,FINALIZADA,DOIS UNIDOS,AV HILDEBRANDO DE VASCONCELOS,704,,EM FRENTE A ACADEMIA TOP FITNESS,AV HILDEBRANDO DE VASCONCELOS,704,EM FRENTE A ACADEMIA TOP FITNESS,DOIS UNIDOS,,,CAPOTAMENTO,COLISÁO EM SEGUIDA DE CAPOTAMENTO COM 1 VITIMA SOCORRIDA PELO SAMU,1,2,,,,,,,,1,,,,,,,,,,,,,,,,,,
2018-05-06,09:28:00,SEM VÍTIMA,FINALIZADA,BARRO,AV DR JOSE RUFINO,,,COLEGIO IMACULADA CONCEIÇÃO, SENTIDO CIDADE,AV DR JOSE RUFINO,,COLEGIO IMACULADA CONCEIÇÃO, SENTIDO CIDADE,BARRO,,,COLISÃO,COLISÃO SEM VITIMA,1,1,,,,,,,,0,,,,,,,,,,,,,,,,
2018-05-06,09:45:00,SEM VÍTIMA,CANCELADA,BEBERIBE,AV ANIBAL BENEVOLO,1317,,EM FRETA A GABRIELA MODAS,AV ANIBAL BENEVOLO,1317,EM FRETA A GABRIELA MODAS,BEBERIBE,,,COLISÃO,MOTO E AUTO,1,1,,,,,,,,0,,,,,,,,,,,,,,,,,,
2018-05-06,10:12:00,SEM VÍTIMA,FINALIZADA,MACAXEIRA,AV NORTE,,,SENTIDO CIDADE EM FRENTE A ANTIGA FABRICA DA MACAXEIRA,AV NORTE,,SENTIDO CIDADE EM FRENTE A ANTIGA FABRICA DA MACAXEIRA,MACAXEIRA,,,COLISÃO,COLISÁO SEM VITIMAS,1,,,,,1,,,,0,,,,,,,,,,,,,,,,,,
2018-05-06,11:15:00,SEM VÍTIMA,FINALIZADA,IMBIRIBEIRA,AV ANTONIO TORRES GALVAO,,,JUNTO AO PONTILHÃO DO METRÔ,AV ANTONIO TORRES GALVAO,,JUNTO AO PONTILHÃO DO METRÔ,IMBIRIBEIRA,,,COLISÃO,COLISÃO SEM VITIMA,2,,,,,,,,,0,,,,,,,,,,,,,,,,,,
2018-05-06,12:10:00,SEM VÍTIMA,FINALIZADA,MADALENA,RUA BENFICA,411,,EM FRENTE A CLINICA OFTALMAX,RUA BENFICA,411,EM FRENTE A CLINICA OFTALMAX,MADALENA,,,COLISÃO,COLISÃO SEM VITIMA,2,,,,,,,,,0,,,,,,,,,,,,,,,,,,
2018-05-06,13:09:00,SEM VÍTIMA,FINALIZADA,IMBIRIBEIRA,RUA CORONEL FABRICIANO,,,EM FRENTE AO ATACADO DOS PRESENTES, NO SEMAFORO 310,RUA CORONEL FABRICIANO,,EM FRENTE AO ATACADO DOS PRESENTES, NO SEMAFORO 310,IMBIRIBEIRA,,,COLISÃO,ONIBUS E AUTO,1,,,,,1,,,,0,,,,,,,,,,,,,,,,
2018-05-06,14:29:00,COM VÍTIMA,FINALIZADA,IPUTINGA,RUA PEREIRA COUTINHO FILHO,687,,PROXIMO AO COLEGIO SANTA TEREZINHA,RUA PEREIRA COUTINHO FILHO,687,PROXIMO AO COLEGIO SANTA TEREZINHA,IPUTINGA,,,COLISÃO,COLISÃO COM VÍTIMA,1,,1,,,,,,,1,,,,,,,,,,,,,,,,,,