data,hora,natureza_acidente,situacao,bairro,endereco,numero,detalhe_endereco_acidente,complemento,endereco_cruzamento,numero_cruzamento,referencia_cruzamento,bairro_cruzamento,num_semaforo,sentido_via,tipo,descricao,auto,moto,ciclom,ciclista,pedestre,onibus,caminhao,viatura,outros,vitimas,vitimasfatais,acidente_verificado,tempo_clima,situacao_semaforo,sinalizacao,condicao_via,conservacao_via,ponto_controle,situacao_placa,velocidade_max_via,mao_direcao,divisao_via1,divisao_via2,divisao_via3,,,,
2018-05-15,09:55:00,COM VÍTIMA,CANCELADA,BARRO,AV DR JOSE RUFINO,,,E/F A IGREJA DO BARRO NO POSTO DE GASOLINA,AV DR JOSE RUFINO,,E/F A IGREJA DO BARRO NO POSTO DE GASOLINA,BARRO,,,COLISÃO,MOTO X AUTO,,,,,,,,,,1,,,,,,,,,,,,,,,,,,
2018-05-15,09:55:00,SEM VÍTIMA,FINALIZADA,TORREÃO,AV NORTE,1726,,SENTIDO CENTRO, SEMÁFORO 375. E/F A SUMUCAR,AV NORTE,1726,SENTIDO CENTRO, SEMÁFORO 375. E/F A SUMUCAR,TORREÃO,,,COLISÃO,SEM VÍTIMAS,2,,,,,,,,,0,,,,,,,,,,,,,,,,
2018-05-15,10:17:00,SEM VÍTIMA,CANCELADA,CAXANGÁ,RUA DELMIRO GOUVEIA,,,APOS A UPA S/T CAMARAGIBE,RUA DELMIRO GOUVEIA,,APOS A UPA S/T CAMARAGIBE,CAXANGÁ,,,COLISÃO,COLISAO ENTRE ONIBUS E AUTO S/V,1,,,,,1,,,,0,,,,,,,,,,,,,,,,,,
2018-05-15,10:39:00,SEM VÍTIMA,FINALIZADA,ILHA DO RETIRO,RUA SPORT CLUBE DO RECIFE,,,NA SAIDA DO TÚNEL DO SPORT S/T DERBY,RUA SPORT CLUBE DO RECIFE,,NA SAIDA DO TÚNEL DO SPORT S/T DERBY,ILHA DO RETIRO,,,COLISÃO,COLISAO ENTRE AUTO E MOTO S/V,1,1,,,,,,,,0,,,,,,,,,,,,,,,,,,
2018-05-15,10:58:00,SEM VÍTIMA,FINALIZADA,IPSEP,AV RECIFE,,,SEMÁFORO 616, SENTIDO BOA VIAGEM. E/F AO ANTIGO BOMPREÇO.,AV RECIFE,,SEMÁFORO 616, SENTIDO BOA VIAGEM. E/F AO ANTIGO BOMPREÇO.,IPSEP,,,COLISÃO,SEM VÍTIMAS. BATEDORES NO LOCAL,1,,,,,,1,,,0,,,,,,,,,,,,,,,,
2018-05-15,11:42:00,SEM VÍTIMA,FINALIZADA,CORDEIRO,RUA MAURICIO DE NASSAU,,,PROX AO GOE,RUA MAURICIO DE NASSAU,,PROX AO GOE,CORDEIRO,,,COLISÃO,COLISAO ENTRE DOIS AUTOS S/V,2,,,,,,,,,0,,,,,,,,,,,,,,,,,,
2018-05-15,12:30:00,SEM VÍTIMA,CANCELADA,TORRE,AV BEIRA RIO,887,,E/F ACADEMIA DA CIDADE E O RESTAURANTE IMPORIO MARITIMO,AV BEIRA RIO,887,PROX AO HOSPITAL JAIME DA FONTE,TORRE,,,COLISÃO,COLISAO ENTRE DOIS AUTOS S/V,2,,,,,,,,,0,,,,,,,,,,,,,,,,,,
2018-05-15,12:30:00,SEM VÍTIMA,FINALIZADA,PRADO,AV ENGENHEIRO ABDIAS DE CARVALHO,12,,EM FRENTE A BIGCAR/ SENTIDO CIDADE,AV ENGENHEIRO ABDIAS DE CARVALHO,12,EM FRENTE A BIGCAR/ SENTIDO CIDADE,PRADO,,,COLISÃO,COLISÃO SEM VÍTIMA,2,,,,,,,,,0,,,,,,,,,,,,,,,,,,
2018-05-15,12:46:00,SEM VÍTIMA,FINALIZADA,TORRÕES,RUA DEZESSEIS DE OUTUBRO,,,NO TERMINAL DO TORROES NO CAMPO DO QUINZE,RUA DEZESSEIS DE OUTUBRO,,NO TERMINAL DO TORROES NO CAMPO DO QUINZE,TORRÕES,,,COLISÃO,COLISAO ENTRE VT DA POLICIA E AUTO S/V,2,,,,,,,,,0,,,,,,,,,,,,,,,,,,
2018-05-15,13:05:00,SEM VÍTIMA,FINALIZADA,IMBIRIBEIRA,AV MARECHAL MASCARENHAS DE MORAES,4728,,EM FRENTE AO HOTEL AEROPORTO/ SENTIDO PRAZERES,AV MARECHAL MASCARENHAS DE MORAES,4728,EM FRENTE AO HOTEL AEROPORTO/ SENTIDO PRAZERES,IMBIRIBEIRA,,,COLISÃO,COLISÃO SEM VÍTIMA,2,,,,,,,,,0,,,,,,,,,,,,,,,,,,
2018-05-15,13:11:00,SEM VÍTIMA,FINALIZADA,GRAÇAS,AV RUI BARBOSA,320,,EM FRENTE AO TRE,AV RUI BARBOSA,320,EM FRENTE AO TRE,GRAÇAS,,,COLISÃO,COLISÃO SEM VÍTIMA,2,,,,,,,,,0,,,,,,,,,,,,,,,,,,
2018-05-15,13:13:00,SEM VÍTIMA,FINALIZADA,CAXANGÁ,AV PROFESSOR JOAQUIM CAVALCANTI,,,APOS O WALMART A PRIMEIRA A DIREITA,AV PROFESSOR JOAQUIM CAVALCANTI,,APOS O WALMART A PRIMEIRA A DIREITA,CAXANGÁ,,,COLISÃO,DOIS AUTOS,2,,,,,,,,,0,,,,,,,,,,,,,,,,,,
2018-05-15,13:25:00,SEM VÍTIMA,FINALIZADA,ROSARINHO,AV CONS ROSA E SILVA,,AV SANTOS DUMONT,COM RUA SANTO DUMONT PROX A COUNRY CLUB,AV CONS ROSA E SILVA,,COM RUA SANTO DUMONT PROX A COUNRY CLUB,ROSARINHO,,,COLISÃO,COLISAO DE TAXI E MOTO S/V,1,1,,,,,,,,0,,,,,,,,,,,,,,,,,,
2018-05-15,14:29:00,SEM VÍTIMA,FINALIZADA,IMBIRIBEIRA,AV SUL,277,AV GENERAL MAC ARTHUR,COM A AV GENERAL MAC ARTHUR / AO LADO DA ESTAÇAO ANTONIO FALCAO,AV SUL,277,COM A AV GENERAL MAC ARTHUR / AO LADO DA ESTAÇAO ANTONIO FALCAO,IMBIRIBEIRA,,,COLISÃO,DOIS AUTOS,2,,,,,,,,,0,,,,,,,,,,,,,,,,,,
2018-05-15,14:41:00,SEM VÍTIMA,FINALIZADA,MADALENA,RUA JOSE OSORIO,124,,APOS A PONTE DA CAPUNGA E/F A FUNDAÇÃO CECOSNE,RUA JOSE OSORIO,124,APOS A PONTE DA CAPUNGA E/F A FUNDAÇÃO CECOSNE,MADALENA,,,COLISÃO,COLISAO ENTRE ENTRE DOIS AUTOS S/V,2,,,,,,,,,0,,,,,,,,,,,,,,,,,,
2018-05-15,15:50:00,SEM VÍTIMA,FINALIZADA,BOA VIAGEM,RUA MARQUES DE VALENCA,55,,PROX A IGREJA NOSSA SENHORA DE FATIMA,RUA MARQUES DE VALENCA,55,PROX A IGREJA NOSSA SENHORA DE FATIMA,BOA VIAGEM,,,COLISÃO,COLISAO ENTRE DOIS AUTOS S/V,2,,,,,,,,,0,,,,,,,,,,,,,,,,,,
2018-05-15,17:06:00,SEM VÍTIMA,FINALIZADA,PAISSANDU,RUA PAISSANDU,419,,EM FRENTE AO ESCRITORIO MORADA DA PAZ,RUA PAISSANDU,419,EM FRENTE AO ESCRITORIO MORADA DA PAZ,PAISSANDU,,,COLISÃO,COLISÃO SEM VÍTIMA,2,,,,,,,,,0,,,,,,,,,,,,,,,,,,
2018-05-15,17:17:00,SEM VÍTIMA,FINALIZADA,MADALENA,RUA BENFICA,,,EM FRENTE AO MUSEU DA ABOLIÇÃO,RUA BENFICA,,EM FRENTE AO MUSEU DA ABOLIÇÃO,MADALENA,,,COLISÃO,COLISÃO SEM VÍTIMA,1,,,,,1,,,,0,,,,,,,,,,,,,,,,,,
2018-05-15,18:02:00,SEM VÍTIMA,FINALIZADA,BOA VIAGEM,RUA VISCONDE DE JEQUITINHONHA,,,E/F AO RESTAURANTE PONTEIO, SNT PIEDADE,RUA VISCONDE DE JEQUITINHONHA,,E/F AO RESTAURANTE PONTEIO, SNT PIEDADE,BOA VIAGEM,,,COLISÃO,ENTRE 2 AUTOS. S/V,2,,,,,,,,,0,,,,,,,,,,,,,,,,
2018-05-15,18:51:00,SEM VÍTIMA,CANCELADA,IMBIRIBEIRA,AV MARECHAL MASCARENHAS DE MORAES,,,ENF AO AEROPORTO ANTES DA ENTRADA DO JOJRDAO,AV MARECHAL MASCARENHAS DE MORAES,,ENF AO AEROPORTO ANTES DA ENTRADA DO JOJRDAO,IMBIRIBEIRA,,,COLISÃO,DOIS AUTOS,2,,,,,,,,,0,,,,,,,,,,,,,,,,,,
2018-05-15,19:27:00,,CANCELADA,MADALENA,AV VISCONDE DE ALBUQUERQUE,,,CRUZAMENTO COM A NA RUA LOPES DE CARVALHO,AV VISCONDE DE ALBUQUERQUE,,CRUZAMENTO COM A NA RUA LOPES DE CARVALHO,MADALENA,,,COLISÃO,DOIS AUTO,2,,,,,,,,,0,,,,,,,,,,,,,,,,,,
2018-05-15,19:27:00,SEM VÍTIMA,CANCELADA,ESTÂNCIA,AV RECIFE,,,E/F AO POSTO TOTAL, SNT CAXANGÁ,AV RECIFE,,E/F AO POSTO TOTAL, SNT CAXANGÁ,ESTÂNCIA,,,COLISÃO,ENNTRE 2 AUTOS. S/V,2,,,,,,,,,0,,,,,,,,,,,,,,,,
2018-05-15,19:33:00,SEM VÍTIMA,FINALIZADA,MADALENA,AV VISCONDE DE ALBUQUERQUE,,,E/F ASTRAL VEÍCULOS,AV VISCONDE DE ALBUQUERQUE,,E/F ASTRAL VEÍCULOS,MADALENA,,,COLISÃO,ENTRE 2 AUTOS. S/V,2,,,,,,,,,0,,,,,,,,,,,,,,,,,,
2018-05-15,19:36:00,SEM VÍTIMA,EQUIPE EM DESLOCAMENTO,BOA VIAGEM,AV ENGENHEIRO DOMINGOS FERREIRA,,RUA PROF JOSE BRANDAO,DE ESQUINA COM A RUA PRF JOSE BRADAO,AV ENGENHEIRO DOMINGOS FERREIRA,,DE ESQUINA COM A RUA PRF JOSE BRADAO,BOA VIAGEM,,,COLISÃO,ONIBUS X HB 20,1,,,,,1,,,,0,,,,,,,,,,,,,,,,,,
2018-05-15,19:57:00,SEM VÍTIMA,FINALIZADA,BOA VIAGEM,RUA SETUBAL,638,,E/F AO EDF AMALIA RODRIGUES,RUA SETUBAL,638,E/F AO EDF AMALIA RODRIGUES,BOA VIAGEM,,,ENGAVETAMENTO,ENTRE 4 AUTS. S/V,4,,,,,,,,,0,,,,,,,,,,,,,,,,,,
2018-05-15,20:15:00,SEM VÍTIMA,CANCELADA,TORRÕES,RUA DR MIGUEL VIEIRA FERREIRA,,RUA PROF JOAQUIM XAVIER DE BRITO,CRUZAMENTO COM A RUA PROF JOAQUIM CHAVIE DE BRITO SEMAFORO 541,RUA DR MIGUEL VIEIRA FERREIRA,,CRUZAMENTO COM A RUA PROF JOAQUIM CHAVIE DE BRITO SEMAFORO 541,TORRÕES,,,COLISÃO,DOIS AUTO,2,,,,,,,,,0,,,,,,,,,,,,,,,,,,
2018-05-15,21:07:00,COM VÍTIMA,FINALIZADA,DERBY,PRC DO DERBY,,,EM FRENTE A PRAÇA DO DERBY,PRC DO DERBY,,EM FRENTE A PRAÇA DO DERBY,DERBY,,,COLISÃO,AUTO E MOTO,1,1,,,,,,,,1,,,,,,,,,,,,,,,,,,
2018-05-15,21:08:00,,CANCELADA,BOA VIAGEM,RUA SETUBAL,638,,ENF AO ED AMALHA RODRIGUES,RUA SETUBAL,638,ENF AO ED AMALHA RODRIGUES,BOA VIAGEM,,,COLISÃO,TRES AUTOS,3,,,,,,,,,0,,,,,,,,,,,,,,,,,,
2018-05-16,05:53:00,COM VÍTIMA,FINALIZADA,PINA,AV HERCULANO BANDEIRA,,,EM FRENTE AO ATACADO DA CONSTRUÇÃO,SEMAFORO 660,AV HERCULANO BANDEIRA,,EM FRENTE AO ATACADO DA CONSTRUÇÃO,SEMAFORO 660,PINA,,,COLISÃO,COM UMA VITIMA AGUARDANDO SAMU,,1,,,,1,,,,1,,,,,,,,,,,,,,,,
2018-05-16,08:35:00,COM VÍTIMA,FINALIZADA,MUSTARDINHA,AV MANOEL GONCALVES DA LUZ,140,,EM FRENTE AO POSTO TOTAL,E AO COLEGIO ESTADUAL OTHON PARAISO,AV MANOEL GONCALVES DA LUZ,140,EM FRENTE AO POSTO TOTAL,E AO COLEGIO ESTADUAL OTHON PARAISO,MUSTARDINHA,,,ATROPELAMENTO,ATROPELAMENTO DE MENOR EM FRENTE A ESCOLA,SAMU NO LOCAL,1,,,,1,,,,,1,,,,,,,,,,,,,,,
2018-05-16,08:38:00,COM VÍTIMA,CANCELADA,BOA VIAGEM,AV BOA VIAGEM,,,E/F AO CLUBE DA AERONÁUTICA, SENTIDO IMBIRIBEIRA. SEMÁFORO 150,AV BOA VIAGEM,,E/F AO CLUBE DA AERONÁUTICA, SENTIDO IMBIRIBEIRA. SEMÁFORO 150,BOA VIAGEM,,,COLISÃO,COM UMA VÍTIMA EM ATENDIMENTO PELO SAMU,1,1,,,,,,,,1,,,,,,,,,,,,,,,,
2018-05-16,09:16:00,SEM VÍTIMA,FINALIZADA,COELHOS,PTE JOAQUIM CARDOSO,,,SENTIDO AFOGADOS NO INICIO DO VIADUTO JOAQUIM CARDOSO,PTE JOAQUIM CARDOSO,,SENTIDO AFOGADOS NO INICIO DO VIADUTO JOAQUIM CARDOSO,COELHOS,,,COLISÃO,COLISÃO SEM VITIMAS,2,,,,,,,,,0,,,,,,,,,,,,,,,,,,
2018-05-16,09:20:00,SEM VÍTIMA,CANCELADA,IMBIRIBEIRA,AV MARECHAL MASCARENHAS DE MORAES,,,SENTIDO CABO APOS A UPA EM FRENTE A CONECSSIONARIA TOYOLEX,AV MARECHAL MASCARENHAS DE MORAES,,SENTIDO CABO APOS A UPA EM FRENTE A CONECSSIONARIA TOYOLEX,IMBIRIBEIRA,,,COLISÃO,COLISÃO SEM VITIMAS,1,1,,,,,,,,0,,,,,,,,,,,,,,,,,,
2018-05-16,09:23:00,SEM VÍTIMA,FINALIZADA,GRAÇAS,RUA JOAQUIM NABUCO,,RUA GUILHERME PINTO,COM A RUA GUILHERME PINTO / SEMAFORO 498,RUA JOAQUIM NABUCO,,COM A RUA GUILHERME PINTO / SEMAFORO 498,GRAÇAS,,,COLISÃO,DOIS AUTOS,1,,,,,,1,,,0,,,,,,,,,,,,,,,,,,
2018-05-16,09:43:00,SEM VÍTIMA,FINALIZADA,IBURA,AV RECIFE,,,SEMAFORO 055,AV RECIFE,,SEMAFORO 055,IBURA,,,COLISÃO,COLISÃO SEM VITIMAS,2,,,,,,,,,0,,,,,,,,,,,,,,,,,,
2018-05-16,09:46:00,COM VÍTIMA,FINALIZADA,ESTÂNCIA,AV RECIFE,,,DE FRONTE AO WALMART,AV RECIFE,,DE FRONTE AO WALMART,ESTÂNCIA,,,COLISÃO,COLISÃO COM VÍTIMA,1,1,,,,,,,,1,,,,,,,,,,,,,,,,,,
2018-05-16,10:05:00,SEM VÍTIMA,FINALIZADA,BOA VIAGEM,RUA FRANCISCO DA CUNHA,1038,RUA ANTONIO FALCAO,COM A RUA ANTONIO FALCAO,RUA FRANCISCO DA CUNHA,1038,COM A RUA ANTONIO FALCAO,BOA VIAGEM,,,COLISÃO,DOIS AUTOS,2,,,,,,,,,0,,,,,,,,,,,,,,,,,,
2018-05-16,10:22:00,SEM VÍTIMA,FINALIZADA,DERBY,AV GOVERNADOR AGAMENON MAGALHAES,,,EM FRENTE AO BANCO BRADESCO ,SENT/BOA VIAGEM,SEMAFORO 650,AV GOVERNADOR AGAMENON MAGALHAES,,EM FRENTE AO BANCO BRADESCO ,SENT/BOA VIAGEM,SEMAFORO 650,DERBY,,,COLISÃO,SEM VITIMAS,1,,,,,1,,,,0,,,,,,,,,,,,,,
2018-05-16,10:37:00,COM VÍTIMA,FINALIZADA,CAMPO GRANDE,RUA JERONIMO VILELA,99,RUA MARQUES DE ABRANTES,COM A RUA MARQUES DE ABRANTES,RUA JERONIMO VILELA,99,COM A RUA MARQUES DE ABRANTES,CAMPO GRANDE,,,COLISÃO,MOTO E AUTO,1,1,,,,,,,,1,,,,,,,,,,,,,,,,,,
2018-05-16,11:13:00,SEM VÍTIMA,CANCELADA,VÁRZEA,RUA ACADEMICO HELIO RAMOS,386,,EM BAIXO DO SEMAFORO 520 PROX A PRAÇA DA VARZEA,RUA ACADEMICO HELIO RAMOS,386,EM BAIXO DO SEMAFORO 520 PROX A PRAÇA DA VARZEA,VÁRZEA,,,COLISÃO,COLISÃO SEM VITIMAS,1,,,,,1,,,,0,,,,,,,,,,,,,,,,,,
2018-05-16,11:43:00,COM VÍTIMA,FINALIZADA,ILHA DO RETIRO,RUA SPORT CLUBE DO RECIFE,,,E/F AO CLUBE DO SPORTE S/T DERBY,RUA SPORT CLUBE DO RECIFE,,E/F AO CLUBE DO SPORTE S/T DERBY,ILHA DO RETIRO,,,COLISÃO,COLISAO ENTRE DOIS AUTOS S/V,2,,,,,,,,,1,,,,,,,,,,,,,,,,,,
2018-05-16,11:46:00,SEM VÍTIMA,FINALIZADA,IBURA,RUA EMILIO MONTEIRO FONSECA,1531,,E/F A RESIDENCIA. PROX. AO POSTO DE SAÚDE DA VILA OPERÁRIA,RUA EMILIO MONTEIRO FONSECA,1531,E/F A RESIDENCIA. PROX. AO POSTO DE SAÚDE DA VILA OPERÁRIA,IBURA,,,COLISÃO,SEM VÍTIMAS,1,1,,,,,,,,0,,,,,,,,,,,,,,,,,,
2018-05-16,11:56:00,SEM VÍTIMA,CANCELADA,ESPINHEIRO,AV CONS ROSA E SILVA,327,,E/F A OEDF.. JARDIM PEDROSA,AV CONS ROSA E SILVA,327,E/F A OEDF.. JARDIM PEDROSA,ESPINHEIRO,,,COLISÃO,SEM VÍTIMAS,1,,,,,1,,,,0,,,,,,,,,,,,,,,,,,
2018-05-16,12:47:00,SEM VÍTIMA,PENDENTE,CASA AMARELA,RUA CONEGO BARATA,,,SEMÁFORO,RUA CONEGO BARATA,,SEMÁFORO,CASA AMARELA,,,COLISÃO,,3,,,,,,,,,0,,,,,,,,,,,,,,,,,,
2018-05-16,12:50:00,SEM VÍTIMA,CANCELADA,BOA VISTA,RUA JOSE DE ALENCAR,,,AO LADO DA PADARIA SANTA TEREZINHA,RUA JOSE DE ALENCAR,,AO LADO DA PADARIA SANTA TEREZINHA,BOA VISTA,,,COLISÃO,COLISÃO SEM VÍTIMA,2,,,,,,,,,0,,,,,,,,,,,,,,,,,,
2018-05-16,13:31:00,SEM VÍTIMA,FINALIZADA,GRAÇAS,RUA DO FUTURO,855,,AO LADO DO NAAC,RUA DO FUTURO,855,AO LADO DO NAAC,GRAÇAS,,,COLISÃO,ENTRE CAMINHÃO E AUTO. S/V,1,,,,,,1,,,0,,,,,,,,,,,,,,,,,,
2018-05-16,14:01:00,SEM VÍTIMA,PENDENTE,MADALENA,RUA PADRE ANCHIETA,,,EM FRENTE A MASSA NOBRE,RUA PADRE ANCHIETA,,EM FRENTE A MASSA NOBRE,MADALENA,,,COLISÃO,COLISÃO SEM VÍTIMA,2,,,,,,,,,0,,,,,,,,,,,,,,,,,,
2018-05-16,14:48:00,SEM VÍTIMA,FINALIZADA,AFOGADOS,RUA SAO MIGUEL,431,,PROX AO BANCO DO BRASIL,RUA SAO MIGUEL,431,PROX AO BANCO DO BRASIL,AFOGADOS,,,COLISÃO,COLISAO ENTRE MOTO E AUTO S/V,1,1,,,,,,,,0,,,,,,,,,,,,,,,,,,
2018-05-16,15:06:00,SEM VÍTIMA,FINALIZADA,VASCO DA GAMA,AV VEREADOR OTACILIO AZEVEDO,4571,,EM FRENTE AO ASSEMBLEIA DE DEUS,AV VEREADOR OTACILIO AZEVEDO,4571,EM FRENTE AO ASSEMBLEIA DE DEUS,VASCO DA GAMA,,,COLISÃO,COLISÃO SEM VÍTIMA,1,,,,,,1,,,0,,,,,,,,,,,,,,,,,,
2018-05-16,15:09:00,SEM VÍTIMA,FINALIZADA,GRAÇAS,RUA JOAQUIM NABUCO,,,,RUA JOAQUIM NABUCO,,,GRAÇAS,,,COLISÃO,,1,1,,,,,,,,0,,,,,,,,,,,,,,,,,,
2018-05-16,15:14:00,SEM VÍTIMA,CANCELADA,MADALENA,RUA MONSENHOR JULIO MARIA,176,RUA JOAO IVO,ESQUINA DO POSTO VIA DA RUA JOAO IVO,RUA MONSENHOR JULIO MARIA,176,ESQUINA DO POSTO VIA DA RUA JOAO IVO,MADALENA,,,COLISÃO,COLISAO ENTRE DOIS AUTOS S/V,2,,,,,,,,,0,,,,,,,,,,,,,,,,,,
2018-05-16,15:17:00,COM VÍTIMA,FINALIZADA,PORTO DA MADEIRA,AV BEBERIBE,3759,,EM FRENTE AO POSTO PETRAL,AV BEBERIBE,3759,EM FRENTE AO POSTO PETRAL,PORTO DA MADEIRA,,,COLISÃO,COLISÃO COM VÍTIMA,1,1,,,,,,,,1,,,,,,,,,,,,,,,,,,
2018-05-16,15:28:00,SEM VÍTIMA,FINALIZADA,TORRÕES,RUA DR MIGUEL VIEIRA FERREIRA,149,,PROXIMO A ASSEMBLEIA DE DEUS,RUA DR MIGUEL VIEIRA FERREIRA,149,PROXIMO A ASSEMBLEIA DE DEUS,TORRÕES,,,COLISÃO,COLISÃO SEM VÍTIMA,,,,,,,2,,,0,,,,,,,,,,,,,,,,,,
2018-05-16,15:47:00,SEM VÍTIMA,FINALIZADA,SÃO JOSÉ,RUA RIO CAPIBARIBE,,,POR TRAS DA CASA DA CULTURA E/F A SDS NA PONTE VELHA,RUA RIO CAPIBARIBE,,POR TRAS DA CASA DA CULTURA E/F A SDS NA PONTE VELHA,SÃO JOSÉ,,,COLISÃO,COLISAO ENTRE DOIS AUTOS S/V,2,,,,,,,,,0,,,,,,,,,,,,,,,,,,
2018-05-16,16:33:00,COM VÍTIMA,FINALIZADA,BOA VIAGEM,RUA JOSE DA SILVA LUCENA,515,,PROXIDADES DO COLÉGIO GGE / POR TRÁS DO SHOPPING RECIFE,RUA JOSE DA SILVA LUCENA,515,PROXIDADES DO COLÉGIO GGE / POR TRÁS DO SHOPPING RECIFE,BOA VIAGEM,,,COLISÃO,ENTRE MOTO E MOTO. C/V,1,1,,,,,,,,2,,,,,,,,,,,,,,,,,,
2018-05-16,16:40:00,SEM VÍTIMA,CANCELADA,IPSEP,RUA ADERBAL DE MELO,53,,E/F AO CHANBARIL E FEIJOADA DO JOAO,RUA ADERBAL DE MELO,53,E/F AO CHANBARIL E FEIJOADA DO JOAO,IPSEP,,,COLISÃO,COLISAO ENTRE DOIS AUTOS S/V,1,1,,,,,,,,0,,,,,,,,,,,,,,,,,,
2018-05-16,16:54:00,SEM VÍTIMA,FINALIZADA,AFOGADOS,RUA SAO MIGUEL,,,PROXIMO AO BANCO DO BRASIL,RUA SAO MIGUEL,,PROXIMO AO BANCO DO BRASIL,AFOGADOS,,,COLISÃO,COLISÃO SEM VITIMA,2,,,,,,,,,0,,,,,,,,,,,,,,,,,,
2018-05-16,17:30:00,SEM VÍTIMA,CANCELADA,BOA VIAGEM,RUA PROFESSOR AUGUSTO LINS E SILVA,62,,PROX A PADARIA ALÉM DO PÃO,RUA PROFESSOR AUGUSTO LINS E SILVA,62,PROX A PADARIA ALÉM DO PÃO,BOA VIAGEM,,,COLISÃO,COLISAO ENTRE DOIS AUTOS S/V,2,,,,,,,,,0,,,,,,,,,,,,,,,,,,
2018-05-16,18:02:00,SEM VÍTIMA,CANCELADA,MADALENA,EST DOS REMEDIOS,,,E/F A PD VEÍCULOS, PRÓX AO BOMPREÇO / SEMÁFORO 353,EST DOS REMEDIOS,,E/F A PD VEÍCULOS, PRÓX AO BOMPREÇO / SEMÁFORO 353,MADALENA,,,COLISÃO,ENTRE AUTO E ONIBIUS. S/V,1,,,,,1,,,,0,,,,,,,,,,,,,,,,
2018-05-16,18:09:00,SEM VÍTIMA,CANCELADA,NOVA DESCOBERTA,AV VEREADOR OTACILIO AZEVEDO,,,ENF A UPA DE NOVA DESCOBERTA,AV VEREADOR OTACILIO AZEVEDO,,ENF A UPA DE NOVA DESCOBERTA,NOVA DESCOBERTA,,,COLISÃO,DOIS AUTO,2,,,,,,,,,0,,,,,,,,,,,,,,,,,,
2018-05-16,18:13:00,SEM VÍTIMA,CANCELADA,BOA VISTA,RUA PRINCESA IZABEL,,,CRUZANDO A RUA DA SAUDADE / SEMÁFORO 168,RUA PRINCESA IZABEL,,CRUZANDO A RUA DA SAUDADE / SEMÁFORO 168,BOA VISTA,,,COLISÃO,ENTRE AUTO E ONIBIUS. S/V,1,,,,,1,,,,0,,,,,,,,,,,,,,,,,,
2018-05-16,19:03:00,SEM VÍTIMA,FINALIZADA,SÃO JOSÉ,C SANTA RITA,,,SEMÁFORO 076,C SANTA RITA,,SEMÁFORO 076,SÃO JOSÉ,,,COLISÃO,ENTRE 2 AUTOS. S/V,2,,,,,,,,,0,,,,,,,,,,,,,,,,,,
2018-05-16,19:27:00,SEM VÍTIMA,CANCELADA,IMBIRIBEIRA,AV MARECHAL MASCARENHAS DE MORAES,,RUA ANTONIO FALCAO,CRUZAMENTO COM A ANTONIO FALCAO SENTIDO JABOATAO,AV MARECHAL MASCARENHAS DE MORAES,,CRUZAMENTO COM A ANTONIO FALCAO SENTIDO JABOATAO,IMBIRIBEIRA,,,COLISÃO,CAMINHAO E AUTO,1,,,,,,1,,,0,,,,,,,,,,,,,,,,,,
2018-05-16,21:35:00,COM VÍTIMA,CANCELADA,TORRE,RUA JOSE BONIFACIO,,,NA DESCIDA DA PONTE DA TORRE - SENTIDO PARNAMIRIM,RUA JOSE BONIFACIO,,NA DESCIDA DA PONTE DA TORRE - SENTIDO PARNAMIRIM,TORRE,,,COLISÃO,AUTO X MOTO C/VITIMA,1,1,,,,,,,,1,,,,,,,,,,,,,,,,,,
2018-05-16,21:53:00,SEM VÍTIMA,CANCELADA,BOA VIAGEM,AV CONSELHEIRO AGUIAR,,,APÓS A PRAÇA DE BOA VIAGEM, E/F A FARMACIA PAGUE MENOS / SNT PINA,AV CONSELHEIRO AGUIAR,,APÓS A PRAÇA DE BOA VIAGEM, E/F A FARMACIA PAGUE MENOS / SNT PINA,BOA VIAGEM,,,ENGAVETAMENTO,ENTRE 3 AUTOS. S/V,3,,,,,,,,,0,,,,,,,,,,,,,,,,
2018-05-16,21:54:00,COM VÍTIMA,CANCELADA,BOA VIAGEM,AV ENGENHEIRO DOMINGOS FERREIRA,315,,ENFR AO EXTRA BOM SENTIDO BOA VIAGEM,AV ENGENHEIRO DOMINGOS FERREIRA,315,ENFR AO EXTRA BOM SENTIDO BOA VIAGEM,BOA VIAGEM,,,COLISÃO,TRES AUTO E MOTO OBS: A MOTO FOI RETIRADA DO LOCAL NIGUEM PEGOU A PLACA DA MESMA,3,1,,,,,,,,1,,,,,,,,,,,,,,,,,,
2018-05-16,22:04:00,SEM VÍTIMA,CANCELADA,BOA VIAGEM,RUA DEZ DE JULHO,2498,,PRÓX AO CANAL DA RIO AZUL E ABABOX,RUA DEZ DE JULHO,2498,PRÓX AO CANAL DA RIO AZUL E ABABOX,BOA VIAGEM,,,COLISÃO,ENTRE 2 AUTOS. S/V,2,,,,,,,,,0,,,,,,,,,,,,,,,,,,
2018-05-17,08:03:00,SEM VÍTIMA,CANCELADA,IPSEP,AV RECIFE,2447,,EM FRENTE A HERBO BATERIAS / SENT BOA VIAGEM,AV RECIFE,2447,EM FRENTE A HERBO BATERIAS / SENT BOA VIAGEM,IPSEP,,,COLISÃO,DOIS AUTOS,2,,,,,,,,,0,,,,,,,,,,,,,,,,,,
2018-05-17,08:12:00,COM VÍTIMA,FINALIZADA,IMBIRIBEIRA,AV MARECHAL MASCARENHAS DE MORAES,,,EM FRENTE A CONCESSIONARIA FORD ,SENT/AFOGADOS,AV MARECHAL MASCARENHAS DE MORAES,,EM FRENTE A CONCESSIONARIA FORD ,SENT/AFOGADOS,IMBIRIBEIRA,,,ATROPELAMENTO,AUTO PASSEIO ATROPELOU UM PM,1,,,,1,,,,,1,,,,,,,,,,,,,,,,
2018-05-17,08:31:00,SEM VÍTIMA,FINALIZADA,SÃO JOSÉ,RUA PRIMEIRO DE MARCO,,,E/F AO BANCO ITAU, SEMÁFORO 194,RUA PRIMEIRO DE MARCO,,E/F AO BANCO ITAU, SEMÁFORO 194,SÃO JOSÉ,,,COLISÃO,SEM VÍTIMAS,1,,,,,1,,,,0,,,,,,,,,,,,,,,,