data,hora,natureza_acidente,situacao,bairro,endereco,numero,detalhe_endereco_acidente,complemento,endereco_cruzamento,numero_cruzamento,referencia_cruzamento,bairro_cruzamento,num_semaforo,sentido_via,tipo,descricao,auto,moto,ciclom,ciclista,pedestre,onibus,caminhao,viatura,outros,vitimas,vitimasfatais,acidente_verificado,tempo_clima,situacao_semaforo,sinalizacao,condicao_via,conservacao_via,ponto_controle,situacao_placa,velocidade_max_via,mao_direcao,divisao_via1,divisao_via2,divisao_via3,,,,
2018-05-19,12:48:00,SEM VÍTIMA,FINALIZADA,GRAÇAS,AV GOVERNADOR AGAMENON MAGALHAES,,,EM FRENTE AO CLUBE PORTUGUES - BANDEIRA FILHO,AV GOVERNADOR AGAMENON MAGALHAES,,EM FRENTE AO CLUBE PORTUGUES - BANDEIRA FILHO,GRAÇAS,,,COLISÃO,COLISAO SEM VITIMA,2,,,,,,,,,0,,,,,,,,,,,,,,,,,,
2018-05-19,12:55:00,SEM VÍTIMA,CANCELADA,APIPUCOS,AV DEZESSETE DE AGOSTO,1060,,SEMÁFORO 540, E/F A RESIDENCIA.,AV DEZESSETE DE AGOSTO,1060,SEMÁFORO 540, E/F A RESIDENCIA.,APIPUCOS,,,COLISÃO,SEM VÍTIMAS,1,,,,,1,,,,0,,,,,,,,,,,,,,,,
2018-05-19,14:26:00,SEM VÍTIMA,FINALIZADA,CAMPO GRANDE,RUA FRANKLIN TAVORA,650,,PROXIMO AO COLEGIO MARIO MELO,RUA FRANKLIN TAVORA,650,PROXIMO AO COLEGIO MARIO MELO,CAMPO GRANDE,,,COLISÃO,COLISÃO SEM VÍTIMA,2,,,,,,,,,0,,,,,,,,,,,,,,,,,,
2018-05-19,16:50:00,SEM VÍTIMA,FINALIZADA,SÃO JOSÉ,RUA DA CONCORDIA,829,,E/F AO SINDICATO DE CONSTRUÇÃO CIVIL. SEMÁFORO 182,RUA DA CONCORDIA,829,E/F AO SINDICATO DE CONSTRUÇÃO CIVIL. SEMÁFORO 182,SÃO JOSÉ,,,COLISÃO,SEM VÍTIMAS,2,,,,,,,,,0,,,,,,,,,,,,,,,,,,
2018-05-19,16:50:00,SEM VÍTIMA,FINALIZADA,MUSTARDINHA,AV MANOEL GONCALVES DA LUZ,913B,,AO LADO DO POSTO IPIRANGA,AV MANOEL GONCALVES DA LUZ,913B,AO LADO DO POSTO IPIRANGA,MUSTARDINHA,,,COLISÃO,COLISÃO SEM VÍTIMA,1,1,,,,,,,,0,,,,,,,,,,,,,,,,,,
2018-05-19,17:12:00,SEM VÍTIMA,FINALIZADA,DERBY,AV GOVERNADOR AGAMENON MAGALHAES,,,EM FRENTE A SPETTUS/ SENTIDO BOA VIAGEM,AV GOVERNADOR AGAMENON MAGALHAES,,EM FRENTE A SPETTUS/ SENTIDO BOA VIAGEM,DERBY,,,COLISÃO,COLISÃO SEM VÍTMA,3,,,,,,,,,0,,,,,,,,,,,,,,,,,,
2018-05-19,17:20:00,SEM VÍTIMA,CANCELADA,PRADO,AV ENGENHEIRO ABDIAS DE CARVALHO,,,E/F AO HABIB'S, SEMÁFORO 132. SENTIDO AFOGADOS,AV ENGENHEIRO ABDIAS DE CARVALHO,,E/F AO HABIB'S, SEMÁFORO 132. SENTIDO AFOGADOS,PRADO,,,COLISÃO,SEM VÍTIMAS,1,,,,,1,,,,0,,,,,,,,,,,,,,,,
2018-05-19,18:00:00,COM VÍTIMA,FINALIZADA,ILHA JOANA BEZERRA,VIADUTO CAPITAO TEMUDO,,,NO INICIO DO VIADUTO, SENT. BOA VIAGEM,VIADUTO CAPITAO TEMUDO,,NO INICIO DO VIADUTO, SENT. BOA VIAGEM,ILHA JOANA BEZERRA,,,COLISÃO,AUTO E MOTO,1,1,,,,,,,,1,,,,,,,,,,,,,,,,
2018-05-19,18:57:00,SEM VÍTIMA,FINALIZADA,MANGUEIRA,RUA BOM JARDIM,219,AV CENTRAL,DEPOIS DA ESTAÇAO MANGUEIRA CRUZAMENTO COM AV CENTRAL,RUA BOM JARDIM,219,DEPOIS DA ESTAÇAO MANGUEIRA CRUZAMENTO COM AV CENTRAL,MANGUEIRA,,,COLISÃO,ONIBUS X AUTO,1,,,,,1,,,,0,,,,,,,,,,,,,,,,,,
2018-05-19,20:00:00,SEM VÍTIMA,FINALIZADA,BOA VIAGEM,AV BOA VIAGEM,3020,,PROX A RUA ANTONIO FALCAO,AV BOA VIAGEM,3020,PROX A RUA ANTONIO FALCAO,BOA VIAGEM,,,COLISÃO,TRES AUTO,3,,,,,,,,,0,,,,,,,,,,,,,,,,,,
2018-05-19,22:33:00,SEM VÍTIMA,CANCELADA,IPUTINGA,RUA MAURICIO DE NASSAU,,EST DO BARBALHO,CRUZAMENTO COM EST DO BARBALHO SEMAFORO 246,RUA MAURICIO DE NASSAU,,CRUZAMENTO COM EST DO BARBALHO SEMAFORO 246,IPUTINGA,,,COLISÃO,DOIS AUTO,2,,,,,,,,,0,,,,,,,,,,,,,,,,,,
2018-05-20,06:35:00,SEM VÍTIMA,FINALIZADA,AFOGADOS,RUA MOTOCOLOMBO,,,EM BAIXO DO SEMAFORO 039 EM FRENTE AO TROCÃO,RUA MOTOCOLOMBO,,EM BAIXO DO SEMAFORO 039 EM FRENTE AO TROCÃO,AFOGADOS,,,COLISÃO,COLISÃO SEM VITIMAS,2,,,,,,,,,0,,,,,,,,,,,,,,,,,,
2018-05-20,08:03:00,SEM VÍTIMA,CANCELADA,AFOGADOS,RUA VINTE E UM DE ABRIL,,,EF AO MASTER BOI,RUA VINTE E UM DE ABRIL,,EF AO MASTER BOI,AFOGADOS,,,COLISÃO,COLISAO S/V,,,,,,,,,,0,,,,,,,,,,,,,,,,,,
2018-05-20,11:48:00,SEM VÍTIMA,FINALIZADA,BOA VIAGEM,AV ENGENHEIRO DOMINGOS FERREIRA,,,SEMAFORO 216,AV ENGENHEIRO DOMINGOS FERREIRA,,SEMAFORO 216,BOA VIAGEM,,,COLISÃO,DOIS AUTOS SV,2,,,,,,,,,0,,,,,,,,,,,,,,,,,,
2018-05-20,12:14:00,COM VÍTIMA,FINALIZADA,SANTO AMARO,RUA TREZE DE MAIO,,,POR TRAS DO SENAI,RUA TREZE DE MAIO,,POR TRAS DO SENAI,SANTO AMARO,,,COLISÃO,DOIS AUTOS CV,2,,,,,,,,,1,,,,,,,,,,,,,,,,,,
2018-05-20,12:15:00,SEM VÍTIMA,FINALIZADA,BOA VIAGEM,RUA BALTAZAR PASSOS,,,NO SEMÁFORO 154,RUA BALTAZAR PASSOS,,NO SEMÁFORO 154,BOA VIAGEM,,,COLISÃO,COLISÃO SEM VÍTIMA,2,,,,,,,,,0,,,,,,,,,,,,,,,,,,
2018-05-20,12:24:00,SEM VÍTIMA,FINALIZADA,CORDEIRO,RUA CAPITAO MANUEL DE ARAUJO MIRANDA,,,POR TRÁS DO CAMARÃO DO LÉO,RUA CAPITAO MANUEL DE ARAUJO MIRANDA,,POR TRÁS DO CAMARÃO DO LÉO,CORDEIRO,,,COLISÃO,COLISÃO ENTRE AUTO E MOTO SEM VÍTIMAS,1,1,,,,,,,,0,,,,,,,,,,,,,,,,,,
2018-05-20,19:11:00,SEM VÍTIMA,CANCELADA,MADALENA,RUA JANUARIO BARBOSA,,,PROX A PRC EÇA DE QUEIROS AO LADO DO CAFE SAO BRAZ,RUA JANUARIO BARBOSA,,PROX A PRC EÇA DE QUEIROS AO LADO DO CAFE SAO BRAZ,MADALENA,,,COLISÃO,DOIS AUTOS,2,,,,,,,,,0,,,,,,,,,,,,,,,,,,
2018-05-20,19:35:00,SEM VÍTIMA,CANCELADA,DOIS IRMÃOS,RUA MANUEL DE MEDEIROS,101,,PROX A FACULDADE RURAL SENTIDO PE15,RUA MANUEL DE MEDEIROS,101,PROX A FACULDADE RURAL SENTIDO PE15,DOIS IRMÃOS,,,COLISÃO,DOIS AUTOS OBS:: SUSPEITA DE EMBRIAGUEZ,2,,,,,,,,,0,,,,,,,,,,,,,,,,,,
2018-05-20,19:54:00,SEM VÍTIMA,CANCELADA,SAN MARTIN,AV GENERAL SAN MARTIN,1976,,PROX. AO PEDALI AÇAI E MUG LANCHES,AV GENERAL SAN MARTIN,1976,PROX. AO PEDALI AÇAI E MUG LANCHES,SAN MARTIN,,,COLISÃO,DOIS AUTOS,2,,,,,,,,,0,,,,,,,,,,,,,,,,,,
2018-05-20,21:04:00,SEM VÍTIMA,CANCELADA,BOA VIAGEM,AV BOA VIAGEM,6292,,ENF AO ED SUZUCA,AV BOA VIAGEM,6292,ENF AO ED SUZUCA,BOA VIAGEM,,,COLISÃO,CAMINHAO X AUTO,1,,,,,,1,,,0,,,,,,,,,,,,,,,,,,
2018-05-21,01:46:00,SEM VÍTIMA,CANCELADA,BOA VIAGEM,AV BOA VIAGEM,6666,,EM FRENTE AO EDF. BARILOCHE,AV BOA VIAGEM,6666,EM FRENTE AO EDF. BARILOCHE,BOA VIAGEM,,,COLISÃO,TRES AUTOS,3,,,,,,,,,0,,,,,,,,,,,,,,,,,,
2018-05-21,05:13:00,SEM VÍTIMA,CANCELADA,BOA VIAGEM,RUA PROFESSOR JOSE BRANDAO,,,EM FRENTE AO EMPRESARIAL MASTER,RUA PROFESSOR JOSE BRANDAO,,EM FRENTE AO EMPRESARIAL MASTER,BOA VIAGEM,,,COLISÃO,DOIS AUTOS,2,,,,,,,,,0,,,,,,,,,,,,,,,,,,
2018-05-21,07:57:00,SEM VÍTIMA,CANCELADA,TORRE,RUA CONDE DE IRAJA,236,,E/F A ESCOLA CRIATIVA, SENTIDO MADALENA.,RUA CONDE DE IRAJA,236,E/F A ESCOLA CRIATIVA, SENTIDO MADALENA.,TORRE,,,COLISÃO,SEM VÍTIMAS,3,,,,,,,,,0,,,,,,,,,,,,,,,,
2018-05-21,08:15:00,COM VÍTIMA,FINALIZADA,JIQUIÁ,RUA SAO MIGUEL,800,,SEMAFORO 425EM FRENTE A LOJA ATACAREJO,RUA SAO MIGUEL,800,SEMAFORO 425EM FRENTE A LOJA ATACAREJO,JIQUIÁ,,,COLISÃO,COM UMA VITIMA SENDO ATENDIDA PELOS BOMBEIROS,1,1,,,,,,,,1,,,,,,,,,,,,,,,,,,
2018-05-21,08:27:00,SEM VÍTIMA,FINALIZADA,PINA,RUA CAMARATUBA,179,,POR TRAS DO INSS,RUA CAMARATUBA,179,POR TRAS DO INSS,PINA,,,COLISÃO,MOTO E TAXI,1,1,,,,,,,,0,,,,,,,,,,,,,,,,,,
2018-05-21,08:43:00,SEM VÍTIMA,CANCELADA,BOA VIAGEM,AV BOA VIAGEM,5164,,EM FRENTE AO EDF TRANSATRANTICO,AV BOA VIAGEM,5164,EM FRENTE AO EDF TRANSATRANTICO,BOA VIAGEM,,,COLISÃO,SEM VITIMAS,1,1,,,,,,,,0,,,,,,,,,,,,,,,,,,
2018-05-21,08:59:00,SEM VÍTIMA,FINALIZADA,AFOGADOS,RUA NICOLAU PEREIRA,51,,EM FRENTE A EMPRESA DE RECICLAGEM DEUS É FIEL,RUA NICOLAU PEREIRA,51,EM FRENTE A EMPRESA DE RECICLAGEM DEUS É FIEL,AFOGADOS,,,COLISÃO,SEM VITIMAS,2,,,,,,,,,0,,,,,,,,,,,,,,,,,,
2018-05-21,09:04:00,COM VÍTIMA,CANCELADA,IMBIRIBEIRA,AV MARECHAL MASCARENHAS DE MORAES,,,EM FRENTE A NISSAN EUROVIA SENTIDO AEROPORTO,AV MARECHAL MASCARENHAS DE MORAES,,EM FRENTE A NISSAN EUROVIA SENTIDO AEROPORTO,IMBIRIBEIRA,,,ATROPELAMENTO,VEÍCULO HB20,1,,,,,,,,,1,,,,,,,,,,,,,,,,,,
2018-05-21,09:04:00,COM VÍTIMA,FINALIZADA,BOA VIAGEM,RUA DES JOAO PAES,2160,RUA CORONEL ANIZIO COELHO,CRUZ COM A CORONEL ANIZIO COELHO,RUA DES JOAO PAES,2160,CRUZ COM A CORONEL ANIZIO COELHO,BOA VIAGEM,,,COLISÃO,COLISAO C/V SAMU JÁ ACIONADO,1,1,,,,,,,,1,,,,,,,,,,,,,,,,,,
2018-05-21,09:29:00,SEM VÍTIMA,CANCELADA,ESTÂNCIA,AV RECIFE,898,,E/F A FARMACIA PAGUE MENOS, SEMÁFORO 059. SENTIDO CEASA,AV RECIFE,898,E/F A FARMACIA PAGUE MENOS, SEMÁFORO 059. SENTIDO CEASA,ESTÂNCIA,,,COLISÃO,SEM VÍTIMAS,2,,,,,,,,,0,,,,,,,,,,,,,,,,
2018-05-21,09:56:00,SEM VÍTIMA,FINALIZADA,CAXANGÁ,AV CAXANGA,,,PROX AO BOI E BRASA/ EF AO HOSPITAL SANTA TERESINHA,AV CAXANGA,,PROX AO BOI E BRASA/ EF AO HOSPITAL SANTA TERESINHA,CAXANGÁ,,,COLISÃO,COLISAO S/V,,,,,,,,,,0,,,,,,,,,,,,,,,,,,
2018-05-21,10:03:00,SEM VÍTIMA,CANCELADA,DOIS UNIDOS,RUA CRAVO BRANCO,,AV HILDEBRANDO DE VASCONCELOS,PROX A PAN ESTRELANÇA/ CRUZ. COM AV HIDELBRANDO DE VASCONCELOS,RUA CRAVO BRANCO,,PROX A PAN ESTRELANÇA/ CRUZ. COM AV HIDELBRANDO DE VASCONCELOS,DOIS UNIDOS,,,COLISÃO,COLISAO S/V,,,,,,,,,,0,,,,,,,,,,,,,,,,,,
2018-05-21,11:20:00,SEM VÍTIMA,FINALIZADA,DERBY,AV GOVERNADOR AGAMENON MAGALHAES,,,EM FRENTE AO COLEGIO AMERICANO BATISTA,SEMAFORO174,SENT/OLINDA,AV GOVERNADOR AGAMENON MAGALHAES,,EM FRENTE AO COLEGIO AMERICANO BATISTA,SEMAFORO174,SENT/OLINDA,DERBY,,,COLISÃO,SEM VITIMAS,1,1,,,,,,,,0,,,,,,,,,,,,,,
2018-05-21,11:23:00,SEM VÍTIMA,FINALIZADA,BOA VISTA,AV CRUZ CABUGA,,RUA DO PRINCIPE,COM A RUA DO PRINCIPE / EM FRENTE A CAMRA DE VEREADORES,AV CRUZ CABUGA,,COM A RUA DO PRINCIPE / EM FRENTE A CAMRA DE VEREADORES,BOA VISTA,,,COLISÃO,ONIBUS E AUTO PASSEIO,1,,,,,1,,,,0,,,,,,,,,,,,,,,,,,
2018-05-21,11:29:00,COM VÍTIMA,FINALIZADA,IBURA,RUA VALE DO ITAJAI,,,EF A UPA DA LAGOA ENCANTADA,RUA VALE DO ITAJAI,,EF A UPA DA LAGOA ENCANTADA,IBURA,,,COLISÃO,VITIMA SOCORRIDA PRA UPA,1,1,,,,,,,,1,,,,,,,,,,,,,,,,,,
2018-05-21,11:38:00,SEM VÍTIMA,FINALIZADA,IMBIRIBEIRA,RUA JOSE DA SILVA LUCENA,241,,LACOMEX,RUA JOSE DA SILVA LUCENA,241,LACOMEX,IMBIRIBEIRA,,,COLISÃO,COLISÃO S/V,1,,,,,,1,,,0,,,,,,,,,,,,,,,,,,
2018-05-21,12:10:00,SEM VÍTIMA,FINALIZADA,GRAÇAS,RUA JOAQUIM NABUCO,677,,EM FRENTE AO PONTO DO AÇAÍ,RUA JOAQUIM NABUCO,677,EM FRENTE AO PONTO DO AÇAÍ,GRAÇAS,,,COLISÃO,COLISÃO SEM VÍTIMA,3,,,,,,,,,0,,,,,,,,,,,,,,,,,,
2018-05-21,13:11:00,COM VÍTIMA,CANCELADA,ILHA DO LEITE,RUA SPORT CLUBE DO RECIFE,,,E/F SPORT CLUBE AO LADO DO POSTO IPIRANGA S/T CURADO,RUA SPORT CLUBE DO RECIFE,,E/F SPORT CLUBE AO LADO DO POSTO IPIRANGA S/T CURADO,ILHA DO LEITE,,,COLISÃO,COLISAO ENTRE AUTO E MOTO COM UMA VITIMA,1,1,,,,,,,,1,,,,,,,,,,,,,,,,,,
2018-05-21,13:59:00,SEM VÍTIMA,FINALIZADA,SANTO ANTÔNIO,RUA DO PEIXOTO,,,SECRETARIA DA FAZENDA/APOS O METRÔ,RUA DO PEIXOTO,,SECRETARIA DA FAZENDA/APOS O METRÔ,SANTO ANTÔNIO,,,COLISÃO,COLISAO S/V,1,,,,,1,,,,0,,,,,,,,,,,,,,,,,,
2018-05-21,14:09:00,SEM VÍTIMA,FINALIZADA,PINA,AV ANTONIO DE GOES,,,NA PTE DO PINA S/T CID,AV ANTONIO DE GOES,,NA PTE DO PINA S/T CID,PINA,,,COLISÃO,COLISAO ENTRE DOIS AUTOS E MOTO,1,1,,,,,,,,0,,,,,,,,,,,,,,,,,,
2018-05-21,14:14:00,SEM VÍTIMA,FINALIZADA,ÁGUA FRIA,RUA ALEGRE,36,,APOS O CANAL DA CONTRUÇÃO,RUA ALEGRE,36,APOS O CANAL DA CONTRUÇÃO,ÁGUA FRIA,,,COLISÃO,COLISAO ENTRE AUTO E CAMINHAO,1,,,,,,1,,,0,,,,,,,,,,,,,,,,,,
2018-05-21,14:35:00,COM VÍTIMA,FINALIZADA,AFOGADOS,RUA VINTE E UM DE ABRIL,,,APÓS A FÁBRICA DO CAFÉ PETINHO, SENTIDO SUB/ CID,RUA VINTE E UM DE ABRIL,,APÓS A FÁBRICA DO CAFÉ PETINHO, SENTIDO SUB/ CID,AFOGADOS,,,COLISÃO,COLISÃO COM VÍTIMA ENTRE AUTO E MOTO,1,1,,,,,,,,2,,,,,,,,,,,,,,,,
2018-05-21,15:02:00,SEM VÍTIMA,CANCELADA,IBURA,RUA FERNANDO TOMAZ DA SILVA,984,,EF A FARMACIA BIG BEN,RUA FERNANDO TOMAZ DA SILVA,984,EF A FARMACIA BIG BEN,IBURA,,,COLISÃO,COLISAO S/V,2,,,,,,,,,0,,,,,,,,,,,,,,,,,,
2018-05-21,15:02:00,COM VÍTIMA,FINALIZADA,SÃO JOSÉ,RUA DO PEIXOTO,232,RUA DA CONCORDIA,ESQUINA DA RUA DA CONCORDIA,RUA DO PEIXOTO,232,ESQUINA DA RUA DA CONCORDIA,SÃO JOSÉ,,,CHOQUE,USUARIA COLOCOU O BRAÇO FORA DO ONIBUS E SEU BRAÇO BATEU NO POSTE CAUSANDO FRATURA EXPOSTA BATEDOR 11 LINDEMBERG ESTA NO LOCAL,,,,,,1,,,,1,,,,,,,,,,,,,,,,,,
2018-05-21,15:15:00,SEM VÍTIMA,CANCELADA,SAN MARTIN,RUA VISCONDE DE PELOTAS,66,,PROX AO SEMAFORO 334 RSE SEGURANÇA ELETRONICA/ TRANSVERSAL COM A 21 DE ABRIL,RUA VISCONDE DE PELOTAS,66,PROX AO SEMAFORO 334 RSE SEGURANÇA ELETRONICA/ TRANSVERSAL COM A 21 DE ABRIL,SAN MARTIN,,,COLISÃO,COLISAO S/V,1,,,,,,,,1,0,,,,,,,,,,,,,,,,,,
2018-05-21,15:19:00,SEM VÍTIMA,FINALIZADA,PRADO,RUA GOMES TABORDA,364,,EM FRENTE AO HOTEL NIGHT SUITES,RUA GOMES TABORDA,364,EM FRENTE AO HOTEL NIGHT SUITES,PRADO,,,COLISÃO,COLISÃO SEM VÍTIMA,2,,,,,,,,,0,,,,,,,,,,,,,,,,,,
2018-05-21,15:53:00,SEM VÍTIMA,FINALIZADA,CAMPO GRANDE,EST DE BELEM,1838,,E/F A IGREJA BATISTA DE CAMPO GRANDE,EST DE BELEM,1838,E/F A IGREJA BATISTA DE CAMPO GRANDE,CAMPO GRANDE,,,CHOQUE,PEDRA CAIU DO TRATOR EM CIMA DO TAXI S/V,1,,,,,,,,,0,,,,,,,,,,,,,,,,,,
2018-05-21,16:07:00,COM VÍTIMA,CANCELADA,AFOGADOS,RUA MOTOCOLOMBO,,,NA PONTE MOTOCOLOMBÓ STD AFOGADOS,RUA MOTOCOLOMBO,,NA PONTE MOTOCOLOMBÓ STD AFOGADOS,AFOGADOS,,,COLISÃO,COLISÃO C/V VEICULO TRANSPORTADOR DE COLETA DE SANGUE,1,1,,,,,,,,1,,,,,,,,,,,,,,,,,,
2018-05-21,16:47:00,SEM VÍTIMA,FINALIZADA,SANTO AMARO,RUA CAPITAO LIMA,,,E/F A TV JORNAL,RUA CAPITAO LIMA,,E/F A TV JORNAL,SANTO AMARO,,,COLISÃO,COLISAO ENTRE AUTO E TAXI S/V,2,,,,,,,,,0,,,,,,,,,,,,,,,,,,
2018-05-21,17:06:00,,CANCELADA,PAISSANDU,PTE JOSE DE BARROS LIMA,,,PRÓXIMO AO HOSPITAL PORTUGUÊS,PTE JOSE DE BARROS LIMA,,PRÓXIMO AO HOSPITAL PORTUGUÊS,PAISSANDU,,,COLISÃO,SEM VÍTIMAS,1,1,,,,,,,,0,,,,,,,,,,,,,,,,,,
2018-05-21,17:10:00,SEM VÍTIMA,FINALIZADA,AREIAS,AV DR JOSE RUFINO,,,E/F A FABRICA DA YOLANDA,AV DR JOSE RUFINO,,E/F A FABRICA DA YOLANDA,AREIAS,,,CHOQUE,TAXI CHOCOU COM UM POSTE,1,,,,,,,,,0,,,,,,,,,,,,,,,,,,
2018-05-21,17:17:00,COM VÍTIMA,FINALIZADA,BOA VIAGEM,RUA ERNESTO DE PAULA SANTOS,,RUA AMALIA BERNARDINO DE SOUZA,EM FRENTE AO POSTO PETROBRAS/ CRUZAMENTO COM A RUA AMALIA BERNARDINO DE SOUZA,RUA ERNESTO DE PAULA SANTOS,,EM FRENTE AO POSTO PETROBRAS/ CRUZAMENTO COM A RUA AMALIA BERNARDINO DE SOUZA,BOA VIAGEM,,,COLISÃO,COLISÃO COM VÍTIMA,1,1,,,,,,,,1,,,,,,,,,,,,,,,,,,
2018-05-21,17:17:00,COM VÍTIMA,FINALIZADA,MADALENA,AV VISCONDE DE ALBUQUERQUE,,,E/F AO HOSPITAL D´ÁVILA,AV VISCONDE DE ALBUQUERQUE,,E/F AO HOSPITAL D´ÁVILA,MADALENA,,,COLISÃO,COLISAO ENTRE AUTO E MOTO COM UMA VITIMA,1,1,,,,,,,,1,,,,,,,,,,,,,,,,,,
2018-05-21,17:29:00,SEM VÍTIMA,FINALIZADA,DERBY,RUA JENER DE SOUZA,,,EM FRENTE A QUARTEL DO DERBY,RUA JENER DE SOUZA,,EM FRENTE A QUARTEL DO DERBY,DERBY,,,COLISÃO,COLISÃO SEM VÍTIMA,1,,,,,1,,,,0,,,,,,,,,,,,,,,,,,
2018-05-21,17:40:00,SEM VÍTIMA,CANCELADA,BOA VISTA,AV MANOEL BORBA,384,,EM FRENTE A PRAÇA MACIEL PINHEIRO,AV MANOEL BORBA,384,EM FRENTE A PRAÇA MACIEL PINHEIRO,BOA VISTA,,,COLISÃO,COLISÃO SEM VÍTIMA,1,,,,,,,,1,0,,,,,,,,,,,,,,,,,,
2018-05-21,18:16:00,COM VÍTIMA,FINALIZADA,ILHA DO LEITE,AV GOVERNADOR AGAMENON MAGALHAES,,,E/F AO BLOCO DO HOSPITAL PORTUGUES, SNT BOA VIAGEM,AV GOVERNADOR AGAMENON MAGALHAES,,E/F AO BLOCO DO HOSPITAL PORTUGUES, SNT BOA VIAGEM,ILHA DO LEITE,,,ENGAVETAMENTO,ENTRE 2 AUTOS E MOTO. C/V,2,1,,,,,,,,1,,,,,,,,,,,,,,,,
2018-05-21,18:23:00,SEM VÍTIMA,CANCELADA,CASA FORTE,AV DEZESSETE DE AGOSTO,1255,,E/F AO CURSO WIZARD,AV DEZESSETE DE AGOSTO,1255,E/F AO CURSO WIZARD,CASA FORTE,,,COLISÃO,ENTRE 2 AUTOS. S/V,2,,,,,,,,,0,,,,,,,,,,,,,,,,,,
2018-05-21,18:29:00,COM VÍTIMA,FINALIZADA,ESPINHEIRO,RUA BARAO DE ITAMARACA,,,CRUZANDO A R DA HORA / SEMÁFORO 184,RUA BARAO DE ITAMARACA,,CRUZANDO A R DA HORA / SEMÁFORO 184,ESPINHEIRO,,,COLISÃO,ENTRE AUTO E MOTO. C/V / VT 08 NO LOCAL,1,1,,,,,,,,2,,,,,,,,,,,,,,,,,,
2018-05-21,18:37:00,SEM VÍTIMA,FINALIZADA,IPSEP,RUA PINTOR ANTONIO ALBUQUERQUE,12,,E/F A LILICO MONTADOR,RUA PINTOR ANTONIO ALBUQUERQUE,12,E/F A LILICO MONTADOR,IPSEP,,,COLISÃO,ENTRE AUTO E MOTO. S/V,1,1,,,,,,,,0,,,,,,,,,,,,,,,,,,
2018-05-21,19:32:00,COM VÍTIMA,FINALIZADA,AFOGADOS,AV SUL,,,CRUZANDO A R NICOLAU PEREIRA / PRÓX A ESTAÇÃO LARGO DA PAZ / E/F A EMPRESA ASA,AV SUL,,CRUZANDO A R NICOLAU PEREIRA / PRÓX A ESTAÇÃO LARGO DA PAZ / E/F A EMPRESA ASA,AFOGADOS,,,COLISÃO,ENTRE ÔNIBUS E MOTO. C/V,1,1,,,,,,,,1,,,,,,,,,,,,,,,,,,
2018-05-21,20:43:00,SEM VÍTIMA,FINALIZADA,BOA VIAGEM,AVENIDA CELSO FURTADO (VIA MANGUE),,,SNT SHOPPING RECIFE E PRÓX AO RIOMAR,AVENIDA CELSO FURTADO (VIA MANGUE),,SNT SHOPPING RECIFE E PRÓX AO RIOMAR,BOA VIAGEM,,,COLISÃO,ENTRE 2 AUTOS.S/V,2,,,,,,,,,0,,,,,,,,,,,,,,,,,,
2018-05-22,07:06:00,SEM VÍTIMA,CANCELADA,IBURA,RUA SAO JOAO,845,,EM FRENTE AO BAR DE DONA NEIDE,RUA DA DESCIDA DO UR 3,RUA SAO JOAO,845,EM FRENTE AO BAR DE DONA NEIDE,RUA DA DESCIDA DO UR 3,IBURA,,,COLISÃO,SEM VITIMAS,2,,,,,,,,,0,,,,,,,,,,,,,,,,
2018-05-22,07:49:00,SEM VÍTIMA,FINALIZADA,IMBIRIBEIRA,AV MARECHAL MASCARENHAS DE MORAES,5089,,EM FRENTE AO PALACIO DOS RADIADORES,AV MARECHAL MASCARENHAS DE MORAES,5089,EM FRENTE AO PALACIO DOS RADIADORES,IMBIRIBEIRA,,,COLISÃO,ONIBUS E AUTO PASSEIO,1,,,,,1,,,,0,,,,,,,,,,,,,,,,,,
2018-05-22,08:25:00,SEM VÍTIMA,FINALIZADA,SANTO AMARO,AV CRUZ CABUGA,,,SENTIDO OLINDA POR TRAS DO SHOPPING TACARUNA EM FRENTE A VILA MILITAR,AV CRUZ CABUGA,,SENTIDO OLINDA POR TRAS DO SHOPPING TACARUNA EM FRENTE A VILA MILITAR,SANTO AMARO,,,COLISÃO,COLISÃO SEM VITIMAS,4,,,,,,,,,0,,,,,,,,,,,,,,,,,,
2018-05-22,08:41:00,SEM VÍTIMA,CANCELADA,BARRO,RUA PADRE DIOGO RODRIGUES,698,,E/F AO DEPOSITO TRANSPORTE REALEZA,RUA PADRE DIOGO RODRIGUES,698,E/F AO DEPOSITO TRANSPORTE REALEZA,BARRO,,,COLISÃO,SEM VÍTIMAS. COLISÃO ENTRE CAMINHÃO E TRICICULO,,,1,,,,1,,,0,,,,,,,,,,,,,,,,,,
2018-05-22,08:50:00,SEM VÍTIMA,FINALIZADA,BOA VIAGEM,AV ENGENHEIRO DOMINGOS FERREIRA,,,EM FRENTE A EXTRAFARMA SEMAFORO 545,AV ENGENHEIRO DOMINGOS FERREIRA,,EM FRENTE A EXTRAFARMA SEMAFORO 545,BOA VIAGEM,,,COLISÃO,COLISÃO SEM VITIMAS,1,,,,,1,,,,0,,,,,,,,,,,,,,,,,,
2018-05-22,09:18:00,SEM VÍTIMA,FINALIZADA,BOA VIAGEM,AV ENGENHEIRO DOMINGOS FERREIRA,,RUA PROF JOSE BRANDAO,CRUZ COM A RUA PROFESSOR JOSE BRANDÃO AO LADO DA FARMACIA INDEPENDENTE,AV ENGENHEIRO DOMINGOS FERREIRA,,CRUZ COM A RUA PROFESSOR JOSE BRANDÃO AO LADO DA FARMACIA INDEPENDENTE,BOA VIAGEM,,,COLISÃO,COLISÃO SEM VITIMAS,1,1,,,,,,,,0,,,,,,,,,,,,,,,,,,
2018-05-22,10:39:00,SEM VÍTIMA,FINALIZADA,PINA,AV ANTONIO DE GOES,,,E/F A PRF, SENTIDO CENTRO. SEMÁFORO 656,AV ANTONIO DE GOES,,E/F A PRF, SENTIDO CENTRO. SEMÁFORO 656,PINA,,,COLISÃO,SEM VÍTIMAS,2,,,,,,,,,0,,,,,,,,,,,,,,,,
2018-05-22,11:40:00,SEM VÍTIMA,FINALIZADA,TORRÕES,AV ENGENHEIRO ABDIAS DE CARVALHO,311,,SENT/CIDADE EM FRENTE AO PLANETA SHOW,AV ENGENHEIRO ABDIAS DE CARVALHO,311,SENT/CIDADE EM FRENTE AO PLANETA SHOW,TORRÕES,,,COLISÃO,COLISÃO SEM VITIMAS,2,,,,,,,,,0,,,,,,,,,,,,,,,,,,