data,hora,natureza_acidente,situacao,bairro,endereco,numero,detalhe_endereco_acidente,complemento,endereco_cruzamento,numero_cruzamento,referencia_cruzamento,bairro_cruzamento,num_semaforo,sentido_via,tipo,descricao,auto,moto,ciclom,ciclista,pedestre,onibus,caminhao,viatura,outros,vitimas,vitimasfatais,acidente_verificado,tempo_clima,situacao_semaforo,sinalizacao,condicao_via,conservacao_via,ponto_controle,situacao_placa,velocidade_max_via,mao_direcao,divisao_via1,divisao_via2,divisao_via3,,,,
2018-05-22,11:50:00,SEM VÍTIMA,PENDENTE,SANTO AMARO,AV GOVERNADOR AGAMENON MAGALHAES,,,SENTIDO OLINDA, E/F A ACADEMIA DA CIDADE,AV GOVERNADOR AGAMENON MAGALHAES,,SENTIDO OLINDA, E/F A ACADEMIA DA CIDADE,SANTO AMARO,,,COLISÃO,SEM VÍTIMAS,1,1,,,,,,,,0,,,,,,,,,,,,,,,,
2018-05-22,11:55:00,SEM VÍTIMA,CANCELADA,SANTO AMARO,AV GOVERNADOR AGAMENON MAGALHAES,2939,,EM FRENTE A JEEP,SENT/BOA VIAGEM,AV GOVERNADOR AGAMENON MAGALHAES,2939,EM FRENTE A JEEP,SENT/BOA VIAGEM,SANTO AMARO,,,COLISÃO,SEM VITIMAS,2,,,,,,,,,0,,,,,,,,,,,,,,,,
2018-05-22,13:31:00,SEM VÍTIMA,FINALIZADA,DERBY,PRC DO DERBY,75,,E/F A ODONTO CAPE,PRC DO DERBY,75,E/F A ODONTO CAPE,DERBY,,,COLISÃO,COLISAO ENTRE ONIBUS E AUTO S/V,1,,,,,1,,,,0,,,,,,,,,,,,,,,,,,
2018-05-22,13:32:00,SEM VÍTIMA,CANCELADA,TORRE,PRC PROFESSOR BARRETO CAMPELLO,,,E/F A PRC CITADA E A IGREJA DA TORRE,PRC PROFESSOR BARRETO CAMPELLO,,E/F A PRC CITADA E A IGREJA DA TORRE,TORRE,,,COLISÃO,ENTRE AUTO E MOTO. S/V,1,1,,,,,,,,0,,,,,,,,,,,,,,,,,,
2018-05-22,14:18:00,SEM VÍTIMA,FINALIZADA,IMBIRIBEIRA,AV ENGENHEIRO ALVES DE SOUZA,91D,,AO LADO DA HONDA VEICULOS DA IMBIRIBEIRA,AV ENGENHEIRO ALVES DE SOUZA,91D,AO LADO DA HONDA VEICULOS DA IMBIRIBEIRA,IMBIRIBEIRA,,,COLISÃO,COLISAO ENTRE DOIS AUTOS S/V,2,,,,,,,,,0,,,,,,,,,,,,,,,,,,
2018-05-22,14:20:00,SEM VÍTIMA,FINALIZADA,ILHA DO LEITE,RUA SENADOR JOSE HENRIQUE,44,,CRUZANDO A EST DE ISRAEL / PRÓX AO RESTAURANTE IMPÉRIO DO SABOR,RUA SENADOR JOSE HENRIQUE,44,CRUZANDO A EST DE ISRAEL / PRÓX AO RESTAURANTE IMPÉRIO DO SABOR,ILHA DO LEITE,,,COLISÃO,ENTRE 2 AUTOS. S/V,2,,,,,,,,,0,,,,,,,,,,,,,,,,,,
2018-05-22,16:50:00,SEM VÍTIMA,CANCELADA,SAN MARTIN,AV ENGENHEIRO ABDIAS DE CARVALHO,,,SEMÁFORO 272 / SNT CENTRO,AV ENGENHEIRO ABDIAS DE CARVALHO,,SEMÁFORO 272 / SNT CENTRO,SAN MARTIN,,,COLISÃO,ENTRE 2 AUTOS. S/V,2,,,,,,,,,0,,,,,,,,,,,,,,,,,,
2018-05-22,16:55:00,SEM VÍTIMA,FINALIZADA,CASA AMARELA,RUA PADRE LEMOS,,,E/F NAO MERCADO NO SEMAFORO 404,RUA PADRE LEMOS,,E/F NAO MERCADO NO SEMAFORO 404,CASA AMARELA,,,COLISÃO,COLISAO ENTRE AUTO E MOTO S/V,1,1,,,,,,,,0,,,,,,,,,,,,,,,,,,
2018-05-22,18:09:00,SEM VÍTIMA,CANCELADA,BAIRRO DO RECIFE,PTE DO LIMOEIRO,,,SNT CIDADE/SUB , POR CIMA DA PTE DO LIMOEIRO,PTE DO LIMOEIRO,,SNT CIDADE/SUB , POR CIMA DA PTE DO LIMOEIRO,BAIRRO DO RECIFE,,,COLISÃO,ENTRE AUTO E ÔNIBUS. S/V,1,,,,,1,,,,0,,,,,,,,,,,,,,,,
2018-05-22,18:21:00,SEM VÍTIMA,CANCELADA,BOA VIAGEM,AV CONSELHEIRO AGUIAR,,AV HERCULANDO BANDEIRA,CRUZ COM A AV HERCULANO BANDEIRA / SEMÁFORO 138,AV CONSELHEIRO AGUIAR,,CRUZ COM A AV HERCULANO BANDEIRA / SEMÁFORO 138,BOA VIAGEM,,,COLISÃO,ENTRE 2 AUTOS. S/V,2,,,,,,,,,0,,,,,,,,,,,,,,,,,,
2018-05-22,18:29:00,SEM VÍTIMA,CANCELADA,PRADO,AV ENGENHEIRO ABDIAS DE CARVALHO,,,E/F AO HABIBS, SNT TIP // SEMÁFORO 132,AV ENGENHEIRO ABDIAS DE CARVALHO,,E/F AO HABIBS, SNT TIP // SEMÁFORO 132,PRADO,,,COLISÃO,ART.181,1,,,,,1,,,,0,,,,,,,,,,,,,,,,
2018-05-22,18:42:00,COM VÍTIMA,FINALIZADA,AREIAS,AV DR JOSE RUFINO,,RUA IPOJUCA,SEMÁFORO 044 / ESQUINA COM O INSS E POSTO SHELL,AV DR JOSE RUFINO,,SEMÁFORO 044 / ESQUINA COM O INSS E POSTO SHELL,AREIAS,,,COLISÃO,ENTRE AUTO E MOTO. C/V,1,1,,,,,,,,1,,,,,,,,,,,,,,,,,,
2018-05-22,19:17:00,SEM VÍTIMA,CANCELADA,CASA AMARELA,RUA ALTO DO EUCALIPTO,,,E/F AO TERMINAL VASCO DA GAMA,RUA ALTO DO EUCALIPTO,,E/F AO TERMINAL VASCO DA GAMA,CASA AMARELA,,,COLISÃO,ENTRE ÔNIBUS E AUTO ( O CONDUTOR DO ÔNBUS INFORMA QUE DEU RÉ NO VEÍCULO, CAUSANDO A COLISÃO NA MOTO, QUE ESTAVA ESTACIONADA BEM ATRÁS DO MESMO) S/V,,1,,,,1,,,,0,,,,,,,,,,,,,,,,
2018-05-22,19:28:00,COM VÍTIMA,CANCELADA,JORDÃO,RUA DR ALVARO FERRAZ,,,AO LADO DO MERCADO PUBLICO,RUA DR ALVARO FERRAZ,,AO LADO DO MERCADO PUBLICO,JORDÃO,,,CHOQUE,VEICULO SE CHOCOU NO MEIO FIO, E VEIO A CAPOTAR, VEICULO OBSTRUINDO UM LADO DA VIA,1,,,,,,,,,1,,,,,,,,,,,,,,,,
2018-05-22,19:33:00,SEM VÍTIMA,CANCELADA,ARRUDA,AV BEBERIBE,,RUA ALEGRE,CRUZAMENTO COM RUA ALEGRE, NA ESQUINA DO BATE PAPO,AV BEBERIBE,,CRUZAMENTO COM RUA ALEGRE, NA ESQUINA DO BATE PAPO,ARRUDA,,,COLISÃO,AUTO E MOTO S/V,1,1,,,,,,,,0,,,,,,,,,,,,,,,,
2018-05-22,19:36:00,SEM VÍTIMA,CANCELADA,MACAXEIRA,AV NORTE,,,E/F A ACADEMIA DA CIDADE, APÓS A FABRICA DA MACAXEIRA. SNT SUB/CIDADE,AV NORTE,,E/F A ACADEMIA DA CIDADE, APÓS A FABRICA DA MACAXEIRA. SNT SUB/CIDADE,MACAXEIRA,,,ENGAVETAMENTO,ENTRE 3 AUTOS. S/V,,,,,,,,,,0,,,,,,,,,,,,,,,,
2018-05-23,05:59:00,SEM VÍTIMA,FINALIZADA,TORRÕES,AV ENGENHEIRO ABDIAS DE CARVALHO,,,EM FRENTE A GALERIA JAIME CAVALCANTI,SENT/CIDADE,AV ENGENHEIRO ABDIAS DE CARVALHO,,EM FRENTE A GALERIA JAIME CAVALCANTI,SENT/CIDADE,TORRÕES,,,COLISÃO,SEM VITIMAS,3,,,,,,,,,0,,,,,,,,,,,,,,,,
2018-05-23,07:04:00,COM VÍTIMA,FINALIZADA,ARRUDA,RUA DO MACHADO,130,,E/F A RESIDENCIA.,RUA DO MACHADO,130,E/F A RESIDENCIA.,ARRUDA,,,COLISÃO,COM UMA VÍTIMA.,2,,,,,,,,,2,,,,,,,,,,,,,,,,,,
2018-05-23,07:51:00,SEM VÍTIMA,FINALIZADA,PRADO,AV ENGENHEIRO ABDIAS DE CARVALHO,,,E/F A ESTÁCIO, SEMÁFORO 327. SENTIDO CIDADE,AV ENGENHEIRO ABDIAS DE CARVALHO,,E/F A ESTÁCIO, SEMÁFORO 327. SENTIDO CIDADE,PRADO,,,COLISÃO,SEM VÍTIMAS,,2,,,,,,,,0,,,,,,,,,,,,,,,,
2018-05-23,08:33:00,SEM VÍTIMA,CANCELADA,PINA,RUA SAO LUIZ,617,,E/F A FARMACIA DO TRABALHADOR,RUA SAO LUIZ,617,E/F A FARMACIA DO TRABALHADOR,PINA,,,COLISÃO,SEM VÍTIMAS,2,,,,,,,,,0,,,,,,,,,,,,,,,,,,
2018-05-23,09:09:00,SEM VÍTIMA,FINALIZADA,AFOGADOS,RUA SAO MIGUEL,1782,,PROXIMO ATACAREJO SHOPING/SENTIDO SUBURBIO,RUA SAO MIGUEL,1782,PROXIMO ATACAREJO SHOPING/SENTIDO SUBURBIO,AFOGADOS,,,COLISÃO,3 AUTOS,,,,,,,,,,0,,,,,,,,,,,,,,,,,,
2018-05-23,09:14:00,COM VÍTIMA,FINALIZADA,ARRUDA,AV BEBERIBE,131,,E/F AO POSTO DE GASOLINA PETROBRAS. SENTIDO ENCRUZILHADA,AV BEBERIBE,131,E/F AO POSTO DE GASOLINA PETROBRAS. SENTIDO ENCRUZILHADA,ARRUDA,,,COLISÃO COM CICLISTA,COM UMA VÍTIMA. EM ATENDIMENTO PELOS BOMBEIROS.,,,,1,,1,,,,1,,,,,,,,,,,,,,,,,,
2018-05-23,09:50:00,SEM VÍTIMA,FINALIZADA,TORRE,RUA PADRE ANCHIETA,269,,PROX AO RESTAURANTE NIPPOM,RUA PADRE ANCHIETA,269,PROX AO RESTAURANTE NIPPOM,TORRE,,,COLISÃO,DOIS AUTOS,2,,,,,,,,,0,,,,,,,,,,,,,,,,,,
2018-05-23,10:55:00,SEM VÍTIMA,FINALIZADA,DERBY,AV GOVERNADOR CARLOS DE LIMA CAVALCANTI,229,,EM FRENTE AO ODONTO REALI E AO LADO DO MAC DONALDS,SEMAFORO 075,AV GOVERNADOR CARLOS DE LIMA CAVALCANTI,229,EM FRENTE AO ODONTO REALI E AO LADO DO MAC DONALDS,SEMAFORO 075,DERBY,,,COLISÃO,SEM VITIMAS,2,,,,,,,,,0,,,,,,,,,,,,,,,,
2018-05-23,10:57:00,COM VÍTIMA,FINALIZADA,IPUTINGA,RUA MAURICIO DE NASSAU,,,POR TRAZ A EXPOSICAO DE ANIMAIS NUMERO POSTE 080060,RUA MAURICIO DE NASSAU,,POR TRAZ A EXPOSICAO DE ANIMAIS NUMERO POSTE 080060,IPUTINGA,,,COLISÃO,MOTO E CAMINHAO,,1,,,,,1,,,1,,,,,,,,,,,,,,,,,,
2018-05-23,11:39:00,SEM VÍTIMA,FINALIZADA,IMBIRIBEIRA,AV MARECHAL MASCARENHAS DE MORAES,1854,,POSTO BR,SENT AEROPORTO,AO LADO DA HONDA,AV MARECHAL MASCARENHAS DE MORAES,1854,POSTO BR,SENT AEROPORTO,AO LADO DA HONDA,IMBIRIBEIRA,,,COLISÃO,SEM VITIMAS,1,,,,,,1,,,0,,,,,,,,,,,,,,
2018-05-23,12:01:00,SEM VÍTIMA,CANCELADA,DERBY,RUA JENER DE SOUZA,,,APOS O QUARTEL DO DERBY EM FRENTE AO BATALHÃO DE CHOQUE,RUA JENER DE SOUZA,,APOS O QUARTEL DO DERBY EM FRENTE AO BATALHÃO DE CHOQUE,DERBY,,,COLISÃO,COLISÃO SEM VITIMAS,3,,,,,,,,,0,,,,,,,,,,,,,,,,,,
2018-05-23,12:06:00,SEM VÍTIMA,CANCELADA,BOA VIAGEM,RUA RIBEIRO DE BRITO,457,,EM FRENTE A SUBWAY,RUA RIBEIRO DE BRITO,457,EM FRENTE A SUBWAY,BOA VIAGEM,,,COLISÃO,COLISÃO SEM VÍTIMA,2,,,,,,,,,0,,,,,,,,,,,,,,,,,,
2018-05-23,12:54:00,SEM VÍTIMA,FINALIZADA,SÃO JOSÉ,TRV DO FORTE,86,,E/F AO GRANDE RECIFE,TRV DO FORTE,86,E/F AO GRANDE RECIFE,SÃO JOSÉ,,,COLISÃO,COLISAO ENTRE DOIS AUTOS AUTOS S/V,2,,,,,,,,,0,,,,,,,,,,,,,,,,,,
2018-05-23,13:42:00,SEM VÍTIMA,CANCELADA,BOA VISTA,AV MANOEL BORBA,,,NA SAIDA DO SHOPPING BOA VISTA EM FRENTE AO DE GASOLINA BR,AV MANOEL BORBA,,NA SAIDA DO SHOPPING BOA VISTA EM FRENTE AO DE GASOLINA BR,BOA VISTA,,,COLISÃO,COLISÃO SEM VITIMAS,2,,,,,,,,,0,,,,,,,,,,,,,,,,,,
2018-05-23,13:55:00,SEM VÍTIMA,FINALIZADA,ROSARINHO,AV CONS ROSA E SILVA,,,EM FRENTE A FARMACIA BIGBEN,AV CONS ROSA E SILVA,,EM FRENTE A FARMACIA BIGBEN,ROSARINHO,,,COLISÃO,COLISÃO SEM VITIMAS,1,,,,,1,,,,0,,,,,,,,,,,,,,,,,,
2018-05-23,13:59:00,SEM VÍTIMA,FINALIZADA,BOA VISTA,RUA DOM BOSCO,,,EM FRENTE AO QUARTEL DA RADIOPATRULHA,RUA DOM BOSCO,,EM FRENTE AO QUARTEL DA RADIOPATRULHA,BOA VISTA,,,COLISÃO,COLISÃO SEM VÍTIMA,1,,,,,1,,,,0,,,,,,,,,,,,,,,,,,
2018-05-23,14:03:00,SEM VÍTIMA,CANCELADA,TORRE,RUA SEBASTIAO MALTA ARCOVERDE,,,ENTRE O SALAO UP E A GALERIA RECIFE TRASFER,RUA SEBASTIAO MALTA ARCOVERDE,,ENTRE O SALAO UP E A GALERIA RECIFE TRASFER,TORRE,,,COLISÃO,COLISAO ENTRE DOIS AUTOS S/V,2,,,,,,,,,0,,,,,,,,,,,,,,,,,,
2018-05-23,14:59:00,SEM VÍTIMA,CANCELADA,CAXANGÁ,AV CAXANGA,5362,,E/F GOLF COUNTRY CLUB S/T CID,AV CAXANGA,5362,E/F GOLF COUNTRY CLUB S/T CID,CAXANGÁ,,,COLISÃO,COLISAO ENTTRE CAMINHAO E AUTO S/V,1,,,,,,1,,,0,,,,,,,,,,,,,,,,,,
2018-05-23,15:14:00,SEM VÍTIMA,CANCELADA,IMBIRIBEIRA,AV MARECHAL MASCARENHAS DE MORAES,,,SENTIDO CENTRO AO LADO DA CAIXA ECONOMICA EM FRENTE AO POSTO DE GASOLINA IPIRANGA,AV MARECHAL MASCARENHAS DE MORAES,,SENTIDO CENTRO AO LADO DA CAIXA ECONOMICA EM FRENTE AO POSTO DE GASOLINA IPIRANGA,IMBIRIBEIRA,,,COLISÃO,COLISÃO SEM VITIMAS,1,,,,,1,,,,0,,,,,,,,,,,,,,,,,,
2018-05-23,15:27:00,COM VÍTIMA,FINALIZADA,SANTO AMARO,AV JOAO DE BARROS,860,,EM FRENTE A CLINICA SANTO AMARO,AV JOAO DE BARROS,860,EM FRENTE A CLINICA SANTO AMARO,SANTO AMARO,,,COLISÃO COM CICLISTA,COLISÃO COM VÍTIMA,,,,1,,1,,,,1,,,,,,,,,,,,,,,,,,
2018-05-23,15:55:00,SEM VÍTIMA,FINALIZADA,DOIS IRMÃOS,RUA RIBEIRO PESSOA,,,EM FRENTE A UPA DA CAXANGA NO SENTIDO DOIS IRMÃOS,RUA RIBEIRO PESSOA,,EM FRENTE A UPA DA CAXANGA NO SENTIDO DOIS IRMÃOS,DOIS IRMÃOS,,,COLISÃO,COLISÃO SEM VITIMAS,2,,,,,,,,,0,,,,,,,,,,,,,,,,,,
2018-05-23,16:20:00,SEM VÍTIMA,FINALIZADA,IMBIRIBEIRA,AV MARECHAL MASCARENHAS DE MORAES,,,E/F AO AEROPORTO S/T CID,AV MARECHAL MASCARENHAS DE MORAES,,E/F AO AEROPORTO S/T CID,IMBIRIBEIRA,,,COLISÃO,COLISAO ENTRE DOIS AUTOS S/V,2,,,,,,,,,0,,,,,,,,,,,,,,,,,,
2018-05-23,16:21:00,SEM VÍTIMA,FINALIZADA,MADALENA,RUA DR SEVERINO PINHEIRO,524,,EM FRENTE AO EDF TRES MARIAS,RUA DR SEVERINO PINHEIRO,524,EM FRENTE AO EDF TRES MARIAS,MADALENA,,,COLISÃO,SEM VITIMAS,2,,,,,,,,,0,,,,,,,,,,,,,,,,,,
2018-05-23,16:38:00,SEM VÍTIMA,FINALIZADA,DERBY,AV GOVERNADOR AGAMENON MAGALHAES,,,SENT/OLINDA,EM FRENTE AO COLEGIO AMERICANO BATISTA,PISTA LOCAL,AV GOVERNADOR AGAMENON MAGALHAES,,SENT/OLINDA,EM FRENTE AO COLEGIO AMERICANO BATISTA,PISTA LOCAL,DERBY,,,COLISÃO,SEM VITIMAS,1,,,,,1,,,,0,,,,,,,,,,,,,,
2018-05-23,17:47:00,SEM VÍTIMA,FINALIZADA,BOA VISTA,RUA DOM BOSCO,,AV CONDE DA BOA VISTA,COM AV CONDE DA BOA VISTA E/F AO POSTO BR PROX AO CONTATO,RUA DOM BOSCO,,COM AV CONDE DA BOA VISTA E/F AO POSTO BR PROX AO CONTATO,BOA VISTA,,,COLISÃO,COLISAO ENTRE AUTO E CARRO DE COLETA,1,,,,,1,,,,0,,,,,,,,,,,,,,,,,,
2018-05-23,18:03:00,COM VÍTIMA,FINALIZADA,CAXANGÁ,AV CAXANGA,,,EM FRENTE AO WALMART, SENT. CIDADE,AV CAXANGA,,EM FRENTE AO WALMART, SENT. CIDADE,CAXANGÁ,,,ACID. DE PERCURSO,MOTO DA PM,,1,,,,,,,,1,,,,,,,,,,,,,,,,
2018-05-23,18:13:00,SEM VÍTIMA,FINALIZADA,BOA VIAGEM,AV BOA VIAGEM,,,E/F AO PARQUE DONA LINDU, SNT PINA,AV BOA VIAGEM,,E/F AO PARQUE DONA LINDU, SNT PINA,BOA VIAGEM,,,COLISÃO,ENTRE ÔNIBUS E AUTO. S/V,1,,,,,1,,,,0,,,,,,,,,,,,,,,,
2018-05-23,18:39:00,SEM VÍTIMA,CANCELADA,BOA VIAGEM,RUA BARAO DE SOUZA LEAO,,,ESCOLA BRIGADEIRO EDUARDO GOMES,RUA BARAO DE SOUZA LEAO,,ESCOLA BRIGADEIRO EDUARDO GOMES,BOA VIAGEM,,,COLISÃO,DOIS AUTOS,2,,,,,,,,,0,,,,,,,,,,,,,,,,,,
2018-05-23,18:42:00,SEM VÍTIMA,FINALIZADA,BOA VIAGEM,RUA BRUNO VELOSO,,,NA SAÍDA DO SHOPPING RECIFE,RUA BRUNO VELOSO,,NA SAÍDA DO SHOPPING RECIFE,BOA VIAGEM,,,COLISÃO,ENTRE ÔNIBUS E AUTO. S/V,1,,,,,1,,,,0,,,,,,,,,,,,,,,,,,
2018-05-23,18:44:00,SEM VÍTIMA,FINALIZADA,MADALENA,AV BEIRA RIO,51,,PROX. A ACADEMIA DA SAUDE E PONTE DA TORRE,AV BEIRA RIO,51,PROX. A ACADEMIA DA SAUDE E PONTE DA TORRE,MADALENA,,,COLISÃO,DOIS ONIBUS,,,,,,2,,,,0,,,,,,,,,,,,,,,,,,
2018-05-23,18:49:00,SEM VÍTIMA,FINALIZADA,SANTO AMARO,AV NORTE,,RUA DA AURORA,ESQUINA COM A R DA AURORA - SEMÁFORO 243 // SNT SUB-CENTRO // PRÓX A TV UNIVERSITÁRIA,AV NORTE,,ESQUINA COM A R DA AURORA - SEMÁFORO 243 // SNT SUB-CENTRO // PRÓX A TV UNIVERSITÁRIA,SANTO AMARO,,,COLISÃO,ENTRE AUTO E MOTO. S/V,1,1,,,,,,,,0,,,,,,,,,,,,,,,,,,
2018-05-23,21:04:00,SEM VÍTIMA,FINALIZADA,AFOGADOS,RUA SAO MIGUEL,,,E/F AO ARMAZÉM CURADO E POSTO ESCADENSE,RUA SAO MIGUEL,,E/F AO ARMAZÉM CURADO E POSTO ESCADENSE,AFOGADOS,,,COLISÃO,ENTRE ÔNIBUS E AUTO. S/V,1,,,,,1,,,,0,,,,,,,,,,,,,,,,,,
2018-05-24,05:43:00,SEM VÍTIMA,CANCELADA,PINA,AV ANTONIO DE GOES,820,,EM FRENTE O PRF, EM FRENTE O DNIT,AV ANTONIO DE GOES,820,EM FRENTE O PRF, EM FRENTE O DNIT,PINA,,,COLISÃO,COLISÃO ENTRE AUTO E MOTO S/V,1,1,,,,,,,,0,,,,,,,,,,,,,,,,
2018-05-24,06:49:00,SEM VÍTIMA,FINALIZADA,CORDEIRO,RUA HONORIO CORREIA,251,,NA FRENTE DO HOSPITAL GETULIO VARGAS,NA FRENTE DO MERCADO,RUA HONORIO CORREIA,251,NA FRENTE DO HOSPITAL GETULIO VARGAS,NA FRENTE DO MERCADO,CORDEIRO,,,COLISÃO,DOIS AUTOS,2,,,,,,,,,0,,,,,,,,,,,,,,,,
2018-05-24,07:08:00,SEM VÍTIMA,FINALIZADA,PINA,AV ANTONIO DE GOES,,,EM FRENTE AO DENITE NA SAIDA DO TUNEL,AV ANTONIO DE GOES,,EM FRENTE AO DENITE NA SAIDA DO TUNEL,PINA,,,COLISÃO,DOIS AUTOS,2,,,,,,,,,0,,,,,,,,,,,,,,,,,,
2018-05-24,07:15:00,SEM VÍTIMA,CANCELADA,ARRUDA,AV BEBERIBE,1345,,EM BAIXO DO SEMARO/SEMAFORO QUEBRADO NUMERO DO SEMAFORO 492,AV BEBERIBE,1345,EM BAIXO DO SEMARO/SEMAFORO QUEBRADO NUMERO DO SEMAFORO 492,ARRUDA,,,COLISÃO,DOIS AUTOS,2,,,,,,,,,0,,,,,,,,,,,,,,,,,,
2018-05-24,07:50:00,SEM VÍTIMA,FINALIZADA,BOA VIAGEM,RUA ANTONIO VICENTE,258,,PROX AO COLEGIO SANTOS DUMONT POR TRAS DA LAVANDERIA NAPOLITANA,RUA ANTONIO VICENTE,258,PROX AO COLEGIO SANTOS DUMONT POR TRAS DA LAVANDERIA NAPOLITANA,BOA VIAGEM,,,CHOQUE,DOIS VEICULOS CHOCARAM-SE COM UM MURO DE UMA RESIDENCIA,2,,,,,,,,,0,,,,,,,,,,,,,,,,,,
2018-05-24,09:11:00,COM VÍTIMA,FINALIZADA,CAMPO GRANDE,RUA PROFESSOR FRANCISCO DA TRINDADE,,,PROX. AO CLUBE DAS PAS,RUA PROFESSOR FRANCISCO DA TRINDADE,,PROX. AO CLUBE DAS PAS,CAMPO GRANDE,,,COLISÃO,COLISÃO ENRE AUTO E MOTO,,,,,,,,,,1,,,,,,,,,,,,,,,,,,
2018-05-24,09:13:00,SEM VÍTIMA,CANCELADA,SANTO ANTÔNIO,RUA SIQUEIRA CAMPOS,,AV DANTAS BARRETO,CRUZ COM A AV DANTAS BARRETO POR TRAS DOS CORREIOS EM BAIXO DO SEMAFORO 141,RUA SIQUEIRA CAMPOS,,CRUZ COM A AV DANTAS BARRETO POR TRAS DOS CORREIOS EM BAIXO DO SEMAFORO 141,SANTO ANTÔNIO,,,COLISÃO,COLISÃO SEM VITIMAS,,,,,,2,,,,0,,,,,,,,,,,,,,,,,,
2018-05-24,09:46:00,SEM VÍTIMA,FINALIZADA,BOA VIAGEM,RUA CORONEL ANIZIO RODRIGUES COELHO,566,,AO LADO DO ESCRITÓRIO DO GUAIAMUM,RUA CORONEL ANIZIO RODRIGUES COELHO,566,AO LADO DO ESCRITÓRIO DO GUAIAMUM,BOA VIAGEM,,,COLISÃO,COLISAO ENTRE DOIS AUTOS S/V,2,,,,,,,,,0,,,,,,,,,,,,,,,,,,
2018-05-24,10:22:00,SEM VÍTIMA,FINALIZADA,CAMPO GRANDE,RUA GOVERNADOR DIX SEPT ROSADO,,,EM FRENTE AO CAMPO DO QUINZE COMUNIDADE DO CHIE,RUA GOVERNADOR DIX SEPT ROSADO,,EM FRENTE AO CAMPO DO QUINZE COMUNIDADE DO CHIE,CAMPO GRANDE,,,COLISÃO,COLISÃO SEM VITIMAS,,,,,,,,2,,0,,,,,,,,,,,,,,,,,,
2018-05-24,12:19:00,COM VÍTIMA,FINALIZADA,MACAXEIRA,RUA MARIA CANDIDA,215,,EM FRENTE A PANIFICADORA SANTO ANTONIO,RUA MARIA CANDIDA,215,EM FRENTE A PANIFICADORA SANTO ANTONIO,MACAXEIRA,,,COLISÃO,COLISÃO COM VÍTIMA,1,1,,,,,,,,1,,,,,,,,,,,,,,,,,,
2018-05-24,12:22:00,SEM VÍTIMA,FINALIZADA,GRAÇAS,RUA AMELIA,,AV RUI BARBOSA,COM AV RUI BARBOSA E/F AO POSTO SHELL,RUA AMELIA,,COM AV RUI BARBOSA E/F AO POSTO SHELL,GRAÇAS,,,COLISÃO,COLISAO ENTRE DOIS AUTOS S/V,2,,,,,,,,,0,,,,,,,,,,,,,,,,,,
2018-05-24,13:35:00,SEM VÍTIMA,CANCELADA,BOA VIAGEM,RUA ERNESTO DE PAULA SANTOS,940,,EM FRENTE AO VERDE FRUT,RUA ERNESTO DE PAULA SANTOS,940,EM FRENTE AO VERDE FRUT,BOA VIAGEM,,,COLISÃO,ONIBUS E AUTO,1,,,,,1,,,,0,,,,,,,,,,,,,,,,,,
2018-05-24,13:58:00,SEM VÍTIMA,FINALIZADA,ENCRUZILHADA,RUA AMARO COUTINHO,176,RUA OTAVIO DE FREITAS,COM A RUA OTAVIO DE FREITAS PROX AO BAR DO TONHÃO,RUA AMARO COUTINHO,176,COM A RUA OTAVIO DE FREITAS PROX AO BAR DO TONHÃO,ENCRUZILHADA,,,COLISÃO,COLISAO ENTRE DOIS AUTOS S/V,2,,,,,,,,,0,,,,,,,,,,,,,,,,,,
2018-05-24,14:06:00,SEM VÍTIMA,FINALIZADA,ILHA DO LEITE,RUA ESTADO DE ISRAEL,,,EM FRENTE A ESCOLA ESTADUAL POETA MANUEL BANDEIRA,RUA ESTADO DE ISRAEL,,EM FRENTE A ESCOLA ESTADUAL POETA MANUEL BANDEIRA,ILHA DO LEITE,,,COLISÃO,COLISÃO SEM VÍTIMA,2,,,,,,,,,0,,,,,,,,,,,,,,,,,,
2018-05-24,14:36:00,SEM VÍTIMA,FINALIZADA,BOA VIAGEM,RUA RIBEIRO DE BRITO,950,,PROX. A IGREJA CRISTA MARANATA,RUA RIBEIRO DE BRITO,950,PROX. A IGREJA CRISTA MARANATA,BOA VIAGEM,,,COLISÃO,DOIS AUTOS,2,,,,,,,,,0,,,,,,,,,,,,,,,,,,
2018-05-24,14:45:00,SEM VÍTIMA,FINALIZADA,IMBIRIBEIRA,AV MARECHAL MASCARENHAS DE MORAES,,,LADO OPOSTO AO COTINENTAL PNEUS,AV MARECHAL MASCARENHAS DE MORAES,,LADO OPOSTO AO COTINENTAL PNEUS,IMBIRIBEIRA,,,COLISÃO,COLISÃO COM VITIMA,2,,,,,,,,,0,,,,,,,,,,,,,,,,,,
2018-05-24,16:44:00,SEM VÍTIMA,CANCELADA,CORDEIRO,AV CAXANGA,,,EM FRENTE A IGREJA CATOLICA DO CORDEIRO E AO LADO DO SUPERMERCADO STYLLUS/ SENTIDO CIDADE,AV CAXANGA,,EM FRENTE A IGREJA CATOLICA DO CORDEIRO E AO LADO DO SUPERMERCADO STYLLUS/ SENTIDO CIDADE,CORDEIRO,,,COLISÃO,COLISÃO SEM VÍTIMA,2,,,,,,,,,0,,,,,,,,,,,,,,,,,,
2018-05-24,17:27:00,SEM VÍTIMA,CANCELADA,BOA VIAGEM,RUA GENERAL SALGADO,,,PROX. A ACADEMIA PRIME E COLEGIO MADRE DE DEUS,RUA GENERAL SALGADO,,PROX. A ACADEMIA PRIME E COLEGIO MADRE DE DEUS,BOA VIAGEM,,,COLISÃO,DOIS AUTOS,2,,,,,,,,,0,,,,,,,,,,,,,,,,,,
2018-05-25,07:15:00,COM VÍTIMA,FINALIZADA,BOA VISTA,PTE PRINCESA IZABEL,,,C/ RUA DA AURORA,PTE PRINCESA IZABEL,,C/ RUA DA AURORA,BOA VISTA,,,COLISÃO,ACIDENTE DE PERCUSO,,1,,,,,,,,1,,,,,,,,,,,,,,,,,,