data,hora,natureza_acidente,situacao,bairro,endereco,numero,detalhe_endereco_acidente,complemento,endereco_cruzamento,numero_cruzamento,referencia_cruzamento,bairro_cruzamento,num_semaforo,sentido_via,tipo,descricao,auto,moto,ciclom,ciclista,pedestre,onibus,caminhao,viatura,outros,vitimas,vitimasfatais,acidente_verificado,tempo_clima,situacao_semaforo,sinalizacao,condicao_via,conservacao_via,ponto_controle,situacao_placa,velocidade_max_via,mao_direcao,divisao_via1,divisao_via2,divisao_via3,,,,
2018-06-09,09:23:00,SEM VÍTIMA,FINALIZADA,CAXANGÁ,AV CAXANGA,,,EM FRENTE AO PERNAMBUCO DA SORTE, SENTIDO CENTRO,AV CAXANGA,,EM FRENTE AO PERNAMBUCO DA SORTE, SENTIDO CENTRO,CAXANGÁ,,,COLISÃO,DOIS AUTOS S/V,2,,,,,,,,,0,,,,,,,,,,,,,,,,
2018-06-09,10:56:00,SEM VÍTIMA,FINALIZADA,PRADO,AV ENGENHEIRO ABDIAS DE CARVALHO,,,EM FRENTE A FACULDADE ESTACIO,AV ENGENHEIRO ABDIAS DE CARVALHO,,EM FRENTE A FACULDADE ESTACIO,PRADO,,,COLISÃO,COLISÃO SEM VITIMA,,,,,,,,,,0,,,,,,,,,,,,,,,,,,
2018-06-09,11:32:00,SEM VÍTIMA,FINALIZADA,IMBIRIBEIRA,AV MARECHAL MASCARENHAS DE MORAES,6997,,EM FRENTE A MADEREIRA SENT/ AEROPORTO,AV MARECHAL MASCARENHAS DE MORAES,6997,EM FRENTE A MADEREIRA SENT/ AEROPORTO,IMBIRIBEIRA,,,COLISÃO,SEM VITIMAS,2,,,,,,,,,0,,,,,,,,,,,,,,,,,,
2018-06-09,11:55:00,SEM VÍTIMA,FINALIZADA,PINA,AV HERCULANO BANDEIRA,570,,EM FRENTE AO INSS, APOS A CAIXA ECONOMICA, SENTIDO BOA VIAGEM,AV HERCULANO BANDEIRA,570,EM FRENTE AO INSS, APOS A CAIXA ECONOMICA, SENTIDO BOA VIAGEM,PINA,,,COLISÃO,MOTO E ONIBUS ,1,1,,,,,,,,0,,,,,,,,,,,,,,
2018-06-09,12:10:00,SEM VÍTIMA,FINALIZADA,BEBERIBE,AV BEBERIBE,,RUA DALVA DE OLIVEIRA,CRUZ COM A RUA DALVA DE OLIVEIRA EM FRENTE AO BAR DALVA DE OLIVEIRA,AV BEBERIBE,,CRUZ COM A RUA DALVA DE OLIVEIRA EM FRENTE AO BAR DALVA DE OLIVEIRA,BEBERIBE,,,COLISÃO,COLISÃO SEM VITIMAS VT 31 QTH,,,,,,,,,,0,,,,,,,,,,,,,,,,,,
2018-06-09,12:28:00,SEM VÍTIMA,FINALIZADA,ÁGUA FRIA,RUA SAO BENTO,299,,AO LADO DO PÓSTO DE GASOLINA NORTE BRAS SENTIDO BEBERIBE EM FRENTE A UM DEPOSITO DE BEBIDAS,RUA SAO BENTO,299,AO LADO DO PÓSTO DE GASOLINA NORTE BRAS SENTIDO BEBERIBE EM FRENTE A UM DEPOSITO DE BEBIDAS,ÁGUA FRIA,,,COLISÃO,COLISÃO SEM VITIMAS,1,,,,,1,,,,0,,,,,,,,,,,,,,,,,,
2018-06-09,12:56:00,COM VÍTIMA,FINALIZADA,ARRUDA,RUA DO MACHADO,,RUA DO TRIUNFO,CRUZ COM A RUA DO TRIUNFO POR TRAS DO CAMPO DO SANTA CRUZ,RUA DO MACHADO,,CRUZ COM A RUA DO TRIUNFO POR TRAS DO CAMPO DO SANTA CRUZ,ARRUDA,,,ATROPELAMENTO,COLISÃO EM SEGUIDA DE UM ATROPELAMNETO,2,,,,1,,,,,1,,,,,,,,,,,,,,,,,,
2018-06-09,13:29:00,SEM VÍTIMA,CANCELADA,AFOGADOS,LARGO DA PAZ,,,EM FRENTE AO TERMINAL INTEGRADO LARGO DA PAZ,LARGO DA PAZ,,EM FRENTE AO TERMINAL INTEGRADO LARGO DA PAZ,AFOGADOS,,,COLISÃO,COLISÃO SEM VITIMAS,2,,,,,,,,,0,,,,,,,,,,,,,,,,,,
2018-06-09,13:29:00,SEM VÍTIMA,FINALIZADA,BOA VIAGEM,AV CONSELHEIRO AGUIAR,4887,,PROX AO WALMART,AV CONSELHEIRO AGUIAR,4887,PROX AO WALMART,BOA VIAGEM,,,COLISÃO,COLISAO ENTRE ONIBUS E AUTO S/V,1,,,,,1,,,,0,,,,,,,,,,,,,,,,,,
2018-06-09,14:30:00,COM VÍTIMA,FINALIZADA,ÁGUA FRIA,AV ANIBAL BENEVOLO,285,,NO TERMINAL DO ALTO SANTA TEREZINHA,AV ANIBAL BENEVOLO,285,NO TERMINAL DO ALTO SANTA TEREZINHA,ÁGUA FRIA,,,COLISÃO,AUTO E MOTO CV,1,1,,,,,,,,1,,,,,,,,,,,,,,,,,,
2018-06-09,14:37:00,SEM VÍTIMA,FINALIZADA,IBURA,AV RECIFE,,,E/F AO POSTO IPIRANGA S/T BOA VIAGEM,AV RECIFE,,E/F AO POSTO IPIRANGA S/T BOA VIAGEM,IBURA,,,COLISÃO,COLISAO ENTRE DOIS AUTO S/V,2,,,,,,,,,0,,,,,,,,,,,,,,,,,,
2018-06-09,14:38:00,SEM VÍTIMA,CANCELADA,AFOGADOS,RUA SAO MIGUEL,,,EM BAIXO DO SEMAFORO 333 EM FRENTE A FACULDADE IPESO,RUA SAO MIGUEL,,EM BAIXO DO SEMAFORO 333 EM FRENTE A FACULDADE IPESO,AFOGADOS,,,COLISÃO,COLISÃO SEM VITIMAS,1,,,,,1,,,,0,,,,,,,,,,,,,,,,,,
2018-06-09,14:41:00,SEM VÍTIMA,FINALIZADA,IMBIRIBEIRA,AV MARECHAL MASCARENHAS DE MORAES,2809,,EM FRENTE A CASA DAS BATERIAS, SENTIDO AEROPORTO,AV MARECHAL MASCARENHAS DE MORAES,2809,EM FRENTE A CASA DAS BATERIAS, SENTIDO AEROPORTO,IMBIRIBEIRA,,,COLISÃO,AUTO E CAMINHAO,1,,,,,,1,,,0,,,,,,,,,,,,,,,,
2018-06-09,15:56:00,SEM VÍTIMA,FINALIZADA,ESPINHEIRO,RUA QUARENTA E OITO,443,,E/F A FARMACIA PERMANENTE,RUA QUARENTA E OITO,443,E/F A FARMACIA PERMANENTE,ESPINHEIRO,,,COLISÃO,COLISAO ENTRE AUTO E ONIBUS S/V,1,,,,,1,,,,0,,,,,,,,,,,,,,,,,,
2018-06-09,18:48:00,COM VÍTIMA,CANCELADA,GRAÇAS,AV RUI BARBOSA,,,E/F A BODEGA DO ''VÉIO'' E NAS PROXIMIDADES DA PIZZARIA ATLÂNTICO,AV RUI BARBOSA,,E/F A BODEGA DO ''VÉIO'' E NAS PROXIMIDADES DA PIZZARIA ATLÂNTICO,GRAÇAS,,,COLISÃO,ENTRE AUTO E MOTO. C/V,1,1,,,,,,,,1,,,,,,,,,,,,,,,,,,
2018-06-09,19:00:00,COM VÍTIMA,FINALIZADA,IPUTINGA,RUA SAO MATEUS,,,ENF AO CONDOMINIO JARDIM FLORENÇA E A OS CORREIOS SENTIDO DETRAN,RUA SAO MATEUS,,ENF AO CONDOMINIO JARDIM FLORENÇA E A OS CORREIOS SENTIDO DETRAN,IPUTINGA,,,COLISÃO,AUTO E MOTO,1,1,,,,,,,,2,,,,,,,,,,,,,,,,,,
2018-06-09,18:59:00,SEM VÍTIMA,FINALIZADA,TEJIPIÓ,RUA FALCAO DE LACERDA,,,E/F A IGREJA NOSSA SENHORA DO ROSÁRIO,RUA FALCAO DE LACERDA,,E/F A IGREJA NOSSA SENHORA DO ROSÁRIO,TEJIPIÓ,,,COLISÃO,ENTRE 2 AUTOS. S/V,2,,,,,,,,,0,,,,,,,,,,,,,,,,,,
2018-06-09,19:07:00,SEM VÍTIMA,CANCELADA,VÁRZEA,AV CAXANGA,4435,,ENF AO BOI BRASA SEMAFORO 230 SENTIDO RECIFE,AV CAXANGA,4435,ENF AO BOI BRASA SEMAFORO 230 SENTIDO RECIFE,VÁRZEA,,,COLISÃO,ONIBUS X AUTO,1,,,,,1,,,,0,,,,,,,,,,,,,,,,,,
2018-06-09,19:38:00,SEM VÍTIMA,CANCELADA,ESPINHEIRO,RUA DO FUTURO,,,E/F A VERDFRUT - JAQUEIRA,RUA DO FUTURO,,E/F A VERDFRUT - JAQUEIRA,ESPINHEIRO,,,COLISÃO,ENTRE 2 AUTOS. S/V,2,,,,,,,,,0,,,,,,,,,,,,,,,,,,
2018-06-09,21:12:00,COM VÍTIMA,FINALIZADA,ESTÂNCIA,AV DR JOSE RUFINO,241,,ANTES DO COLEGIO VISAO PROX AO POSTO IPIRANGA,AV DR JOSE RUFINO,241,ANTES DO COLEGIO VISAO PROX AO POSTO IPIRANGA,ESTÂNCIA,,,COLISÃO,AUTO E MOTO,1,1,,,,,,,,1,,,,,,,,,,,,,,,,,,
2018-06-09,22:28:00,SEM VÍTIMA,FINALIZADA,IMBIRIBEIRA,AV MARECHAL MASCARENHAS DE MORAES,,,SEMAFORO 286 ENF AO ARMAZEM CORAL,AV MARECHAL MASCARENHAS DE MORAES,,SEMAFORO 286 ENF AO ARMAZEM CORAL,IMBIRIBEIRA,,,COLISÃO,AUTO X TAXI,2,,,,,,,,,0,,,,,,,,,,,,,,,,,,
2018-06-10,05:07:00,SEM VÍTIMA,CANCELADA,ARRUDA,RUA RAMIZ GALVAO,,,PROX DO ESQUENTA SHOW, PROX DA USF PONTO DE PARADA, PROX DA IGREJA DE CRISTO COMUNIDADE DO ARRUDA,RUA RAMIZ GALVAO,,PROX DO ESQUENTA SHOW, PROX DA USF PONTO DE PARADA, PROX DA IGREJA DE CRISTO COMUNIDADE DO ARRUDA,ARRUDA,,,COLISÃO,COLISÃO ENTRE DOIS AUTOS S/V,2,,,,,,,,,0,,,,,,,,,,,,,,
2018-06-10,07:43:00,COM VÍTIMA,FINALIZADA,IBURA,AV JORNALISTA COSTA PORTO,885,,EM FRENTE AO MERCADINHO FIRMINO,AV JORNALISTA COSTA PORTO,885,EM FRENTE AO MERCADINHO FIRMINO,IBURA,,,ATROPELAMENTO,AUTO E PEDESTRES,1,,,,2,,,,,2,,,,,,,,,,,,,,,,,,
2018-06-10,10:44:00,SEM VÍTIMA,FINALIZADA,IPUTINGA,RUA SAO MATEUS,426,,EM FRENTE AO EDF BELA VISTA,RUA SAO MATEUS,426,EM FRENTE AO EDF BELA VISTA,IPUTINGA,,,COLISÃO,,2,,,,,,,,,0,,,,,,,,,,,,,,,,,,
2018-06-10,12:30:00,SEM VÍTIMA,FINALIZADA,MADALENA,RUA REAL DA TORRE,450,,PROX. AO MERCADO PUBLICO,RUA REAL DA TORRE,450,PROX. AO MERCADO PUBLICO,MADALENA,,,COLISÃO,DOIS AUTOS S/V,2,,,,,,,,,0,,,,,,,,,,,,,,,,,,
2018-06-10,12:37:00,SEM VÍTIMA,FINALIZADA,DOIS IRMÃOS,RUA MANUEL DE MEDEIROS,,,EM FRENTE A UNIVERSIDADE RURAL, NO SEMAFORO 588,RUA MANUEL DE MEDEIROS,,EM FRENTE A UNIVERSIDADE RURAL, NO SEMAFORO 588,DOIS IRMÃOS,,,COLISÃO,AUTO E MOTO,1,1,,,,,,,,0,,,,,,,,,,,,,,,,
2018-06-10,12:51:00,SEM VÍTIMA,FINALIZADA,ESPINHEIRO,RUA ANGUSTURA,328,,EM FRENTE AO EDIFICIO BARÃO DA FONTE,RUA ANGUSTURA,328,EM FRENTE AO EDIFICIO BARÃO DA FONTE,ESPINHEIRO,,,COLISÃO,COLISÃO SEM VÍTIMA,2,,,,,,,,,0,,,,,,,,,,,,,,,,,,
2018-06-10,13:26:00,SEM VÍTIMA,CANCELADA,BOA VIAGEM,AV BOA VIAGEM,328,RUA OLINDA,ESQUINA COM RUA OLINDA,AV BOA VIAGEM,328,ESQUINA COM RUA OLINDA,BOA VIAGEM,,,COLISÃO,AUTO E MOTO,1,1,,,,,,,,0,,,,,,,,,,,,,,,,,,
2018-06-10,13:46:00,COM VÍTIMA,FINALIZADA,CAMPO GRANDE,RUA SAO CAETANO,317,,POR TRÁS DAS PÁS,RUA SAO CAETANO,317,POR TRÁS DAS PÁS,CAMPO GRANDE,,,COLISÃO,COLISÃO COM VÍTIMA,,2,,,,,,,,2,,,,,,,,,,,,,,,,,,
2018-06-10,15:28:00,SEM VÍTIMA,FINALIZADA,PINA,AV ANTONIO DE GOES,,,EM FRENTE AO POSTO PETROBRAS,AV ANTONIO DE GOES,,EM FRENTE AO POSTO PETROBRAS,PINA,,,COLISÃO,COLISÃO SEM VÍTIMA,2,,,,,,,,,0,,,,,,,,,,,,,,,,,,
2018-06-10,16:21:00,COM VÍTIMA,FINALIZADA,LINHA DO TIRO,RUA URIEL DE HOLANDA,1520,,PRÓXIMO AO TERMINAL DE ÔNIBUS,RUA URIEL DE HOLANDA,1520,PRÓXIMO AO TERMINAL DE ÔNIBUS,LINHA DO TIRO,,,CHOQUE,CHOQUE DE UMA VIATURA DA PM COM UMA VÍTIMA,,1,,,,,,1,,2,,,,,,,,,,,,,,,,,,
2018-06-10,18:35:00,SEM VÍTIMA,FINALIZADA,BOA VIAGEM,RUA BRUNO VELOSO,,,E/F A ACADEMIA R2 E POSTO BR / CRUZANDO A R FERNANDO SIMÕES BARBOSA,RUA BRUNO VELOSO,,E/F A ACADEMIA R2 E POSTO BR / CRUZANDO A R FERNANDO SIMÕES BARBOSA,BOA VIAGEM,,,COLISÃO,ENTRE 2 AUTOS. S/V,2,,,,,,,,,0,,,,,,,,,,,,,,,,,,
2018-06-10,20:13:00,SEM VÍTIMA,FINALIZADA,BOA VIAGEM,RUA RIBEIRO DE BRITO,457,,SUBWAY ( em frente),RUA RIBEIRO DE BRITO,457,SUBWAY ( em frente),BOA VIAGEM,,,COLISÃO,DOIS AUTOS S/V,2,,,,,,,,,0,,,,,,,,,,,,,,,,,,
2018-06-11,07:15:00,SEM VÍTIMA,FINALIZADA,BOA VIAGEM,RUA DOM JOSE LOPES,626,,PROX. AO RESTAURANTE CALDISSIMO,RUA DOM JOSE LOPES,626,PROX. AO RESTAURANTE CALDISSIMO,BOA VIAGEM,,,COLISÃO,DOIS AUTOS S/V,2,,,,,,,,,0,,,,,,,,,,,,,,,,,,
2018-06-11,07:17:00,COM VÍTIMA,FINALIZADA,JARDIM SÃO PAULO,AV RECIFE,5777,,E/F A EMPRESA DE ONIBUS RCR S/T BOA VIAGEM,AV RECIFE,5777,E/F A EMPRESA DE ONIBUS RCR S/T BOA VIAGEM,JARDIM SÃO PAULO,,,COLISÃO,COLISAO ENTRE DUAS MOTO COM UMA VITIMA,,2,,,,,,,,1,,,,,,,,,,,,,,,,,,
2018-06-11,07:53:00,SEM VÍTIMA,CANCELADA,BOA VIAGEM,AV CONSELHEIRO AGUIAR,456,,E/F AO CONDOMINIO DO CENTRO EMPRESARIAL ALACOQUE BEZERRA,AV CONSELHEIRO AGUIAR,456,E/F AO CONDOMINIO DO CENTRO EMPRESARIAL ALACOQUE BEZERRA,BOA VIAGEM,,,COLISÃO,COLISAO ENTRE DOIS AUTOS S/V,2,,,,,,,,,0,,,,,,,,,,,,,,,,,,
2018-06-11,08:37:00,COM VÍTIMA,FINALIZADA,CASA AMARELA,RUA PADRE LEMOS,,,E/F A CACAU SHOW,RUA PADRE LEMOS,,E/F A CACAU SHOW,CASA AMARELA,,,ATROPELAMENTO,ATROPELAMENTO COM DUAS VITIMAS EQUIPE DE GM EM PONTO FIXO NO LOCAL,,1,,,1,,,,,2,,,,,,,,,,,,,,,,,,
2018-06-11,08:37:00,SEM VÍTIMA,FINALIZADA,IPUTINGA,AV PROFESSOR MORAES REGO,85,,RUA EM FRENTE A LOJA SUPLANOR,AV PROFESSOR MORAES REGO,85,RUA EM FRENTE A LOJA SUPLANOR,IPUTINGA,,,COLISÃO,SEM VITIMAS,1,,,,,,1,,,0,,,,,,,,,,,,,,,,,,
2018-06-11,09:48:00,COM VÍTIMA,FINALIZADA,CASA FORTE,AV DEZESSETE DE AGOSTO,,,EM FRENTE A PRAÇA DE CASA FORTE,AV DEZESSETE DE AGOSTO,,EM FRENTE A PRAÇA DE CASA FORTE,CASA FORTE,,,COLISÃO,ATROPELAMENTO DE PEDESTRE - VT INFORMOU QUE VEICULO SE AVADIU,1,,1,,1,,,,,1,,,,,,,,,,,,,,,,,,
2018-06-11,10:06:00,SEM VÍTIMA,FINALIZADA,ILHA DO RETIRO,RUA SPORT CLUBE DO RECIFE,,,E/F AO CLUBE DO SPORT S/T CURADO,RUA SPORT CLUBE DO RECIFE,,E/F AO CLUBE DO SPORT S/T CURADO,ILHA DO RETIRO,,,COLISÃO,COLISAO ENTRE AUTO E CAMINHAO S/V,1,,,,,,1,,,0,,,,,,,,,,,,,,,,,,
2018-06-11,10:07:00,SEM VÍTIMA,FINALIZADA,MADALENA,PRC DA BANDEIRA,,,NA SUBIDA DA PONTE. SEMÁFORO 367, SENTIDO SUBÚRBIO,PRC DA BANDEIRA,,NA SUBIDA DA PONTE. SEMÁFORO 367, SENTIDO SUBÚRBIO,MADALENA,,,COLISÃO,SEM VÍTIMAS,1,,,,,,1,,,0,,,,,,,,,,,,,,,,
2018-06-11,10:16:00,SEM VÍTIMA,CANCELADA,CAMPO GRANDE,RUA PRUDENTE DE MORAES,158,,EM FRENTE AO BRASIL GAS,RUA PRUDENTE DE MORAES,158,EM FRENTE AO BRASIL GAS,CAMPO GRANDE,,,COLISÃO,DOIS AUTOS S/V,2,,,,,,,,,0,,,,,,,,,,,,,,,,,,
2018-06-11,10:26:00,SEM VÍTIMA,FINALIZADA,DERBY,RUA CLEMENTE PEREIRA,,,EM FRENTE AO RESTAURANTE PORTAL DO DERBY,RUA CLEMENTE PEREIRA,,EM FRENTE AO RESTAURANTE PORTAL DO DERBY,DERBY,,,COLISÃO,VT- DA PM E AUTO,1,,,,,,,1,,0,,,,,,,,,,,,,,,,,,
2018-06-11,10:27:00,SEM VÍTIMA,FINALIZADA,BOA VIAGEM,RUA CAPITAO ZUZINHA,310,,PROX A POUSADA BEIRA MAR,RUA CAPITAO ZUZINHA,310,PROX A POUSADA BEIRA MAR,BOA VIAGEM,,,COLISÃO,COLISAO ENTRE DOIS AUTOS S/V,2,,,,,,,,,0,,,,,,,,,,,,,,,,,,
2018-06-11,10:47:00,SEM VÍTIMA,FINALIZADA,BOA VISTA,RUA DO ARAGAO,,,E/F A PRAÇA MACIEL PINHEIRO E DO HOTEL SAO DOMINGOS GM RONILDO /FABIO LEITE NO LOCAL,RUA DO ARAGAO,,E/F A PRAÇA MACIEL PINHEIRO E DO HOTEL SAO DOMINGOS GM RONILDO /FABIO LEITE NO LOCAL,BOA VISTA,,,COLISÃO,COLISAO ENTRE AUTO E TAXI,2,,,,,,,,,0,,,,,,,,,,,,,,,,,,
2018-06-11,11:03:00,SEM VÍTIMA,FINALIZADA,AFOGADOS,AV SUL,,,EM FRENTE A ESTAÇÃO LARGO DA PAZ,AV SUL,,EM FRENTE A ESTAÇÃO LARGO DA PAZ,AFOGADOS,,,COLISÃO,AUTO E ONIBUS,1,,,,,1,,,,0,,,,,,,,,,,,,,,,,,
2018-06-11,11:20:00,SEM VÍTIMA,FINALIZADA,JOANA BEZERRA,TRV DO RAPOSO,536,,SENT/IMIP NO INICIO DO VIADUTO,TRV DO RAPOSO,536,SENT/IMIP NO INICIO DO VIADUTO,JOANA BEZERRA,,,COLISÃO,SEM VITIMAS,2,,,,,,,,,0,,,,,,,,,,,,,,,,,,
2018-06-11,11:52:00,SEM VÍTIMA,FINALIZADA,TEJIPIÓ,AV DR JOSE RUFINO,,,M FRENTE AO COLEGIO ESTADUAL ALBERTO TORRES,SEMAFORO 156,SENT/AFOGADOS,AV DR JOSE RUFINO,,M FRENTE AO COLEGIO ESTADUAL ALBERTO TORRES,SEMAFORO 156,SENT/AFOGADOS,TEJIPIÓ,,,COLISÃO,SEM VITIMAS,1,,,,,1,,,,0,,,,,,,,,,,,,,
2018-06-11,12:50:00,SEM VÍTIMA,FINALIZADA,CAJUEIRO,RUA MARIA CRISTINA TASSO DE SOUZA,596,RUA HERCILA DE MEDEIROS,CRUZAMENTO COM A RUA HERCILIA DE MEDEIROS,RUA MARIA CRISTINA TASSO DE SOUZA,596,CRUZAMENTO COM A RUA HERCILIA DE MEDEIROS,CAJUEIRO,,,COLISÃO,COLISÃO SEM VÍTIMA,2,,,,,,,,,0,,,,,,,,,,,,,,,,,,
2018-06-11,13:23:00,SEM VÍTIMA,FINALIZADA,AFOGADOS,LARGO DA PAZ,,,AO LADO DA ESTAÇÃO DO METRO DO LARGO DA PAZ/ PROXIMO A POLICLINICA AGAMENON MAGALHAES,LARGO DA PAZ,,AO LADO DA ESTAÇÃO DO METRO DO LARGO DA PAZ/ PROXIMO A POLICLINICA AGAMENON MAGALHAES,AFOGADOS,,,COLISÃO,COLISAO ENTRE DOIS AUTOS S/V,2,,,,,,,,,0,,,,,,,,,,,,,,,,,,
2018-06-11,13:26:00,SEM VÍTIMA,PENDENTE,TEJIPIÓ,AV DR JOSE RUFINO,2839,,APOS DO VIADUTO DO BARRO SENTIDO JABOATAO VELHO,AV DR JOSE RUFINO,2839,APOS DO VIADUTO DO BARRO SENTIDO JABOATAO VELHO,TEJIPIÓ,,,COLISÃO,DOIS AUTOS S/V,2,,,,,,,,,0,,,,,,,,,,,,,,,,,,
2018-06-11,14:28:00,SEM VÍTIMA,FINALIZADA,BOA VIAGEM,AV ENGENHEIRO DOMINGOS FERREIRA,850,,EM FRENTE A QUALIMETRA,AV ENGENHEIRO DOMINGOS FERREIRA,850,EM FRENTE A QUALIMETRA,BOA VIAGEM,,,COLISÃO,COLISÃO SEM VÍTIMA,1,,,,,1,,,,0,,,,,,,,,,,,,,,,,,
2018-06-11,14:47:00,SEM VÍTIMA,FINALIZADA,MADALENA,AV CAXANGA,4617,,EM FRENTE A ITALIANA/ SENTIDO CIDADE,AV CAXANGA,4617,EM FRENTE A ITALIANA/ SENTIDO CIDADE,MADALENA,,,COLISÃO,COLISÃO SEM VÍTIMA,1,,,,,1,,,,0,,,,,,,,,,,,,,,,,,
2018-06-11,14:57:00,SEM VÍTIMA,FINALIZADA,PINA,AVENIDA CELSO FURTADO (VIA MANGUE),,,NA VIA MANGUE,AVENIDA CELSO FURTADO (VIA MANGUE),,NA VIA MANGUE,PINA,,,COLISÃO,COLISAO ENTRE CAMINHAO E DOIS AUTOS S/V,2,,,,,,1,,,0,,,,,,,,,,,,,,,,,,
2018-06-11,15:20:00,SEM VÍTIMA,FINALIZADA,JOANA BEZERRA,AV ADVOGADO JOSE PAULO CAVALCANTI,,,E/F A ESCOLA DE ADVOGADOS DO FORUM JOANA BEZERRA,AV ADVOGADO JOSE PAULO CAVALCANTI,,E/F A ESCOLA DE ADVOGADOS DO FORUM JOANA BEZERRA,JOANA BEZERRA,,,COLISÃO,COLISAO ENTRE TRES AUTOS S/V,3,,,,,,,,,0,,,,,,,,,,,,,,,,,,
2018-06-11,15:30:00,SEM VÍTIMA,FINALIZADA,VÁRZEA,AV CAXANGA,,,PROXIMO AO BRAZETTUS E A CAXANGA VEICULO,AV CAXANGA,,PROXIMO AO BRAZETTUS E A CAXANGA VEICULO,VÁRZEA,,,COLISÃO,COLISAO ENTRE DOIS AUTOS S/V,2,,,,,,,,,0,,,,,,,,,,,,,,,,,,
2018-06-11,15:33:00,SEM VÍTIMA,CANCELADA,BOA VISTA,RUA DO ARAGAO,,,AO LADO DO HOTEL SAO DOMIGOS E/F A PRAÇA MACIEL PINHEIROS,RUA DO ARAGAO,,AO LADO DO HOTEL SAO DOMIGOS E/F A PRAÇA MACIEL PINHEIROS,BOA VISTA,,,COLISÃO,COLISAO ENTRE DOIS AUTOS S/V,2,,,,,,,,,0,,,,,,,,,,,,,,,,,,
2018-06-11,16:22:00,SEM VÍTIMA,FINALIZADA,PINA,PTE AGAMENON MAGALHAES,,,EM CIMA DA PONTE SENTIDO CABANGA,PTE AGAMENON MAGALHAES,,EM CIMA DA PONTE SENTIDO CABANGA,PINA,,,COLISÃO,DOIS AUTOS S/V,2,,,,,,,,,0,,,,,,,,,,,,,,,,,,
2018-06-11,16:25:00,SEM VÍTIMA,FINALIZADA,BOA VIAGEM,RUA DR RAUL LAFAYETTE,,,ENTRE A FAMILIA GIULIANO E A ACADEMIA R2,RUA DR RAUL LAFAYETTE,,ENTRE A FAMILIA GIULIANO E A ACADEMIA R2,BOA VIAGEM,,,COLISÃO,COLISAO ENTRE CAMINHAO E AUTO S/V,1,,,,,1,,,,0,,,,,,,,,,,,,,,,,,
2018-06-11,16:46:00,SEM VÍTIMA,FINALIZADA,IMBIRIBEIRA,AV MARECHAL MASCARENHAS DE MORAES,,,NA SUBIDA DA PONTE MOTOCOLOMBO S/T AFOGADOS,AV MARECHAL MASCARENHAS DE MORAES,,NA SUBIDA DA PONTE MOTOCOLOMBO S/T AFOGADOS,IMBIRIBEIRA,,,COLISÃO,COLISAO ENTRE AUTO E CAMINHAO S/V,1,,,,,,,,,0,,,,,,,,,,,,,,,,,,
2018-06-11,17:32:00,SEM VÍTIMA,FINALIZADA,BOA VIAGEM,RUA AGENOR LOPES,100,,PROXIMO AO EDIFICIO LIVERPOOL,RUA AGENOR LOPES,100,PROXIMO AO EDIFICIO LIVERPOOL,BOA VIAGEM,,,COLISÃO,COLISÃO SEM VÍTIMA,2,,,,,,,,,0,,,,,,,,,,,,,,,,,,
2018-06-11,17:47:00,SEM VÍTIMA,FINALIZADA,SAN MARTIN,RUA APULCRO DE ASSUNCAO,22,,DO LADO DA PRACA DA CAVALARIA,RUA APULCRO DE ASSUNCAO,22,DO LADO DA PRACA DA CAVALARIA,SAN MARTIN,,,COLISÃO,COLISAO S/V,2,,,,,,,,,0,,,,,,,,,,,,,,,,,,
2018-06-11,18:01:00,SEM VÍTIMA,FINALIZADA,CASA FORTE,AV DEZESSETE DE AGOSTO,,,ANTES DA PRC DE CASA FORTE SENTIDO APIPUCOS PROX A SAEWEL,AV DEZESSETE DE AGOSTO,,ANTES DA PRC DE CASA FORTE SENTIDO APIPUCOS PROX A SAEWEL,CASA FORTE,,,COLISÃO,PALIO X CASMINHAO DE AGUA,1,,,,,,1,,,0,,,,,,,,,,,,,,,,,,
2018-06-11,20:35:00,SEM VÍTIMA,FINALIZADA,VASCO DA GAMA,RUA VASCO DA GAMA,,,NO RETORNO DO TRANSPORTE COMPLEMENTAR/PROXIMO AO TEATRO LOBATINHO,RUA VASCO DA GAMA,,NO RETORNO DO TRANSPORTE COMPLEMENTAR/PROXIMO AO TEATRO LOBATINHO,VASCO DA GAMA,,,COLISÃO,MOTO COM MICRO ONIBUS S/V,1,1,,,,,,,,0,,,,,,,,,,,,,,,,,,
2018-06-11,21:27:00,COM VÍTIMA,FINALIZADA,BOA VIAGEM,RUA ERNESTO DE PAULA SANTOS,,,DESCENDO O VIADUTO TANCREDO NEVES/EM FRENTE AO POSTO BR/SENTIDO BOA VIAGEM,RUA ERNESTO DE PAULA SANTOS,,DESCENDO O VIADUTO TANCREDO NEVES/EM FRENTE AO POSTO BR/SENTIDO BOA VIAGEM,BOA VIAGEM,,,COLISÃO,DOIS AUTOS S/V,2,,,,,,,,,1,,,,,,,,,,,,,,,,,,
2018-06-11,23:03:00,SEM VÍTIMA,FINALIZADA,BOA VIAGEM,RUA DHALIA,304,,EDF : ACEIRO PROX AO COLEGIO MOTIVO E RESTAURANTE PAPA-CAPIM,RUA DHALIA,304,EDF : ACEIRO PROX AO COLEGIO MOTIVO E RESTAURANTE PAPA-CAPIM,BOA VIAGEM,,,COLISÃO,DOIS AUTO,2,,,,,,,,,0,,,,,,,,,,,,,,,,,,
2018-06-12,00:31:00,SEM VÍTIMA,FINALIZADA,BOA VIAGEM,AV CONSELHEIRO AGUIAR,222,RUA BRUNO VELOSO,CRUZAMENTO COM A RUA BRUNO VELOSO, SEMÁFORO 146,AV CONSELHEIRO AGUIAR,222,CRUZAMENTO COM A RUA BRUNO VELOSO, SEMÁFORO 146,BOA VIAGEM,,,COLISÃO,COLISÃO ENTRE DOIS AUTOS S/V,2,,,,,,,,,0,,,,,,,,,,,,,,,,
2018-06-12,07:05:00,SEM VÍTIMA,FINALIZADA,BOA VIAGEM,RUA COPACABANA,426,,EM FRENTE A PADARIA SETUBAL,RUA COPACABANA,426,EM FRENTE A PADARIA SETUBAL,BOA VIAGEM,,,COLISÃO,DOIS AUTOS S/V,2,,,,,,,,,0,,,,,,,,,,,,,,,,,,