data,hora,natureza_acidente,situacao,bairro,endereco,numero,detalhe_endereco_acidente,complemento,endereco_cruzamento,numero_cruzamento,referencia_cruzamento,bairro_cruzamento,num_semaforo,sentido_via,tipo,descricao,auto,moto,ciclom,ciclista,pedestre,onibus,caminhao,viatura,outros,vitimas,vitimasfatais,acidente_verificado,tempo_clima,situacao_semaforo,sinalizacao,condicao_via,conservacao_via,ponto_controle,situacao_placa,velocidade_max_via,mao_direcao,divisao_via1,divisao_via2,divisao_via3,,,,
2018-06-12,07:32:00,SEM VÍTIMA,CANCELADA,AFOGADOS,PTE DO MOTOCOLOMBO,,,SENTIDO CENTRO EM CIMA DA PONTE MOTOCOLOMBO,PTE DO MOTOCOLOMBO,,SENTIDO CENTRO EM CIMA DA PONTE MOTOCOLOMBO,AFOGADOS,,,COLISÃO,COLISÃO SEM VITIMAS,1,,,,,,1,,,0,,,,,,,,,,,,,,,,,,
2018-06-12,07:40:00,SEM VÍTIMA,FINALIZADA,MADALENA,EST DOS REMEDIOS,,RUA BENFICA,COM A RUA BENFICA, NO SEMAFORO 051, APOS. O BOMPREÇO,EST DOS REMEDIOS,,COM A RUA BENFICA, NO SEMAFORO 051, APOS. O BOMPREÇO,MADALENA,,,COLISÃO,ONIBUS E AUTO,1,,,,,1,,,,0,,,,,,,,,,,,,,
2018-06-12,09:12:00,SEM VÍTIMA,FINALIZADA,IMBIRIBEIRA,AV GENERAL MAC ARTHUR,,,EM FRENTE AO PLANETA KIDS /,AV GENERAL MAC ARTHUR,,EM FRENTE AO PLANETA KIDS /,IMBIRIBEIRA,,,COLISÃO,MOTO E AUTO PASSEIO,1,1,,,,,,,,0,,,,,,,,,,,,,,,,,,
2018-06-12,09:31:00,SEM VÍTIMA,FINALIZADA,SÃO JOSÉ,AV SUL,500,RUA PADRE JOSE DE SA LEITAO,COM A RUA PADRE JOSE DE SA LEITAO, SEMAFORO 509,AV SUL,500,COM A RUA PADRE JOSE DE SA LEITAO, SEMAFORO 509,SÃO JOSÉ,,,COLISÃO,DOIS AUTOS S/V,2,,,,,,,,,0,,,,,,,,,,,,,,,,
2018-06-12,11:10:00,COM VÍTIMA,FINALIZADA,ENCRUZILHADA,AV NORTE,,,PRAÇA DA PICANHA - SENTIDO CIDADE,AV NORTE,,PRAÇA DA PICANHA - SENTIDO CIDADE,ENCRUZILHADA,,,COLISÃO,,,2,,,,,,,,1,,,,,,,,,,,,,,,,,,
2018-06-12,11:31:00,SEM VÍTIMA,FINALIZADA,ESTÂNCIA,AV DR JOSE RUFINO,416,,EM FRENTE A IGREJA TESTEMUNHA DE JEOVA / SENT CIDADE,AV DR JOSE RUFINO,416,EM FRENTE A IGREJA TESTEMUNHA DE JEOVA / SENT CIDADE,ESTÂNCIA,,,COLISÃO,VIATURA DESCARECTERIZADA DELEGACIA DE CAPITURAS / AUTO PASSEIO,1,,,,,,,1,,0,,,,,,,,,,,,,,,,,,
2018-06-12,11:32:00,SEM VÍTIMA,FINALIZADA,BOMBA DO HEMETÉRIO,RUA ALTO JOSE BONIFACIO,117,,PROX. AO DEPOSITO DANTAS GAS, NA SUBIDA DO ALTO JOSE BONIFACIO,RUA ALTO JOSE BONIFACIO,117,PROX. AO DEPOSITO DANTAS GAS, NA SUBIDA DO ALTO JOSE BONIFACIO,BOMBA DO HEMETÉRIO,,,COLISÃO,DUAS MOTOS,,2,,,,,,,,0,,,,,,,,,,,,,,,,
2018-06-12,12:08:00,SEM VÍTIMA,FINALIZADA,BOA VIAGEM,AV CONSELHEIRO AGUIAR,1221,,EM FRENTE A GALETTUS,AV CONSELHEIRO AGUIAR,1221,EM FRENTE A GALETTUS,BOA VIAGEM,,,COLISÃO,DOIS AUTOS, PONTO FIXO GM,2,,,,,,,,,0,,,,,,,,,,,,,,,,,
2018-06-12,12:12:00,SEM VÍTIMA,FINALIZADA,IMBIRIBEIRA,AV MARECHAL MASCARENHAS DE MORAES,,,E/F A FERREIRA COSTA S/T CID CONDUTORES ESTÃO NA RUA JOSÉ DA SILVA LUCENA,AV MARECHAL MASCARENHAS DE MORAES,,E/F A FERREIRA COSTA S/T CID CONDUTORES ESTÃO NA RUA JOSÉ DA SILVA LUCENA,IMBIRIBEIRA,,,COLISÃO,COLISAO ENTRE TRES AUTOS S/V,3,,,,,,,,,0,,,,,,,,,,,,,,,,,,
2018-06-12,12:25:00,SEM VÍTIMA,CANCELADA,IPSEP,RUA JEAN EMILE FAVRE,,,E/F AO ESTACIONAMENTO DA FACULDADE BOA VIAGEM E/F A PRAÇA,RUA JEAN EMILE FAVRE,,E/F AO ESTACIONAMENTO DA FACULDADE BOA VIAGEM E/F A PRAÇA,IPSEP,,,COLISÃO,COLISAO ENTRE AUTO E MOTO S/V,1,1,,,,,,,,0,,,,,,,,,,,,,,,,,,
2018-06-12,12:26:00,SEM VÍTIMA,FINALIZADA,BOA VIAGEM,RUA VISCONDE DE JEQUITINHONHA,98,,EM FRENTE A ACADEMIA CRISTÃ,RUA VISCONDE DE JEQUITINHONHA,98,EM FRENTE A ACADEMIA CRISTÃ,BOA VIAGEM,,,COLISÃO,COLISÃO SEM VÍTIMA,1,1,,,,,,,,0,,,,,,,,,,,,,,,,,,
2018-06-12,12:57:00,SEM VÍTIMA,FINALIZADA,VASCO DA GAMA,AV VEREADOR OTACILIO AZEVEDO,710,,EM FRENTE AO TERMINAL DO BREJO,,AV VEREADOR OTACILIO AZEVEDO,710,EM FRENTE AO TERMINAL DO BREJO,,VASCO DA GAMA,,,COLISÃO,AUTO E ONIBUS,1,,,,,1,,,,0,,,,,,,,,,,,,,,,
2018-06-12,13:46:00,SEM VÍTIMA,FINALIZADA,BOA VIAGEM,AV DES JOSE NEVES,334,,AO LADO DO TUNEL DO CARREFOUR,AV DES JOSE NEVES,334,AO LADO DO TUNEL DO CARREFOUR,BOA VIAGEM,,,COLISÃO,COLISAO ENTRE TAXI E CAMINHAO S/,1,,,,,,1,,,0,,,,,,,,,,,,,,,,,,
2018-06-12,14:17:00,SEM VÍTIMA,FINALIZADA,VÁRZEA,RUA MARECHAL MANOEL LUIS OSORIO,447,,PROX. AO HAP VIDA,RUA MARECHAL MANOEL LUIS OSORIO,447,PROX. AO HAP VIDA,VÁRZEA,,,COLISÃO,DOIS AUTOS,2,,,,,,,,,0,,,,,,,,,,,,,,,,,,
2018-06-12,14:43:00,SEM VÍTIMA,FINALIZADA,MADALENA,RUA DEMOCRITO DE SOUZA FILHO,477,,PROX A FAFIRE,RUA DEMOCRITO DE SOUZA FILHO,477,PROX A FAFIRE,MADALENA,,,COLISÃO,COLISAO ENTRE DOIS AUTOS S/V VT 20 NO LOCAL,2,,,,,,,,,0,,,,,,,,,,,,,,,,,,
2018-06-12,14:46:00,SEM VÍTIMA,FINALIZADA,ESTÂNCIA,AV ESTANCIA,120,RUA BALIZA,COM A RUA BALIZA,AV ESTANCIA,120,COM A RUA BALIZA,ESTÂNCIA,,,COLISÃO,AUTO E CAMINHÃO, VT-15 NO LOCAL,1,,,,,,1,,,0,,,,,,,,,,,,,,,,,
2018-06-12,15:27:00,SEM VÍTIMA,FINALIZADA,BOA VIAGEM,AV ENGENHEIRO DOMINGOS FERREIRA,,,EM FRENTE AO CARREFOUR,AV ENGENHEIRO DOMINGOS FERREIRA,,EM FRENTE AO CARREFOUR,BOA VIAGEM,,,COLISÃO,COLISÃO SEM VÍTIMA,1,,,,,1,,,,0,,,,,,,,,,,,,,,,,,
2018-06-12,15:31:00,SEM VÍTIMA,FINALIZADA,JAQUEIRA,RUA ANTENOR NAVARRO,81,,AO LADO DA LIVRARIA JAQUEIRA,RUA ANTENOR NAVARRO,81,AO LADO DA LIVRARIA JAQUEIRA,JAQUEIRA,,,COLISÃO,DOIS AUTOS,2,,,,,,,,,0,,,,,,,,,,,,,,,,,,
2018-06-12,15:38:00,SEM VÍTIMA,FINALIZADA,BOA VIAGEM,RUA ATLANTICO,835,AV ENG DOMINGOS FERREIRA,COM DOMINGOS FERREIRA, EM FRENTE AO START AUTOMOVEIS,RUA ATLANTICO,835,COM DOMINGOS FERREIRA, EM FRENTE AO START AUTOMOVEIS,BOA VIAGEM,,,COLISÃO,DOIS AUTOS,2,,,,,,,,,0,,,,,,,,,,,,,,,,
2018-06-12,15:49:00,SEM VÍTIMA,FINALIZADA,ESPINHEIRO,RUA MARQUES DO PARANA,292B,,EM FRENTE AO PET SHOP É O BICHO,RUA MARQUES DO PARANA,292B,EM FRENTE AO PET SHOP É O BICHO,ESPINHEIRO,,,COLISÃO,COLISÃO SEM VÍTIMA,1,,,,,1,,,,0,,,,,,,,,,,,,,,,,,
2018-06-12,15:55:00,SEM VÍTIMA,FINALIZADA,MADALENA,RUA BENFICA,,,NO SEMAFORO 590 (PRAÇA EUCLIDES DA CUNHA), NA SUBIDA DA PONTE S/T CID,RUA BENFICA,,NO SEMAFORO 590 (PRAÇA EUCLIDES DA CUNHA), NA SUBIDA DA PONTE S/T CID,MADALENA,,,COLISÃO,COLISAO ENTRE DOIS AUTOS S/V,2,,,,,,,,,0,,,,,,,,,,,,,,,,
2018-06-12,16:36:00,SEM VÍTIMA,FINALIZADA,CASA AMARELA,EST DO ARRAIAL,4961,,PROX. A BORRACHARIA UTI DOS PNEUS,EST DO ARRAIAL,4961,PROX. A BORRACHARIA UTI DOS PNEUS,CASA AMARELA,,,COLISÃO,DOIS AUTOS,2,,,,,,,,,0,,,,,,,,,,,,,,,,,,
2018-06-12,16:57:00,SEM VÍTIMA,FINALIZADA,SANTO ANTÔNIO,RUA IMPERADOR PEDRO SEGUNDO,382,,PROX. AO ANTIGO DIARIO DA MANHA,RUA IMPERADOR PEDRO SEGUNDO,382,PROX. AO ANTIGO DIARIO DA MANHA,SANTO ANTÔNIO,,,COLISÃO,DOIS AUTOS,2,,,,,,,,,0,,,,,,,,,,,,,,,,,,
2018-06-12,17:45:00,SEM VÍTIMA,FINALIZADA,CASA AMARELA,AV NORTE,5237,RUA DA HARMONIA,E/F A LU MODAS ESQUINA DA RUA DA HARMONIA S/T SUB,AV NORTE,5237,E/F A LU MODAS ESQUINA DA RUA DA HARMONIA S/T SUB,CASA AMARELA,,,COLISÃO,COLISAO ENTRE DOIS AUTOS S/V,2,,,,,,,,,0,,,,,,,,,,,,,,,,,,
2018-06-12,18:43:00,SEM VÍTIMA,FINALIZADA,IPSEP,AV RECIFE,2810,,PROXIMO AO MARTELINHO DE OURO TOQUE DE MESTRE SENTIDO DE QUEM VEM DE BOA VIAGEM P PAULISTA,AV RECIFE,2810,PROXIMO AO MARTELINHO DE OURO TOQUE DE MESTRE SENTIDO DE QUEM VEM DE BOA VIAGEM P PAULISTA,IPSEP,,,ENGAVETAMENTO,TREIS AUTOS S/V,3,,,,,,,,,0,,,,,,,,,,,,,,,,,,
2018-06-12,18:52:00,SEM VÍTIMA,FINALIZADA,BOA VIAGEM,RUA ANTONIO FALCAO,,,SEMAFORO 640/NA FRENTE DA FARMACIA DO TRABALHADOR,RUA ANTONIO FALCAO,,SEMAFORO 640/NA FRENTE DA FARMACIA DO TRABALHADOR,BOA VIAGEM,,,COLISÃO,DOIS AUTOS/CARRETA E CARRO PASSEIO,2,,,,,,,,,0,,,,,,,,,,,,,,,,,,
2018-06-12,19:34:00,SEM VÍTIMA,FINALIZADA,FUNDÃO,RUA CORONEL URBANO RIBEIRO DE SENA,,AV BEBERIBE,SEMAFORO 307/ENTRADA DA COMPESA ALTO DO CEU,RUA CORONEL URBANO RIBEIRO DE SENA,,SEMAFORO 307/ENTRADA DA COMPESA ALTO DO CEU,FUNDÃO,,,COLISÃO,DOIS AUTOS,2,,,,,,,,,0,,,,,,,,,,,,,,,,,,
2018-06-12,19:34:00,SEM VÍTIMA,FINALIZADA,GRAÇAS,RUA DAS COLINAS,,,OBS::: RUA DAS CRIOLAS PROX AO RESTAURANTE NIRAI,RUA DAS COLINAS,,OBS::: RUA DAS CRIOLAS PROX AO RESTAURANTE NIRAI,GRAÇAS,,,COLISÃO,DOIS AUTO SUB ESTA NO LOCAL,2,,,,,,,,,0,,,,,,,,,,,,,,,,,,
2018-06-12,19:52:00,COM VÍTIMA,FINALIZADA,DERBY,PRC DO DERBY,,RUA JENNER DE SOUZA,SEMAFORO 040 CRUZAMENTO COM O QUARTEL DO DERBY SENTIDO INTERNACIONAL,PRC DO DERBY,,SEMAFORO 040 CRUZAMENTO COM O QUARTEL DO DERBY SENTIDO INTERNACIONAL,DERBY,,,COLISÃO,AUTO E MOTO,1,1,,,,,,,,1,,,,,,,,,,,,,,,,,,
2018-06-12,19:55:00,SEM VÍTIMA,FINALIZADA,GRAÇAS,RUA DA HORA,,,NA SAIDA DA LOJA DE NOIVAS/RUA DA HORA SENTIDO ROSA E SILVA,RUA DA HORA,,NA SAIDA DA LOJA DE NOIVAS/RUA DA HORA SENTIDO ROSA E SILVA,GRAÇAS,,,COLISÃO,CAMINHAO/AUTO S/V,1,,,,,,1,,,0,,,,,,,,,,,,,,,,,,
2018-06-12,20:15:00,COM VÍTIMA,FINALIZADA,CAMPO GRANDE,RUA CRISTOVAO JAQUES,272,,PROX A PIZZARIA PASSIRA,RUA CRISTOVAO JAQUES,272,PROX A PIZZARIA PASSIRA,CAMPO GRANDE,,,COLISÃO,MOTO E VEICULO C/V,1,1,,,,,,,,1,,,,,,,,,,,,,,,,,,
2018-06-12,20:26:00,SEM VÍTIMA,FINALIZADA,TOTÓ,RUA ONZE DE AGOSTO,491,,ENFR AO CENTRO EDUCATIVO BIDU KRAUSE,RUA ONZE DE AGOSTO,491,ENFR AO CENTRO EDUCATIVO BIDU KRAUSE,TOTÓ,,,COLISÃO,ONIBUS X PALIO,1,,,,,1,,,,0,,,,,,,,,,,,,,,,,,
2018-06-12,20:27:00,,CANCELADA,COELHOS,RUA DOS COELHOS,S/N,,DESCIDA DA PONTE POETA JOAQUIM CARDOSO,RUA DOS COELHOS,S/N,DESCIDA DA PONTE POETA JOAQUIM CARDOSO,COELHOS,,,COLISÃO,DOIS AUTO,2,,,,,,,,,0,,,,,,,,,,,,,,,,,,
2018-06-12,20:32:00,SEM VÍTIMA,FINALIZADA,ILHA JOANA BEZERRA,AV AGOSTINHO GOMES,,,AMBAIXO DO PONTILHAO DO METRO DE JOANA BEZERRA NA DECIDA DA PONTE,AV AGOSTINHO GOMES,,AMBAIXO DO PONTILHAO DO METRO DE JOANA BEZERRA NA DECIDA DA PONTE,ILHA JOANA BEZERRA,,,COLISÃO,DOIS AUTO,2,,,,,,,,,0,,,,,,,,,,,,,,,,,,
2018-06-12,21:07:00,SEM VÍTIMA,FINALIZADA,ESPINHEIRO,RUA AMELIA,,RUA CONSELHEIRO ROSA E SILVA,CRUZAMENTO COM A RUA CONS ROSA E SILVA,RUA AMELIA,,CRUZAMENTO COM A RUA CONS ROSA E SILVA,ESPINHEIRO,,,COLISÃO,CAMINHAO DE COLETA X GOL,1,,,,,,1,,,0,,,,,,,,,,,,,,,,,,
2018-06-12,21:34:00,SEM VÍTIMA,FINALIZADA,SÃO JOSÉ,AV DANTAS BARRETO,,,ENF AO EDF : SAO RAFAEL,AV DANTAS BARRETO,,ENF AO EDF : SAO RAFAEL,SÃO JOSÉ,,,CHOQUE,VT DA PM X POSTE,,,,,,,,1,1,0,,,,,,,,,,,,,,,,,,
2018-06-12,23:06:00,SEM VÍTIMA,FINALIZADA,IBURA,AV DOIS RIOS,,,NA SUBIDA DA LADEIRA DA COHAB,AV DOIS RIOS,,NA SUBIDA DA LADEIRA DA COHAB,IBURA,,,COLISÃO,ONNIBUS X AUTO,1,,,,,1,,,,0,,,,,,,,,,,,,,,,,,
2018-06-12,23:35:00,COM VÍTIMA,CANCELADA,TEJIPIÓ,AV DR JOSE RUFINO,,,REF EM FRENTE A ESTACAO DO METRO TEJIPIO,AV DR JOSE RUFINO,,REF EM FRENTE A ESTACAO DO METRO TEJIPIO,TEJIPIÓ,,,COLISÃO,MOTO E VEICULO C/V,1,1,,,,,,,,1,,,,,,,,,,,,,,,,,,
2018-06-13,07:03:00,COM VÍTIMA,FINALIZADA,ROSARINHO,AV NORTE,3388,,,AV NORTE,3388,,ROSARINHO,,,COLISÃO,COLISÃO ENTRE MOTOCICLETA E AUTO PASSEIO,1,1,,,,,,,,1,,,,,,,,,,,,,,,,,,
2018-06-13,07:53:00,SEM VÍTIMA,FINALIZADA,MADALENA,EST DOS REMEDIOS,,,EM BAIXO DO SEMAFORO 353 EM FRENTE AO POSTO DE SAUDE LESSA DE ANDRADE,EST DOS REMEDIOS,,EM BAIXO DO SEMAFORO 353 EM FRENTE AO POSTO DE SAUDE LESSA DE ANDRADE,MADALENA,,,COLISÃO,COLISÃO SEM VITIMAS,1,,,,,1,,,,0,,,,,,,,,,,,,,,,,,
2018-06-13,08:24:00,SEM VÍTIMA,FINALIZADA,NOVA DESCOBERTA,AV VEREADOR OTACILIO AZEVEDO,3002,,EM FRENTE A LANCHONETE RAMOS,AV VEREADOR OTACILIO AZEVEDO,3002,EM FRENTE A LANCHONETE RAMOS,NOVA DESCOBERTA,,,COLISÃO,ONIBUS E VIATURA DA POLICIA MILITAR,,,,,,1,,1,,0,,,,,,,,,,,,,,,,,,
2018-06-13,08:35:00,SEM VÍTIMA,FINALIZADA,SÃO JOSÉ,C SANTA RITA,,,EM FRENTE AO ANTIGO GALPÃO,C SANTA RITA,,EM FRENTE AO ANTIGO GALPÃO,SÃO JOSÉ,,,COLISÃO,COLISÃO SEM VITIMAS BT MOTO 23 MOTO 15 QTH,1,,,,,1,,,,0,,,,,,,,,,,,,,,,,,
2018-06-13,08:43:00,COM VÍTIMA,FINALIZADA,ENCRUZILHADA,RUA DR JOSE MARIA,393,,AO LADO DO EXTRABOM,RUA DR JOSE MARIA,393,AO LADO DO EXTRABOM,ENCRUZILHADA,,,COLISÃO,MOTO E AUTO,1,1,,,,,,,,1,,,,,,,,,,,,,,,,,,
2018-06-13,10:19:00,SEM VÍTIMA,FINALIZADA,IPSEP,AV RECIFE,165 A,,SENTIDO CAXANGA EM FRENTE A LOJA RECIFE CALHAS,AV RECIFE,165 A,SENTIDO CAXANGA EM FRENTE A LOJA RECIFE CALHAS,IPSEP,,,COLISÃO,COLISÃO SEM VITIMAS,2,,,,,,,,,0,,,,,,,,,,,,,,,,,,
2018-06-13,10:34:00,SEM VÍTIMA,FINALIZADA,MADALENA,AV BEIRA RIO,128,,APOS A PONTE DA TORRE EM FRENTE A LOJA DRYCLAN CRIN,AV BEIRA RIO,128,APOS A PONTE DA TORRE EM FRENTE A LOJA DRYCLAN CRIN,MADALENA,,,COLISÃO,COLISÃO SEM VITIMAS,2,,,,,,,,,0,,,,,,,,,,,,,,,,,,
2018-06-13,10:39:00,SEM VÍTIMA,CANCELADA,TEJIPIÓ,AV LIBERDADE,586,,PROX. LIBERTADA MOTO PEÇAS E FRUTARIA LIBERDADE,AV LIBERDADE,586,PROX. LIBERTADA MOTO PEÇAS E FRUTARIA LIBERDADE,TEJIPIÓ,,,COLISÃO,ONIBUS E AUTO,1,,,,,1,,,,0,,,,,,,,,,,,,,,,,,
2018-06-13,10:41:00,,FINALIZADA,JARDIM SÃO PAULO,AV LIBERDADE,575,,NA ENTRADA DA RUA PIRACICABA EM FRENTE A PAPELARIA ESCRITA PAPEIS E COMPANHIA,AV LIBERDADE,575,NA ENTRADA DA RUA PIRACICABA EM FRENTE A PAPELARIA ESCRITA PAPEIS E COMPANHIA,JARDIM SÃO PAULO,,,COLISÃO,COLISÃO SEM VITIMAS,1,,,,,1,,,,0,,,,,,,,,,,,,,,,,,
2018-06-13,10:52:00,SEM VÍTIMA,FINALIZADA,BOA VISTA,RUA PRINCESA IZABEL,563,,EM FRENTE AO TREZE DE MAIO, SENT. CIDADE HOSPITAL GERAL DO RECIFE,RUA PRINCESA IZABEL,563,EM FRENTE AO TREZE DE MAIO, SENT. CIDADE HOSPITAL GERAL DO RECIFE,BOA VISTA,,,COLISÃO,ONIBUS E AUTO,1,,,,,1,,,,0,,,,,,,,,,,,,,,,
2018-06-13,11:03:00,SEM VÍTIMA,FINALIZADA,IPSEP,AV RECIFE,2528,,EM FRENTE AO ATACAMAX,AV RECIFE,2528,EM FRENTE AO ATACAMAX,IPSEP,,,COLISÃO,DOIS AUTOS,2,,,,,,,,,0,,,,,,,,,,,,,,,,,,
2018-06-13,11:03:00,SEM VÍTIMA,CANCELADA,IPUTINGA,EST DO BARBALHO,339,,EM FRENT AO ARMAZEM COUTO CONSTRUÇÕES,EST DO BARBALHO,339,EM FRENT AO ARMAZEM COUTO CONSTRUÇÕES,IPUTINGA,,,COLISÃO,SEM VITIMAS,2,,,,,,,,,0,,,,,,,,,,,,,,,,,,
2018-06-13,11:39:00,SEM VÍTIMA,FINALIZADA,GRAÇAS,RUA DAS CREOULAS,,,EM FRENTE A FARMÁCIA 4 CANTOS,RUA DAS CREOULAS,,EM FRENTE A FARMÁCIA 4 CANTOS,GRAÇAS,,,COLISÃO,COLISÃO ENTRE DOIS AUTOS SEM VÍTIMA,1,,,,,,,1,,0,,,,,,,,,,,,,,,,,,
2018-06-13,12:23:00,SEM VÍTIMA,FINALIZADA,PINA,RUA MANOEL CORIOLANO,370,,E/F AO RESTAURANTE CASA DA VOVÓ LEONI,RUA MANOEL CORIOLANO,370,E/F AO RESTAURANTE CASA DA VOVÓ LEONI,PINA,,,COLISÃO,COLISAO ENTRE DOIS AUTOS S/V,2,,,,,,,,,0,,,,,,,,,,,,,,,,,,
2018-06-13,12:36:00,SEM VÍTIMA,FINALIZADA,MADALENA,RUA BENFICA,,,EM FRENTE A PRAÇA DO INTERNACIONAL, E A POLITECNICA,RUA BENFICA,,EM FRENTE A PRAÇA DO INTERNACIONAL, E A POLITECNICA,MADALENA,,,COLISÃO,DOIS AUTOS S/V,2,,,,,,,,,0,,,,,,,,,,,,,,,,
2018-06-13,13:56:00,SEM VÍTIMA,FINALIZADA,CORDEIRO,AV ENGENHEIRO ABDIAS DE CARVALHO,,,E/F A FACULDADE ESTACIO DE SÁ S/T CID,AV ENGENHEIRO ABDIAS DE CARVALHO,,E/F A FACULDADE ESTACIO DE SÁ S/T CID,CORDEIRO,,,COLISÃO,COLISAO ENTRE DOIS AUTOS S/V,2,,,,,,,,,0,,,,,,,,,,,,,,,,,,
2018-06-13,14:00:00,SEM VÍTIMA,FINALIZADA,IMBIRIBEIRA,AV MARECHAL MASCARENHAS DE MORAES,,,EM FRENTE A GRILLO, SENTIDO CENTR,AV MARECHAL MASCARENHAS DE MORAES,,EM FRENTE A GRILLO, SENTIDO CENTR,IMBIRIBEIRA,,,COLISÃO,AUTO E CAMINHAO,1,,,,,,1,,,0,,,,,,,,,,,,,,,,
2018-06-13,14:05:00,VÍTIMA FATAL,FINALIZADA,IBURA,AV RECIFE,,,ENTRADA DO IBURA,AV RECIFE,,ENTRADA DO IBURA,IBURA,,,COLISÃO,COLISÃO COM VITIMA,1,1,,,,,1,,,0,1,,,,,,,,,,,,,,,,,
2018-06-13,14:06:00,SEM VÍTIMA,CANCELADA,JARDIM SÃO PAULO,RUA N S DE FATIMA,,,NA SAIDA DE JARDIM SÃO PAULO/ PROXIMO AO POSTO TOTAL,RUA N S DE FATIMA,,NA SAIDA DE JARDIM SÃO PAULO/ PROXIMO AO POSTO TOTAL,JARDIM SÃO PAULO,,,COLISÃO,COLISÃO SEM VÍTIMA,2,,,,,,,,,0,,,,,,,,,,,,,,,,,,
2018-06-13,14:31:00,SEM VÍTIMA,FINALIZADA,BOA VIAGEM,RUA BALTAZAR PASSOS,515,,EM FRENTE A ESCOLA FAZER EVOLUIR,RUA BALTAZAR PASSOS,515,EM FRENTE A ESCOLA FAZER EVOLUIR,BOA VIAGEM,,,COLISÃO,COLISÃO SEM VÍTIMA,2,,,,,,,,,0,,,,,,,,,,,,,,,,,,
2018-06-13,15:38:00,SEM VÍTIMA,FINALIZADA,DERBY,AV GOVERNADOR AGAMENON MAGALHAES,,,E/F A EMBRATEL S/T BOA VIAGEM,AV GOVERNADOR AGAMENON MAGALHAES,,E/F A EMBRATEL S/T BOA VIAGEM,DERBY,,,COLISÃO,COLISAO ENTRE DOIS AUTOS S/V,2,,,,,,,,,0,,,,,,,,,,,,,,,,,,
2018-06-13,15:43:00,SEM VÍTIMA,FINALIZADA,ESPINHEIRO,RUA QUARENTA E OITO,,,EM FRENTE A FARMACIA INDEPENDENTE,RUA QUARENTA E OITO,,EM FRENTE A FARMACIA INDEPENDENTE,ESPINHEIRO,,,COLISÃO,COLISÃO SEM VÍTIMA,1,,,,,1,,,,0,,,,,,,,,,,,,,,,,,
2018-06-13,16:15:00,SEM VÍTIMA,FINALIZADA,AFLITOS,AV CONS ROSA E SILVA,1470,,EM FRENTE AO SHOPPING ETC,AV CONS ROSA E SILVA,1470,EM FRENTE AO SHOPPING ETC,AFLITOS,,,COLISÃO,DOIS AUTOS SV,2,,,,,,,,,0,,,,,,,,,,,,,,,,,,
2018-06-13,16:22:00,SEM VÍTIMA,FINALIZADA,BOA VIAGEM,RUA RIBEIRO DE BRITO,830,,EM FRENTE AO EMPRESARIAL RIBEIRO DE BRITO,RUA RIBEIRO DE BRITO,830,EM FRENTE AO EMPRESARIAL RIBEIRO DE BRITO,BOA VIAGEM,,,COLISÃO,COLISÃO SEM VÍTIMA,2,,,,,,,,,0,,,,,,,,,,,,,,,,,,
2018-06-13,17:11:00,SEM VÍTIMA,FINALIZADA,CAMPO GRANDE,EST DE BELEM,848,,EM FRENTE AO EDIFICO BELEM,EST DE BELEM,848,EM FRENTE AO EDIFICO BELEM,CAMPO GRANDE,,,COLISÃO,COLISÃO SEM VÍTIMA,2,,,,,,,,,0,,,,,,,,,,,,,,,,,,
2018-06-13,17:38:00,SEM VÍTIMA,EQUIPE EM DESLOCAMENTO,ENCRUZILHADA,AV BEBERIBE,,,E/F A NISSAN S/T CID,AV BEBERIBE,,E/F A NISSAN S/T CID,ENCRUZILHADA,,,COLISÃO,COLISAO ENTRE ONIBUS E AUTO S/V,1,,,,,1,,,,0,,,,,,,,,,,,,,,,,,
2018-06-13,17:59:00,SEM VÍTIMA,FINALIZADA,AFOGADOS,RUA SAO MIGUEL,1364,,E/F A DROGARIA BONGI,RUA SAO MIGUEL,1364,E/F A DROGARIA BONGI,AFOGADOS,,,COLISÃO,ENTRE 2 AUTOS, S/V,2,,,,,,,,,0,,,,,,,,,,,,,,,,,
2018-06-13,18:41:00,SEM VÍTIMA,FINALIZADA,PAISSANDU,RUA EPAMINONDAS DE MELO,119,,POR TRAS DO EMPRESARIAL RENATO DIAS,RUA EPAMINONDAS DE MELO,119,POR TRAS DO EMPRESARIAL RENATO DIAS,PAISSANDU,,,COLISÃO,HONDA CIT X CLASSIC,2,,,,,,,,,0,,,,,,,,,,,,,,,,,,
2018-06-13,18:54:00,SEM VÍTIMA,CANCELADA,IMBIRIBEIRA,AV MARECHAL MASCARENHAS DE MORAES,S/N,,EMBAIXO DO VIADUTO TRANQUEDO NEVES SENTIDO AFOGADOS,AV MARECHAL MASCARENHAS DE MORAES,S/N,EMBAIXO DO VIADUTO TRANQUEDO NEVES SENTIDO AFOGADOS,IMBIRIBEIRA,,,COLISÃO,ONIBUS X MICRO-ONIBUS,,,,,,2,,,,0,,,,,,,,,,,,,,,,,,
2018-06-13,19:05:00,SEM VÍTIMA,CANCELADA,IMBIRIBEIRA,RUA JOSE DA SILVA LUCENA,230,AV SUL,CRUZAMENTO COM AV . SUL GOV. CID. SAMPAIO,RUA JOSE DA SILVA LUCENA,230,CRUZAMENTO COM AV . SUL GOV. CID. SAMPAIO,IMBIRIBEIRA,,,COLISÃO,DOIS AUTO,2,,,,,,,,,0,,,,,,,,,,,,,,,,,,
2018-06-13,19:37:00,COM VÍTIMA,FINALIZADA,PINA,RUA MANOEL DE BRITO,,,NA DESCIDA DA VIA MANGUE. E/F AO CORPUS MOTEL,RUA MANOEL DE BRITO,,NA DESCIDA DA VIA MANGUE. E/F AO CORPUS MOTEL,PINA,,,COLISÃO,ENTRE AUTO E MOTO. C/V,1,1,,,,,,,,1,,,,,,,,,,,,,,,,,,
2018-06-13,21:18:00,SEM VÍTIMA,FINALIZADA,VÁRZEA,RUA TOMAZ FERREIRA,,,ENF AO POSTO DE SAUDE DO COSME DAMIAO,RUA TOMAZ FERREIRA,,ENF AO POSTO DE SAUDE DO COSME DAMIAO,VÁRZEA,,,COLISÃO,MICRO-ONIBUS X FOX,1,,,,,1,,,,0,,,,,,,,,,,,,,,,,,