data,hora,natureza_acidente,situacao,bairro,endereco,numero,detalhe_endereco_acidente,complemento,endereco_cruzamento,numero_cruzamento,referencia_cruzamento,bairro_cruzamento,num_semaforo,sentido_via,tipo,descricao,auto,moto,ciclom,ciclista,pedestre,onibus,caminhao,viatura,outros,vitimas,vitimasfatais,acidente_verificado,tempo_clima,situacao_semaforo,sinalizacao,condicao_via,conservacao_via,ponto_controle,situacao_placa,velocidade_max_via,mao_direcao,divisao_via1,divisao_via2,divisao_via3,,,,
2018-06-15,18:09:00,SEM VÍTIMA,FINALIZADA,AFOGADOS,RUA SANTOS ARAUJO,90,,ENF A FACULDADE AFAREC E POSTO BR,RUA SANTOS ARAUJO,90,ENF A FACULDADE AFAREC E POSTO BR,AFOGADOS,,,COLISÃO,ONIBUS X AUTO,1,,,,,1,,,,0,,,,,,,,,,,,,,,,,,
2018-06-15,18:40:00,SEM VÍTIMA,FINALIZADA,TORRE,RUA PADRE LANDIM,349,RUA DOM MANOEL DA COSTA,CRUZANDO COM A R DOM MANOEL DA COSTA / AO LADO DA ESCOLA PAROQUIAL CRISTO REI,RUA PADRE LANDIM,349,CRUZANDO COM A R DOM MANOEL DA COSTA / AO LADO DA ESCOLA PAROQUIAL CRISTO REI,TORRE,,,COLISÃO,ENTRE AUTO E MOTOS/V,1,1,,,,,,,,0,,,,,,,,,,,,,,,,,,
2018-06-15,19:50:00,SEM VÍTIMA,CANCELADA,CAXANGÁ,AV CAXANGA,3410,,SENTIDO CIDADE ENF AO BANCO DO BRASIL E PROX AO POSTO BR E CLINICA VETERINARIA,AV CAXANGA,3410,SENTIDO CIDADE ENF AO BANCO DO BRASIL E PROX AO POSTO BR E CLINICA VETERINARIA,CAXANGÁ,,,COLISÃO,CAMINHAO BAU X ONIX,1,,,,,,1,,,0,,,,,,,,,,,,,,,,,,
2018-06-15,20:24:00,SEM VÍTIMA,FINALIZADA,IMBIRIBEIRA,AV PRESIDENTE DUTRA,,,APÓS O VIADUTO TANCREDO NEVES - DEFRONTE AO SAL E BRASA - SENTIDO CEASA,AV PRESIDENTE DUTRA,,APÓS O VIADUTO TANCREDO NEVES - DEFRONTE AO SAL E BRASA - SENTIDO CEASA,IMBIRIBEIRA,,,COLISÃO,ENTRE 2 AUTOS. S/V. UMA DAS PARTES APRESENTA EMBRIAGUEZ.,2,,,,,,,,,0,,,,,,,,,,,,,,,,,,
2018-06-15,20:32:00,SEM VÍTIMA,FINALIZADA,IMBIRIBEIRA,AV MARECHAL MASCARENHAS DE MORAES,,,E/F AO ASSAÍ ATACADISTA., SNT CENTRO DA CIDADE / AO LADO DA FACULDADE METROPOLITANA,AV MARECHAL MASCARENHAS DE MORAES,,E/F AO ASSAÍ ATACADISTA., SNT CENTRO DA CIDADE / AO LADO DA FACULDADE METROPOLITANA,IMBIRIBEIRA,,,COLISÃO,ENTRE ÔNIBUS E AUTO PASSEIO. S/V,1,,,,,1,,,,0,,,,,,,,,,,,,,,,
2018-06-15,21:52:00,SEM VÍTIMA,FINALIZADA,PARNAMIRIM,AV PARNAMIRIM,,RUA TITO ROSAS,CRUZAMENTO COM A RUA TITO ROSAS E/F A CONCESSIONÁRIA BREMEN,AV PARNAMIRIM,,CRUZAMENTO COM A RUA TITO ROSAS E/F A CONCESSIONÁRIA BREMEN,PARNAMIRIM,,,COLISÃO,DOIS AUTO,2,,,,,,,,,0,,,,,,,,,,,,,,,,,,
2018-06-15,22:02:00,COM VÍTIMA,FINALIZADA,DERBY,RUA AMAURI DE MEDEIROS,,RUA BARAO DE GOIANIA,ESQUINA DO EDF DERBY PARK // AO LADO DA CASA DO ESTUDANTE // CRUZANDO A R BARÃO DE GOIÂNIA,RUA AMAURI DE MEDEIROS,,ESQUINA DO EDF DERBY PARK // AO LADO DA CASA DO ESTUDANTE // CRUZANDO A R BARÃO DE GOIÂNIA,DERBY,,,COLISÃO,ENTRE AUTO E MOTO. C/V,1,1,,,,,,,,1,,,,,,,,,,,,,,,,,,
2018-06-15,22:45:00,SEM VÍTIMA,FINALIZADA,MADALENA,RUA BENFICA,,,PROX AO BRT E AO EXTRA,RUA BENFICA,,PROX AO BRT E AO EXTRA,MADALENA,,,COLISÃO,ONIBUS X AUTO,1,,,,,1,,,,0,,,,,,,,,,,,,,,,,,
2018-06-15,23:25:00,SEM VÍTIMA,FINALIZADA,CASA FORTE,RUA ENGENHEIRO OSCAR FERREIRA,,,CRUZANDO A EST DO ENCANAMENTO / PRÓX AO BAR FERRO E FOGO,RUA ENGENHEIRO OSCAR FERREIRA,,CRUZANDO A EST DO ENCANAMENTO / PRÓX AO BAR FERRO E FOGO,CASA FORTE,,,COLISÃO,ENTRE 2 AUTOS. S/V,2,,,,,,,,,0,,,,,,,,,,,,,,,,,,
2018-06-15,23:37:00,SEM VÍTIMA,FINALIZADA,SÃO JOSÉ,AV SUL,,,PROX A PRC DO GALO,AV SUL,,PROX A PRC DO GALO,SÃO JOSÉ,,,COLISÃO,VT DO IML X AUTO,1,,,,,,,1,,0,,,,,,,,,,,,,,,,,,
2018-06-15,23:58:00,SEM VÍTIMA,FINALIZADA,IMBIRIBEIRA,AV MARECHAL MASCARENHAS DE MORAES,,,PROX DO GERALDÃO, EM FRENTE A HOME CENTER TUPAN, SENTIDO AFOGADOS,AV MARECHAL MASCARENHAS DE MORAES,,PROX DO GERALDÃO, EM FRENTE A HOME CENTER TUPAN, SENTIDO AFOGADOS,IMBIRIBEIRA,,,COLISÃO,COLISÃO ENTRE DOIS AUTOS ONDE UM DOS VEÍCULOS VEIO A CAPOTAR APOS A COLISÃO S/V,2,,,,,,,,,0,,,,,,,,,,,,,,
2018-06-16,06:08:00,SEM VÍTIMA,FINALIZADA,SANTO AMARO,RUA ALUISIO DE AZEVEDO,,,EM FRENTE A TKS SEGURANÇA PRIVADA // PRÓX A UPE,RUA ALUISIO DE AZEVEDO,,EM FRENTE A TKS SEGURANÇA PRIVADA // PRÓX A UPE,SANTO AMARO,,,CHOQUE,VEÍCULO CHOCOU-SE CONTRA DOIS VEÍCULOS ESTACIONADOS,3,,,,,,,,,0,,,,,,,,,,,,,,,,,,
2018-06-16,08:21:00,SEM VÍTIMA,FINALIZADA,IBURA,AV DOIS RIOS,423,,EM FRENTE A AUTO ESCOLA BANDEIRANTES,SENT/AV RECIFE,AV DOIS RIOS,423,EM FRENTE A AUTO ESCOLA BANDEIRANTES,SENT/AV RECIFE,IBURA,,,COLISÃO,SEM VITIMAS,3,,,,,,,,,0,,,,,,,,,,,,,,,,
2018-06-16,08:31:00,SEM VÍTIMA,FINALIZADA,JORDÃO,AV MARECHAL MASCARENHAS DE MORAES,,,SOBRE O TUNEL,AV MARECHAL MASCARENHAS DE MORAES,,SOBRE O TUNEL,JORDÃO,,,COLISÃO,DOIS AUTOS VT 10 NO QTH GMS,2,,,,,,,,,0,,,,,,,,,,,,,,,,,,
2018-06-16,08:35:00,SEM VÍTIMA,FINALIZADA,ZUMBI,AV PROFESSOR ESTEVAO FRANCISCO DA COSTA,,,E/F A PADARIA RAINHA DA TORRE, SEMÁFORO 280,AV PROFESSOR ESTEVAO FRANCISCO DA COSTA,,E/F A PADARIA RAINHA DA TORRE, SEMÁFORO 280,ZUMBI,,,COLISÃO,SEM VÍTIMAS,2,,,,,,,,,0,,,,,,,,,,,,,,,,
2018-06-16,10:26:00,SEM VÍTIMA,FINALIZADA,ESTÂNCIA,AV RECIFE,,,EM FRENTE AO MACKO / SENT SUB,AV RECIFE,,EM FRENTE AO MACKO / SENT SUB,ESTÂNCIA,,,COLISÃO,CAMINHAO E AUTO,1,,,,,,1,,,0,,,,,,,,,,,,,,,,,,
2018-06-16,11:07:00,SEM VÍTIMA,FINALIZADA,DOIS IRMÃOS,RUA RIBEIRO PESSOA,,,SEMÁFORO 281, SENTIDO CENTRO E/F A UPA DA CAXANGÁ,RUA RIBEIRO PESSOA,,SEMÁFORO 281, SENTIDO CENTRO E/F A UPA DA CAXANGÁ,DOIS IRMÃOS,,,COLISÃO,SEM VÍTIMAS,1,,,,,,1,,,0,,,,,,,,,,,,,,,,
2018-06-16,11:56:00,SEM VÍTIMA,FINALIZADA,JARDIM SÃO PAULO,EST DO CURADO,819,,EM FRENTE AO AÇOUGUE DO CICERO,EST DO CURADO,819,EM FRENTE AO AÇOUGUE DO CICERO,JARDIM SÃO PAULO,,,COLISÃO,AUTO E ONIBUS ,1,,,,,1,,,,0,,,,,,,,,,,,,,,,,,
2018-06-16,12:29:00,SEM VÍTIMA,FINALIZADA,ILHA DO LEITE,RUA SENADOR FABIO DE BARROS,62,,AO LADO DO RESTAURANTE TEMPERO DE CASA,RUA SENADOR FABIO DE BARROS,62,AO LADO DO RESTAURANTE TEMPERO DE CASA,ILHA DO LEITE,,,COLISÃO,DOIS AUTOS,2,,,,,,,,,0,,,,,,,,,,,,,,,,,,
2018-06-16,18:55:00,SEM VÍTIMA,FINALIZADA,DERBY,RUA JOAQUIM NABUCO,,,AO LADO DA RESTAURAÇÃO,RUA JOAQUIM NABUCO,,AO LADO DA RESTAURAÇÃO,DERBY,,,COLISÃO,COLISÃO SEM VÍTIMA,2,,,,,,,,,0,,,,,,,,,,,,,,,,,,
2018-06-16,19:01:00,SEM VÍTIMA,FINALIZADA,SÃO JOSÉ,RUA FLORIANO PEIXOTO,233,,PROX. A CASA DA CULTURA,RUA FLORIANO PEIXOTO,233,PROX. A CASA DA CULTURA,SÃO JOSÉ,,,COLISÃO,DOI AUTOS S/V,2,,,,,,,,,0,,,,,,,,,,,,,,,,,,
2018-06-16,13:41:00,SEM VÍTIMA,FINALIZADA,ENCRUZILHADA,RUA FERNANDO CESAR,202,RUA AMARO COUTINHO,COM AMARO COUTINHO, POR TRAS DO MERCADO DA ENCRUZILHADA,RUA FERNANDO CESAR,202,COM AMARO COUTINHO, POR TRAS DO MERCADO DA ENCRUZILHADA,ENCRUZILHADA,,,COLISÃO,DOIS AUTOS,2,,,,,,,,,0,,,,,,,,,,,,,,,,
2018-06-16,14:40:00,SEM VÍTIMA,FINALIZADA,SAN MARTIN,AV GENERAL SAN MARTIN,,,AO LADO DA CAVALARIA, SENTIDO ABDIAS DE CARVALHO,AV GENERAL SAN MARTIN,,AO LADO DA CAVALARIA, SENTIDO ABDIAS DE CARVALHO,SAN MARTIN,,,COLISÃO,AUTO E CAMINHAO,1,,,,,,1,,,0,,,,,,,,,,,,,,,,
2018-06-16,15:02:00,COM VÍTIMA,FINALIZADA,BOA VISTA,AV CONDE DA BOA VISTA,,RUA GERVASIO PIRES,COM RUA GERVASIO PIRES E/F A ANTIGA FARMACIA DOS POBRES,AV CONDE DA BOA VISTA,,COM RUA GERVASIO PIRES E/F A ANTIGA FARMACIA DOS POBRES,BOA VISTA,,,ATROPELAMENTO,VEICULO COLIDIU COM UM CICLISTA,,,,,1,,,,,1,,,,,,,,,,,,,,,,,,
2018-06-16,15:10:00,SEM VÍTIMA,FINALIZADA,AFLITOS,RUA CAPITAO SAMPAIO XAVIER,,,EM FRENTE AO BOMPREÇO,RUA CAPITAO SAMPAIO XAVIER,,EM FRENTE AO BOMPREÇO,AFLITOS,,,COLISÃO,COLISÃO SEM VÍTIMA,2,,,,,,,,,0,,,,,,,,,,,,,,,,,,
2018-06-16,15:29:00,SEM VÍTIMA,FINALIZADA,PAISSANDU,AV GOVERNADOR AGAMENON MAGALHAES,,RUA DO PAISSANDU,COM PAISSANDÚ, SENTIDO BOA VIAGEM,AV GOVERNADOR AGAMENON MAGALHAES,,COM PAISSANDÚ, SENTIDO BOA VIAGEM,PAISSANDU,,,COLISÃO,COLISÃO SEM VÍTIMAS, ENVOLVENDO 2 AUTOS,2,,,,,,,,,0,,,,,,,,,,,,,,,
2018-06-16,15:52:00,SEM VÍTIMA,FINALIZADA,SAN MARTIN,AV GENERAL SAN MARTIN,,,AL LADO DA CAVALARIA,AV GENERAL SAN MARTIN,,AL LADO DA CAVALARIA,SAN MARTIN,,,COLISÃO,AUTO E MOTO,1,1,,,,,,,,0,,,,,,,,,,,,,,,,,,
2018-06-16,18:04:00,SEM VÍTIMA,FINALIZADA,CAXANGÁ,AV CAXANGA,1289,,APOS AIGREJA SAO SEBASTIAO S/T CID,AV CAXANGA,1289,APOS AIGREJA SAO SEBASTIAO S/T CID,CAXANGÁ,,,COLISÃO,COLISAO ENTRE DOIS AUTOS S/V,2,,,,,,,,,0,,,,,,,,,,,,,,,,,,
2018-06-16,20:03:00,SEM VÍTIMA,FINALIZADA,AFOGADOS,RUA SAO MIGUEL,,,PRÓX AO DEPRAT / E/F A FACULDADE FAREC,RUA SAO MIGUEL,,PRÓX AO DEPRAT / E/F A FACULDADE FAREC,AFOGADOS,,,COLISÃO,ENTRE AUTO E ÔNIBUS. S/V,1,,,,,1,,,,0,,,,,,,,,,,,,,,,,,
2018-06-16,22:59:00,SEM VÍTIMA,FINALIZADA,BOA VIAGEM,RUA VISCONDE DE JEQUITINHONHA,1874,,APOS O CURSO DE INGLES BRITANIC,RUA VISCONDE DE JEQUITINHONHA,1874,APOS O CURSO DE INGLES BRITANIC,BOA VIAGEM,,,CHOQUE,CHOQUE ENTRE QUATRO AUTOS S/V,4,,,,,,,,,0,,,,,,,,,,,,,,,,,,
2018-06-16,23:29:00,SEM VÍTIMA,FINALIZADA,SÃO JOSÉ,RUA IMPERIAL,,,CRUZANDO A TRAVESSA DO RAPOSO / SEMÁFORO 510,RUA IMPERIAL,,CRUZANDO A TRAVESSA DO RAPOSO / SEMÁFORO 510,SÃO JOSÉ,,,COLISÃO,ENTRE 2 AUTOS. S/V,2,,,,,,,,,0,,,,,,,,,,,,,,,,,,
2018-06-17,00:44:00,SEM VÍTIMA,FINALIZADA,BOA VIAGEM,RUA GENERAL SALGADO,,,PRÓX A GARAGEM DA BORBOREMA,RUA GENERAL SALGADO,,PRÓX A GARAGEM DA BORBOREMA,BOA VIAGEM,,,COLISÃO,COLISÃO ENTRE AUTO E MOTO, S/V,1,1,,,,,,,,0,,,,,,,,,,,,,,,,,
2018-06-17,01:21:00,SEM VÍTIMA,CANCELADA,CASA FORTE,RUA LEONARDO BEZERRA CAVALCANTE,,PRC JORNAL DO COMERCIO,CRUZAMENTO COM A PRAÇA RADIO JORNAL DO COMERCIO, EM FRENTE A MC DONALD,RUA LEONARDO BEZERRA CAVALCANTE,,CRUZAMENTO COM A PRAÇA RADIO JORNAL DO COMERCIO, EM FRENTE A MC DONALD,CASA FORTE,,,COLISÃO,COLISÃO ENTRE DOIS AUTOS S/V,2,,,,,,,,,0,,,,,,,,,,,,,,,,
2018-06-17,01:54:00,SEM VÍTIMA,FINALIZADA,AFLITOS,AV CONS ROSA E SILVA,,AV SANTOS DUMONT,CRUZAMENTO COM AV SANTOS DUMONT // PRÓX A TEMIX,AV CONS ROSA E SILVA,,CRUZAMENTO COM AV SANTOS DUMONT // PRÓX A TEMIX,AFLITOS,,,COLISÃO,COLISÃO ENTRE DOIS AUTOS S/V,2,,,,,,,,,0,,,,,,,,,,,,,,,,,,
2018-06-17,10:04:00,SEM VÍTIMA,FINALIZADA,AFOGADOS,LARGO DA PAZ,,,EM FRENTE A IGREJA LARGO DA PAZ /,LARGO DA PAZ,,EM FRENTE A IGREJA LARGO DA PAZ /,AFOGADOS,,,COLISÃO,DOIS AUTO,2,,,,,,,,,0,,,,,,,,,,,,,,,,,,
2018-06-17,11:10:00,COM VÍTIMA,FINALIZADA,AREIAS,AV DR JOSE RUFINO,,,EM FRENTE AO SHOPPING DE AREIAS,AV DR JOSE RUFINO,,EM FRENTE AO SHOPPING DE AREIAS,AREIAS,,,COLISÃO,COLISAO ENTRE AUTO E MOTO COM VITI MA,1,1,,,,,,,,1,,,,,,,,,,,,,,,,,,
2018-06-17,11:43:00,SEM VÍTIMA,FINALIZADA,CASA AMARELA,RUA PAULA BATISTA,,,SEMAFORO 404/ESTRADA DO ARRAIAL EM FRENTE AO BANCO DO BRASIL,RUA PAULA BATISTA,,SEMAFORO 404/ESTRADA DO ARRAIAL EM FRENTE AO BANCO DO BRASIL,CASA AMARELA,,,COLISÃO,COLISAO ENTRE DOIS AUTOS S/V,2,,,,,,,,,0,,,,,,,,,,,,,,,,,,
2018-06-17,11:56:00,SEM VÍTIMA,FINALIZADA,AREIAS,AV DR JOSE RUFINO,,,PROXIMO AO SEMAFORO 044/EM FRENTE A IGREJA PREBISTERIANA DO COLEGIO INSENTIVO,AV DR JOSE RUFINO,,PROXIMO AO SEMAFORO 044/EM FRENTE A IGREJA PREBISTERIANA DO COLEGIO INSENTIVO,AREIAS,,,COLISÃO,COLISAO S/V ENTRE DOIS AUTOS,2,,,,,,,,,0,,,,,,,,,,,,,,,,,,
2018-06-17,12:31:00,SEM VÍTIMA,FINALIZADA,BRASÍLIA TEIMOSA,AV BRASILIA FORMOSA,,,EM FRENTE AO QUIOSQUE A BARCA,AV BRASILIA FORMOSA,,EM FRENTE AO QUIOSQUE A BARCA,BRASÍLIA TEIMOSA,,,COLISÃO,COLISÃO SEM VÍTIMA,2,,,,,,,,,0,,,,,,,,,,,,,,,,,,
2018-06-17,12:56:00,SEM VÍTIMA,FINALIZADA,BOA VIAGEM,RUA DEZ DE JULHO,,RUA CAMBOIM,EM FRENTE A MASON CRISTAL CASA DE FESTA/ESQUINA COM A RUA CAMBOIM,RUA DEZ DE JULHO,,EM FRENTE A MASON CRISTAL CASA DE FESTA/ESQUINA COM A RUA CAMBOIM,BOA VIAGEM,,,COLISÃO,COLISAO S/V ENTRE DOIS AUTOS,2,,,,,,,,,0,,,,,,,,,,,,,,,,,,
2018-06-17,13:01:00,SEM VÍTIMA,EQUIPE EM DESLOCAMENTO,IMBIRIBEIRA,AV MARECHAL MASCARENHAS DE MORAES,2666,,EM FRENTE A LOJA CENTER AÇO/ SEMÁFORO 289,AV MARECHAL MASCARENHAS DE MORAES,2666,EM FRENTE A LOJA CENTER AÇO/ SEMÁFORO 289,IMBIRIBEIRA,,,COLISÃO,COLISÃO SEM VÍTIMA,2,,,,,,,,,0,,,,,,,,,,,,,,,,,,
2018-06-17,13:17:00,SEM VÍTIMA,FINALIZADA,PRADO,AV ENGENHEIRO ABDIAS DE CARVALHO,,,EM FRENTE A MULTI RIM/ SENTIDO BR,AV ENGENHEIRO ABDIAS DE CARVALHO,,EM FRENTE A MULTI RIM/ SENTIDO BR,PRADO,,,COLISÃO,COLISÃO SEM VÍTIMA,2,,,,,,,,,0,,,,,,,,,,,,,,,,,,
2018-06-17,13:21:00,COM VÍTIMA,FINALIZADA,APIPUCOS,AV DEZESSETE DE AGOSTO,,EST ARRAIAL,SEMAFORO 107/EM FRENTE A COMPESA,AV DEZESSETE DE AGOSTO,,SEMAFORO 107/EM FRENTE A COMPESA,APIPUCOS,,,COLISÃO,MOTO E AUTO C/V,1,1,,,,,,,,1,,,,,,,,,,,,,,,,,,
2018-06-17,13:57:00,SEM VÍTIMA,FINALIZADA,BOA VIAGEM,RUA FELIX DE BRITO E MELO,735,,PROX A CULTURA INGLESA/SEMAFORO 551,RUA FELIX DE BRITO E MELO,735,PROX A CULTURA INGLESA/SEMAFORO 551,BOA VIAGEM,,,COLISÃO,DOIS AUTOS,2,,,,,,,,,0,,,,,,,,,,,,,,,,,,
2018-06-17,14:13:00,SEM VÍTIMA,CANCELADA,APIPUCOS,RUA DOIS IRMAOS,,,PROXIMO AO HOTEL SENZALA/ NO SEMÁFORO 416,RUA DOIS IRMAOS,,PROXIMO AO HOTEL SENZALA/ NO SEMÁFORO 416,APIPUCOS,,,COLISÃO,COLISÃO SEM VÍTIMA,1,,,,,,1,,,0,,,,,,,,,,,,,,,,,,
2018-06-17,14:25:00,SEM VÍTIMA,CANCELADA,CAMPO GRANDE,RUA FRANKLIN TAVORA,129,,EM FRENTE A PADARIA CASA DO TRIGO,RUA FRANKLIN TAVORA,129,EM FRENTE A PADARIA CASA DO TRIGO,CAMPO GRANDE,,,COLISÃO,COLISÃO SEM VÍTIMA,1,1,,,,,,,,0,,,,,,,,,,,,,,,,,,
2018-06-17,21:05:00,COM VÍTIMA,FINALIZADA,SÃO JOSÉ,AV SUL,,,E/F AO GRANDE RECIFE TRANSPORTE- INICIO DO VIADUTO 5 PONTAS,AV SUL,,E/F AO GRANDE RECIFE TRANSPORTE- INICIO DO VIADUTO 5 PONTAS,SÃO JOSÉ,,,CHOQUE,CONDUTOR C/SUSPEITA DE EMBRIAGUEZ, CHOCOU-SE CONTRA A MURETA DO VIADUTO,,1,,,,,,,,1,,,,,,,,,,,,,,,,,
2018-06-17,22:37:00,COM VÍTIMA,FINALIZADA,SAN MARTIN,AV CONSUL VILARES FRAGOSO,,,AO LADO DA CAVALARIA E PRÓX A SECRETARIA DA SAÚDE, SNT AFOGADOS,AV CONSUL VILARES FRAGOSO,,AO LADO DA CAVALARIA E PRÓX A SECRETARIA DA SAÚDE, SNT AFOGADOS,SAN MARTIN,,,COLISÃO,ENTRE 2 MOTOS. C/V,,2,,,,,,,,2,,,,,,,,,,,,,,,,
2018-06-17,22:48:00,COM VÍTIMA,FINALIZADA,TORRE,RUA DOM MANOEL DA COSTA,,,CRUZANDO A R REAL DA TORRE - SEMÁFORO 192,RUA DOM MANOEL DA COSTA,,CRUZANDO A R REAL DA TORRE - SEMÁFORO 192,TORRE,,,COLISÃO,ENTRE AUTO E MOTO. C/V,1,1,,,,,,,,1,,,,,,,,,,,,,,,,,,
2018-06-17,23:34:00,SEM VÍTIMA,FINALIZADA,IMBIRIBEIRA,AV MARECHAL MASCARENHAS DE MORAES,945,,PROX A LOJA GRILLO E SEMAFORO 396 SENTIDO RECIFE,AV MARECHAL MASCARENHAS DE MORAES,945,PROX A LOJA GRILLO E SEMAFORO 396 SENTIDO RECIFE,IMBIRIBEIRA,,,COLISÃO,GOL X PALIO,2,,,,,,,,,0,,,,,,,,,,,,,,,,,,
2018-06-17,23:41:00,SEM VÍTIMA,FINALIZADA,BOA VIAGEM,RUA SETUBAL,,RUA BARAO DE SOUZA LEAO,ENF A PRC DE BOA VIAGEM E CRUZAMENTO COM A BARAO DE SOUZA LEAO,RUA SETUBAL,,ENF A PRC DE BOA VIAGEM E CRUZAMENTO COM A BARAO DE SOUZA LEAO,BOA VIAGEM,,,COLISÃO,AUTO E SHINERAY,1,,1,,,,,,,0,,,,,,,,,,,,,,,,,,
2018-06-18,00:45:00,SEM VÍTIMA,CANCELADA,SANTO AMARO,AV NORTE,1851,,ENF A CAPOTARIA NORTE E EQUIPADORA CARLOS DECENDO O VIADUTO SEGUNDO SEMAFORO 1851 SENTIDO SUB,AV NORTE,1851,ENF A CAPOTARIA NORTE E EQUIPADORA CARLOS DECENDO O VIADUTO SEGUNDO SEMAFORO 1851 SENTIDO SUB,SANTO AMARO,,,CHOQUE,AUTO X GELO BAHIANO,1,,,,,,,,1,0,,,,,,,,,,,,,,,,,,
2018-06-18,06:35:00,COM VÍTIMA,FINALIZADA,DOIS IRMÃOS,RUA MANUEL DE MEDEIROS,,,PROX. A RURAL,RUA MANUEL DE MEDEIROS,,PROX. A RURAL,DOIS IRMÃOS,,,COLISÃO,AUTO E MOTO,1,1,,,,,,,,1,,,,,,,,,,,,,,,,,,
2018-06-18,07:11:00,COM VÍTIMA,FINALIZADA,CAJUEIRO,AV BEBERIBE,3255,,EM FRENTE A IGREJA UNIVERSAL E A LOJA LP MOTOS PEÇAS E SERVIÇOS,AV BEBERIBE,3255,EM FRENTE A IGREJA UNIVERSAL E A LOJA LP MOTOS PEÇAS E SERVIÇOS,CAJUEIRO,,,COLISÃO,COLIS]ÃO COM VITIMA A ESPERA DO SAMU,1,1,,,,,,,,1,,,,,,,,,,,,,,,,,,
2018-06-18,07:11:00,SEM VÍTIMA,FINALIZADA,SANTO ANTÔNIO,RUA DO SOL,,,SENTIDO PALACIO DO GOVERNO, NA ESQUINA DA PONTE,RUA DO SOL,,SENTIDO PALACIO DO GOVERNO, NA ESQUINA DA PONTE,SANTO ANTÔNIO,,,COLISÃO,SEM VÍTIMAS,1,,,,,1,,,,0,,,,,,,,,,,,,,,,
2018-06-18,07:19:00,SEM VÍTIMA,FINALIZADA,SANTO ANTÔNIO,RUA PRIMEIRO DE MARCO,,AV MARTINS DE BARROS,COM AV. MARTINS DE BARROS, NO SEMAFORO 194,RUA PRIMEIRO DE MARCO,,COM AV. MARTINS DE BARROS, NO SEMAFORO 194,SANTO ANTÔNIO,,,COLISÃO,DOIS AUTOS,2,,,,,,,,,0,,,,,,,,,,,,,,,,
2018-06-18,07:31:00,SEM VÍTIMA,FINALIZADA,BOA VIAGEM,RUA CORONEL ANIZIO RODRIGUES COELHO,618,,PROX AO LAVA JATO K´BEER,RUA CORONEL ANIZIO RODRIGUES COELHO,618,PROX AO LAVA JATO K´BEER,BOA VIAGEM,,,COLISÃO,DOIS AUTOS,2,,,,,,,,,0,,,,,,,,,,,,,,,,,,
2018-06-18,07:39:00,COM VÍTIMA,FINALIZADA,VÁRZEA,RUA VALE DO SIRIJI,,,EM FRENTE A ESCOLA MUNICIPAL PROFESSOR JOAO FRANCISCO DE SOUZA,RUA VALE DO SIRIJI,,EM FRENTE A ESCOLA MUNICIPAL PROFESSOR JOAO FRANCISCO DE SOUZA,VÁRZEA,,,COLISÃO,AUTO E MOTO,1,1,,,,,,,,1,,,,,,,,,,,,,,,,,,
2018-06-18,08:04:00,SEM VÍTIMA,FINALIZADA,IMBIRIBEIRA,AV MARECHAL MASCARENHAS DE MORAES,630,,PROX. AO ARAMAZEM CORAL, NO SEMAFORO 286,AV MARECHAL MASCARENHAS DE MORAES,630,PROX. AO ARAMAZEM CORAL, NO SEMAFORO 286,IMBIRIBEIRA,,,COLISÃO,CAMINHÃO E AUTO,1,,,,,,1,,,0,,,,,,,,,,,,,,,,
2018-06-18,08:14:00,SEM VÍTIMA,FINALIZADA,DOIS IRMÃOS,RUA MANUEL DE MEDEIROS,,,EM FRENTE A RURAL, SENT. CIDADE UNIVERSITARIA,RUA MANUEL DE MEDEIROS,,EM FRENTE A RURAL, SENT. CIDADE UNIVERSITARIA,DOIS IRMÃOS,,,COLISÃO,MOTO E AUTO,1,1,,,,,,,,0,,,,,,,,,,,,,,,,
2018-06-18,08:15:00,SEM VÍTIMA,CANCELADA,VÁRZEA,AV CAXANGA,,,SENTIDO SUBURBIO APÓS O POSTO SHELL,AV CAXANGA,,SENTIDO SUBURBIO APÓS O POSTO SHELL,VÁRZEA,,,COLISÃO,SEM VÍTIMAS,1,,,,,,1,,,0,,,,,,,,,,,,,,,,,,
2018-06-18,09:19:00,SEM VÍTIMA,FINALIZADA,BOA VISTA,RUA GERVASIO PIRES,418,,EM FRENTE A ANTIGA SECRETARIA DAS CIDADES PRO RURAL,RUA GERVASIO PIRES,418,EM FRENTE A ANTIGA SECRETARIA DAS CIDADES PRO RURAL,BOA VISTA,,,COLISÃO,COLISÃO SEM VITIMAS,1,1,,,,,,,,0,,,,,,,,,,,,,,,,,,
2018-06-18,10:01:00,COM VÍTIMA,FINALIZADA,SÃO JOSÉ,RUA IMPERIAL,2237,,EM FRENTE A BRASIL GAS,RUA IMPERIAL,2237,EM FRENTE A BRASIL GAS,SÃO JOSÉ,,,ATROPELAMENTO,CAMINHÃO E PEDESTRE,,,,,1,,1,,,1,,,,,,,,,,,,,,,,,,
2018-06-18,10:12:00,SEM VÍTIMA,FINALIZADA,ESPINHEIRO,RUA QUARENTA E OITO,490,,EM FRENTE AO SESI,RUA QUARENTA E OITO,490,EM FRENTE AO SESI,ESPINHEIRO,,,COLISÃO,ONIBUS E AUTO PASSEIO,1,,,,,1,,,,0,,,,,,,,,,,,,,,,,,
2018-06-18,10:18:00,SEM VÍTIMA,FINALIZADA,CASA FORTE,AV DEZESSETE DE AGOSTO,,,E/F A EMPÉRIO FRUTARIA DE FRONTE A PRAÇA JOSÉ VILELA,AV DEZESSETE DE AGOSTO,,E/F A EMPÉRIO FRUTARIA DE FRONTE A PRAÇA JOSÉ VILELA,CASA FORTE,,,COLISÃO,SEM VÍTIMAS.,,,,,,1,1,,,0,,,,,,,,,,,,,,,,,,
2018-06-18,10:40:00,SEM VÍTIMA,FINALIZADA,SANTO AMARO,AV GOVERNADOR AGAMENON MAGALHAES,,,NA PISTRA PRINCIPAL E/F AO MINISTÉRIO DO TRABALHO, SENTIDO OLINDA,AV GOVERNADOR AGAMENON MAGALHAES,,NA PISTRA PRINCIPAL E/F AO MINISTÉRIO DO TRABALHO, SENTIDO OLINDA,SANTO AMARO,,,COLISÃO,SEM VÍTIMAS.,1,,,,,,1,,,0,,,,,,,,,,,,,,,,