data,hora,natureza_acidente,situacao,bairro,endereco,numero,detalhe_endereco_acidente,complemento,endereco_cruzamento,numero_cruzamento,referencia_cruzamento,bairro_cruzamento,num_semaforo,sentido_via,tipo,descricao,auto,moto,ciclom,ciclista,pedestre,onibus,caminhao,viatura,outros,vitimas,vitimasfatais,acidente_verificado,tempo_clima,situacao_semaforo,sinalizacao,condicao_via,conservacao_via,ponto_controle,situacao_placa,velocidade_max_via,mao_direcao,divisao_via1,divisao_via2,divisao_via3,,,,
2018-06-20,08:34:00,SEM VÍTIMA,CANCELADA,AFOGADOS,RUA MOTOCOLOMBO,97,,E/F AO BANCO SANTANDER, SENTIDO MASCARENHAS.,RUA MOTOCOLOMBO,97,E/F AO BANCO SANTANDER, SENTIDO MASCARENHAS.,AFOGADOS,,,COLISÃO,SEM VÍTIMAS,2,,,,,,,,,0,,,,,,,,,,,,,,,,
2018-06-20,08:54:00,SEM VÍTIMA,FINALIZADA,ESTÂNCIA,AV RECIFE,,,EM FRENTE A JF VEÍCULOS,SENT/BOA VIAGEMAPÓS O CAFE ROYAL 100 METROS,AV RECIFE,,EM FRENTE A JF VEÍCULOS,SENT/BOA VIAGEMAPÓS O CAFE ROYAL 100 METROS,ESTÂNCIA,,,COLISÃO,SEM VITIMAS,,,,,,,2,,,0,,,,,,,,,,,,,,,,
2018-06-20,08:55:00,SEM VÍTIMA,FINALIZADA,TEJIPIÓ,AV DR JOSE RUFINO,,,SEMÁFORO 434, AO LADO DA ESTAÇÃO TEJIPIÓ E/F AO POSTO IPIRANGA,AV DR JOSE RUFINO,,SEMÁFORO 434, AO LADO DA ESTAÇÃO TEJIPIÓ E/F AO POSTO IPIRANGA,TEJIPIÓ,,,COLISÃO,SEM VÍTIMAS,1,,,,,1,,,,0,,,,,,,,,,,,,,,,
2018-06-20,09:14:00,SEM VÍTIMA,FINALIZADA,GRAÇAS,RUA DO FUTURO,628,,E/F A FISIOTRAUMA,RUA DO FUTURO,628,E/F A FISIOTRAUMA,GRAÇAS,,,COLISÃO,SEM VÍTIMAS,2,,,,,,,,,0,,,,,,,,,,,,,,,,,,
2018-06-20,09:43:00,SEM VÍTIMA,FINALIZADA,JARDIM SÃO PAULO,AV LIBERDADE,,,EM FRENTE AS TRES TORRES,AV LIBERDADE,,EM FRENTE AS TRES TORRES,JARDIM SÃO PAULO,,,COLISÃO,ONIBUS E CAMIHONETE / GM NO QTH,1,,,,,1,,,,0,,,,,,,,,,,,,,,,,,
2018-06-20,09:54:00,SEM VÍTIMA,FINALIZADA,CASA AMARELA,AV NORTE,5010,,EM FRENTE LOJA DA HONDA,AV NORTE,5010,EM FRENTE LOJA DA HONDA,CASA AMARELA,,,COLISÃO,SEM VITIMAS,VT 07 DA CTTU NO LOCAL,3,,,,,,,,,0,,,,,,,,,,,,,,,,,
2018-06-20,09:58:00,SEM VÍTIMA,FINALIZADA,SAN MARTIN,AV GENERAL SAN MARTIN,,,E/F AO POSTO TOTAL, SEMÁFORO 067. NA FAIXA DA DIREITA,AV GENERAL SAN MARTIN,,E/F AO POSTO TOTAL, SEMÁFORO 067. NA FAIXA DA DIREITA,SAN MARTIN,,,COLISÃO,SEM VÍTIMAS,1,,,,,,1,,,0,,,,,,,,,,,,,,,,
2018-06-20,10:10:00,COM VÍTIMA,FINALIZADA,ESPINHEIRO,RUA QUARENTA E OITO,443,,,RUA QUARENTA E OITO,443,,ESPINHEIRO,,,CHOQUE,ÔNIBUS CHOCOU COM UMA PLACA E AMESMA ATINGIU O RESPONSÁVEL POR UMA OBRA QUE OCORRE NO QTH, EQUIPE DA CCTU NO LOCAL,,,,,,1,,,,1,,,,,,,,,,,,,,,,,
2018-06-20,10:30:00,COM VÍTIMA,FINALIZADA,BOA VIAGEM,AV PRESIDENTE DUTRA,,,DESCIDA DO VIADUTO TANCREDO NEVES,AV PRESIDENTE DUTRA,,DESCIDA DO VIADUTO TANCREDO NEVES,BOA VIAGEM,,,COLISÃO,4 VÍTIMAS,1,,,,,2,,,,4,,,,,,,,,,,,,,,,,,
2018-06-20,10:32:00,SEM VÍTIMA,FINALIZADA,ILHA DO RETIRO,AV BEIRA RIO,,,EM FRENTE AO CLUBE DE REMO DO SPORT,AV BEIRA RIO,,EM FRENTE AO CLUBE DE REMO DO SPORT,ILHA DO RETIRO,,,COLISÃO,SEM VITIMAS,3,,,,,,,,,0,,,,,,,,,,,,,,,,,,
2018-06-20,10:56:00,SEM VÍTIMA,CANCELADA,IPSEP,RUA JEAN EMILE FAVRE,,,EM FRENTE A FACULDADE BOA VIAGEM,PRAÇA DA MAURICEA,RUA JEAN EMILE FAVRE,,EM FRENTE A FACULDADE BOA VIAGEM,PRAÇA DA MAURICEA,IPSEP,,,COLISÃO,COM SEM VITIMA,1,1,,,,,,,,0,,,,,,,,,,,,,,,,
2018-06-20,11:03:00,SEM VÍTIMA,FINALIZADA,IMBIRIBEIRA,AV MARECHAL MASCARENHAS DE MORAES,,,SENT SUB / PE DO VIADUTO,AV MARECHAL MASCARENHAS DE MORAES,,SENT SUB / PE DO VIADUTO,IMBIRIBEIRA,,,COLISÃO,CAMINHAO E AUTO,1,,,,,,1,,,0,,,,,,,,,,,,,,,,,,
2018-06-20,12:08:00,SEM VÍTIMA,FINALIZADA,ENCRUZILHADA,AV NORTE,1795,,EM FRENTE A CARLOS EQUIPADORA/ SENTIDO CIDADE,AV NORTE,1795,EM FRENTE A CARLOS EQUIPADORA/ SENTIDO CIDADE,ENCRUZILHADA,,,COLISÃO,COLISÃO SEM VÍTIMA,2,,,,,,,,,0,,,,,,,,,,,,,,,,,,
2018-06-20,12:10:00,SEM VÍTIMA,FINALIZADA,BOA VIAGEM,AV CONSELHEIRO AGUIAR,2052,,ENTRE O BANCO SANTANDER E A CAIXA ECONOMICA,AV CONSELHEIRO AGUIAR,2052,ENTRE O BANCO SANTANDER E A CAIXA ECONOMICA,BOA VIAGEM,,,COLISÃO,COLISAO ENTRE TRES AUTO E UMA MOTO S/V,3,1,,,,,,,,0,,,,,,,,,,,,,,,,,,
2018-06-20,12:20:00,COM VÍTIMA,FINALIZADA,AREIAS,AV RECIFE,,,E/F A PIZZARIA ATLANTICO S/T CID SUB NO SEMAFORO 617,AV RECIFE,,E/F A PIZZARIA ATLANTICO S/T CID SUB NO SEMAFORO 617,AREIAS,,,COLISÃO,COLISAO ENTRE QUATRO AUTOS E DOIS CAMINHOES,4,,,,,,2,,,1,,,,,,,,,,,,,,,,,,
2018-06-20,12:38:00,SEM VÍTIMA,FINALIZADA,IMBIRIBEIRA,AV MARECHAL MASCARENHAS DE MORAES,1472,,EM FRENTE A LOJA ENCRUZILHADA PNEUS/ SENTIDO CIDADE,AV MARECHAL MASCARENHAS DE MORAES,1472,EM FRENTE A LOJA ENCRUZILHADA PNEUS/ SENTIDO CIDADE,IMBIRIBEIRA,,,COLISÃO,COLISÃO SEM VÍTIMA,1,,,,,,1,,,0,,,,,,,,,,,,,,,,,,
2018-06-20,13:18:00,SEM VÍTIMA,CANCELADA,ZUMBI,RUA FREI TEOFILO DE VIRGOLETTA,196,AV CAXANGA,CRUZAMENTO COM A AV. CAXANGA,RUA FREI TEOFILO DE VIRGOLETTA,196,CRUZAMENTO COM A AV. CAXANGA,ZUMBI,,,COLISÃO,COLISÃO SEM VÍTIMA,1,1,,,,,,,,0,,,,,,,,,,,,,,,,,,
2018-06-20,13:18:00,SEM VÍTIMA,FINALIZADA,SANTO AMARO,RUA FREI CASSIMIRO,161,,PROX AO SINPOL CIVIS PE,RUA FREI CASSIMIRO,161,PROX AO SINPOL CIVIS PE,SANTO AMARO,,,COLISÃO,COLISAO ENTRE DOIS AUTOS S/V,2,,,,,,,,,0,,,,,,,,,,,,,,,,,,
2018-06-20,13:26:00,SEM VÍTIMA,FINALIZADA,PINA,AV ANTONIO DE GOES,,,E/F A CENTRAL DAS RODAS,AV ANTONIO DE GOES,,E/F A CENTRAL DAS RODAS,PINA,,,COLISÃO,COLISAO ENTRE ONIBUS E AUTO S/V,,1,,,,1,,,,0,,,,,,,,,,,,,,,,,,
2018-06-20,14:41:00,SEM VÍTIMA,FINALIZADA,SÃO JOSÉ,AV DANTAS BARRETO,1063,,AO LADO DOS CAMELODROMO,AV DANTAS BARRETO,1063,AO LADO DOS CAMELODROMO,SÃO JOSÉ,,,COLISÃO,COLISAO ENTRE AUTO E MOTO S/V,1,1,,,,,,,,0,,,,,,,,,,,,,,,,,,
2018-06-20,15:05:00,SEM VÍTIMA,FINALIZADA,IMBIRIBEIRA,AV MARECHAL MASCARENHAS DE MORAES,,,EM FRENTE A TUPAN/ SENTIDO AFOGADOS,AV MARECHAL MASCARENHAS DE MORAES,,EM FRENTE A TUPAN/ SENTIDO AFOGADOS,IMBIRIBEIRA,,,COLISÃO,COLISÃO SEM VÍTIMA,1,,,,,,,,1,0,,,,,,,,,,,,,,,,,,
2018-06-20,15:05:00,SEM VÍTIMA,FINALIZADA,VÁRZEA,RUA DONA MARIA LACERDA,123,,EM FRENTE AO 12º BPMPE,RUA DONA MARIA LACERDA,123,EM FRENTE AO 12º BPMPE,VÁRZEA,,,COLISÃO,COLISÃO SEM VÍTIMA, ENVOLVENDO 2 VIATURAS DA GMCR,2,,,,,,,,,0,,,,,,,,,,,,,,,,,
2018-06-20,15:33:00,SEM VÍTIMA,FINALIZADA,ILHA JOANA BEZERRA,PTE JOSE DE BARROS LIMA,,,EM CIMA DO VIADUTO/ SENTIDO OLINDA,PTE JOSE DE BARROS LIMA,,EM CIMA DO VIADUTO/ SENTIDO OLINDA,ILHA JOANA BEZERRA,,,COLISÃO,COLISÃO SEM VÍTIMA,1,,,,,1,,,,0,,,,,,,,,,,,,,,,,,
2018-06-20,15:50:00,SEM VÍTIMA,FINALIZADA,IPSEP,RUA ITAJAI,408,,EM FRENTE AO EDIFICIO MAURICEIA,RUA ITAJAI,408,EM FRENTE AO EDIFICIO MAURICEIA,IPSEP,,,COLISÃO,COLISÃO SEM VÍTIMA,3,,,,,,,,,0,,,,,,,,,,,,,,,,,,
2018-06-20,16:30:00,SEM VÍTIMA,FINALIZADA,GRAÇAS,RUA JOAQUIM NABUCO,,,EM FRENTE AO HEMOPE E HOSPITAL SANTA JOANA,RUA JOAQUIM NABUCO,,EM FRENTE AO HEMOPE E HOSPITAL SANTA JOANA,GRAÇAS,,,COLISÃO,COLISAO ENVOLVENDO DOIS ONIBUS SEM VITIMA,,,,,,2,,,,0,,,,,,,,,,,,,,,,,,
2018-06-20,17:13:00,SEM VÍTIMA,CANCELADA,IBURA,AV DOIS RIOS,,,NA SAIDA DO IBURA, PROX. AO POSTO POLICIAL DESATIVADO,AV DOIS RIOS,,NA SAIDA DO IBURA, PROX. AO POSTO POLICIAL DESATIVADO,IBURA,,,COLISÃO,AUTO E CAMINHAO,1,,,,,,1,,,0,,,,,,,,,,,,,,,,
2018-06-21,04:58:00,SEM VÍTIMA,FINALIZADA,BOA VIAGEM,RUA ERNESTO DE PAULA SANTOS,,RUA TENENTE DOMINGOS DE BRITO,CRUZAMENTO COM RUA TENENTE DOMINGOS DE BRITO // EM FRENTE AO POSTO SETTA // SEMÁFORO 330,RUA ERNESTO DE PAULA SANTOS,,CRUZAMENTO COM RUA TENENTE DOMINGOS DE BRITO // EM FRENTE AO POSTO SETTA // SEMÁFORO 330,BOA VIAGEM,,,COLISÃO,COLISÃO ENTRE DOIS AUTOS, S/V,2,,,,,,,,,0,,,,,,,,,,,,,,,,,
2018-06-21,07:36:00,SEM VÍTIMA,FINALIZADA,AFOGADOS,EST DO BONGI,,,AO LADO DO POSTO BR, SEMAFORO 394, ENTRADA DO BONGI,EST DO BONGI,,AO LADO DO POSTO BR, SEMAFORO 394, ENTRADA DO BONGI,AFOGADOS,,,COLISÃO,DOIS AUTOS,2,,,,,,,,,0,,,,,,,,,,,,,,
2018-06-21,07:57:00,SEM VÍTIMA,FINALIZADA,BOA VISTA,RUA DAS FRONTEIRAS,,,AO LADO OD SEGUNDOI OFÍCIO DE REGISTRO DE IMÓVEIS,RUA DAS FRONTEIRAS,,AO LADO OD SEGUNDOI OFÍCIO DE REGISTRO DE IMÓVEIS,BOA VISTA,,,COLISÃO,SEM VÍTIMAS,2,,,,,,,,,0,,,,,,,,,,,,,,,,,,
2018-06-21,08:12:00,SEM VÍTIMA,FINALIZADA,ESTÂNCIA,AV DR JOSE RUFINO,58,,AO LADO DA ANTIGA FABRICA YOLANDA,AV DR JOSE RUFINO,58,AO LADO DA ANTIGA FABRICA YOLANDA,ESTÂNCIA,,,COLISÃO,SEM VITIMAS,2,,,,,,,,,0,,,,,,,,,,,,,,,,,,
2018-06-21,08:27:00,SEM VÍTIMA,FINALIZADA,ILHA DO LEITE,RUA JOSE DE ALENCAR,755,,EM FRENTE A UNIMED TRES,RUA JOSE DE ALENCAR,755,EM FRENTE A UNIMED TRES,ILHA DO LEITE,,,COLISÃO,SEM VITIMAS,2,,,,,,,,,0,,,,,,,,,,,,,,,,,,
2018-06-21,09:14:00,SEM VÍTIMA,FINALIZADA,CAXANGÁ,AV CAXANGA,,RUA GASTAO VIDIGAL,EM FRENTE A UPA/ CRUZAMENTO COM A ENTRADA DO PADRE CICERO,AV CAXANGA,,EM FRENTE A UPA/ CRUZAMENTO COM A ENTRADA DO PADRE CICERO,CAXANGÁ,,,COLISÃO,DOIS AUTOS S/V,2,,,,,,,,,0,,,,,,,,,,,,,,,,,,
2018-06-21,09:16:00,SEM VÍTIMA,FINALIZADA,PINA,AV BEIRA RIO,,,EM FRENTE AO TUNEL CHICO SCIENCE, SEMAFORO 659,AV BEIRA RIO,,EM FRENTE AO TUNEL CHICO SCIENCE, SEMAFORO 659,PINA,,,COLISÃO,DOIS AUTOS SV,2,,,,,,,,,0,,,,,,,,,,,,,,,,
2018-06-21,09:42:00,SEM VÍTIMA,FINALIZADA,AFOGADOS,RUA ASTORGA,,RUA PAULO DE BARROS,RUA PAULO DE BARROS COM UM CRUZAMENTO DA RUA ASTOGA/NA ESQUINA DO RESTAURANTE O MINEIRO,RUA ASTORGA,,RUA PAULO DE BARROS COM UM CRUZAMENTO DA RUA ASTOGA/NA ESQUINA DO RESTAURANTE O MINEIRO,AFOGADOS,,,COLISÃO,DOIS AUTOS S/V,2,,,,,,,,,0,,,,,,,,,,,,,,,,,,
2018-06-21,09:43:00,SEM VÍTIMA,FINALIZADA,BEBERIBE,PRC DA CONVENCAO,,,EM FRENTE A PRAÇA DA CONVENÇÃO,PRC DA CONVENCAO,,EM FRENTE A PRAÇA DA CONVENÇÃO,BEBERIBE,,,COLISÃO,SEM VITIMAS,1,,,,,1,,,,0,,,,,,,,,,,,,,,,,,
2018-06-21,10:04:00,COM VÍTIMA,FINALIZADA,MACAXEIRA,AV NORTE,,,ROTATORIA DA MACAXEIRA,AV NORTE,,ROTATORIA DA MACAXEIRA,MACAXEIRA,,,TOMBAMENTO,MOTO DERRAPU EM VIRTUDE DE ÓLEO NA VIA,,1,,,,,,,,2,,,,,,,,,,,,,,,,,,
2018-06-21,10:34:00,SEM VÍTIMA,CANCELADA,ESPINHEIRO,AV CONS ROSA E SILVA,,,EM FRENTE AO HSE( INORMACAO DO ORIENTADOR DE TRANSITO),AV CONS ROSA E SILVA,,EM FRENTE AO HSE( INORMACAO DO ORIENTADOR DE TRANSITO),ESPINHEIRO,,,COLISÃO,MOTO COM AUTOSS/V,1,1,,,,,,,,0,,,,,,,,,,,,,,,,,,
2018-06-21,11:23:00,SEM VÍTIMA,FINALIZADA,IBURA,AV DOIS RIOS,,,SEMÁFORO 561 E/F A OTICA ESPERANÇA,AV DOIS RIOS,,SEMÁFORO 561 E/F A OTICA ESPERANÇA,IBURA,,,COLISÃO,SEM VÍTIMAS,3,,,,,,,,,0,,,,,,,,,,,,,,,,,,
2018-06-21,12:01:00,SEM VÍTIMA,FINALIZADA,NOVA DESCOBERTA,RUA CORREGO DA AREIA,2143,,EM FRENTE AO MERCADO CAMPEAO,RUA CORREGO DA AREIA,2143,EM FRENTE AO MERCADO CAMPEAO,NOVA DESCOBERTA,,,COLISÃO,DOIS AUTOS,1,,,,,,1,,,0,,,,,,,,,,,,,,,,,,
2018-06-21,11:42:00,SEM VÍTIMA,FINALIZADA,MADALENA,AV JOSE GONCALVES DE MEDEIROS,,,AO POLICLINICA LESSA DE ANDRADE, SEMAFORO 353,AV JOSE GONCALVES DE MEDEIROS,,AO POLICLINICA LESSA DE ANDRADE, SEMAFORO 353,MADALENA,,,COLISÃO,AUTO E ONIBUS,1,,,,,1,,,,0,,,,,,,,,,,,,,,,
2018-06-21,12:42:00,SEM VÍTIMA,FINALIZADA,ENCRUZILHADA,RUA AMARO COUTINHO,315,,POR TRAS DO MERCADO DA ENCRUZNHADA,RUA AMARO COUTINHO,315,POR TRAS DO MERCADO DA ENCRUZNHADA,ENCRUZILHADA,,,COLISÃO,COLISAO ENTRE DOIS AUTOS S/V,2,,,,,,,,,0,,,,,,,,,,,,,,,,,,
2018-06-21,15:12:00,SEM VÍTIMA,FINALIZADA,ILHA DO RETIRO,AV JOSE GONCALVES DE MEDEIROS,149,,PROX AO CLUBE DO SPORT E A FARMACIA PAGUE MENOS S/T ESTRADA DOS REMEDIOS,AV JOSE GONCALVES DE MEDEIROS,149,PROX AO CLUBE DO SPORT E A FARMACIA PAGUE MENOS S/T ESTRADA DOS REMEDIOS,ILHA DO RETIRO,,,COLISÃO,COLISAO ENTRE AUTO E MOTO S/V,1,1,,,,,,,,0,,,,,,,,,,,,,,,,,,
2018-06-21,15:12:00,COM VÍTIMA,FINALIZADA,AFOGADOS,RUA VINTE E UM DE ABRIL,,,PRÓXIMO AO MERCADO PÚBLICO,RUA VINTE E UM DE ABRIL,,PRÓXIMO AO MERCADO PÚBLICO,AFOGADOS,,,COLISÃO,COLISÃO ENTRE AUTO E MOTO COM 1 VÍTIMA,1,1,,,,,,,,1,,,,,,,,,,,,,,,,,,
2018-06-21,15:52:00,COM VÍTIMA,FINALIZADA,SÃO JOSÉ,AV SUL,,,PRAÇA SERGIO LORETO- POSTO BR,AV SUL,,PRAÇA SERGIO LORETO- POSTO BR,SÃO JOSÉ,,,COLISÃO,COLISÃO COM VITIMA,1,1,,,,,,,,1,,,,,,,,,,,,,,,,,,
2018-06-21,15:55:00,SEM VÍTIMA,FINALIZADA,BOA VIAGEM,AV CONSELHEIRO AGUIAR,,,EM FRENTE A PRACINHA, SEMAFORO 318,AV CONSELHEIRO AGUIAR,,EM FRENTE A PRACINHA, SEMAFORO 318,BOA VIAGEM,,,COLISÃO,AUTO E ONIBUS ,1,,,,,1,,,,0,,,,,,,,,,,,,,,,
2018-06-21,16:00:00,SEM VÍTIMA,FINALIZADA,BOA VISTA,RUA DO SOSSEGO,264,,EM FRENTE A FEDERAÇAO DO COMERCIO,RUA DO SOSSEGO,264,EM FRENTE A FEDERAÇAO DO COMERCIO,BOA VISTA,,,COLISÃO,TRES MOTOS E TRES AUTOS,3,,,,,,,,,0,,,,,,,,,,,,,,,,,,
2018-06-21,16:22:00,COM VÍTIMA,FINALIZADA,TEJIPIÓ,AV DR JOSE RUFINO,,,EM FRENTE AO 4 BCOM,AV DR JOSE RUFINO,,EM FRENTE AO 4 BCOM,TEJIPIÓ,,,COLISÃO,COLISÃO COM VITIMA,1,1,,,,,,,,1,,,,,,,,,,,,,,,,,,
2018-06-21,16:42:00,SEM VÍTIMA,FINALIZADA,IMBIRIBEIRA,AV GENERAL MAC ARTHUR,277,,EM FRENTE A IGREJA SARA NOSSA TERRA,AV GENERAL MAC ARTHUR,277,EM FRENTE A IGREJA SARA NOSSA TERRA,IMBIRIBEIRA,,,COLISÃO,DOIS AUTOS,2,,,,,,,,,0,,,,,,,,,,,,,,,,,,
2018-06-21,17:00:00,COM VÍTIMA,FINALIZADA,CORDEIRO,RUA ODETE MONTEIRO,36,,PROX. AO POSTO PETROCAL,RUA ODETE MONTEIRO,36,PROX. AO POSTO PETROCAL,CORDEIRO,,,COLISÃO,AUTO E MOTO,1,1,,,,,,,,1,,,,,,,,,,,,,,,,,,
2018-06-21,17:43:00,SEM VÍTIMA,CANCELADA,ESPINHEIRO,RUA QUARENTA E OITO,447,,E/F THORPE´S BRIGADERIA,RUA QUARENTA E OITO,447,E/F THORPE´S BRIGADERIA,ESPINHEIRO,,,COLISÃO,COLISAO ENTRE DOIS AUTOS S/V,2,,,,,,,,,0,,,,,,,,,,,,,,,,,,
2018-06-21,17:53:00,COM VÍTIMA,FINALIZADA,IPUTINGA,AV CAXANGA,3124,,APOS O EXTRA E/F MOVIDA AUTOS S/T CAMARAGIBE,AV CAXANGA,3124,APOS O EXTRA E/F MOVIDA AUTOS S/T CAMARAGIBE,IPUTINGA,,,COLISÃO,COLISAO ENTRE AUTO E MOTO COM UMA VITIMA,1,1,,,,,,,,1,,,,,,,,,,,,,,,,,,
2018-06-21,18:58:00,VÍTIMA FATAL,FINALIZADA,TAMARINEIRA,AV PROFESSOR JOSE DOS ANJOS,5,,ANTES DO SESC DE CASA AMARELA, NA RUA DO CAMPO DE ANTÔNIO LUIZ NETO,AV PROFESSOR JOSE DOS ANJOS,5,ANTES DO SESC DE CASA AMARELA, NA RUA DO CAMPO DE ANTÔNIO LUIZ NETO,TAMARINEIRA,,,ATROPELAMENTO,ENTRE CICLISTA E AUTO. C/V,1,,,,1,,,,,0,1,,,,,,,,,,,,,,,
2018-06-21,19:15:00,SEM VÍTIMA,FINALIZADA,SANTO AMARO,AV GOVERNADOR AGAMENON MAGALHAES,,,PRÓX AO VIADUTO, SNT OLINDA,AV GOVERNADOR AGAMENON MAGALHAES,,PRÓX AO VIADUTO, SNT OLINDA,SANTO AMARO,,,COLISÃO,ENTRE ÔNIBUS E AUTO. S/V,1,,,,,1,,,,0,,,,,,,,,,,,,,,,
2018-06-21,19:18:00,SEM VÍTIMA,FINALIZADA,IMBIRIBEIRA,RUA JAMAICA,198,,E/F A IGREJA PRESBITERIANA DO BRASIL,RUA JAMAICA,198,E/F A IGREJA PRESBITERIANA DO BRASIL,IMBIRIBEIRA,,,ENGAVETAMENTO,ENTRE 3 AUTOS. S/V,3,,,,,,,,,0,,,,,,,,,,,,,,,,,,
2018-06-21,19:26:00,SEM VÍTIMA,FINALIZADA,ÁGUA FRIA,AV BEBERIBE,,,PRÓX AO MERCADO DE ÁGUA FRIA / E/F AO POSTO BR E GRANJA SELECTA, SNT SUB,AV BEBERIBE,,PRÓX AO MERCADO DE ÁGUA FRIA / E/F AO POSTO BR E GRANJA SELECTA, SNT SUB,ÁGUA FRIA,,,COLISÃO,ENTRE AUTO E CAMINHÃO. S/V,1,,,,,,1,,,0,,,,,,,,,,,,,,,,
2018-06-21,19:36:00,SEM VÍTIMA,FINALIZADA,ILHA DO LEITE,RUA GENERAL JOAQUIM INACIO,,,E/F AO RESTAURANTE SKILLUS // SEMÁFORO 653,RUA GENERAL JOAQUIM INACIO,,E/F AO RESTAURANTE SKILLUS // SEMÁFORO 653,ILHA DO LEITE,,,COLISÃO,ENTRE 2 AUTOS. S/V,2,,,,,,,,,0,,,,,,,,,,,,,,,,,,
2018-06-21,20:05:00,SEM VÍTIMA,FINALIZADA,DERBY,AV GOVERNADOR AGAMENON MAGALHAES,,,SEMÁFORO 417 / PRÓX AO RESTAURANTE SPETTUS,AV GOVERNADOR AGAMENON MAGALHAES,,SEMÁFORO 417 / PRÓX AO RESTAURANTE SPETTUS,DERBY,,,COLISÃO,ENTRE ÔNIBUS E AUTO PASSEIO. S/V,1,,,,,1,,,,0,,,,,,,,,,,,,,,,,,
2018-06-21,20:32:00,SEM VÍTIMA,FINALIZADA,ARRUDA,AV BEBERIBE,1227,,ENF AO CAMPO DO ARRUDA,AV BEBERIBE,1227,ENF AO CAMPO DO ARRUDA,ARRUDA,,,COLISÃO,FIAT/UNO X MOTO,1,1,,,,,,,,0,,,,,,,,,,,,,,,,,,
2018-06-21,20:59:00,SEM VÍTIMA,FINALIZADA,DERBY,AV GOVERNADOR AGAMENON MAGALHAES,138,,ENF AO FACE IMAGEM VIA PRINCIPAL SENTIDO BOA VIAGEM,AV GOVERNADOR AGAMENON MAGALHAES,138,ENF AO FACE IMAGEM VIA PRINCIPAL SENTIDO BOA VIAGEM,DERBY,,,COLISÃO,ONIX PRATA X RENO SANDERO BRANCO,2,,,,,,,,,0,,,,,,,,,,,,,,,,,,
2018-06-21,21:21:00,SEM VÍTIMA,FINALIZADA,ARRUDA,AV BEBERIBE,1021,,POSTO BR ENF A CENTRAL DE ATENDIMENTO AO CIDADDAO,AV BEBERIBE,1021,POSTO BR ENF A CENTRAL DE ATENDIMENTO AO CIDADDAO,ARRUDA,,,COLISÃO,ONIX X CAMINHONETA HR,2,,,,,,,,,0,,,,,,,,,,,,,,,,,,
2018-06-21,21:27:00,COM VÍTIMA,FINALIZADA,BOA VIAGEM,RUA DEZ DE JULHO,,RUA VINTE DE JANEIRO,COM A RUA 20 DE JANEIRO,RUA DEZ DE JULHO,,COM A RUA 20 DE JANEIRO,BOA VIAGEM,,,COLISÃO,COLISÃO ONIBUS E AUTO COM VITIMA,1,,,,,1,,,,1,,,,,,,,,,,,,,,,,,
2018-06-21,21:44:00,SEM VÍTIMA,FINALIZADA,CASA AMARELA,EST DO ARRAIAL,3851,,E/F AO BANCO BRADESCO E NAS PROXIMIDADES DO BANCO SANTANDER,EST DO ARRAIAL,3851,E/F AO BANCO BRADESCO E NAS PROXIMIDADES DO BANCO SANTANDER,CASA AMARELA,,,COLISÃO,ENTRE 2 AUTOS. S/V,2,,,,,,,,,0,,,,,,,,,,,,,,,,,,
2018-06-21,23:33:00,SEM VÍTIMA,FINALIZADA,PINA,AV HERCULANO BANDEIRA,,RUA ARQUITETO AUGUSTO REINALDO,CRUZAMENTO COM A RUA ARQUITETO AUGUSTO REINADO PROX AO ATACADO DOS PRESENTES,AV HERCULANO BANDEIRA,,CRUZAMENTO COM A RUA ARQUITETO AUGUSTO REINADO PROX AO ATACADO DOS PRESENTES,PINA,,,COLISÃO,GOL X ONIBUS ,1,,,,,1,,,,0,,,,,,,,,,,,,,,,,,
2018-06-21,23:38:00,SEM VÍTIMA,CANCELADA,GRAÇAS,RUA AMELIA,896,AV RUI BARBOSA,CRUZANDO A AV RUI BARBOSA / DE ESQUINA COM O POSTO SHELL E BR / PROXIMIDADES DA TOP CENTER GRAÇAS,RUA AMELIA,896,CRUZANDO A AV RUI BARBOSA / DE ESQUINA COM O POSTO SHELL E BR / PROXIMIDADES DA TOP CENTER GRAÇAS,GRAÇAS,,,COLISÃO,ENTRE AUTO E MOTO. S/V,1,1,,,,,,,,0,,,,,,,,,,,,,,,,,,
2018-06-22,06:17:00,SEM VÍTIMA,FINALIZADA,TORRE,RUA REAL DA TORRE,,RUA MANOEL BERNARDES,CRUZ COM A RUA MANOEL BERNARDES EM FRENTE AO POPSTO DE GASOLINA TORRE,RUA REAL DA TORRE,,CRUZ COM A RUA MANOEL BERNARDES EM FRENTE AO POPSTO DE GASOLINA TORRE,TORRE,,,COLISÃO,COLISÃO SEM VITIMAS,1,1,,,,,,,,0,,,,,,,,,,,,,,,,,,
2018-06-22,07:53:00,SEM VÍTIMA,FINALIZADA,JARDIM SÃO PAULO,RUA LEANDRO BARRETO,114,,PERTO DAS TRÊS TORRES DA AV. LIBERDADE,RUA LEANDRO BARRETO,114,PERTO DAS TRÊS TORRES DA AV. LIBERDADE,JARDIM SÃO PAULO,,,COLISÃO,,1,1,,,,,,,,0,,,,,,,,,,,,,,,,,,
2018-06-22,10:02:00,SEM VÍTIMA,FINALIZADA,AFOGADOS,AV SUL,,,SENTIDO CIDADE EM BAIXO DO SEMAFORO 073,AV SUL,,SENTIDO CIDADE EM BAIXO DO SEMAFORO 073,AFOGADOS,,,COLISÃO,COLISÃO SEM VITIMAS,1,,,,,,1,,,0,,,,,,,,,,,,,,,,,,
2018-06-22,09:27:00,SEM VÍTIMA,FINALIZADA,BOMBA DO HEMETÉRIO,RUA BOMBA DO HEMETERIO,,,EM FRENTE A FEIRA DA RODINHA,RUA BOMBA DO HEMETERIO,,EM FRENTE A FEIRA DA RODINHA,BOMBA DO HEMETÉRIO,,,COLISÃO,COLISÃO SEM VITIMAS,2,,,,,,,,,0,,,,,,,,,,,,,,,,,,