data,hora,natureza_acidente,situacao,bairro,endereco,numero,detalhe_endereco_acidente,complemento,endereco_cruzamento,numero_cruzamento,referencia_cruzamento,bairro_cruzamento,num_semaforo,sentido_via,tipo,descricao,auto,moto,ciclom,ciclista,pedestre,onibus,caminhao,viatura,outros,vitimas,vitimasfatais,acidente_verificado,tempo_clima,situacao_semaforo,sinalizacao,condicao_via,conservacao_via,ponto_controle,situacao_placa,velocidade_max_via,mao_direcao,divisao_via1,divisao_via2,divisao_via3,,,,
2018-06-22,12:28:00,COM VÍTIMA,FINALIZADA,IBURA,AV DOIS RIOS,1289,,PROX. A POLICLINICA, EM FRENTE A IGREJA PAZ E VIDA,AV DOIS RIOS,1289,PROX. A POLICLINICA, EM FRENTE A IGREJA PAZ E VIDA,IBURA,,,COLISÃO,MOTO E AUTO,1,1,,,,,,,,1,,,,,,,,,,,,,,,,
2018-06-22,12:20:00,SEM VÍTIMA,FINALIZADA,BOA VIAGEM,RUA VISCONDE DE JEQUITINHONHA,,,C/ R. DOM JOSÉ LOPES,RUA VISCONDE DE JEQUITINHONHA,,C/ R. DOM JOSÉ LOPES,BOA VIAGEM,,,COLISÃO,COLISÃO SEM VÍTIMA,,,,,,,,,,0,,,,,,,,,,,,,,,,,,
2018-06-22,13:14:00,COM VÍTIMA,FINALIZADA,CAXANGÁ,RUA MARECHAL MANOEL LUIS OSORIO,85,,EM FRENTE AO EDF. RIO PUROS, E AO HAPIVIDA,RUA MARECHAL MANOEL LUIS OSORIO,85,EM FRENTE AO EDF. RIO PUROS, E AO HAPIVIDA,CAXANGÁ,,,ATROPELAMENTO,AUTO E PEDESTRE,1,,,,1,,,,,1,,,,,,,,,,,,,,,,
2018-06-22,13:36:00,SEM VÍTIMA,FINALIZADA,SANTO AMARO,RUA CAPITAO LIMA,,RUA CAPITAO LIMA,CRUZAMENTO DA CAPITAO LIMA /COM A RUA DA FUNDICAO/PROXIMO DA TV JORNAL,RUA CAPITAO LIMA,,CRUZAMENTO DA CAPITAO LIMA /COM A RUA DA FUNDICAO/PROXIMO DA TV JORNAL,SANTO AMARO,,,COLISÃO,DOIS AUTOS S/V,2,,,,,,,,,0,,,,,,,,,,,,,,,,,,
2018-06-22,13:52:00,COM VÍTIMA,FINALIZADA,CABANGA,AV SUL,,,NA ENTRADA DO CABANGA, SENTIDO CID/SUB. ÁPOS O SEMÁFORO 260, PRÓXIMO A PARADA DE ÔNIBUS 180009,AV SUL,,NA ENTRADA DO CABANGA, SENTIDO CID/SUB. ÁPOS O SEMÁFORO 260, PRÓXIMO A PARADA DE ÔNIBUS 180009,CABANGA,,,COLISÃO COM CICLISTA,ONIBUS E CICLISTA,,,,2,,1,,,,2,,,,,,,,,,,,,,
2018-06-22,13:54:00,SEM VÍTIMA,FINALIZADA,CASA AMARELA,RUA CONS PERETTI,130,,POR TRAS DA LOJA TROPICAL,RUA CONS PERETTI,130,POR TRAS DA LOJA TROPICAL,CASA AMARELA,,,COLISÃO,DOIS AUTOS,2,,,,,,,,,0,,,,,,,,,,,,,,,,,,
2018-06-22,14:00:00,COM VÍTIMA,FINALIZADA,IBURA,AV RECIFE,2801,,APOS O POSTO DE GASOLINA FEDERAL, EM FRENTE A MERCANTIL BATERIAS,AV RECIFE,2801,APOS O POSTO DE GASOLINA FEDERAL, EM FRENTE A MERCANTIL BATERIAS,IBURA,,,COLISÃO,MOTO E DOIS AUTOS,2,1,,,,,,,,1,,,,,,,,,,,,,,,,
2018-06-22,14:21:00,COM VÍTIMA,FINALIZADA,DERBY,AV GOVERNADOR AGAMENON MAGALHAES,,,HENRIQUE DIAS E/F AO BRADESCO PRIME,AV GOVERNADOR AGAMENON MAGALHAES,,HENRIQUE DIAS E/F AO BRADESCO PRIME,DERBY,,,COLISÃO,HONDA CG 150 X UNO WAY,,,,,,,,,,1,,,,,,,,,,,,,,,,,,
2018-06-22,14:47:00,SEM VÍTIMA,FINALIZADA,BOA VIAGEM,AV MARECHAL MASCARENHAS DE MORAES,,,ANTES DO VIADUTO TANCREDO NEVES/SENTIDO BOA VIAGEM,AV MARECHAL MASCARENHAS DE MORAES,,ANTES DO VIADUTO TANCREDO NEVES/SENTIDO BOA VIAGEM,BOA VIAGEM,,,COLISÃO,AUTO E ONIBUS S/V,1,,,,,1,,,,0,,,,,,,,,,,,,,,,,,
2018-06-22,15:08:00,SEM VÍTIMA,FINALIZADA,IMBIRIBEIRA,AV ENGENHEIRO ALVES DE SOUZA,759,,EM FRENTE A BOTICARIO,AV ENGENHEIRO ALVES DE SOUZA,759,EM FRENTE A BOTICARIO,IMBIRIBEIRA,,,COLISÃO,AUTO E ONIBUS S/V,1,,,,,1,,,,0,,,,,,,,,,,,,,,,,,
2018-06-22,15:34:00,COM VÍTIMA,CANCELADA,TORRÕES,AV ENGENHEIRO ABDIAS DE CARVALHO,,,DEFRONTE A UPA,AV ENGENHEIRO ABDIAS DE CARVALHO,,DEFRONTE A UPA,TORRÕES,,,COLISÃO,COLISAO COM VITIMA ENTRE AUTO E MOTO,1,1,,,,,,,,1,,,,,,,,,,,,,,,,,,
2018-06-22,16:02:00,SEM VÍTIMA,CANCELADA,DERBY,AV GOVERNADOR AGAMENON MAGALHAES,,,EM FRENTE AO FACE IMAGEM, SENT. BOA VIAGEM,AV GOVERNADOR AGAMENON MAGALHAES,,EM FRENTE AO FACE IMAGEM, SENT. BOA VIAGEM,DERBY,,,COLISÃO,DOIS ONIBUS,,,,,,2,,,,0,,,,,,,,,,,,,,,,
2018-06-22,17:38:00,SEM VÍTIMA,FINALIZADA,CAJUEIRO,RUA CORONEL URBANO RIBEIRO DE SENA,,,CRUZANDO A R DOS PEXINHOS / PRÓX A ACADEMIA DA CIDADE,RUA CORONEL URBANO RIBEIRO DE SENA,,CRUZANDO A R DOS PEXINHOS / PRÓX A ACADEMIA DA CIDADE,CAJUEIRO,,,COLISÃO,ENTRE MICRO ÔNIBUS E AUTO PASSEIO. S/V,1,,,,,1,,,,0,,,,,,,,,,,,,,,,,,
2018-06-22,17:57:00,SEM VÍTIMA,FINALIZADA,VASCO DA GAMA,AV NORTE,,,E/F A CAIXA ECONÔMICA E PRÓX AO POSTO BR E MATERNIDADE BARROS LIMA,AV NORTE,,E/F A CAIXA ECONÔMICA E PRÓX AO POSTO BR E MATERNIDADE BARROS LIMA,VASCO DA GAMA,,,COLISÃO,ENTRE AUTO E MOTO. C/V,1,1,,,,,,,,0,,,,,,,,,,,,,,,,,,
2018-06-22,18:29:00,SEM VÍTIMA,CANCELADA,IBURA,AV DOIS RIOS,,,E/F A POLICLINICA DO IBURA, SNT BR 101,AV DOIS RIOS,,,IBURA,,,COLISÃO,DOIS AUTOS S/V,2,,,,,,,,,0,,,,,,,,,,,,,,,,,
2018-06-22,18:44:00,COM VÍTIMA,FINALIZADA,CASA FORTE,RUA DA HARMONIA,,,EM FRENTE DA MERCEARIA DO SEU ARTHU/AO LADO DA CASA DE FESTA PLANETA A,RUA DA HARMONIA,,EM FRENTE DA MERCEARIA DO SEU ARTHU/AO LADO DA CASA DE FESTA PLANETA A,CASA FORTE,,,COLISÃO,AUTO E MOTO C/V,1,1,,,,,,,,1,,,,,,,,,,,,,,,,,,
2018-06-23,01:49:00,SEM VÍTIMA,FINALIZADA,VASCO DA GAMA,AV NORTE,,RUA PADRE LEMOS,CRUZAMENTO COM RUA PADRE LEMOS, SEMAFORO 066,AV NORTE,,CRUZAMENTO COM RUA PADRE LEMOS, SEMAFORO 066,VASCO DA GAMA,,,COLISÃO,COLISÃO ENTRE DOIS AUTOS S/V,2,,,,,,,,,0,,,,,,,,,,,,,,,,
2018-06-23,07:45:00,SEM VÍTIMA,FINALIZADA,BOA VIAGEM,RUA FAUSTINO PORTO,151,RUA FRANCISCO DA CUNHA,COM FRANCISCO DA CUNHA, DE ESQUINA COM A ESCOLA BEM ME QUER,RUA FAUSTINO PORTO,151,COM FRANCISCO DA CUNHA, DE ESQUINA COM A ESCOLA BEM ME QUER,BOA VIAGEM,,,COLISÃO,DOIS AUTOS,2,,,,,,,,,0,,,,,,,,,,,,,,,,
2018-06-23,09:51:00,SEM VÍTIMA,FINALIZADA,TEJIPIÓ,RUA FALCAO DE LACERDA,467,,EM FRENTE A ASSEMBLEIA DE DEUS,RUA FALCAO DE LACERDA,467,EM FRENTE A ASSEMBLEIA DE DEUS,TEJIPIÓ,,,COLISÃO,TAXI E AUTO PASSEIO,2,,,,,,,,,0,,,,,,,,,,,,,,,,,,
2018-06-23,10:42:00,SEM VÍTIMA,CANCELADA,SÃO JOSÉ,RUA IMPERIAL,961,,EM FRENTE AO HOTEL CRISTAL,RUA IMPERIAL,961,EM FRENTE AO HOTEL CRISTAL,SÃO JOSÉ,,,COLISÃO,TAXI E AUTO PASSEIO,2,,,,,,,,,0,,,,,,,,,,,,,,,,,,
2018-06-23,10:45:00,SEM VÍTIMA,FINALIZADA,JORDÃO,AV MARIA IRENE,277,,PROX A BASE AREA,AV MARIA IRENE,277,PROX A BASE AREA,JORDÃO,,,COLISÃO,COLISÃO SEM VITIMAS,2,,,,,,,,,0,,,,,,,,,,,,,,,,,,
2018-06-23,11:00:00,SEM VÍTIMA,FINALIZADA,TORRÕES,AV BICENTENARIO DA REVOLUCAO FRANCESA,,,EM FRENTE AO TERMINAL DE ONIBUS DE RODA DE FOGO,AV BICENTENARIO DA REVOLUCAO FRANCESA,,EM FRENTE AO TERMINAL DE ONIBUS DE RODA DE FOGO,TORRÕES,,,COLISÃO,ONIBUS E AUTO,1,,,,,1,,,,0,,,,,,,,,,,,,,,,,,
2018-06-23,13:02:00,COM VÍTIMA,FINALIZADA,CAXANGÁ,AV CAXANGA,,,EM FRNTE AO BANCO BRADESCO /COM O MUSEU DA ABOLICAO,AV CAXANGA,,EM FRNTE AO BANCO BRADESCO /COM O MUSEU DA ABOLICAO,CAXANGÁ,,,COLISÃO,AUTO E MOTO,1,1,,,,,,,,1,,,,,,,,,,,,,,,,,,
2018-06-23,13:29:00,COM VÍTIMA,FINALIZADA,ROSARINHO,AV NORTE,33,,EM FRENTE AO POSTO SHELL,AV NORTE,33,EM FRENTE AO POSTO SHELL,ROSARINHO,,,COLISÃO,COLISÃO COM VITIMA,,,,,,,,,,1,,,,,,,,,,,,,,,,,,
2018-06-23,14:23:00,SEM VÍTIMA,FINALIZADA,CASA AMARELA,AV NORTE,,,EM FRENTE AO CONSELHO TUTELAR/ SENTIDO MACAXEIRA,AV NORTE,,EM FRENTE AO CONSELHO TUTELAR/ SENTIDO MACAXEIRA,CASA AMARELA,,,ENGAVETAMENTO,COLISÃO SEM VÍTIMA,4,,,,,,,,,0,,,,,,,,,,,,,,,,,,
2018-06-23,15:09:00,SEM VÍTIMA,FINALIZADA,PARNAMIRIM,AV PARNAMIRIM,22,,ANTES DO HOSPITAL MARIA LUCINDA/EM FRENTE DO POSTO SHEEL,AV PARNAMIRIM,22,ANTES DO HOSPITAL MARIA LUCINDA/EM FRENTE DO POSTO SHEEL,PARNAMIRIM,,,COLISÃO,DOIS AUTOS E DUAS MOTOS,2,2,,,,,,,,0,,,,,,,,,,,,,,,,,,
2018-06-23,18:25:00,SEM VÍTIMA,CANCELADA,CAMPO GRANDE,RUA BENJAMIN CONSTANT,,,EM FRENTE AO CENTRO DE CONVENCOES/NA RUA DA CALANGA( EMPRESA),RUA BENJAMIN CONSTANT,,EM FRENTE AO CENTRO DE CONVENCOES/NA RUA DA CALANGA( EMPRESA),CAMPO GRANDE,,,COLISÃO,AUTO E CAMIHAO,1,,,,,,1,,,0,,,,,,,,,,,,,,,,,,
2018-06-23,18:35:00,COM VÍTIMA,CANCELADA,CORDEIRO,AV GENERAL SAN MARTIN,478,,EM FRENTE AO CHEUS CONSTRUÇÕES//EM FRENTE A SORVETERIA MUG,AV GENERAL SAN MARTIN,478,EM FRENTE AO CHEUS CONSTRUÇÕES//EM FRENTE A SORVETERIA MUG,CORDEIRO,,,COLISÃO,COLISÃO ENTRE AUTO E MOTO C/V,1,1,,,,,,,,1,,,,,,,,,,,,,,,,,,
2018-06-23,18:58:00,SEM VÍTIMA,FINALIZADA,JOANA BEZERRA,VIADUTO CAPITAO TEMUDO,,,EM CIMA DO VIADUTO CAPITAO TEMUDO SENTIDO BOA VIAGEM,VIADUTO CAPITAO TEMUDO,,EM CIMA DO VIADUTO CAPITAO TEMUDO SENTIDO BOA VIAGEM,JOANA BEZERRA,,,COLISÃO,TRES AUTOS,3,,,,,,,,,0,,,,,,,,,,,,,,,,,,
2018-06-23,19:51:00,SEM VÍTIMA,FINALIZADA,AFOGADOS,AV DR JOSE RUFINO,,,PROX EMPRESA DE ONIBUS ASTRO TUR E COLEGIO VISAO,AV DR JOSE RUFINO,,PROX EMPRESA DE ONIBUS ASTRO TUR E COLEGIO VISAO,AFOGADOS,,,COLISÃO,TRES AUTOS S/V,3,,,,,,,,,0,,,,,,,,,,,,,,,,,,
2018-06-23,20:30:00,SEM VÍTIMA,FINALIZADA,AFLITOS,RUA TELES JUNIOR,,,PROX DA FÁRMACIA EXTRA, PROX DO EMPORIO BAIANO,RUA TELES JUNIOR,,PROX DA FÁRMACIA EXTRA, PROX DO EMPORIO BAIANO,AFLITOS,,,COLISÃO,COLISÃO ENTRE AUTO E CAMINHÃO S/C,1,,,,,,1,,,0,,,,,,,,,,,,,,,,
2018-06-23,21:07:00,SEM VÍTIMA,FINALIZADA,PARNAMIRIM,EST DO ENCANAMENTO,,AV DEZESSETE DE AGOSTO,CRUZAMENTO COM A AV DEZESSETE DE AGOSTO,EST DO ENCANAMENTO,,CRUZAMENTO COM A AV DEZESSETE DE AGOSTO,PARNAMIRIM,,,COLISÃO,COLISÃO ENTRE DOIS AUTOS S/V,2,,,,,,,,,0,,,,,,,,,,,,,,,,,,
2018-06-23,21:44:00,COM VÍTIMA,FINALIZADA,CORDEIRO,RUA GOMES TABORDA,376,,EM FRENTE AO APPLE MOTEL, PROX DA MADEREIRA SÃO JUDAS TADEU, SGT MATRICULA 9854946 DESPACHANTE DO CIODS 12º BPM,RUA GOMES TABORDA,376,EM FRENTE AO APPLE MOTEL, PROX DA MADEREIRA SÃO JUDAS TADEU,CORDEIRO,,,COLISÃO,SARG INFORMA QUE OS PROPRIETARIOS SE EVADIRAM DO LOCAL,DEIXANDO OS AUTOS NA VIA COM CHAVE NA INGUINICAO LOCAL RUA DA LAMA,,,,,,,,,,1,,,,,,,,,,,,,,
2018-06-24,00:45:00,SEM VÍTIMA,FINALIZADA,CORDEIRO,RUA RIO CAPIBARIBE,,AV INACIO MONTEIRO,CRUZAMENTO COM A AVENIDA INACIO MONTEIRO,RUA RIO CAPIBARIBE,,CRUZAMENTO COM A AVENIDA INACIO MONTEIRO,CORDEIRO,,,COLISÃO,COLISÃO ENTRE UM AUTO E CAMINHÃO S/V,1,,,,,,1,,,0,,,,,,,,,,,,,,,,,,
2018-06-24,01:04:00,SEM VÍTIMA,FINALIZADA,CASA AMARELA,RUA DA ESTRELA,233,,PROX DA BARRACA DOS BUGRES, EM FRENTE AO SALÃO JULIANNE ART OF HAIR,RUA DA ESTRELA,233,PROX DA BARRACA DOS BUGRES, EM FRENTE AO SALÃO JULIANNE ART OF HAIR,CASA AMARELA,,,COLISÃO,COLISÃO ENTRE DOIS AUTOS S/V,2,,,,,,,,,0,,,,,,,,,,,,,,,,
2018-06-24,06:21:00,SEM VÍTIMA,FINALIZADA,CORDEIRO,AV CAXANGA,4500,AV GENERAL POLIDORO,COM A GENERAL POLIDORO, EM FRENTE AO POSTO DE GASOLINA SHELL,AV CAXANGA,4500,COM A GENERAL POLIDORO, EM FRENTE AO POSTO DE GASOLINA SHELL,CORDEIRO,,,CHOQUE,VEICULO CHOCOU-SE COM POSTE,1,,,,,,,,,0,,,,,,,,,,,,,,,,
2018-06-24,06:51:00,SEM VÍTIMA,FINALIZADA,MORRO DA CONCEIÇÃO,AV NORTE,,,NA DESCIDA DO MORRO DA CONCEIÇÃO EM BAIXO DO SEMAFORO 312,AV NORTE,,NA DESCIDA DO MORRO DA CONCEIÇÃO EM BAIXO DO SEMAFORO 312,MORRO DA CONCEIÇÃO,,,COLISÃO,COLISÃO SEM VITIMAS,1,1,,,,,,,,0,,,,,,,,,,,,,,,,,,
2018-06-24,07:32:00,COM VÍTIMA,FINALIZADA,APIPUCOS,RUA DOIS IRMAOS,,,EM FRENTE A FACULDADE MARISTA E O 11º BPM,RUA DOIS IRMAOS,,EM FRENTE A FACULDADE MARISTA E O 11º BPM,APIPUCOS,,,COLISÃO,COLISÃO SEM VÍTIMA ENTRE UM AUTO E MOTO,1,1,,,,,,,,1,,,,,,,,,,,,,,,,,,
2018-06-24,08:16:00,COM VÍTIMA,FINALIZADA,MANGUEIRA,RUA DR JOAO ELISIO,241,,RESIDENCIA EM FRENTE A IGREJA PENTECOSTAL CASA DE ORAÇÃO E AO BAR DO FRANÇA,RUA DR JOAO ELISIO,241,RESIDENCIA EM FRENTE A IGREJA PENTECOSTAL CASA DE ORAÇÃO E AO BAR DO FRANÇA,MANGUEIRA,,,CHOQUE,CONDUTOR BATEU CONTRA POSTE VITIMAS A ESPERA DO SAMU,,1,,,,,,,,2,,,,,,,,,,,,,,,,,,
2018-06-24,10:02:00,SEM VÍTIMA,FINALIZADA,BOA VISTA,RUA TREZE DE MAIO,,RUA DO HOSPICIO,CRUZ COM A DO HOSPICIO EM FRENTE AO HOSPITAL GERAL DO RECIFE,RUA TREZE DE MAIO,,CRUZ COM A DO HOSPICIO EM FRENTE AO HOSPITAL GERAL DO RECIFE,BOA VISTA,,,COLISÃO,COLISÃO SEM VITIMAS,1,,,,,1,,,,0,,,,,,,,,,,,,,,,,,
2018-06-24,11:25:00,COM VÍTIMA,FINALIZADA,BOA VIAGEM,AV ENGENHEIRO DOMINGOS FERREIRA,,,PRÓXIMO À DELEGACIA DE POLICIA E O MUNDO DO CABELEREIRO,AV ENGENHEIRO DOMINGOS FERREIRA,,PRÓXIMO À DELEGACIA DE POLICIA E O MUNDO DO CABELEREIRO,BOA VIAGEM,,,COLISÃO,COM VITIMA,2,,,,,,,,,2,,,,,,,,,,,,,,,,,,
2018-06-24,14:05:00,SEM VÍTIMA,FINALIZADA,JARDIM SÃO PAULO,AV LIBERDADE,428,,EM FRENTE AO CENTRO DESPORTIVO E FISIOTERAPEUTICO,AV LIBERDADE,428,EM FRENTE AO CENTRO DESPORTIVO E FISIOTERAPEUTICO,JARDIM SÃO PAULO,,,COLISÃO,COLISÃO SEM VÍTIMA,1,,,,,1,,,,0,,,,,,,,,,,,,,,,,,
2018-06-24,14:20:00,COM VÍTIMA,FINALIZADA,BOA VIAGEM,AV HERCULANO BANDEIRA,,,INICIO DA DOMINGOS FERREIRA,AV HERCULANO BANDEIRA,,INICIO DA DOMINGOS FERREIRA,BOA VIAGEM,,,COLISÃO,COM VÍTIMA,1,1,,,,,,,,1,,,,,,,,,,,,,,,,,,
2018-06-24,14:21:00,COM VÍTIMA,FINALIZADA,BOA VIAGEM,RUA WALDEMAR NERY CARNEIRO MONTEIRO,500,,PROXIMO AO CAPS,RUA WALDEMAR NERY CARNEIRO MONTEIRO,500,PROXIMO AO CAPS,BOA VIAGEM,,,COLISÃO,COLISÃO COM VÍTIMA,,1,,,,1,,,,1,,,,,,,,,,,,,,,,,,
2018-06-24,15:38:00,COM VÍTIMA,FINALIZADA,IPUTINGA,EST DO BARBALHO,,,EM FRENTE A CONAB. PRÓXIMO AO DETRAN/PE,EST DO BARBALHO,,EM FRENTE A CONAB. PRÓXIMO AO DETRAN/PE,IPUTINGA,,,COLISÃO,COM VÍTIMA,1,1,,,,,,,,1,,,,,,,,,,,,,,,,,,
2018-06-24,15:59:00,SEM VÍTIMA,FINALIZADA,AFOGADOS,RUA COSME VIANA,,,PRÓXIMO A TUPAN,RUA COSME VIANA,,PRÓXIMO A TUPAN,AFOGADOS,,,COLISÃO,,2,,,,,,,,,0,,,,,,,,,,,,,,,,,,
2018-06-24,17:18:00,SEM VÍTIMA,FINALIZADA,CASA AMARELA,EST DO ARRAIAL,,,PROX. AO HOSPITAL AGAMENON MAGALHAES,EST DO ARRAIAL,,PROX. AO HOSPITAL AGAMENON MAGALHAES,CASA AMARELA,,,COLISÃO,DOIS AUTOS,2,,,,,,,,,0,,,,,,,,,,,,,,,,,,
2018-06-24,20:33:00,SEM VÍTIMA,FINALIZADA,ENCRUZILHADA,AV NORTE,X,,SEMAFORO 043/EM FRENTE AO BANCO SANTANDER,AV NORTE,X,SEMAFORO 043/EM FRENTE AO BANCO SANTANDER,ENCRUZILHADA,,,COLISÃO,AUTO ONIBUS,1,,,,,1,,,,0,,,,,,,,,,,,,,,,,,
2018-06-25,00:44:00,COM VÍTIMA,CANCELADA,SAN MARTIN,AV GENERAL SAN MARTIN,,AV ENG ABDIAS DE CARVALHO,EM FRENTE A FACULDADE ESTÁCIO // CRUZAMENTO COM AV ENG. ABDIAS DE CARVALHO,AV GENERAL SAN MARTIN,,EM FRENTE A FACULDADE ESTÁCIO // CRUZAMENTO COM AV ENG. ABDIAS DE CARVALHO,SAN MARTIN,,,COLISÃO,COLISÃO ENTRE MOTO E AUTO, COM VÍTIMA,1,1,,,,,,,,1,,,,,,,,,,,,,,,,,
2018-06-25,06:50:00,COM VÍTIMA,FINALIZADA,BOA VISTA,AV GOVERNADOR CARLOS DE LIMA CAVALCANTI,75,,E/F AO EDF. QUATRO DE OUTUBRO,AV GOVERNADOR CARLOS DE LIMA CAVALCANTI,75,E/F AO EDF. QUATRO DE OUTUBRO,BOA VISTA,,,COLISÃO COM CICLISTA,COM UMA VÍTIMA,,,,1,,,,,,1,,,,,,,,,,,,,,,,,,
2018-06-25,07:18:00,SEM VÍTIMA,CANCELADA,DOIS IRMÃOS,RUA RIBEIRO PESSOA,,,APOS A FABRICA PINTO FORMOSO SENTIDO RURAL,RUA RIBEIRO PESSOA,,APOS A FABRICA PINTO FORMOSO SENTIDO RURAL,DOIS IRMÃOS,,,COLISÃO,COLISÃO SEM VITIMAS,1,,,,,,1,,,0,,,,,,,,,,,,,,,,,,
2018-06-25,07:54:00,SEM VÍTIMA,CANCELADA,AFOGADOS,RUA COSME VIANA,1281,,EM FRENTE A TUPAN,RUA COSME VIANA,1281,EM FRENTE A TUPAN,AFOGADOS,,,COLISÃO,DOIS AUTOS,2,,,,,,,,,0,,,,,,,,,,,,,,,,,,
2018-06-25,08:14:00,SEM VÍTIMA,CANCELADA,BOA VISTA,RUA DA AURORA,,,EM FRENTE AOS CORREIOS,RUA DA AURORA,,EM FRENTE AOS CORREIOS,BOA VISTA,,,COLISÃO,COLISÃO SEM VITIMAS BT JOSIAS QTH,1,,,,,1,,,,0,,,,,,,,,,,,,,,,,,
2018-06-25,08:37:00,SEM VÍTIMA,FINALIZADA,BOA VIAGEM,RUA WALDEMAR NERY CARNEIRO MONTEIRO,,RUA COPACABANA,CRUZ COM A RUA COPAGABAMA EM FRENTE A PADARIA SETUBAL,RUA WALDEMAR NERY CARNEIRO MONTEIRO,,CRUZ COM A RUA COPAGABAMA EM FRENTE A PADARIA SETUBAL,BOA VIAGEM,,,COLISÃO,COLISÃO SEM VITIMAS,2,,,,,,,,,0,,,,,,,,,,,,,,,,,,
2018-06-25,08:53:00,SEM VÍTIMA,FINALIZADA,CASA FORTE,RUA LEONARDO BEZERRA CAVALCANTE,,,NO SEMÁFORO 585,RUA LEONARDO BEZERRA CAVALCANTE,,NO SEMÁFORO 585,CASA FORTE,,,COLISÃO,COLISÃO SEM VÍTIMA,1,,,,,,1,,,0,,,,,,,,,,,,,,,,,,
2018-06-25,08:57:00,COM VÍTIMA,FINALIZADA,IMBIRIBEIRA,AV MARECHAL MASCARENHAS DE MORAES,,,PROX A LOCALIZA SENTIDO PRAZERES EM BAIXO DA PASSARELA DO AEROPORTO,AV MARECHAL MASCARENHAS DE MORAES,,PROX A LOCALIZA SENTIDO PRAZERES EM BAIXO DA PASSARELA DO AEROPORTO,IMBIRIBEIRA,,,COLISÃO,COLISÃO COM VITIMA SOCORRIDO PELOS OS BOMBEIROS,1,1,,,,,,,,2,,,,,,,,,,,,,,,,,,
2018-06-25,09:17:00,SEM VÍTIMA,FINALIZADA,MADALENA,RUA PROFESSOR BENEDITO MONTEIRO,,RUA BENFICA,COM A RUA BENFICA, EM FRENTE AO INTERNACIONAL,RUA PROFESSOR BENEDITO MONTEIRO,,COM A RUA BENFICA, EM FRENTE AO INTERNACIONAL,MADALENA,,,COLISÃO,MOTO E AUTO,1,1,,,,,,,,0,,,,,,,,,,,,,,,,
2018-06-25,09:27:00,SEM VÍTIMA,FINALIZADA,DERBY,AV GOVERNADOR AGAMENON MAGALHAES,,,SENTIDO BOA VIAGEM EM FRENTE AO COLEGIO BARBOSA LIMA,AV GOVERNADOR AGAMENON MAGALHAES,,SENTIDO BOA VIAGEM EM FRENTE AO COLEGIO BARBOSA LIMA,DERBY,,,COLISÃO,COLISÃO SEM VITIMAS,1,,,,,1,,,,0,,,,,,,,,,,,,,,,,,
2018-06-25,10:34:00,SEM VÍTIMA,FINALIZADA,IMBIRIBEIRA,RUA AUGUSTO CALHEIROS,62,,EM FRENTE AO GREMURB,RUA AUGUSTO CALHEIROS,62,EM FRENTE AO GREMURB,IMBIRIBEIRA,,,COLISÃO,DOIS AUTOS,2,,,,,,,,,0,,,,,,,,,,,,,,,,,,
2018-06-25,10:52:00,SEM VÍTIMA,FINALIZADA,AREIAS,AV DR JOSE RUFINO,742,,EM FRENTE A SOCORRO DOCES E SALGADOS,AV DR JOSE RUFINO,742,EM FRENTE A SOCORRO DOCES E SALGADOS,AREIAS,,,COLISÃO,COLISÃO SEM VÍTIMA,1,1,,,,,,,,0,,,,,,,,,,,,,,,,,,
2018-06-25,11:37:00,SEM VÍTIMA,FINALIZADA,IMBIRIBEIRA,AV MARECHAL MASCARENHAS DE MORAES,,,SENTIDO CIDADE EM FRENTE A CONCESSIONARIA TOYOLEX,AV MARECHAL MASCARENHAS DE MORAES,,SENTIDO CIDADE EM FRENTE A CONCESSIONARIA TOYOLEX,IMBIRIBEIRA,,,COLISÃO,COLISÃO SEM VITIMAS,1,,,,,,1,,,0,,,,,,,,,,,,,,,,,,
2018-06-25,11:38:00,SEM VÍTIMA,FINALIZADA,SANTO AMARO,RUA COELHO LEITE,,,E/F A FACULDADE DE ODONTOLOGIA,RUA COELHO LEITE,,E/F A FACULDADE DE ODONTOLOGIA,SANTO AMARO,,,COLISÃO,SEM VÍTIMAS,,1,,,,,,1,,0,,,,,,,,,,,,,,,,,,
2018-06-25,12:01:00,SEM VÍTIMA,FINALIZADA,BOA VIAGEM,RUA BARAO DE SOUZA LEAO,789,,EM FRENTE AO COLEGIO SANTOS DUMONT,RUA BARAO DE SOUZA LEAO,789,EM FRENTE AO COLEGIO SANTOS DUMONT,BOA VIAGEM,,,ENGAVETAMENTO,COLISÃO SEM VÍTIMA,4,,,,,,,,,0,,,,,,,,,,,,,,,,,,
2018-06-25,12:26:00,SEM VÍTIMA,FINALIZADA,SÃO JOSÉ,AV DANTAS BARRETO,,RUA JOAO SOUTO MAIOR,CRUZAMENTO COM A RUA JOÃO SOUTO MAIOR,AV DANTAS BARRETO,,CRUZAMENTO COM A RUA JOÃO SOUTO MAIOR,SÃO JOSÉ,,,COLISÃO,COLISÃO SEM VÍTIMA,2,,,,,,,,,0,,,,,,,,,,,,,,,,,,
2018-06-25,12:50:00,SEM VÍTIMA,CANCELADA,BREJO DE BEBERIBE,AV VEREADOR OTACILIO AZEVEDO,,,EM FRENTE A UPA, SENTIDO DOIS UNIDOS,AV VEREADOR OTACILIO AZEVEDO,,EM FRENTE A UPA, SENTIDO DOIS UNIDOS,BREJO DE BEBERIBE,,,COLISÃO,AUTO E CAMINHAO,1,,,,,,1,,,0,,,,,,,,,,,,,,,,
2018-06-25,13:32:00,SEM VÍTIMA,FINALIZADA,SANTO AMARO,AV GOVERNADOR AGAMENON MAGALHAES,,,EM FRENTE A UPE/ SENTIDO OLINDA,AV GOVERNADOR AGAMENON MAGALHAES,,EM FRENTE A UPE/ SENTIDO OLINDA,SANTO AMARO,,,COLISÃO,COLISÃO SEM VÍTIMA,1,,,,,1,,,,0,,,,,,,,,,,,,,,,,,