data,hora,natureza_acidente,situacao,bairro,endereco,numero,detalhe_endereco_acidente,complemento,endereco_cruzamento,numero_cruzamento,referencia_cruzamento,bairro_cruzamento,num_semaforo,sentido_via,tipo,descricao,auto,moto,ciclom,ciclista,pedestre,onibus,caminhao,viatura,outros,vitimas,vitimasfatais,acidente_verificado,tempo_clima,situacao_semaforo,sinalizacao,condicao_via,conservacao_via,ponto_controle,situacao_placa,velocidade_max_via,mao_direcao,divisao_via1,divisao_via2,divisao_via3,,,,
2018-06-25,13:41:00,SEM VÍTIMA,FINALIZADA,IMBIRIBEIRA,AV MARECHAL MASCARENHAS DE MORAES,,,EM FRENTE AO HOTEL AEROPORTO/ SENTIDO CIDADE,AV MARECHAL MASCARENHAS DE MORAES,,EM FRENTE AO HOTEL AEROPORTO/ SENTIDO CIDADE,IMBIRIBEIRA,,,COLISÃO,COLISÃO SEM VÍTIMA,3,,,,,,,,,0,,,,,,,,,,,,,,,,,,
2018-06-25,14:25:00,SEM VÍTIMA,CANCELADA,IMBIRIBEIRA,AV MARECHAL MASCARENHAS DE MORAES,2305,,EM FRENTE A CARROCERIAS PROGRESSO, SENTIDO AFOGADOS,AV MARECHAL MASCARENHAS DE MORAES,2305,EM FRENTE A CARROCERIAS PROGRESSO, SENTIDO AFOGADOS,IMBIRIBEIRA,,,COLISÃO,AUTO E CAMINHAO,1,,,,,,1,,,0,,,,,,,,,,,,,,,,
2018-06-25,14:28:00,SEM VÍTIMA,FINALIZADA,TEJIPIÓ,AV DR JOSE RUFINO,2905,,AO LADO DA ESTAÇÃO DO METRO DE TEJIPIO,AV DR JOSE RUFINO,2905,AO LADO DA ESTAÇÃO DO METRO DE TEJIPIO,TEJIPIÓ,,,COLISÃO,COLISAO ENTRE CAMINHAO E DOIS AUTOS S/V,2,,,,,,1,,,0,,,,,,,,,,,,,,,,,,
2018-06-25,15:06:00,SEM VÍTIMA,FINALIZADA,ESTÂNCIA,AV RECIFE,,,EM FRENTE AO SAL E BRASA,AV RECIFE,,EM FRENTE AO SAL E BRASA,ESTÂNCIA,,,COLISÃO,03 AUTO PASSEIOS,3,,,,,,,,,0,,,,,,,,,,,,,,,,,,
2018-06-25,15:13:00,SEM VÍTIMA,FINALIZADA,CIDADE UNIVERSITÁRIA,RUA PROFESSOR ANTONIO COELHO,,,EM FRENTE AO COLEGIO PONTUAL,RUA PROFESSOR ANTONIO COELHO,,EM FRENTE AO COLEGIO PONTUAL,CIDADE UNIVERSITÁRIA,,,COLISÃO,AUTO E ONIBUS ,1,,,,,1,,,,0,,,,,,,,,,,,,,,,,,
2018-06-25,15:53:00,SEM VÍTIMA,FINALIZADA,JARDIM SÃO PAULO,AV RECIFE,5536,,EM FRENTE A EMPRESA SN DISTRIBUIDORA/ SENTIDO CAXANGA,AV RECIFE,5536,EM FRENTE A EMPRESA SN DISTRIBUIDORA/ SENTIDO CAXANGA,JARDIM SÃO PAULO,,,COLISÃO,COLISÃO SEM VÍTIMA,2,,,,,,,,,0,,,,,,,,,,,,,,,,,,
2018-06-25,16:32:00,SEM VÍTIMA,FINALIZADA,ESPINHEIRO,RUA DA HORA,772,,EM FRENTE AO VIP SAUDE,RUA DA HORA,772,EM FRENTE AO VIP SAUDE,ESPINHEIRO,,,COLISÃO,COLISÃO SEM VÍTIMA,1,,,,,1,,,,0,,,,,,,,,,,,,,,,,,
2018-06-25,18:09:00,SEM VÍTIMA,FINALIZADA,BOA VIAGEM,RUA TENENTE DOMINGOS DE BRITO,147,RUA JORGE COUCEIRO DA COSTA EIRAS,NA SAÍDA DO SHOPPING RECIFE / ESQUINA COM A R JORGE COUCEIRO DA COSTA EIRAS / E/F A IGREJA FONTE DA VIDA,RUA TENENTE DOMINGOS DE BRITO,147,NA SAÍDA DO SHOPPING RECIFE / ESQUINA COM A R JORGE COUCEIRO DA COSTA EIRAS / E/F A IGREJA FONTE DA VIDA,BOA VIAGEM,,,COLISÃO,ENTRE 2 AUTOS. S/V,2,,,,,,,,,0,,,,,,,,,,,,,,,,,,
2018-06-25,18:47:00,SEM VÍTIMA,CANCELADA,PINA,AV HERCULANO BANDEIRA,,AV CONSELHEIRO AGUIAR,CRUZ COM A AV CONS AGUIAR / SEMÁFORO 138,AV HERCULANO BANDEIRA,,CRUZ COM A AV CONS AGUIAR / SEMÁFORO 138,PINA,,,COLISÃO,ENTRE 2 AUTOS. S/V,2,,,,,,,,,0,,,,,,,,,,,,,,,,,,
2018-06-25,19:08:00,SEM VÍTIMA,FINALIZADA,ESPINHEIRO,RUA DA HORA,,AV CONSELHEIRO ROSA E SILVA,CRUZAMENTO COM AV CONS. ROSA E SILVA DEPOIS DO CLUB PORTUGUES,RUA DA HORA,,CRUZAMENTO COM AV CONS. ROSA E SILVA DEPOIS DO CLUB PORTUGUES,ESPINHEIRO,,,COLISÃO,ONIBUS X PALIO,1,,,,,1,,,,0,,,,,,,,,,,,,,,,,,
2018-06-25,19:13:00,COM VÍTIMA,CANCELADA,CABANGA,PTE GOVERNADOR PAULO GUERRA,1253,,E/F A COMPESA, SNT SHOPPING RIO MAR,PTE GOVERNADOR PAULO GUERRA,1253,E/F A COMPESA, SNT SHOPPING RIO MAR,CABANGA,,,COLISÃO COM CICLISTA,ENTRE AUTO E CICLISTA. C/V,1,,,1,,,,,,1,,,,,,,,,,,,,,,,
2018-06-25,19:34:00,SEM VÍTIMA,FINALIZADA,ESTÂNCIA,AV RECIFE,,,E/F AO WALMART / PRÓX AO MAKRO E RESID IGNEZ ANDREAZZA,AV RECIFE,,E/F AO WALMART / PRÓX AO MAKRO E RESID IGNEZ ANDREAZZA,ESTÂNCIA,,,ENGAVETAMENTO,ENTRE 3 AUTOS. S/V,3,,,,,,,,,0,,,,,,,,,,,,,,,,,,
2018-06-25,21:05:00,SEM VÍTIMA,CANCELADA,BOA VISTA,RUA PADRE INGLES,300,,ENF A FACULDADE UNIBRA NA BOA VISTA,RUA PADRE INGLES,300,ENF A FACULDADE UNIBRA NA BOA VISTA,BOA VISTA,,,COLISÃO,PALIO X FLUENCE,2,,,,,,,,,0,,,,,,,,,,,,,,,,,,
2018-06-25,21:27:00,SEM VÍTIMA,FINALIZADA,IBURA,AV DOIS RIOS,,RUA DOM HELDER CAMARA,CRUZ COM R DOM HELDER CÂMERA - SEMÁFORO 518 / E/F AO POSTO MAIS,AV DOIS RIOS,,CRUZ COM R DOM HELDER CÂMERA - SEMÁFORO 518 / E/F AO POSTO MAIS,IBURA,,,COLISÃO,ENTRE 2 AUTOS. S/V,2,,,,,,,,,0,,,,,,,,,,,,,,,,,,
2018-06-25,21:37:00,SEM VÍTIMA,CANCELADA,IPSEP,RUA ITANAGE,77,,E/F A ODONTO UP E PRÓX A MASTER - AR,RUA ITANAGE,77,E/F A ODONTO UP E PRÓX A MASTER - AR,IPSEP,,,COLISÃO,ENTRE 2 AUTOS. S/V,2,,,,,,,,,0,,,,,,,,,,,,,,,,,,
2018-06-26,02:15:00,SEM VÍTIMA,FINALIZADA,ENGENHO DO MEIO,RUA MANUEL ALVES DEUSDARA,,,EM FRENTE A PRAÇA DO ENGENHO DO MEIO,RUA MANUEL ALVES DEUSDARA,,EM FRENTE A PRAÇA DO ENGENHO DO MEIO,ENGENHO DO MEIO,,,CHOQUE,VIATURA DA POLÍCIA MILITAR CHOCOU-SE CONTRA UMA ÁRVORE,1,,,,,,,,,0,,,,,,,,,,,,,,,,,,
2018-06-26,07:18:00,SEM VÍTIMA,FINALIZADA,AFOGADOS,RUA COSME VIANA,,,EM FRENTE A CONCESSIONARIA IMBIRIBEIRA VEICULOS SENTIDO CIDADE,RUA COSME VIANA,,EM FRENTE A CONCESSIONARIA IMBIRIBEIRA VEICULOS SENTIDO CIDADE,AFOGADOS,,,COLISÃO,COLISÃO SEM VITIMAS,2,,,,,,,,,0,,,,,,,,,,,,,,,,,,
2018-06-26,07:47:00,SEM VÍTIMA,FINALIZADA,BEBERIBE,AV BEBERIBE,,,SEMAFORO 307 / SENT SUB,AV BEBERIBE,,SEMAFORO 307 / SENT SUB,BEBERIBE,,,COLISÃO,ONIBUS E AUTO PASSEIO,1,,,,,1,,,,0,,,,,,,,,,,,,,,,,,
2018-06-26,08:53:00,SEM VÍTIMA,FINALIZADA,BOA VIAGEM,RUA VISCONDE DE JEQUITINHONHA,1145,,E/F A LOCALIZA,RUA VISCONDE DE JEQUITINHONHA,1145,E/F A LOCALIZA,BOA VIAGEM,,,COLISÃO,SEM VÍTIMA,2,,,,,,,,,0,,,,,,,,,,,,,,,,,,
2018-06-26,09:37:00,SEM VÍTIMA,FINALIZADA,PINA,AV ANTONIO DE GOES,,,EM FRENTE AO DNIT,AV ANTONIO DE GOES,,EM FRENTE AO DNIT,PINA,,,COLISÃO,COLISÃO SEM VITIMAS,1,,,,,1,,,,0,,,,,,,,,,,,,,,,,,
2018-06-26,09:42:00,SEM VÍTIMA,FINALIZADA,BOA VISTA,RUA BISPO CARDOSO AYRES,,,E/F A FACULDADE ESUDA,RUA BISPO CARDOSO AYRES,,E/F A FACULDADE ESUDA,BOA VISTA,,,COLISÃO,SEM VÍTIMAS,1,1,,,,,,,,0,,,,,,,,,,,,,,,,,,
2018-06-26,09:42:00,SEM VÍTIMA,FINALIZADA,BOA VIAGEM,AV CONSELHEIRO AGUIAR,2154,,EM FRENTE A PADARIA DIPLOMATA,AV CONSELHEIRO AGUIAR,2154,EM FRENTE A PADARIA DIPLOMATA,BOA VIAGEM,,,COLISÃO,COLISÃO SEM VITIMAS,1,,,,,,1,,,0,,,,,,,,,,,,,,,,,,
2018-06-26,11:10:00,SEM VÍTIMA,FINALIZADA,BOA VIAGEM,RUA PROFESSOR JULIO FERREIRA DE MELO,,RUA PADRE CARAPUCEIRO,COM A PADRE CARAPUCEIRO / ESQ COM O COLEGIO MOTIVO,RUA PROFESSOR JULIO FERREIRA DE MELO,,COM A PADRE CARAPUCEIRO / ESQ COM O COLEGIO MOTIVO,BOA VIAGEM,,,COLISÃO,DOIS AUTOS,2,,,,,,,,,0,,,,,,,,,,,,,,,,,,
2018-06-26,12:16:00,SEM VÍTIMA,FINALIZADA,TAMARINEIRA,RUA GUIMARAES PEIXOTO,434,,EM FRENTE A MORADA JOÃO DA MATTA,RUA GUIMARAES PEIXOTO,434,EM FRENTE A MORADA JOÃO DA MATTA,TAMARINEIRA,,,COLISÃO,COLISÃO SEM VÍTIMA,1,,,,,,1,,,0,,,,,,,,,,,,,,,,,,
2018-06-26,12:33:00,SEM VÍTIMA,FINALIZADA,AFOGADOS,RUA COSME VIANA,157,,EM FRENTE A IMPERIO DAS MOTOS,RUA COSME VIANA,157,EM FRENTE A IMPERIO DAS MOTOS,AFOGADOS,,,COLISÃO,COLISÃO SEM VÍTIMA,1,,,,,,1,,,0,,,,,,,,,,,,,,,,,,
2018-06-26,12:49:00,SEM VÍTIMA,FINALIZADA,IMBIRIBEIRA,RUA PAMPULHA,160,,EM FRENTE AO BIFE CASA BRANCA,RUA PAMPULHA,160,EM FRENTE AO BIFE CASA BRANCA,IMBIRIBEIRA,,,COLISÃO,AUTO E CAMINHAO,1,,,,,,1,,,0,,,,,,,,,,,,,,,,,,
2018-06-26,12:59:00,SEM VÍTIMA,FINALIZADA,AFLITOS,RUA CONS PORTELA,,,E/F AO POSTO TOTAL,RUA CONS PORTELA,,E/F AO POSTO TOTAL,AFLITOS,,,COLISÃO,COLISAO ENTRE AUTO E MOTO S/V,1,1,,,,,,,,0,,,,,,,,,,,,,,,,,,
2018-06-26,13:19:00,SEM VÍTIMA,FINALIZADA,TAMARINEIRA,AV NORTE,,RUA CONEGO BARATA,COM RUA CONEGO BARATA NO SEMAFORO 062 E/F A IGREJA CONGREGACIONAL EM TAMARINEIRA S/T CID,AV NORTE,,COM RUA CONEGO BARATA NO SEMAFORO 062 E/F A IGREJA CONGREGACIONAL EM TAMARINEIRA S/T CID,TAMARINEIRA,,,COLISÃO,COLISAO ENTRE AUTO MOTO E ONIBUS S/V,1,1,,,,1,,,,0,,,,,,,,,,,,,,,,,,
2018-06-26,13:31:00,SEM VÍTIMA,FINALIZADA,IBURA,AV DOIS RIOS,453,,EM FRENTE A IGREJA DOS MORMONS, IBURA DE BAIXO,AV DOIS RIOS,453,EM FRENTE A IGREJA DOS MORMONS, IBURA DE BAIXO,IBURA,,,COLISÃO,DUAS MOTOS,,2,,,,,,,,0,,,,,,,,,,,,,,,,
2018-06-26,13:42:00,SEM VÍTIMA,FINALIZADA,BOA VISTA,PRC DO DERBY,,,E/F A PRAÇA DO DERBY S/T OLINDA NO SEMAFORO 075,PRC DO DERBY,,E/F A PRAÇA DO DERBY S/T OLINDA NO SEMAFORO 075,BOA VISTA,,,COLISÃO,COLISAO ENTRE AUTO E MOTO S/V,1,1,,,,,,,,0,,,,,,,,,,,,,,,,,,
2018-06-26,13:44:00,SEM VÍTIMA,FINALIZADA,AFOGADOS,RUA JOAO CARLOS GUIMARAES,266,,AO LADO DO BRADESCO,RUA JOAO CARLOS GUIMARAES,266,AO LADO DO BRADESCO,AFOGADOS,,,COLISÃO,DOIS AUTOS S/V,2,,,,,,,,,0,,,,,,,,,,,,,,,,,,
2018-06-26,13:45:00,SEM VÍTIMA,FINALIZADA,CAXANGÁ,AV CAXANGA,,,LADO OPOSTO DA UPA/ SENTIDO CIDADE,AV CAXANGA,,LADO OPOSTO DA UPA/ SENTIDO CIDADE,CAXANGÁ,,,COLISÃO,COLISÃO SEM VÍTIMA,1,,,,,,1,,,0,,,,,,,,,,,,,,,,,,
2018-06-26,14:50:00,SEM VÍTIMA,FINALIZADA,PINA,AV ANTONIO DE GOES,500,,APOS O JCPM, EM FRENTE A AGENCIA DETROIT CAR,AV ANTONIO DE GOES,500,APOS O JCPM, EM FRENTE A AGENCIA DETROIT CAR,PINA,,,COLISÃO,DOIS AUTOS,2,,,,,,,,,0,,,,,,,,,,,,,,,,
2018-06-26,14:50:00,SEM VÍTIMA,FINALIZADA,IMBIRIBEIRA,AV MARECHAL MASCARENHAS DE MORAES,2423,,EM FRENTE A CONCESSIONARIA PORSCHE/ SENTIDO CIDADE,AV MARECHAL MASCARENHAS DE MORAES,2423,EM FRENTE A CONCESSIONARIA PORSCHE/ SENTIDO CIDADE,IMBIRIBEIRA,,,COLISÃO,COLISÃO SEM VÍTIMA,2,,,,,,,,,0,,,,,,,,,,,,,,,,,,
2018-06-26,15:20:00,SEM VÍTIMA,FINALIZADA,TAMARINEIRA,RUA JOSE CARVALHEIRA,100,,EM FRENTE AO EMPRESARIAL JOSE CARVALHEIRA,RUA JOSE CARVALHEIRA,100,EM FRENTE AO EMPRESARIAL JOSE CARVALHEIRA,TAMARINEIRA,,,COLISÃO,COLISÃO SEM VÍTIMA,2,,,,,,,,,0,,,,,,,,,,,,,,,,,,
2018-06-26,15:23:00,SEM VÍTIMA,FINALIZADA,IMBIRIBEIRA,RUA CONEGO LIRA,61,,POR TRAS DA BATERIAS MOURA DA MASCARENHAS,RUA CONEGO LIRA,61,POR TRAS DA BATERIAS MOURA DA MASCARENHAS,IMBIRIBEIRA,,,COLISÃO,AUTO E MOTO,1,1,,,,,,,,0,,,,,,,,,,,,,,,,,,
2018-06-26,15:36:00,SEM VÍTIMA,FINALIZADA,IMBIRIBEIRA,RUA ARQUITETO LUIZ NUNES,1314,,EM FRENTE AO MERCADO NOVO TEMPO,RUA ARQUITETO LUIZ NUNES,1314,EM FRENTE AO MERCADO NOVO TEMPO,IMBIRIBEIRA,,,ENGAVETAMENTO,UM ONIBUS E DOIS AUTOS,2,,,,,1,,,,0,,,,,,,,,,,,,,,,,,
2018-06-26,16:48:00,COM VÍTIMA,FINALIZADA,SANTO AMARO,AV NORTE,,,EM RENTE A TV UNIVERSITARIA, SENTIDO CID/SUB,AV NORTE,,EM RENTE A TV UNIVERSITARIA, SENTIDO CID/SUB,SANTO AMARO,,,COLISÃO,AUTO E MOTO,1,1,,,,,,,,1,,,,,,,,,,,,,,,,
2018-06-26,17:21:00,SEM VÍTIMA,FINALIZADA,PINA,AV ANTONIO DE GOES,306,,EM FRENTE A CENTRAL DE RODAS, E A SULAMERICA,AV ANTONIO DE GOES,306,EM FRENTE A CENTRAL DE RODAS, E A SULAMERICA,PINA,,,COLISÃO,DOIS AUTOS,2,,,,,,,,,0,,,,,,,,,,,,,,,,
2018-06-26,17:57:00,SEM VÍTIMA,FINALIZADA,BOA VISTA,PRC PARQUE AMORIM,,,ENF AO ESTACIONAMENTO DO WALMART E ANTIGA BIG BEM,PRC PARQUE AMORIM,,ENF AO ESTACIONAMENTO DO WALMART E ANTIGA BIG BEM,BOA VISTA,,,COLISÃO,HB 20 X ARGO FIAT,2,,,,,,,,,0,,,,,,,,,,,,,,,,,,
2018-06-26,17:56:00,COM VÍTIMA,FINALIZADA,CAXANGÁ,AV CAXANGA,,,EM FRENTE AO BANCO SANTANDER. VIA DO MEIO. SENTIDO CIDADE,AV CAXANGA,,EM FRENTE AO BANCO SANTANDER. VIA DO MEIO. SENTIDO CIDADE,CAXANGÁ,,,TOMBAMENTO,COM VÍTIMA,,1,,,,,,,,1,,,,,,,,,,,,,,,,,,
2018-06-26,18:00:00,SEM VÍTIMA,FINALIZADA,SANTO AMARO,AV NORTE,,,APÓS A PRAÇA DA PICANHA E KIA, SNT CIDADE / NA SUBIDA DO VIADUTO,AV NORTE,,APÓS A PRAÇA DA PICANHA E KIA, SNT CIDADE / NA SUBIDA DO VIADUTO,SANTO AMARO,,,COLISÃO,ENTRE ÔNIBUS E AUTO PASSEIO. S/V,1,,,,,1,,,,0,,,,,,,,,,,,,,,,
2018-06-26,18:24:00,SEM VÍTIMA,FINALIZADA,IMBIRIBEIRA,RUA ARQUITETO LUIZ NUNES,875,RUA ENG JOSE BRANDAO CAVALCANTE,CRUZAMENTO COM RUA ENGENHEIRO JOSE BRANDAO CAVALCANTE ENF A PADARIA PAO E MASSA,RUA ARQUITETO LUIZ NUNES,875,CRUZAMENTO COM RUA ENGENHEIRO JOSE BRANDAO CAVALCANTE ENF A PADARIA PAO E MASSA,IMBIRIBEIRA,,,COLISÃO,HONDA CIT X CAMINHONETA F 1000,2,,,,,,,,,0,,,,,,,,,,,,,,,,,,
2018-06-26,18:53:00,COM VÍTIMA,FINALIZADA,PAISSANDU,AV GOVERNADOR AGAMENON MAGALHAES,,,SENTIDO OLINDA NA DESCIDA DO VIADUTO ENF - AO HOSPITAL PORTUGUES VIA PRINCIPAL,AV GOVERNADOR AGAMENON MAGALHAES,,SENTIDO OLINDA NA DESCIDA DO VIADUTO ENF - AO HOSPITAL PORTUGUES VIA PRINCIPAL,PAISSANDU,,,COLISÃO,MOTO X COROLA,1,1,,,,,,,,1,,,,,,,,,,,,,,,,,,
2018-06-26,19:09:00,SEM VÍTIMA,CANCELADA,IPSEP,RUA JEAN EMILE FAVRE,S/N,,NA PRC DA MAURICEIA PROX A FACULDADE DE BOA VIAGEM,RUA JEAN EMILE FAVRE,S/N,NA PRC DA MAURICEIA PROX A FACULDADE DE BOA VIAGEM,IPSEP,,,COLISÃO,DOIS AUTO,2,,,,,,,,,0,,,,,,,,,,,,,,,,,,
2018-06-26,19:48:00,SEM VÍTIMA,FINALIZADA,IMBIRIBEIRA,AV MARECHAL MASCARENHAS DE MORAES,,,E/F AO MINISTÉRIO DO TRABALHO, SNT AEROPORTO,AV MARECHAL MASCARENHAS DE MORAES,,E/F AO MINISTÉRIO DO TRABALHO, SNT AEROPORTO,IMBIRIBEIRA,,,COLISÃO,ENTRE ÔNIBUS E AUTO PASSEIO. S/V,1,,,,,1,,,,0,,,,,,,,,,,,,,,,
2018-06-26,20:22:00,SEM VÍTIMA,FINALIZADA,SÃO JOSÉ,RUA IMPERIAL,1600,RUA LOURENCO DE SÁ,CRUZAMENTO COM A RUA LOURENÇO DE SÁ ENF: A JUCEPE,RUA IMPERIAL,1600,CRUZAMENTO COM A RUA LOURENÇO DE SÁ ENF: A JUCEPE,SÃO JOSÉ,,,COLISÃO,GOL X JAC,2,,,,,,,,,0,,,,,,,,,,,,,,,,,,
2018-06-26,21:32:00,SEM VÍTIMA,FINALIZADA,SANTO AMARO,AV GOVERNADOR AGAMENON MAGALHAES,,,EMBAIXO DO VIADUTO JOAO DE BARROS SENTIDO CIDADE,AV GOVERNADOR AGAMENON MAGALHAES,,EMBAIXO DO VIADUTO JOAO DE BARROS SENTIDO CIDADE,SANTO AMARO,,,COLISÃO,DOIS AUTOS OBS:: VT 18 DA CTTU ESTA NO LOCAL,2,,,,,,,,,0,,,,,,,,,,,,,,,,,,
2018-06-26,22:52:00,COM VÍTIMA,FINALIZADA,SÃO JOSÉ,RUA IMPERIAL,XX,RUA BONSUCESSO,CRUZAMENTO COM A RUA BONSUCESSO,RUA IMPERIAL,XX,CRUZAMENTO COM A RUA BONSUCESSO,SÃO JOSÉ,,,COLISÃO,AUTO E MOTO,1,1,,,,,,,,1,,,,,,,,,,,,,,,,,,
2018-06-26,23:35:00,SEM VÍTIMA,FINALIZADA,BOA VIAGEM,AV ARMINDO MOURA,7074,,PRÓX AO SEGUNDO COMANDO AÉREO MILITAR , ESQUINA COM AV BV,AV ARMINDO MOURA,7074,PRÓX AO SEGUNDO COMANDO AÉREO MILITAR , ESQUINA COM AV BV,BOA VIAGEM,,,COLISÃO,ENTRE ÔNIBUS E AUTO PASSEIO. S/V,1,,,,,1,,,,0,,,,,,,,,,,,,,,,
2018-06-27,06:43:00,SEM VÍTIMA,FINALIZADA,SANTO AMARO,AV CRUZ CABUGA,,,E/F A COMPESA, SENTIDO CIDADE. SEMÁFORO 344,AV CRUZ CABUGA,,E/F A COMPESA, SENTIDO CIDADE. SEMÁFORO 344,SANTO AMARO,,,COLISÃO,SEM VÍTIMAS.,2,,,,,,,,,0,,,,,,,,,,,,,,,,
2018-06-27,07:26:00,COM VÍTIMA,CANCELADA,MADALENA,RUA JOSE BONIFACIO,851,,E/F A HONDA, SENTIDO CASA FORTE. SEMÁFORO 301,RUA JOSE BONIFACIO,851,E/F A HONDA, SENTIDO CASA FORTE. SEMÁFORO 301,MADALENA,,,COLISÃO,COM DUAS VÍTIMAS.,1,,1,,,,,,,2,,,,,,,,,,,,,,,,
2018-06-27,07:32:00,SEM VÍTIMA,FINALIZADA,ESTÂNCIA,AV DR JOSE RUFINO,,,A 200M DO COLEGIO DECISÃO,AV DR JOSE RUFINO,,A 200M DO COLEGIO DECISÃO,ESTÂNCIA,,,COLISÃO,COLISÃO SEM VÍTIMA,,2,,,,,,,,0,,,,,,,,,,,,,,,,,,
2018-06-27,07:44:00,SEM VÍTIMA,FINALIZADA,CAMPO GRANDE,AV CORREIA DE BRITO,169,,EM FRENTE PLINIO CONSTRUTORA,AV CORREIA DE BRITO,169,EM FRENTE PLINIO CONSTRUTORA,CAMPO GRANDE,,,COLISÃO,AUTO PASSEIO E CAMINHAO,1,,,,,,1,,,0,,,,,,,,,,,,,,,,,,
2018-06-27,08:51:00,SEM VÍTIMA,FINALIZADA,SÃO JOSÉ,RUA FLORIANO PEIXOTO,,,E/F AO BRADESCO,RUA FLORIANO PEIXOTO,,E/F AO BRADESCO,SÃO JOSÉ,,,COLISÃO,SEM VÍTIMAS. BATEDORES NO LOCAL.,1,,,,,1,,,,0,,,,,,,,,,,,,,,,,,
2018-06-27,08:53:00,SEM VÍTIMA,FINALIZADA,ENCRUZILHADA,AV NORTE,2326,,EM FRENTE AO BANCO DO BRASIL, SENT. SUB.,AV NORTE,2326,EM FRENTE AO BANCO DO BRASIL, SENT. SUB.,ENCRUZILHADA,,,COLISÃO,DOIS ONIBUS,,,,,,2,,,,0,,,,,,,,,,,,,,,,
2018-06-27,09:07:00,SEM VÍTIMA,FINALIZADA,AFLITOS,RUA CAPITAO SAMPAIO XAVIER,392,,EM FRENTE AO ARMAZEM QUATRO CAMPOS,RUA CAPITAO SAMPAIO XAVIER,392,EM FRENTE AO ARMAZEM QUATRO CAMPOS,AFLITOS,,,COLISÃO,DOIS AUTOS,2,,,,,,,,,0,,,,,,,,,,,,,,,,,,
2018-06-27,09:29:00,SEM VÍTIMA,CANCELADA,GRAÇAS,RUA AMELIA,373,,EM FRENTE A GALERIA GRAÇA CENTER,RUA AMELIA,373,EM FRENTE A GALERIA GRAÇA CENTER,GRAÇAS,,,COLISÃO,DOIS AUTOS,2,,,,,,,,,0,,,,,,,,,,,,,,,,,,
2018-06-27,09:41:00,SEM VÍTIMA,CANCELADA,VÁRZEA,RUA ACADEMICO HELIO RAMOS,473,,EM FRENTE AO LEOCAR,RUA ACADEMICO HELIO RAMOS,473,EM FRENTE AO LEOCAR,VÁRZEA,,,COLISÃO,MOTO E ONIBUS,,1,,,,1,,,,0,,,,,,,,,,,,,,,,,,
2018-06-27,09:50:00,SEM VÍTIMA,FINALIZADA,PINA,RUA JOSE MARIANO FILHO,338,,AO LADO DA SULAMERICA,RUA JOSE MARIANO FILHO,338,AO LADO DA SULAMERICA,PINA,,,COLISÃO,DOIS AUTOS,2,,,,,,,,,0,,,,,,,,,,,,,,,,,,
2018-06-27,09:56:00,SEM VÍTIMA,FINALIZADA,BONGI,RUA SANTA EDWIRGES,539,,E/F AO GALPÃO,RUA SANTA EDWIRGES,539,E/F AO GALPÃO,BONGI,,,COLISÃO,SEM VÍTIMAS.,1,,,,,,1,,,0,,,,,,,,,,,,,,,,,,
2018-06-27,10:24:00,SEM VÍTIMA,FINALIZADA,ENCRUZILHADA,AV BEBERIBE,,,SEMAFORO 186 / SENT SUB / EM FRENTE A DROGAGIL,AV BEBERIBE,,SEMAFORO 186 / SENT SUB / EM FRENTE A DROGAGIL,ENCRUZILHADA,,,COLISÃO,CAMINHAO E AUTO,1,,,,,,1,,,0,,,,,,,,,,,,,,,,,,
2018-06-27,10:35:00,COM VÍTIMA,FINALIZADA,JAQUEIRA,RUA DEPUTADO PEDRO PIRES FERREIRA,913,,EM FRENTE A GALERIA JAQUEIRA PARK CENTER,RUA DEPUTADO PEDRO PIRES FERREIRA,913,EM FRENTE A GALERIA JAQUEIRA PARK CENTER,JAQUEIRA,,,COLISÃO,MOTO E AUTO,1,1,,,,,,,,1,,,,,,,,,,,,,,,,,,
2018-06-27,10:44:00,SEM VÍTIMA,FINALIZADA,BOA VIAGEM,RUA PROFESSOR EDUARDO WANDERLEY FILHO,242,,E/F AO ESTUDIO BOA VIAGEM,RUA PROFESSOR EDUARDO WANDERLEY FILHO,242,E/F AO ESTUDIO BOA VIAGEM,BOA VIAGEM,,,COLISÃO,SEM VÍTIMAS.,2,,,,,,,,,0,,,,,,,,,,,,,,,,,,
2018-06-27,10:54:00,SEM VÍTIMA,CANCELADA,VASCO DA GAMA,RUA VASCO DA GAMA,34,,EM FRENTE AO POSTO DE GASOLINA DESTAIVADO, PROX. A FARMACIA POPULAR,RUA VASCO DA GAMA,34,EM FRENTE AO POSTO DE GASOLINA DESTAIVADO, PROX. A FARMACIA POPULAR,VASCO DA GAMA,,,COLISÃO,AUTO E MOTO,1,1,,,,,,,,0,,,,,,,,,,,,,,,,
2018-06-27,10:55:00,COM VÍTIMA,FINALIZADA,AREIAS,AV DR JOSE RUFINO,,,NO SEMÁFORO 044,AV DR JOSE RUFINO,,NO SEMÁFORO 044,AREIAS,,,COLISÃO,COLISÃO COM VÍTIMA,1,1,,,,,,,,1,,,,,,,,,,,,,,,,,,
2018-06-27,11:58:00,SEM VÍTIMA,CANCELADA,ENCRUZILHADA,AV NORTE,,,EM FRENTE AO EXTRA BOM,AV NORTE,,EM FRENTE AO EXTRA BOM,ENCRUZILHADA,,,COLISÃO,COLISÃO ENTRE AUTO E MOTO SEM VÍTIMA,,,,,,,,,,0,,,,,,,,,,,,,,,,,,
2018-06-27,12:35:00,SEM VÍTIMA,CANCELADA,PINA,AVENIDA CELSO FURTADO (VIA MANGUE),,,NA DESCIDA DO VIADUTO PROX AO SHOPPING RECIFE,AVENIDA CELSO FURTADO (VIA MANGUE),,NA DESCIDA DO VIADUTO PROX AO SHOPPING RECIFE,PINA,,,COLISÃO,COLISAO ENTRE DOIS AUTOS S/V,2,,,,,,,,,0,,,,,,,,,,,,,,,,,,