data,hora,natureza_acidente,situacao,bairro,endereco,numero,detalhe_endereco_acidente,complemento,endereco_cruzamento,numero_cruzamento,referencia_cruzamento,bairro_cruzamento,num_semaforo,sentido_via,tipo,descricao,auto,moto,ciclom,ciclista,pedestre,onibus,caminhao,viatura,outros,vitimas,vitimasfatais,acidente_verificado,tempo_clima,situacao_semaforo,sinalizacao,condicao_via,conservacao_via,ponto_controle,situacao_placa,velocidade_max_via,mao_direcao,divisao_via1,divisao_via2,divisao_via3,,,,
2018-06-27,12:35:00,SEM VÍTIMA,FINALIZADA,ILHA DO RETIRO,AV ENGENHEIRO ABDIAS DE CARVALHO,,,EM FRENTE AO CLUB DO SPORT, SENTIDO AGAMENON,AV ENGENHEIRO ABDIAS DE CARVALHO,,EM FRENTE AO CLUB DO SPORT, SENTIDO AGAMENON,ILHA DO RETIRO,,,COLISÃO,DOIS AUTOS,2,,,,,,,,,0,,,,,,,,,,,,,,,,
2018-06-27,12:39:00,SEM VÍTIMA,FINALIZADA,JARDIM SÃO PAULO,AV RECIFE,,,SEMAFORO 259, EM FRENTE A DIVEPE, SENTIDO AEROPORTO,AV RECIFE,,SEMAFORO 259, EM FRENTE A DIVEPE, SENTIDO AEROPORTO,JARDIM SÃO PAULO,,,COLISÃO,TRES AUTOS,3,,,,,,,,,0,,,,,,,,,,,,,,
2018-06-27,12:43:00,SEM VÍTIMA,FINALIZADA,VÁRZEA,RUA RORAIMA,102,,UNIDADE DA FAMILIA PROFESSOR AMAURY DE MEDEIROS,RUA RORAIMA,102,UNIDADE DA FAMILIA PROFESSOR AMAURY DE MEDEIROS,VÁRZEA,,,COLISÃO,ONIBUS E AUTOS,1,,,,,1,,,,0,,,,,,,,,,,,,,,,,,
2018-06-27,13:06:00,,CANCELADA,JARDIM SÃO PAULO,AV RECIFE,,,SEMAFORO 259/EM BAIXO DO MESMO,EM FRENTEA LOJA FUME,AV RECIFE,,SEMAFORO 259/EM BAIXO DO MESMO,EM FRENTEA LOJA FUME,JARDIM SÃO PAULO,,,COLISÃO,TRES AUTOS,3,,,,,,,,,0,,,,,,,,,,,,,,,,
2018-06-27,13:39:00,SEM VÍTIMA,FINALIZADA,IMBIRIBEIRA,AV MARECHAL MASCARENHAS DE MORAES,,,SEMAFORO 276/EM FRENTE AVANCIA EMPRESA,AV MARECHAL MASCARENHAS DE MORAES,,SEMAFORO 276/EM FRENTE AVANCIA EMPRESA,IMBIRIBEIRA,,,COLISÃO,TRES AUTOS E UMA MOTO,3,1,,,,,,,,0,,,,,,,,,,,,,,,,,,
2018-06-27,13:50:00,SEM VÍTIMA,FINALIZADA,DOIS IRMÃOS,EST DOS PINTOS,225,,PROX A UNIVERSIDADE RURAL,EST DOS PINTOS,225,PROX A UNIVERSIDADE RURAL,DOIS IRMÃOS,,,COLISÃO,COLISAO ENTRE TRES AUTOS S/V,3,,,,,,,,,0,,,,,,,,,,,,,,,,,,
2018-06-27,14:12:00,SEM VÍTIMA,FINALIZADA,CASA AMARELA,RUA PADRE LEMOS,,,E/F AO SUPERMERCADO CANELA,RUA PADRE LEMOS,,E/F AO SUPERMERCADO CANELA,CASA AMARELA,,,COLISÃO,COLISAO ENTRE AUTO E MOTO S/V,1,1,,,,,,,,0,,,,,,,,,,,,,,,,,,
2018-06-27,14:36:00,SEM VÍTIMA,FINALIZADA,BAIRRO DO RECIFE,PTE DO LIMOEIRO,,,NA DESCIDA DA PONTE SENTIDO CENTRO,PTE DO LIMOEIRO,,NA DESCIDA DA PONTE SENTIDO CENTRO,BAIRRO DO RECIFE,,,ENGAVETAMENTO,UM CAMINHAO E TRES AUTOS,3,,,,,,1,,,0,,,,,,,,,,,,,,,,,,
2018-06-27,15:09:00,SEM VÍTIMA,FINALIZADA,BOA VIAGEM,RUA DEZ DE JULHO,115,RUA CAMBUI,CRUZAMENTO COM RUA CAMBUI,RUA DEZ DE JULHO,115,CRUZAMENTO COM RUA CAMBUI,BOA VIAGEM,,,COLISÃO,TRES AUTOS,,,,,,,,,,0,,,,,,,,,,,,,,,,,,
2018-06-27,15:13:00,SEM VÍTIMA,FINALIZADA,MADALENA,EST DOS REMEDIOS,,,PROXIMO AO SEMAFORO 353( em frente ao hospital lessa de andrade),EST DOS REMEDIOS,,PROXIMO AO SEMAFORO 353( em frente ao hospital lessa de andrade),MADALENA,,,COLISÃO,DOIS AUTO,1,,,,,1,,,,0,,,,,,,,,,,,,,,,,,
2018-06-27,18:18:00,SEM VÍTIMA,FINALIZADA,SANTO AMARO,AV NORTE,,RUA VINTE E QUATRO DE AGOSTO,SEMÁFORO 463 - CRUZ COM A RUA VINTE E QUATRO DE AGOSTO,AV NORTE,,SEMÁFORO 463 - CRUZ COM A RUA VINTE E QUATRO DE AGOSTO,SANTO AMARO,,,COLISÃO,ENTRE AUTO E ÔNIBUS. S/V,1,,,,,1,,,,0,,,,,,,,,,,,,,,,,,
2018-06-27,18:26:00,SEM VÍTIMA,FINALIZADA,BOA VIAGEM,RUA ERNESTO DE PAULA SANTOS,,RUA PROF JOAO MEDEIROS,SEMAFORO 329 CRUZAMENTO COM A RUA PROF. JOAO MEDEIROS,RUA ERNESTO DE PAULA SANTOS,,SEMAFORO 329 CRUZAMENTO COM A RUA PROF. JOAO MEDEIROS,BOA VIAGEM,,,COLISÃO,HB 20 X VOYAGE,2,,,,,,,,,0,,,,,,,,,,,,,,,,,,
2018-06-27,18:41:00,SEM VÍTIMA,CANCELADA,AFOGADOS,RUA COSME VIANA,86,,SEMAFORO 553 // ENF A FLAVIO MOTOS E RECIFE RODAS,RUA COSME VIANA,86,SEMAFORO 553 // ENF A FLAVIO MOTOS E RECIFE RODAS,AFOGADOS,,,COLISÃO COM CICLISTA,MOTO X BICICLETA,,1,,1,,,,,,0,,,,,,,,,,,,,,,,,,
2018-06-27,19:40:00,COM VÍTIMA,FINALIZADA,BOA VISTA,AV CONDE DA BOA VISTA,1526,,PRÓX A C&A E E/F A IGREJA PRESBITERIANA DA BOA VISTA,AV CONDE DA BOA VISTA,1526,PRÓX A C&A E E/F A IGREJA PRESBITERIANA DA BOA VISTA,BOA VISTA,,,ATROPELAMENTO,PEDESTRE X AUTO. C-/V,1,,,,1,,,,,1,,,,,,,,,,,,,,,,,,
2018-06-27,19:43:00,SEM VÍTIMA,FINALIZADA,ESTÂNCIA,AV RECIFE,5516,,SENTIDO CEASA EM CIMA DO PONTILHAO DO METRO,AV RECIFE,5516,SENTIDO CEASA EM CIMA DO PONTILHAO DO METRO,ESTÂNCIA,,,COLISÃO,S10 X RENO,2,,,,,,,,,0,,,,,,,,,,,,,,,,,,
2018-06-27,19:48:00,SEM VÍTIMA,FINALIZADA,SANTO AMARO,AV NORTE,,,AO LADO DO POSTO ALVORADA, SNT GRAÇAS,AV NORTE,,AO LADO DO POSTO ALVORADA, SNT GRAÇAS,SANTO AMARO,,,COLISÃO,ENTRE MOTO E AUTO. S/V,1,1,,,,,,,,0,,,,,,,,,,,,,,,,
2018-06-27,20:02:00,SEM VÍTIMA,FINALIZADA,IPSEP,AV RECIFE,,,PROX AO POSTO SHELL NA SAIDA DO IBURA SEMAFORO 055,AV RECIFE,,PROX AO POSTO SHELL NA SAIDA DO IBURA SEMAFORO 055,IPSEP,,,COLISÃO,GOL X PRISMA TAXI,2,,,,,,,,,0,,,,,,,,,,,,,,,,,,
2018-06-27,21:15:00,SEM VÍTIMA,FINALIZADA,CASA AMARELA,RUA DA HARMONIA,700,,CRUZANDO A R CONS NABUCO/ PROXIMIDADES DA FARMÁCIA INDEPENDENTE E COLÉGIO APOIO,RUA DA HARMONIA,700,CRUZANDO A R CONS NABUCO/ PROXIMIDADES DA FARMÁCIA INDEPENDENTE E COLÉGIO APOIO,CASA AMARELA,,,COLISÃO,ENTRE 2 AUTOS. S/V,2,,,,,,,,,0,,,,,,,,,,,,,,,,,,
2018-06-28,06:17:00,SEM VÍTIMA,FINALIZADA,ENGENHO DO MEIO,RUA ANTONIO CURADO,181,,RESIDENCIA EM FRENTE AO CONDOMINIO PRAÇA DAS AVENCAS,RUA ANTONIO CURADO,181,RESIDENCIA EM FRENTE AO CONDOMINIO PRAÇA DAS AVENCAS,ENGENHO DO MEIO,,,COLISÃO,COLISÃO SEM VITIMAS,2,,,,,,,,,0,,,,,,,,,,,,,,,,,,
2018-06-28,06:19:00,COM VÍTIMA,FINALIZADA,BOA VISTA,AV VISCONDE DE SUASSUNA,,,AO LADO DA CAIXA ECONOMICA, SEMÁFORO 032,AV VISCONDE DE SUASSUNA,,AO LADO DA CAIXA ECONOMICA, SEMÁFORO 032,BOA VISTA,,,COLISÃO,COM DUAS VÍTIMAS SOCORRIDAS PELOS BOMBEIROS,,,,,,1,1,,,2,,,,,,,,,,,,,,,,
2018-06-28,07:48:00,COM VÍTIMA,FINALIZADA,IPSEP,AV RECIFE,,,SEMAFORO 247 / SENT BOA VIAGEM,AV RECIFE,,SEMAFORO 247 / SENT BOA VIAGEM,IPSEP,,,COLISÃO,MOTO E AUTO PASSEIO,1,1,,,,,,,,1,,,,,,,,,,,,,,,,,,
2018-06-28,08:12:00,SEM VÍTIMA,CANCELADA,BOA VISTA,RUA DO PRINCIPE,736,,APOS O CERPE,RUA DO PRINCIPE,736,APOS O CERPE,BOA VISTA,,,COLISÃO,DOIS AUTOS,2,,,,,,,,,0,,,,,,,,,,,,,,,,,,
2018-06-28,08:12:00,SEM VÍTIMA,FINALIZADA,PINA,AV HERCULANO BANDEIRA,,,EM BAIXO DO SEMAFORO 138,AV HERCULANO BANDEIRA,,EM BAIXO DO SEMAFORO 138,PINA,,,COLISÃO,COLISÃO SEM VITIMAS,1,,,,,1,,,,0,,,,,,,,,,,,,,,,,,
2018-06-28,08:50:00,COM VÍTIMA,FINALIZADA,CAXANGÁ,AV CAXANGA,,,LADO OPOSTO AO PARQUE DE EXPOSIÇÃO - SENTIDO CENTRO,AV CAXANGA,,LADO OPOSTO AO PARQUE DE EXPOSIÇÃO - SENTIDO CENTRO,CAXANGÁ,,,ACID. DE PERCURSO,,,1,,,,,,,,1,,,,,,,,,,,,,,,,,,
2018-06-28,08:56:00,COM VÍTIMA,FINALIZADA,IMBIRIBEIRA,AV MARECHAL MASCARENHAS DE MORAES,,,SENTIDO AFOGADOS AO LADO DA LOCALIZA,AV MARECHAL MASCARENHAS DE MORAES,,SENTIDO AFOGADOS AO LADO DA LOCALIZA,IMBIRIBEIRA,,,COLISÃO,COLISÃO COM VITIMA A ESPERA DO SAMU,2,,,,,,,,,1,,,,,,,,,,,,,,,,,,
2018-06-28,09:06:00,SEM VÍTIMA,FINALIZADA,CORDEIRO,RUA CLAUDIO BROTHERHOOD,275,,AO LADO DO DEPOSITO BETO BEBIDAS,RUA CLAUDIO BROTHERHOOD,275,AO LADO DO DEPOSITO BETO BEBIDAS,CORDEIRO,,,COLISÃO,MOTO E AUTO,1,1,,,,,,,,0,,,,,,,,,,,,,,,,,,
2018-06-28,09:09:00,SEM VÍTIMA,FINALIZADA,GRAÇAS,RUA ALBERTO PAIVA,,,EM FRENTE AO MUSEU DO ESTADO DE PERNAMBUCO,RUA ALBERTO PAIVA,,EM FRENTE AO MUSEU DO ESTADO DE PERNAMBUCO,GRAÇAS,,,COLISÃO,COLISÃO SEM VITIMAS,3,,,,,,,,,0,,,,,,,,,,,,,,,,,,
2018-06-28,11:07:00,SEM VÍTIMA,FINALIZADA,BOA VISTA,AV JOAO DE BARROS,25,,EM FRENTE AO NUCE,AV JOAO DE BARROS,25,EM FRENTE AO NUCE,BOA VISTA,,,COLISÃO,DOIS AUTOS,2,,,,,,,,,0,,,,,,,,,,,,,,,,,,
2018-06-28,11:46:00,SEM VÍTIMA,FINALIZADA,CORDEIRO,AV CAXANGA,1953,,EM FENTE AO CERPE, SENTIDO CENTRO,AV CAXANGA,1953,EM FENTE AO CERPE, SENTIDO CENTRO,CORDEIRO,,,COLISÃO,DOIS AUTOS,2,,,,,,,,,0,,,,,,,,,,,,,,,,
2018-06-28,13:30:00,SEM VÍTIMA,FINALIZADA,SANTO AMARO,RUA TREZE DE MAIO,586,,EM FRENTE AO BOX E BOX,RUA TREZE DE MAIO,586,EM FRENTE AO BOX E BOX,SANTO AMARO,,,COLISÃO,COLISÃO SEM VÍTIMA,2,,,,,,,,,0,,,,,,,,,,,,,,,,,,
2018-06-28,14:09:00,SEM VÍTIMA,FINALIZADA,BOA VIAGEM,RUA DR PEDRO DE MELLO CAHU,,RUA PROF EDUARDO WANDERLEY FILHO,CRUZAMANTO COM RUA PROFESSOR EDUARDO WANDERLEY FILHO/ PROXIMO AO CASA SÃO PAULO,RUA DR PEDRO DE MELLO CAHU,,CRUZAMANTO COM RUA PROFESSOR EDUARDO WANDERLEY FILHO/ PROXIMO AO CASA SÃO PAULO,BOA VIAGEM,,,COLISÃO,COLISÃO SEM VÍTIMA,2,,,,,,,,,0,,,,,,,,,,,,,,,,,,
2018-06-28,14:19:00,SEM VÍTIMA,FINALIZADA,TORRÕES,AV ENGENHEIRO ABDIAS DE CARVALHO,,,NO SEMAFORO 422, EM FRENTE A FARMACIA DROGAMARIA,AV ENGENHEIRO ABDIAS DE CARVALHO,,NO SEMAFORO 422, EM FRENTE A FARMACIA DROGAMARIA,TORRÕES,,,COLISÃO,AUTO E MOTO,1,1,,,,,,,,0,,,,,,,,,,,,,,,,
2018-06-28,15:02:00,COM VÍTIMA,FINALIZADA,JORDÃO,AV MARIA IRENE,865,,E/F POSTO TOTAL, EM JORDAO BAIXO,AV MARIA IRENE,865,E/F POSTO TOTAL, EM JORDAO BAIXO,JORDÃO,,,ATROPELAMENTO,MOTO E PEDESTRE,1,,,,1,,,,,2,,,,,,,,,,,,,,,,
2018-06-28,15:26:00,COM VÍTIMA,FINALIZADA,VÁRZEA,AV CAXANGA,,RUA RIBEIRO PESSOA,COM RUA RIBEIRO PESSOA,AV CAXANGA,,COM RUA RIBEIRO PESSOA,VÁRZEA,,,COLISÃO,,1,1,,,,,,,,1,,,,,,,,,,,,,,,,,,
2018-06-28,16:06:00,SEM VÍTIMA,FINALIZADA,IPSEP,RUA SAO NICOLAU,,,NO SEMÁFORO 505,RUA SAO NICOLAU,,NO SEMÁFORO 505,IPSEP,,,COLISÃO,COLISÃO SEM VÍTIMA,,,,,,1,,1,,0,,,,,,,,,,,,,,,,,,
2018-06-28,16:36:00,COM VÍTIMA,FINALIZADA,ENCRUZILHADA,AV BEBERIBE,111,,PROX. AO MERCADO DA ENCRUZILHADA,AV BEBERIBE,111,PROX. AO MERCADO DA ENCRUZILHADA,ENCRUZILHADA,,,COLISÃO,AUTO E MOTO,1,1,,,,,,,,1,,,,,,,,,,,,,,,,,,
2018-06-28,16:42:00,COM VÍTIMA,FINALIZADA,NOVA DESCOBERTA,RUA SANTA TEREZA,30,,NO TERMINAL DO ONIBUS DE NOVA DESCOBERTA/ CABUGA,RUA SANTA TEREZA,30,NO TERMINAL DO ONIBUS DE NOVA DESCOBERTA/ CABUGA,NOVA DESCOBERTA,,,COLISÃO,MOTO E ONIBUS ,,1,,,,1,,,,1,,,,,,,,,,,,,,,,,,
2018-06-28,16:46:00,SEM VÍTIMA,FINALIZADA,IMBIRIBEIRA,AV MARECHAL MASCARENHAS DE MORAES,2671,,SENT. AEROPORTO, EM FRENTE AO POSTO DE GASOLINA BR,AV MARECHAL MASCARENHAS DE MORAES,2671,SENT. AEROPORTO, EM FRENTE AO POSTO DE GASOLINA BR,IMBIRIBEIRA,,,COLISÃO,DOIS AUTOS,2,,,,,,,,,0,,,,,,,,,,,,,,,,
2018-06-28,17:30:00,SEM VÍTIMA,CANCELADA,BOA VISTA,RUA DOM BOSCO,,,EM FRENTE A FACULDADE SALESIANA,RUA DOM BOSCO,,EM FRENTE A FACULDADE SALESIANA,BOA VISTA,,,COLISÃO,DOIS AUTOS S/V,2,,,,,,,,,0,,,,,,,,,,,,,,,,,,
2018-06-28,17:56:00,SEM VÍTIMA,FINALIZADA,TAMARINEIRA,RUA CONEGO BARATA,,,EM FRENTE A FERREIRA COSTA,RUA CONEGO BARATA,,EM FRENTE A FERREIRA COSTA,TAMARINEIRA,,,COLISÃO,DOIS AUTO C/V,2,,,,,,,,,0,,,,,,,,,,,,,,,,,,
2018-06-28,21:01:00,SEM VÍTIMA,FINALIZADA,ESPINHEIRO,RUA MARQUES DO PARANA,450,,E/F A OFICINA MARTELINHO DE OURO E PRÓX A KIA,RUA MARQUES DO PARANA,450,E/F A OFICINA MARTELINHO DE OURO E PRÓX A KIA,ESPINHEIRO,,,COLISÃO,ENTRE 2 AUTOS. S/V,2,,,,,,,,,0,,,,,,,,,,,,,,,,,,
2018-06-28,22:59:00,SEM VÍTIMA,CANCELADA,IPSEP,RUA PINTOR ANTONIO ALBUQUERQUE,518,RUA PROF JOSE VICENTE,E/F AO MERCADO CONVENÇÃO / CRUZ COM A R PROF JOSÉ VICENTE,RUA PINTOR ANTONIO ALBUQUERQUE,518,E/F AO MERCADO CONVENÇÃO / CRUZ COM A R PROF JOSÉ VICENTE,IPSEP,,,COLISÃO,ENTRE 2 AUTOS. S/V,2,,,,,,,,,0,,,,,,,,,,,,,,,,,,
2018-06-29,07:20:00,SEM VÍTIMA,FINALIZADA,BOA VIAGEM,RUA ERNESTO DE PAULA SANTOS,187,AV CONS AGUIAR,COM A CONS. AGUIAR, EM FRENTE AO BANCO ITAU NO SEMAFORO 127,RUA ERNESTO DE PAULA SANTOS,187,COM A CONS. AGUIAR, EM FRENTE AO BANCO ITAU NO SEMAFORO 127,BOA VIAGEM,,,ENGAVETAMENTO,ONIBUS E 3 AUTOS,3,,,,,1,,,,0,,,,,,,,,,,,,,,,
2018-06-29,07:41:00,COM VÍTIMA,FINALIZADA,PAISSANDU,AV GOVERNADOR AGAMENON MAGALHAES,,,EM FRENTE AO RHP,AV GOVERNADOR AGAMENON MAGALHAES,,EM FRENTE AO RHP,PAISSANDU,,,ACID. DE PERCURSO,QUEDA ACIDENTAL ENVOLVENDO MOTOCICLISTA,COM UMA VÍTIMA,,1,,,,,,,,1,,,,,,,,,,,,,,,,,
2018-06-29,07:43:00,SEM VÍTIMA,CANCELADA,PRADO,AV ENGENHEIRO ABDIAS DE CARVALHO,,,AO LADO DA FUNASE, SENTIDO SUBURBIO,AV ENGENHEIRO ABDIAS DE CARVALHO,,AO LADO DA FUNASE, SENTIDO SUBURBIO,PRADO,,,COLISÃO,COLISÃO SEM VITIMA,2,,,,,,,,,0,,,,,,,,,,,,,,,,
2018-06-29,08:32:00,SEM VÍTIMA,FINALIZADA,CORDEIRO,RUA GOMES TABORDA,1286,,PROX. AO SUPERMERCADO IDEAL,RUA GOMES TABORDA,1286,PROX. AO SUPERMERCADO IDEAL,CORDEIRO,,,COLISÃO,DOIS AUTOS,2,,,,,,,,,0,,,,,,,,,,,,,,,,,,
2018-06-29,08:48:00,SEM VÍTIMA,FINALIZADA,BOA VIAGEM,AV CONSELHEIRO AGUIAR,,,AO LADO DA FUNASE,AV CONSELHEIRO AGUIAR,,AO LADO DA FUNASE,BOA VIAGEM,,,COLISÃO,COLISÃO SEM VITIMAS,2,,,,,,,,,0,,,,,,,,,,,,,,,,,,
2018-06-29,09:21:00,COM VÍTIMA,FINALIZADA,CASA AMARELA,RUA DA HARMONIA,,,NO SEMAFORO 598, PROX. A ESCOLA ESTADUAL PADRE MACHADO,RUA DA HARMONIA,,NO SEMAFORO 598, PROX. A ESCOLA ESTADUAL PADRE MACHADO,CASA AMARELA,,,COLISÃO,DUAS MOTOS,,2,,,,,,,,1,,,,,,,,,,,,,,,,
2018-06-29,09:25:00,COM VÍTIMA,FINALIZADA,BOA VIAGEM,RUA DR VICENTE GOMES,336,,APOS A LOCALIZA, SENTIDO CIDADE ANTES DO PARQUE DONA LINDU,RUA DR VICENTE GOMES,336,APOS A LOCALIZA, SENTIDO CIDADE ANTES DO PARQUE DONA LINDU,BOA VIAGEM,,,COLISÃO COM CICLISTA,ATROPELAMENTO A UM CICLISTA,1,,,1,,,,,,1,,,,,,,,,,,,,,,,
2018-06-29,09:39:00,SEM VÍTIMA,FINALIZADA,IMBIRIBEIRA,AV MARECHAL MASCARENHAS DE MORAES,,,SENTIDO AFOGADOS EM FRENTE AO AEROPORTO E ENTRE A LOCALIZA,AV MARECHAL MASCARENHAS DE MORAES,,SENTIDO AFOGADOS EM FRENTE AO AEROPORTO E ENTRE A LOCALIZA,IMBIRIBEIRA,,,COLISÃO,COLISÃO SEM VITIMAS,1,,,,,,1,,,0,,,,,,,,,,,,,,,,,,
2018-06-29,09:47:00,SEM VÍTIMA,FINALIZADA,IBURA,RUA SOLDADO VIRGILIO LUCIO,141,,EM FRENTE AO DEPOSITO DE BEBIDAS,RUA SOLDADO VIRGILIO LUCIO,141,EM FRENTE AO DEPOSITO DE BEBIDAS,IBURA,,,COLISÃO,MOTO E AUTO,1,1,,,,,,,,0,,,,,,,,,,,,,,,,,,
2018-06-29,10:08:00,COM VÍTIMA,FINALIZADA,ÁGUA FRIA,AV BEBERIBE,,,EM BAIXO DO SEMAFORO 064,AV BEBERIBE,,EM BAIXO DO SEMAFORO 064,ÁGUA FRIA,,,ATROPELAMENTO,VITIMA A ESPERA DO SAMU VT 08 QTH,,,,,1,1,,,,1,,,,,,,,,,,,,,,,,,
2018-06-29,10:09:00,COM VÍTIMA,CANCELADA,CAXANGÁ,AV CAXANGA,1181,,EM FRENTE A CENTRO AUTOMOTIVO MULTIMARCAS,AV CAXANGA,1181,EM FRENTE A CENTRO AUTOMOTIVO MULTIMARCAS,CAXANGÁ,,,COLISÃO,MOTO E AUTO,1,1,,,,,,,,1,,,,,,,,,,,,,,,,,,
2018-06-29,11:28:00,SEM VÍTIMA,FINALIZADA,BEBERIBE,PRC DA CONVENCAO,,,EM FRENTE A BOTICARIO / SENT SUB,PRC DA CONVENCAO,,EM FRENTE A BOTICARIO / SENT SUB,BEBERIBE,,,COLISÃO,MOTO / AUTO PASSEIO,1,1,,,,,,,,0,,,,,,,,,,,,,,,,,,
2018-06-29,11:32:00,SEM VÍTIMA,FINALIZADA,BAIRRO DO RECIFE,AV PREFEITO ARTUR LIMA CAVALCANTI,,,POR TRAS DO SOARES DUTRA / APOS A PONTE A DO LIMOEIRO / SET OLINDA,AV PREFEITO ARTUR LIMA CAVALCANTI,,POR TRAS DO SOARES DUTRA / APOS A PONTE A DO LIMOEIRO / SET OLINDA,BAIRRO DO RECIFE,,,COLISÃO,AUTO E MOTO,1,1,,,,,,,,0,,,,,,,,,,,,,,,,,,
2018-06-29,12:28:00,COM VÍTIMA,FINALIZADA,BONGI,AV ENGENHEIRO ABDIAS DE CARVALHO,,,PRÓXIMO AO RESTAURANTE GALETU'S,AV ENGENHEIRO ABDIAS DE CARVALHO,,PRÓXIMO AO RESTAURANTE GALETU'S,BONGI,,,COLISÃO,COLISÃO ENTRE ÔNIBUS E AUTO COM DUAS VÍTMAS,,,,,,,,,,2,,,,,,,,,,,,,,,,,,
2018-06-29,12:38:00,SEM VÍTIMA,FINALIZADA,SÃO JOSÉ,RUA SAO JOAO,,,EM FRENTE A PRAÇA DAS CINCO PONTAS,RUA SAO JOAO,,EM FRENTE A PRAÇA DAS CINCO PONTAS,SÃO JOSÉ,,,COLISÃO,COLISÃO SEM VÍTIMA,2,,,,,,,,,0,,,,,,,,,,,,,,,,,,
2018-06-29,12:45:00,SEM VÍTIMA,FINALIZADA,DERBY,RUA DR BANDEIRA FILHO,,,AO LADO DA MCDONALD,RUA DR BANDEIRA FILHO,,AO LADO DA MCDONALD,DERBY,,,COLISÃO,COLISÃO SEM VÍTIMA,1,,,,,,1,,,0,,,,,,,,,,,,,,,,,,
2018-06-29,12:50:00,SEM VÍTIMA,FINALIZADA,DOIS IRMÃOS,RUA MANUEL DE MEDEIROS,,,PROX AO LAFEPE NO SEMAFORO 416,RUA MANUEL DE MEDEIROS,,PROX AO LAFEPE NO SEMAFORO 416,DOIS IRMÃOS,,,COLISÃO,COLISAO ENTRE AUTO E ONIBUS S/V,1,,,,,1,,,,0,,,,,,,,,,,,,,,,,,
2018-06-29,13:55:00,COM VÍTIMA,FINALIZADA,SÃO JOSÉ,C SANTA RITA,,,SOB O SEMÁFORO 076,C SANTA RITA,,SOB O SEMÁFORO 076,SÃO JOSÉ,,,COLISÃO,01 MOTOCICLETA E UM VEÍCULO, QUE EVADIU-SE DO LOCAL, SEGUNDO INFORMAÇÃO REPASSADA PELO BT,,,,,,,,,,1,,,,,,,,,,,,,,,,
2018-06-29,14:34:00,COM VÍTIMA,FINALIZADA,CAMPO GRANDE,RUA MARQUES DE BAIPENDI,,,PROXIMO A DISTRIBUIDORA DA COCA COLA,RUA MARQUES DE BAIPENDI,,PROXIMO A DISTRIBUIDORA DA COCA COLA,CAMPO GRANDE,,,COLISÃO,AUTO E MOTO C/V,1,1,,,,,,,,1,,,,,,,,,,,,,,,,,,
2018-06-29,14:54:00,COM VÍTIMA,FINALIZADA,BONGI,AV ENGENHEIRO ABDIAS DE CARVALHO,,,EM FRENTE AO GALETUS,AV ENGENHEIRO ABDIAS DE CARVALHO,,EM FRENTE AO GALETUS,BONGI,,,COLISÃO,ONIBUS E AUTO PASSEIO,1,,,,,1,,,,2,,,,,,,,,,,,,,,,,,
2018-06-29,14:59:00,SEM VÍTIMA,FINALIZADA,ENCRUZILHADA,AV NORTE,,,EM FRENTE A O BANCO SANTANDER/ SEMAFORO 043,AV NORTE,,EM FRENTE A O BANCO SANTANDER/ SEMAFORO 043,ENCRUZILHADA,,,COLISÃO,ONIBUS/CAMINHAO,1,,,,,,1,,,0,,,,,,,,,,,,,,,,,,
2018-06-29,15:19:00,SEM VÍTIMA,FINALIZADA,SANTO AMARO,AV NORTE,,,E/F AO QUARTEL DO EXERCITO S/T SUB,AV NORTE,,E/F AO QUARTEL DO EXERCITO S/T SUB,SANTO AMARO,,,COLISÃO,COLISAO ENTRE ONIBUS E AUTO S/V,1,,,,,1,,,,0,,,,,,,,,,,,,,,,,,
2018-06-29,15:43:00,SEM VÍTIMA,FINALIZADA,IPSEP,RUA ADERBAL DE MELO,135,,EM FRENTE A FEIJOADA CHAMBARIL DO JOAO,RUA ADERBAL DE MELO,135,EM FRENTE A FEIJOADA CHAMBARIL DO JOAO,IPSEP,,,COLISÃO,DOIS AUTOS S/V,2,,,,,,,,,0,,,,,,,,,,,,,,,,,,
2018-06-29,15:47:00,SEM VÍTIMA,FINALIZADA,AREIAS,AV RECIFE,844,,EM FRENTE AO MJ VEÍCULOS / SENTIDO BOA VIAGEM,AV RECIFE,844,EM FRENTE AO MJ VEÍCULOS / SENTIDO BOA VIAGEM,AREIAS,,,COLISÃO,COLISÃO SEM VÍTIMA,2,,,,,,,,,0,,,,,,,,,,,,,,,,,,
2018-06-29,16:07:00,SEM VÍTIMA,FINALIZADA,IMBIRIBEIRA,RUA IZABEL DE SOUZA,533,,RUA DO BANCO DO BRASIL,RUA IZABEL DE SOUZA,533,RUA DO BANCO DO BRASIL,IMBIRIBEIRA,,,COLISÃO,CAMINHAO E AUTO S/V,1,,,,,,1,,,0,,,,,,,,,,,,,,,,,,
2018-06-29,16:09:00,SEM VÍTIMA,FINALIZADA,SÃO JOSÉ,AV SUL,899,RUA PADRE AZEVEDO,ESQUINA COM A RUA PADRE AZEVEDO BATEDOR DA MOTO 34 E 20 NO LOCAL,AV SUL,899,ESQUINA COM A RUA PADRE AZEVEDO BATEDOR DA MOTO 34 E 20 NO LOCAL,SÃO JOSÉ,,,COLISÃO,COLISAOP ENTRE AUTO E MOTO S/V,1,1,,,,,,,,0,,,,,,,,,,,,,,,,,,
2018-06-29,16:26:00,SEM VÍTIMA,FINALIZADA,IMBIRIBEIRA,AV MARECHAL MASCARENHAS DE MORAES,,,E/F A FERREIRA COSTA S/T CID,AV MARECHAL MASCARENHAS DE MORAES,,E/F A FERREIRA COSTA S/T CID,IMBIRIBEIRA,,,COLISÃO,COLISAO ENTRE DOIS AUTOS S/V,2,,,,,,,,,0,,,,,,,,,,,,,,,,,,
2018-06-29,16:48:00,SEM VÍTIMA,FINALIZADA,TAMARINEIRA,RUA CONEGO BARATA,978,,EM FRENTE AO DNOCS,RUA CONEGO BARATA,978,EM FRENTE AO DNOCS,TAMARINEIRA,,,COLISÃO,DOIS AUTOS S/V,2,,,,,,,,,0,,,,,,,,,,,,,,,,,,