data,hora,natureza_acidente,situacao,bairro,endereco,numero,detalhe_endereco_acidente,complemento,endereco_cruzamento,numero_cruzamento,referencia_cruzamento,bairro_cruzamento,num_semaforo,sentido_via,tipo,descricao,auto,moto,ciclom,ciclista,pedestre,onibus,caminhao,viatura,outros,vitimas,vitimasfatais,acidente_verificado,tempo_clima,situacao_semaforo,sinalizacao,condicao_via,conservacao_via,ponto_controle,situacao_placa,velocidade_max_via,mao_direcao,divisao_via1,divisao_via2,divisao_via3,,,,
2018-06-29,16:58:00,COM VÍTIMA,FINALIZADA,BOA VIAGEM,AV DOM JOAO VI,,,EM FRENTE AO SHOPPING RECIFE / SENTIDO CANDEIAS,AV DOM JOAO VI,,EM FRENTE AO SHOPPING RECIFE / SENTIDO CANDEIAS,BOA VIAGEM,,,ATROPELAMENTO,COM VÍTIMA,1,,,,1,,,,,1,,,,,,,,,,,,,,,,,,
2018-06-29,17:54:00,SEM VÍTIMA,FINALIZADA,MADALENA,AV JOSE GONCALVES DE MEDEIROS,116,RUA COMENDADOR BENTO AGUIAR,ENF A PAGUE MENOS CRUZAMENTO COM A RUA COMENDADO BENTO AGUIAR,AV JOSE GONCALVES DE MEDEIROS,116,ENF A PAGUE MENOS CRUZAMENTO COM A RUA COMENDADO BENTO AGUIAR,MADALENA,,,COLISÃO,ONIX X MERCEDES 710,1,,,,,,1,,,0,,,,,,,,,,,,,,,,,,
2018-06-29,19:18:00,SEM VÍTIMA,FINALIZADA,CASA FORTE,RUA DE APIPUCOS,,,EM FRENTE AO BATALHAO DA POLICIA MILITAR,RUA DE APIPUCOS,,EM FRENTE AO BATALHAO DA POLICIA MILITAR,CASA FORTE,,,COLISÃO,MOTO/AUTO S/V,1,1,,,,,,,,0,,,,,,,,,,,,,,,,,,
2018-06-29,19:31:00,SEM VÍTIMA,FINALIZADA,CASA FORTE,EST DAS UBAIAS,,486,RUA IRMA MARIA DAVID,PROX AO COLEGIO NAP // CRUZAMENTO COM A RUA IRMA MARIA DAVID,EST DAS UBAIAS,,486,PROX AO COLEGIO NAP // CRUZAMENTO COM A RUA IRMA MARIA DAVID,CASA FORTE,,,COLISÃO,PALIO X FIAT UNO,2,,,,,,,,,0,,,,,,,,,,,,,,,,
2018-06-29,19:55:00,SEM VÍTIMA,FINALIZADA,AFOGADOS,RUA TRES DE AGOSTO,,,EM FRENTE EROS HOTEL/EM FRENTE A IGREJA DE SAO SEBASTIAO,RUA TRES DE AGOSTO,,EM FRENTE EROS HOTEL/EM FRENTE A IGREJA DE SAO SEBASTIAO,AFOGADOS,,,CHOQUE,CAMINHAO COLIDIU COM VARIAS BARRACAS S/V,,,,,,,1,,,0,,,,,,,,,,,,,,,,,,
2018-06-29,20:01:00,SEM VÍTIMA,CANCELADA,TORRÕES,AV ENGENHEIRO ABDIAS DE CARVALHO,,,PROX AO VIADUTO DA 232 DEPOIS DO POSTO SHELL SENTDO CARUARU,AV ENGENHEIRO ABDIAS DE CARVALHO,,PROX AO VIADUTO DA 232 DEPOIS DO POSTO SHELL SENTDO CARUARU,TORRÕES,,,COLISÃO,PALIO X PRISMA,2,,,,,,,,,0,,,,,,,,,,,,,,,,,,
2018-06-29,20:24:00,SEM VÍTIMA,FINALIZADA,BARRO,AV CENTRAL,,,ENF A ESTAÇAO DO BARRO,AV CENTRAL,,ENF A ESTAÇAO DO BARRO,BARRO,,,COLISÃO,DUAS MOTOS UMA DA POLICIA,,2,,,,,,,,0,,,,,,,,,,,,,,,,,,
2018-06-29,20:56:00,COM VÍTIMA,FINALIZADA,AREIAS,AV DR JOSE RUFINO,,,SEMAFORO 044/EM FRENTE AO POSTO SHELL,AV DR JOSE RUFINO,,SEMAFORO 044/EM FRENTE AO POSTO SHELL,AREIAS,,,COLISÃO,MOTO E AUTO C/V,1,1,,,,,,,,1,,,,,,,,,,,,,,,,,,
2018-06-29,22:04:00,SEM VÍTIMA,FINALIZADA,IPSEP,AV RECIFE,,,DEPOIS DO POSTO FEDERAL S/T AEROPORTO ,DEPOIS DA PIZZARIA ATLANTICO,AV RECIFE,,DEPOIS DO POSTO FEDERAL S/T AEROPORTO ,DEPOIS DA PIZZARIA ATLANTICO,IPSEP,,,COLISÃO,DOIS AUTOS S/V,2,,,,,,,,,0,,,,,,,,,,,,,,,,
2018-06-29,22:37:00,SEM VÍTIMA,CANCELADA,BOA VIAGEM,AV CONSELHEIRO AGUIAR,,RUA DR NILO DORNELAS CAMARA,CRUZAMENTO COM A RUA DR NILO DORNELAS CAMERA ENF: A PRC DE BOA VIAGEM,AV CONSELHEIRO AGUIAR,,CRUZAMENTO COM A RUA DR NILO DORNELAS CAMERA ENF: A PRC DE BOA VIAGEM,BOA VIAGEM,,,COLISÃO,FIAT PUNTO X ONIBUS ,1,,,,,1,,,,0,,,,,,,,,,,,,,,,,,
2018-06-29,22:57:00,COM VÍTIMA,FINALIZADA,BOA VIAGEM,AV BOA VIAGEM,770,,PROXIMO AS QUADRA DE TENIS,AV BOA VIAGEM,770,PROXIMO AS QUADRA DE TENIS,BOA VIAGEM,,,COLISÃO,AUTO E MOTO,1,2,,,,,,,,2,,,,,,,,,,,,,,,,,,
2018-06-30,01:52:00,SEM VÍTIMA,CANCELADA,BOA VIAGEM,PRC MINISTRO SALGADO FILHO,,,NA ENTRADA DO ESTACIONAMENTO DO AEROPORTO,PRC MINISTRO SALGADO FILHO,,NA ENTRADA DO ESTACIONAMENTO DO AEROPORTO,BOA VIAGEM,,,COLISÃO,COLISÃO ENTRE DOIS AUTOS S/V,2,,,,,,,,,0,,,,,,,,,,,,,,,,,,
2018-06-30,03:48:00,COM VÍTIMA,FINALIZADA,ESPINHEIRO,RUA CONS PORTELA,,,EM FRENTE A IGREJA DO ESPINHEIRO,RUA CONS PORTELA,,EM FRENTE A IGREJA DO ESPINHEIRO,ESPINHEIRO,,,CAPOTAMENTO,CONDUTOR PERDEU O CONTROLE DO VEÍCULO E CAPOTOU,1,,,,,,,,,1,,,,,,,,,,,,,,,,,,
2018-06-30,08:13:00,COM VÍTIMA,FINALIZADA,MACAXEIRA,AV NORTE,,,EM FRENTE A ANTIGA FABRICA DA MACAZEIRA,AV NORTE,,EM FRENTE A ANTIGA FABRICA DA MACAZEIRA,MACAXEIRA,,,COLISÃO,MOTO E ONIBUS,,1,,,,1,,,,1,,,,,,,,,,,,,,,,,,
2018-06-30,08:14:00,COM VÍTIMA,FINALIZADA,IMBIRIBEIRA,RUA PAMPULHA,,RUA ITAJAI,CRUZ COM A RUA ITAJAI EM FRENTE A PANIFICADORA VALE DO RIO DOCE,RUA PAMPULHA,,CRUZ COM A RUA ITAJAI EM FRENTE A PANIFICADORA VALE DO RIO DOCE,IMBIRIBEIRA,,,COLISÃO,COLISÃO COM VITIMAS A ESPERA DO SAMU,2,1,,,,,,,,2,,,,,,,,,,,,,,,,,,
2018-06-30,09:31:00,SEM VÍTIMA,FINALIZADA,IMBIRIBEIRA,AV MARECHAL MASCARENHAS DE MORAES,,,SENTIDO CENTRO EM FRENTE A CONCESSIONARIA TOYOLEX,AV MARECHAL MASCARENHAS DE MORAES,,SENTIDO CENTRO EM FRENTE A CONCESSIONARIA TOYOLEX,IMBIRIBEIRA,,,COLISÃO,COLISÃO SEM VITIMAS,1,1,,,,,,,,0,,,,,,,,,,,,,,,,,,
2018-06-30,09:36:00,SEM VÍTIMA,FINALIZADA,IMBIRIBEIRA,AV MARECHAL MASCARENHAS DE MORAES,,,EM FRENTE AO DESCONTAO / SENT AFOGADOS,AV MARECHAL MASCARENHAS DE MORAES,,EM FRENTE AO DESCONTAO / SENT AFOGADOS,IMBIRIBEIRA,,,COLISÃO,DOIS AUTOS,2,,,,,,,,,0,,,,,,,,,,,,,,,,,,
2018-06-30,09:40:00,SEM VÍTIMA,FINALIZADA,DERBY,PRC DO DERBY,,,SEMÁFORO 418, PROX. AO QUARTEL DO DERBY,PRC DO DERBY,,SEMÁFORO 418, PROX. AO QUARTEL DO DERBY,DERBY,,,COLISÃO,SEM VÍTIMAS,1,,,,,,1,,,0,,,,,,,,,,,,,,,,
2018-06-30,09:48:00,SEM VÍTIMA,FINALIZADA,MACAXEIRA,AV NORTE,,,,AV NORTE,,,MACAXEIRA,,,COLISÃO,,2,,,,,,,,,0,,,,,,,,,,,,,,,,,,
2018-06-30,12:03:00,SEM VÍTIMA,FINALIZADA,AFOGADOS,RUA COSME VIANA,81,,EM FRENTE A FACULDADE FAREC DE ESQUINA COM O POSTO DE GASOLINA BP,RUA COSME VIANA,81,EM FRENTE A FACULDADE FAREC DE ESQUINA COM O POSTO DE GASOLINA BP,AFOGADOS,,,COLISÃO,COLISÃO SEM VITIMAS,2,,,,,,,,,0,,,,,,,,,,,,,,,,,,
2018-06-30,13:17:00,SEM VÍTIMA,FINALIZADA,IPUTINGA,EST DO BARBALHO,481,AV MAURICIO DE NASSAU,COM MAURICIO DE NASSAU, NO SEMAFORO 246,EST DO BARBALHO,481,COM MAURICIO DE NASSAU, NO SEMAFORO 246,IPUTINGA,,,COLISÃO,DOIS AUTOS,2,,,,,,,,,0,,,,,,,,,,,,,,,,
2018-06-30,13:49:00,SEM VÍTIMA,FINALIZADA,IPSEP,AV RECIFE,3672,,EM FRENTE AO MARTELINHO DE OURO/ SENTIDO TANCREDO NEVES,AV RECIFE,3672,EM FRENTE AO MARTELINHO DE OURO/ SENTIDO TANCREDO NEVES,IPSEP,,,COLISÃO,COLISÃO SEM VÍTIMA,3,,,,,,,,,0,,,,,,,,,,,,,,,,,,
2018-06-30,14:54:00,COM VÍTIMA,FINALIZADA,MADALENA,AV BEIRA RIO,1041,,EM FRENTE AO EDF. ENGENHO MADALENA,AV BEIRA RIO,1041,EM FRENTE AO EDF. ENGENHO MADALENA,MADALENA,,,COLISÃO,DOIS AUTOS,2,,,,,,,,,2,,,,,,,,,,,,,,,,,,
2018-06-30,16:37:00,SEM VÍTIMA,CANCELADA,CASA AMARELA,RUA DOIS DE FEVEREIRO,101,,EM FRENTE GRANJA PONTO DO FRANGO,RUA DOIS DE FEVEREIRO,101,EM FRENTE GRANJA PONTO DO FRANGO,CASA AMARELA,,,COLISÃO,COLISÃO SEM VÍTIMA,2,,,,,,,,,0,,,,,,,,,,,,,,,,,,
2018-06-30,16:41:00,SEM VÍTIMA,CANCELADA,MADALENA,RUA MANOEL BERNARDES,134,,EM FRENTE AO EDIFICIO MAISON BOTTICELLI,RUA MANOEL BERNARDES,134,EM FRENTE AO EDIFICIO MAISON BOTTICELLI,MADALENA,,,COLISÃO,COLISÃO SEM VITIMAS OBS VEICULO ROUBADO POREM COLIDIDO COM OUTRO VEICULO,2,,,,,,,,,0,,,,,,,,,,,,,,,,,,
2018-06-30,17:49:00,SEM VÍTIMA,CANCELADA,BOA VIAGEM,AV DES JOSE NEVES,,,DO LADO CANAL QUE VAI PARA BARAO DE SOUZA LEAO/SEMAFORO 476,AV DES JOSE NEVES,,DO LADO CANAL QUE VAI PARA BARAO DE SOUZA LEAO/SEMAFORO 476,BOA VIAGEM,,,COLISÃO,DOIS AUTO S/V SUSPEITA DE EMBRIAGUES,2,,,,,,,,,0,,,,,,,,,,,,,,,,,,
2018-06-30,18:17:00,SEM VÍTIMA,FINALIZADA,MADALENA,RUA PROFESSOR JOSE TORRES PIRES,,,EM FRENTE A GARDEN( SALAO DE BELEZA),RUA PROFESSOR JOSE TORRES PIRES,,EM FRENTE A GARDEN( SALAO DE BELEZA),MADALENA,,,COLISÃO,DOIS AUTOS /S/V,2,,,,,,,,,0,,,,,,,,,,,,,,,,,,
2018-06-30,18:18:00,SEM VÍTIMA,FINALIZADA,TORRE,RUA REAL DA TORRE,,,PROX AO ATACADAO SENTIDO CAXANGA // ENF: OA POSTO QUE ESTA DESATIVADO,RUA REAL DA TORRE,,PROX AO ATACADAO SENTIDO CAXANGA // ENF: OA POSTO QUE ESTA DESATIVADO,TORRE,,,COLISÃO,RANDERO X CELTA,2,,,,,,,,,0,,,,,,,,,,,,,,,,,,
2018-06-30,20:32:00,SEM VÍTIMA,FINALIZADA,MACAXEIRA,AV NORTE,6622,,PROX A BARROS LIMA MATERNIDADE,AV NORTE,6622,PROX A BARROS LIMA MATERNIDADE,MACAXEIRA,,,COLISÃO,ONIBUS E AUTOS S/V,1,,,,,1,,,,0,,,,,,,,,,,,,,,,,,
2018-06-30,21:04:00,SEM VÍTIMA,FINALIZADA,IMBIRIBEIRA,AV MARECHAL MASCARENHAS DE MORAES,,,FICA NO RETORNO DO IPSEP/PROX A IGREJA PRESBITERIANA DO BRASIL,AV MARECHAL MASCARENHAS DE MORAES,,FICA NO RETORNO DO IPSEP/PROX A IGREJA PRESBITERIANA DO BRASIL,IMBIRIBEIRA,,,COLISÃO,DOIS AUTOS S/V,2,,,,,,,,,0,,,,,,,,,,,,,,,,,,
2018-07-01,02:05:00,SEM VÍTIMA,FINALIZADA,IPSEP,RUA JEAN EMILE FAVRE,,,PROX DA ZERO GRAU, PROX DA PRAÇA MAURICEIA,RUA JEAN EMILE FAVRE,,PROX DA ZERO GRAU, PROX DA PRAÇA MAURICEIA,IPSEP,,,COLISÃO,COLISÃO ENTRE DOIS AUTOS S/V,2,,,,,,,,,0,,,,,,,,,,,,,,,,
2018-07-01,04:43:00,COM VÍTIMA,FINALIZADA,AREIAS,AV RECIFE,S/N,,ENTRADA DA VILA TAMANDARÉ,AV RECIFE,S/N,ENTRADA DA VILA TAMANDARÉ,AREIAS,,,COLISÃO,POSTO DE COMBUSTÍVEL BR.,,1,,,,1,,,,1,,,,,,,,,,,,,,,,,,
2018-07-01,09:29:00,SEM VÍTIMA,FINALIZADA,CASA AMARELA,RUA MAJOR NEREU GUERRA,310,,AO LADO DA IGREJA DA HARMONIA,RUA MAJOR NEREU GUERRA,310,AO LADO DA IGREJA DA HARMONIA,CASA AMARELA,,,COLISÃO,COLISÃO SEM VITIMAS,1,,,,,1,,,,0,,,,,,,,,,,,,,,,,,
2018-07-01,09:46:00,COM VÍTIMA,FINALIZADA,IBURA,RUA DOIS RIOS,,,IBURA DE BAIXO NA LADEIRA DA COAB,RUA DOIS RIOS,,IBURA DE BAIXO NA LADEIRA DA COAB,IBURA,,,COLISÃO,COLISÃO COM VITIMA GM QTH,1,1,,,,,,,,1,,,,,,,,,,,,,,,,,,
2018-07-01,10:36:00,SEM VÍTIMA,CANCELADA,BOA VIAGEM,AV BOA VIAGEM,,,APOS O HOSPITAL DA AERONAUTICA, NO PRIMEIRO SEMAFORO,AV BOA VIAGEM,,APOS O HOSPITAL DA AERONAUTICA, NO PRIMEIRO SEMAFORO,BOA VIAGEM,,,COLISÃO,COLISÃO SEM VITIMAS,2,,,,,,,,,0,,,,,,,,,,,,,,,,
2018-07-01,14:50:00,SEM VÍTIMA,FINALIZADA,BARRO,RUA ADAMIR MENEZES,30,,ASSOCIAÇÃO DOS MORADORES, VILA UMOARAMA,RUA ADAMIR MENEZES,30,ASSOCIAÇÃO DOS MORADORES, VILA UMOARAMA,BARRO,,,COLISÃO,COLISÃO SEM VÍTIMA,2,,,,,,,,,0,,,,,,,,,,,,,,,,
2018-07-01,16:04:00,SEM VÍTIMA,FINALIZADA,ILHA DO RETIRO,AV ENGENHEIRO ABDIAS DE CARVALHO,,,EM FRENTE A BOBS/ SENTIDO CIDADE,AV ENGENHEIRO ABDIAS DE CARVALHO,,EM FRENTE A BOBS/ SENTIDO CIDADE,ILHA DO RETIRO,,,COLISÃO,COLISÃO SEM VÍTIMA,3,,,,,,,,,0,,,,,,,,,,,,,,,,,,
2018-07-01,16:31:00,SEM VÍTIMA,FINALIZADA,ILHA DO RETIRO,RUA BENFICA,,,DENTRO DO TUNEL CHICO SCIENCE,RUA BENFICA,,DENTRO DO TUNEL CHICO SCIENCE,ILHA DO RETIRO,,,COLISÃO,COLISÃO SEM VITIMAS,2,,,,,,,,,0,,,,,,,,,,,,,,,,,,
2018-07-01,16:42:00,SEM VÍTIMA,FINALIZADA,CASA AMARELA,AV NORTE,,AV PROFESSOR JOSE DOS ANJOS,C/ RUA PROFESSOR JOSÉ DOS ANJOS,AV NORTE,,C/ RUA PROFESSOR JOSÉ DOS ANJOS,CASA AMARELA,,,COLISÃO,ONIBUS E AUTO PASSEIO,1,,,,,1,,,,0,,,,,,,,,,,,,,,,,,
2018-07-01,17:19:00,SEM VÍTIMA,FINALIZADA,DOIS UNIDOS,AV HILDEBRANDO DE VASCONCELOS,,,DEFRENTE AO ANTIGA FAB. DA MINERVA,AV HILDEBRANDO DE VASCONCELOS,,DEFRENTE AO ANTIGA FAB. DA MINERVA,DOIS UNIDOS,,,COLISÃO,COLISÃO SEM VITIMAS,1,,,,,1,,,,0,,,,,,,,,,,,,,,,,,
2018-07-01,18:40:00,COM VÍTIMA,FINALIZADA,JARDIM SÃO PAULO,RUA LEANDRO BARRETO,,,ENCIMA DO VIADUTO SENTIDO AV SAO PAULO,RUA LEANDRO BARRETO,,ENCIMA DO VIADUTO SENTIDO AV SAO PAULO,JARDIM SÃO PAULO,,,ENGAVETAMENTO,SIENA X CELTA X UNO,3,,,,,,,,,2,,,,,,,,,,,,,,,,,,
2018-07-01,20:40:00,SEM VÍTIMA,FINALIZADA,IBURA,RUA ENGENHO LINDA FLOR,15,,ENF AO COLEGIO CPC (COLEGIO TEMPO DE CRESCER ),RUA ENGENHO LINDA FLOR,15,ENF AO COLEGIO CPC (COLEGIO TEMPO DE CRESCER ),IBURA,,,COLISÃO,VT DA PM X CAMINHAO,,,,,,,1,1,,0,,,,,,,,,,,,,,,,,,
2018-07-02,06:38:00,COM VÍTIMA,FINALIZADA,ÁGUA FRIA,RUA PROFESSOR JOSE AMARINO DOS REIS,15,,E/F AO CONJUNTO EDUARDO CAMPOS,RUA PROFESSOR JOSE AMARINO DOS REIS,15,E/F AO CONJUNTO EDUARDO CAMPOS,ÁGUA FRIA,,,COLISÃO,COM UMA VÍTIMA,1,1,,,,,,,,1,,,,,,,,,,,,,,,,,,
2018-07-02,07:11:00,SEM VÍTIMA,FINALIZADA,IPSEP,AV RECIFE,,,EM FRENTE A MARAVILHA MOTOS E A CASA DAS BATERIAS,AV RECIFE,,EM FRENTE A MARAVILHA MOTOS E A CASA DAS BATERIAS,IPSEP,,,COLISÃO,COLISÃO SEM VITIMAS,2,,,,,,,,,0,,,,,,,,,,,,,,,,,,
2018-07-02,08:05:00,SEM VÍTIMA,CANCELADA,BOA VIAGEM,AV BOA VIAGEM,3416,,SEMAFORO 112,AV BOA VIAGEM,3416,SEMAFORO 112,BOA VIAGEM,,,ENGAVETAMENTO,QUATRO AUTOS S/V,4,,,,,,,,,0,,,,,,,,,,,,,,,,,,
2018-07-02,08:15:00,SEM VÍTIMA,FINALIZADA,BOA VIAGEM,RUA AGENOR LOPES,277,,E/F AO EDF. EMPRESARIAL IDERBRAS CENTER,RUA AGENOR LOPES,277,E/F AO EDF. EMPRESARIAL IDERBRAS CENTER,BOA VIAGEM,,,COLISÃO,SEM VÍTIMAS,1,1,,,,,,,,0,,,,,,,,,,,,,,,,,,
2018-07-02,10:39:00,COM VÍTIMA,FINALIZADA,BOA VIAGEM,RUA TENENTE JOAO CICERO,712,,EM FRENTE A ACADEMIA CORPO LIVRE,RUA TENENTE JOAO CICERO,712,EM FRENTE A ACADEMIA CORPO LIVRE,BOA VIAGEM,,,COLISÃO,MOTO E AUTO,1,1,,,,,,,,1,,,,,,,,,,,,,,,,,,
2018-07-02,11:06:00,COM VÍTIMA,FINALIZADA,VASCO DA GAMA,RUA AVIADOR REGO BARROS,,,PRÓXIMO AO TREZE DO VASCO,RUA AVIADOR REGO BARROS,,PRÓXIMO AO TREZE DO VASCO,VASCO DA GAMA,,,COLISÃO,COLISÃO COM VÍTIMA, ENTRE AUTO E MOTO,1,1,,,,,,,,1,,,,,,,,,,,,,,,,,
2018-07-02,12:04:00,SEM VÍTIMA,CANCELADA,MADALENA,RUA DOM JOAO DE SOUZA,53,,EM FRENTE AO EDIFICIO MORADA BEIRA RIO,RUA DOM JOAO DE SOUZA,53,EM FRENTE AO EDIFICIO MORADA BEIRA RIO,MADALENA,,,COLISÃO,COLISÃO SEM VÍTIMA,2,,,,,,,,,0,,,,,,,,,,,,,,,,,,
2018-07-02,12:19:00,SEM VÍTIMA,CANCELADA,ENGENHO DO MEIO,RUA ANTONIO CURADO,142,,DUAS ESQUINA ANTES DO CLUB DA SUDENE,RUA ANTONIO CURADO,142,DUAS ESQUINA ANTES DO CLUB DA SUDENE,ENGENHO DO MEIO,,,COLISÃO,DOIS AUTOS S/V, UM DOS CONDUTORES APRESENTA SINAIS DE EMBRIAGUES,2,,,,,,,,,0,,,,,,,,,,,,,,,,,
2018-07-02,16:07:00,COM VÍTIMA,FINALIZADA,ILHA JOANA BEZERRA,RUA MIRANDOPOLIS,32A,,EM FRENTE AO DEPOSITO DE BEBIDA JOANA BEZERRA,RUA MIRANDOPOLIS,32A,EM FRENTE AO DEPOSITO DE BEBIDA JOANA BEZERRA,ILHA JOANA BEZERRA,,,COLISÃO,COLISÃO COM VÍTIMA,,1,,,,1,,,,1,,,,,,,,,,,,,,,,,,
2018-07-02,16:08:00,SEM VÍTIMA,FINALIZADA,CASA AMARELA,RUA DA CAROLINA,90,,PROX. AO COLEGIO VOVO PEDRO,RUA DA CAROLINA,90,PROX. AO COLEGIO VOVO PEDRO,CASA AMARELA,,,COLISÃO,AUTO E CAMINHAO DA CELPE,1,,,,,,1,,,0,,,,,,,,,,,,,,,,,,
2018-07-02,17:14:00,SEM VÍTIMA,FINALIZADA,BOA VIAGEM,RUA DOS NAVEGANTES,1235,,EM FRENTE AO EDIFICIO DHALIA,RUA DOS NAVEGANTES,1235,EM FRENTE AO EDIFICIO DHALIA,BOA VIAGEM,,,COLISÃO,COLISÃO SEM VÍTIMA,2,,,,,,,,,0,,,,,,,,,,,,,,,,,,
2018-07-02,17:19:00,COM VÍTIMA,FINALIZADA,ILHA DO RETIRO,RUA SPORT CLUBE DO RECIFE,,,SEM. 367,RUA SPORT CLUBE DO RECIFE,,SEM. 367,ILHA DO RETIRO,,,COLISÃO,COM VÍTIMA,1,1,,,,,,,,1,,,,,,,,,,,,,,,,,,
2018-07-02,18:14:00,COM VÍTIMA,FINALIZADA,IPSEP,RUA JEAN EMILE FAVRE,,,E/F A FACULDADE BOA VIAGEM,RUA JEAN EMILE FAVRE,,E/F A FACULDADE BOA VIAGEM,IPSEP,,,COLISÃO,ENTRE AUTO E MOTO. C/V,1,1,,,,,,,,1,,,,,,,,,,,,,,,,,,
2018-07-02,19:34:00,SEM VÍTIMA,FINALIZADA,BOA VIAGEM,RUA ANTONIO FALCAO,821,,DEPOIS DO CHINA BOX NA ENTRADA PRO SHOPPING RECIFE,RUA ANTONIO FALCAO,821,DEPOIS DO CHINA BOX NA ENTRADA PRO SHOPPING RECIFE,BOA VIAGEM,,,COLISÃO,PALIO X I 30 OBS::: SUSPEITA DE EMBRIAGUEZ,2,,,,,,,,,0,,,,,,,,,,,,,,,,,,
2018-07-02,23:33:00,SEM VÍTIMA,FINALIZADA,BOA VIAGEM,AV BOA VIAGEM,4988,,PROXIMIDADES DA PRAÇA DE BV / SEMÁFORO 483,AV BOA VIAGEM,4988,PROXIMIDADES DA PRAÇA DE BV / SEMÁFORO 483,BOA VIAGEM,,,COLISÃO,ENTRE 2 AUTOS. S/V,2,,,,,,,,,0,,,,,,,,,,,,,,,,,,
2018-07-03,00:58:00,COM VÍTIMA,FINALIZADA,IPUTINGA,AV CAXANGA,,,PROX DO HOSPITAL BARÃO DE LUCENA, EM BAIXO DO VIADUTO CAXANGÁ, SENTIDO RECIFE,AV CAXANGA,,PROX DO HOSPITAL BARÃO DE LUCENA, EM BAIXO DO VIADUTO CAXANGÁ, SENTIDO RECIFE,IPUTINGA,,,COLISÃO,COLISÃO ENTRE MOTO E AUTO C/V,1,1,,,,,,,,1,,,,,,,,,,,,,,
2018-07-03,07:44:00,COM VÍTIMA,FINALIZADA,BONGI,RUA DELMIRO GOUVEIA,333,,ENFRENTE A CHESF, SENTIDO CIDADE SUBURBIO,RUA DELMIRO GOUVEIA,333,ENFRENTE A CHESF, SENTIDO CIDADE SUBURBIO,BONGI,,,COLISÃO,COLISÃO COM VITIMA,1,1,,,,,,,,1,,,,,,,,,,,,,,,,
2018-07-03,10:13:00,SEM VÍTIMA,FINALIZADA,BOA VISTA,RUA DAS FRONTEIRAS,51,,EM FRENTE A MAX IMAGEM,RUA DAS FRONTEIRAS,51,EM FRENTE A MAX IMAGEM,BOA VISTA,,,COLISÃO,DOIS AUTOS,2,,,,,,,,,0,,,,,,,,,,,,,,,,,,
2018-07-03,10:15:00,,CANCELADA,BOA VISTA,RUA DA FRONTEIRA,77,,E/F A MAX IMAGEM,RUA DA FRONTEIRA,77,E/F A MAX IMAGEM,BOA VISTA,,,COLISÃO,SEM VÍTIMAS,2,,,,,,,,,0,,,,,,,,,,,,,,,,,,
2018-07-03,12:00:00,SEM VÍTIMA,FINALIZADA,GRAÇAS,RUA DAS CREOULAS,292,,EM FRENTE A FARMACIA QUATRO CANTOS,RUA DAS CREOULAS,292,EM FRENTE A FARMACIA QUATRO CANTOS,GRAÇAS,,,COLISÃO,DOIS AUTOS,2,,,,,,,,,0,,,,,,,,,,,,,,,,,,
2018-07-03,12:15:00,COM VÍTIMA,FINALIZADA,BOA VISTA,RUA PRINCESA IZABEL,,,E/F A FACULDADE DE DIREITO,RUA PRINCESA IZABEL,,E/F A FACULDADE DE DIREITO,BOA VISTA,,,COLISÃO,,2,1,,,,,,,,1,,,,,,,,,,,,,,,,,,
2018-07-03,13:19:00,SEM VÍTIMA,PENDENTE,BOA VIAGEM,RUA MARQUES DE VALENCA,85,,E/F A ACADEMIA HI,RUA MARQUES DE VALENCA,85,E/F A ACADEMIA HI,BOA VIAGEM,,,COLISÃO,VEICULO COLIDIU COM UM PORTAO DE UMA RESIDENCIA O MESMO ESTA EMBRIAGADO,1,,,,,,,,,0,,,,,,,,,,,,,,,,,,
2018-07-03,14:40:00,SEM VÍTIMA,CANCELADA,BOA VIAGEM,RUA ARTUR MUNIZ,236,,RUA EM FRENTE AO EXTRA,RUA ARTUR MUNIZ,236,RUA EM FRENTE AO EXTRA,BOA VIAGEM,,,COLISÃO,VEICULO ESTACIONADO EM LOCAL PROIBIDO,2,,,,,,,,,0,,,,,,,,,,,,,,,,,,
2018-07-03,13:23:00,SEM VÍTIMA,FINALIZADA,BOA VIAGEM,RUA ERNESTO DE PAULA SANTOS,,,E/F AO RESTAURANTE CASA DE D´´ITALIA,RUA ERNESTO DE PAULA SANTOS,,E/F AO RESTAURANTE CASA DE D´´ITALIA,BOA VIAGEM,,,COLISÃO,ART.181,2,,,,,,,,,0,,,,,,,,,,,,,,,,,,
2018-07-03,13:34:00,COM VÍTIMA,FINALIZADA,CAXANGÁ,AV CAXANGA,,,EM FRENTE AO RESIDENCIAL CAXANGA/S/SUBURBIO CIDADE,AV CAXANGA,,EM FRENTE AO RESIDENCIAL CAXANGA/S/SUBURBIO CIDADE,CAXANGÁ,,,COLISÃO,TRES AUTOS C/V,3,,,,,,,,,1,,,,,,,,,,,,,,,,,,
2018-07-03,14:14:00,SEM VÍTIMA,FINALIZADA,VASCO DA GAMA,RUA VASCO DA GAMA,516,,EM FRENTE A IGREJA CATOLICA PADRE SEVERINO, EM FRENTE A SUBIDA DO ALTO TREZE DE MAIO,RUA VASCO DA GAMA,516,EM FRENTE A IGREJA CATOLICA PADRE SEVERINO, EM FRENTE A SUBIDA DO ALTO TREZE DE MAIO,VASCO DA GAMA,,,COLISÃO,AUTO E MOTO,1,1,,,,,,,,0,,,,,,,,,,,,,,,,
2018-07-03,14:37:00,,CANCELADA,VASCO DA GAMA,RUA VASCO DA GAMA,,,E/F PANIFICADORA LEITE,RUA VASCO DA GAMA,,E/F PANIFICADORA LEITE,VASCO DA GAMA,,,COLISÃO,COLISAO ENTRE AUTO E MOTO S/V,1,1,,,,,,,,0,,,,,,,,,,,,,,,,,,
2018-07-03,14:52:00,SEM VÍTIMA,FINALIZADA,ESPINHEIRO,RUA ALFREDO DE CARVALHO,56,,EM FRENTE A RM TERCEIRIZAÇAO, NA RUA DA DELEGACIA,RUA ALFREDO DE CARVALHO,56,EM FRENTE A RM TERCEIRIZAÇAO, NA RUA DA DELEGACIA,ESPINHEIRO,,,COLISÃO,DOIS AUTOS,2,,,,,,,,,0,,,,,,,,,,,,,,,,