data,hora,natureza_acidente,situacao,bairro,endereco,numero,detalhe_endereco_acidente,complemento,endereco_cruzamento,numero_cruzamento,referencia_cruzamento,bairro_cruzamento,num_semaforo,sentido_via,tipo,descricao,auto,moto,ciclom,ciclista,pedestre,onibus,caminhao,viatura,outros,vitimas,vitimasfatais,acidente_verificado,tempo_clima,situacao_semaforo,sinalizacao,condicao_via,conservacao_via,ponto_controle,situacao_placa,velocidade_max_via,mao_direcao,divisao_via1,divisao_via2,divisao_via3,,,,
2018-07-03,14:56:00,SEM VÍTIMA,FINALIZADA,TAMARINEIRA,RUA CONEGO BARATA,,,SEMAFORO 306/,RUA CONEGO BARATA,,SEMAFORO 306/,TAMARINEIRA,,,COLISÃO,DOIS AUTOS S/V,2,,,,,,,,,0,,,,,,,,,,,,,,,,,,
2018-07-03,15:52:00,SEM VÍTIMA,FINALIZADA,BOA VISTA,RUA SAO GONCALO,,,PROX AO IMIP/EM FRENTE A IGREJA,RUA SAO GONCALO,,PROX AO IMIP/EM FRENTE A IGREJA,BOA VISTA,,,COLISÃO,DOIS AUTOS S/V,2,,,,,,,,,0,,,,,,,,,,,,,,,,,,
2018-07-03,.,COM VÍTIMA,EQUIPE EM DESLOCAMENTO,MADALENA,AV JOSE GONCALVES DE MEDEIROS,,,EM FRENTE A PAG MENOS,AV JOSE GONCALVES DE MEDEIROS,,EM FRENTE A PAG MENOS,MADALENA,,,COLISÃO,COLISAO ENTRE AUTO E MOTO COM VITIMA,1,1,,,,,,,,1,,,,,,,,,,,,,,,,,,
2018-07-03,16:28:00,SEM VÍTIMA,FINALIZADA,IMBIRIBEIRA,AV TANCREDO NEVES,,,NA DESCIDA DO VIADUTO S/T AV RECIFE BOA VIAGEM,AV TANCREDO NEVES,,NA DESCIDA DO VIADUTO S/T AV RECIFE BOA VIAGEM,IMBIRIBEIRA,,,COLISÃO,DOIS AUTOS/S/V,1,,,,,,1,,,0,,,,,,,,,,,,,,,,,,
2018-07-03,16:37:00,SEM VÍTIMA,FINALIZADA,IPSEP,RUA JEAN EMILE FAVRE,885,,EM FRENTE A BIG BEN, E MARINGA AUTO PEÇAS,RUA JEAN EMILE FAVRE,885,EM FRENTE A BIG BEN, E MARINGA AUTO PEÇAS,IPSEP,,,COLISÃO,AUTO E CAMINHAO,1,,,,,,1,,,0,,,,,,,,,,,,,,,,
2018-07-03,16:45:00,SEM VÍTIMA,FINALIZADA,IMBIRIBEIRA,RUA ARQUITETO LUIZ NUNES,,,SEMAFORO 634,RUA ARQUITETO LUIZ NUNES,,SEMAFORO 634,IMBIRIBEIRA,,,COLISÃO,DOIS AUTOS,2,,,,,,,,,0,,,,,,,,,,,,,,,,,,
2018-07-03,16:56:00,SEM VÍTIMA,FINALIZADA,BOA VIAGEM,RUA RIBEIRO DE BRITO,111,,E/F AO POSTO BR,RUA RIBEIRO DE BRITO,111,E/F AO POSTO BR,BOA VIAGEM,,,COLISÃO,COLISAO ENTRE AUTO E MOTO S/V,1,1,,,,,,,,0,,,,,,,,,,,,,,,,,,
2018-07-03,17:34:00,COM VÍTIMA,FINALIZADA,SANTO AMARO,AV JOAO DE BARROS,,,E/B DO VIADUTO DA AV JOÃO DE BARROS SENTIDO CIDADE,AV JOAO DE BARROS,,E/B DO VIADUTO DA AV JOÃO DE BARROS SENTIDO CIDADE,SANTO AMARO,,,COLISÃO,COLISÃO ENTRE AUTO E MOTO C/V,1,1,,,,,,,,1,,,,,,,,,,,,,,,,,,
2018-07-03,17:36:00,COM VÍTIMA,FINALIZADA,CORDEIRO,RUA SALVADOR ALLENDE,,,PROX A CRECHE E LUTANDO QUE SE CONQUISTA/SEMAFORO 088,RUA SALVADOR ALLENDE,,PROX A CRECHE E LUTANDO QUE SE CONQUISTA/SEMAFORO 088,CORDEIRO,,,COLISÃO,CARRO E MOTO C / V,1,1,,,,,,,,1,,,,,,,,,,,,,,,,,,
2018-07-03,18:28:00,SEM VÍTIMA,FINALIZADA,CASA FORTE,AV DEZESSETE DE AGOSTO,,,E/F A FARMÁCIA BIG BEN / SEMÁFORO 346,AV DEZESSETE DE AGOSTO,,E/F A FARMÁCIA BIG BEN / SEMÁFORO 346,CASA FORTE,,,COLISÃO,ENTRE 2 AUTOS. S/V,2,,,,,,,,,0,,,,,,,,,,,,,,,,,,
2018-07-03,18:28:00,SEM VÍTIMA,FINALIZADA,PINA,AVENIDA CELSO FURTADO (VIA MANGUE),,,SENTIDO BOA VIAGEM O PRIMEIRO RETORNO DA VIA Mangue,AVENIDA CELSO FURTADO (VIA MANGUE),,SENTIDO BOA VIAGEM O PRIMEIRO RETORNO DA VIA Mangue,PINA,,,COLISÃO,ONIX X MOTO,1,1,,,,,,,,0,,,,,,,,,,,,,,,,,,
2018-07-03,18:50:00,,CANCELADA,,AV ENGENHEIRO ABDIAS DE CARVALHO,,,SENTIDO BR,AV ENGENHEIRO ABDIAS DE CARVALHO,,SENTIDO BR,,,,ATROPELAMENTO,,,1,,,1,,,,,,,,,,,,,,,,,,,,,,,
2018-07-03,19:05:00,SEM VÍTIMA,FINALIZADA,ILHA DO LEITE,RUA SENADOR JOSE HENRIQUE,224,AV FREI MATIAS TEVES,CRUZAMENTO COM AV FREI MATIAS TEVES // ENF AO CENTRO MUNTIMAGEM,RUA SENADOR JOSE HENRIQUE,224,CRUZAMENTO COM AV FREI MATIAS TEVES // ENF AO CENTRO MUNTIMAGEM,ILHA DO LEITE,,,COLISÃO,ONIBUS X HB 20,1,,,,,1,,,,0,,,,,,,,,,,,,,,,,,
2018-07-03,19:40:00,SEM VÍTIMA,FINALIZADA,SANTO ANTÔNIO,AV DANTAS BARRETO,166,,E/F A IGREJA DO CARMO E CASA PIO,AV DANTAS BARRETO,166,E/F A IGREJA DO CARMO E CASA PIO,SANTO ANTÔNIO,,,COLISÃO,ENTRE AUTO PASSEIO E ÔNIBUS. S/V,1,,,,,1,,,,0,,,,,,,,,,,,,,,,,,
2018-07-03,19:49:00,SEM VÍTIMA,FINALIZADA,IMBIRIBEIRA,AV MARECHAL MASCARENHAS DE MORAES,,,APÓS AO ANTIGO AEROPORTO, SNT PRAZERES / PROXIMIDAS DA LOCADORA MOTIVO / POR BAIXO DO VIADUTO,AV MARECHAL MASCARENHAS DE MORAES,,APÓS AO ANTIGO AEROPORTO, SNT PRAZERES / PROXIMIDAS DA LOCADORA MOTIVO / POR BAIXO DO VIADUTO,IMBIRIBEIRA,,,COLISÃO,ENTRE AUTO PASSEIO E ÔNIBUS. S/V,1,,,,,1,,,,0,,,,,,,,,,,,,,,,
2018-07-03,20:18:00,SEM VÍTIMA,FINALIZADA,BOA VISTA,RUA DA AURORA,,RUA PRINCESA IZABEL,SEMAFORO 022 CRUZAMENTO COM A RUA PRINCESA IZABEL,RUA DA AURORA,,SEMAFORO 022 CRUZAMENTO COM A RUA PRINCESA IZABEL,BOA VISTA,,,COLISÃO,ONIBUS GLOBO X AUTO,1,,,,,1,,,,0,,,,,,,,,,,,,,,,,,
2018-07-03,20:41:00,SEM VÍTIMA,FINALIZADA,TORRE,AV BEIRA RIO,109,AV CONDE DE IRAJA,E/F AO EDF DUAS NAÇÕES / ESQUINA COM A AV CONDE DO IRAJÁ,AV BEIRA RIO,109,E/F AO EDF DUAS NAÇÕES / ESQUINA COM A AV CONDE DO IRAJÁ,TORRE,,,COLISÃO,ENTRE 2 AUTOS. S/V,2,,,,,,,,,0,,,,,,,,,,,,,,,,,,
2018-07-03,21:00:00,SEM VÍTIMA,FINALIZADA,BOA VISTA,RUA DA SANTA CRUZ,413,,AO LADO DA IGREJA DE SANTA CRUZ E PRÓX A PADARIA SANTA CRUZ,RUA DA SANTA CRUZ,413,AO LADO DA IGREJA DE SANTA CRUZ E PRÓX A PADARIA SANTA CRUZ,BOA VISTA,,,COLISÃO,ENTRE 2 AUTOS. S/V,2,,,,,,,,,0,,,,,,,,,,,,,,,,,,
2018-07-03,22:15:00,COM VÍTIMA,FINALIZADA,CAMPO GRANDE,EST DE BELEM,,RUA ODORIDO MENDES,CRUZAMENTO COM A RUA ODORICO MENDES // SEMAFORO 026,EST DE BELEM,,CRUZAMENTO COM A RUA ODORICO MENDES // SEMAFORO 026,CAMPO GRANDE,,,COLISÃO,FIESTA PRATA X MOTO,1,1,,,,,,,,1,,,,,,,,,,,,,,,,,,
2018-07-04,06:49:00,SEM VÍTIMA,FINALIZADA,DERBY,AV GOVERNADOR AGAMENON MAGALHAES,,,NO INCIO DA RUA CARLOS DE LIMA CAVALCANTE SEMAFORO 075 EM FRENTE AO CURSO DE INGLES WIZARD,AV GOVERNADOR AGAMENON MAGALHAES,,NO INCIO DA RUA CARLOS DE LIMA CAVALCANTE SEMAFORO 075 EM FRENTE AO CURSO DE INGLES WIZARD,DERBY,,,COLISÃO,COLISÃO SEM VITIMAS FLAVIO MENDES QTH,1,,,,,1,,,,0,,,,,,,,,,,,,,,,,,
2018-07-04,07:53:00,SEM VÍTIMA,FINALIZADA,BOA VIAGEM,RUA RIBEIRO DE BRITO,,RUA PROF JOAO MEDEIROS,COM A RUA PROF JOAO MEDEIROS / AO LADO DA SUBWAY,RUA RIBEIRO DE BRITO,,COM A RUA PROF JOAO MEDEIROS / AO LADO DA SUBWAY,BOA VIAGEM,,,COLISÃO,CAMINHAO E AUTO PASSEIO,1,,,,,,1,,,0,,,,,,,,,,,,,,,,,,
2018-07-04,08:19:00,SEM VÍTIMA,FINALIZADA,JORDÃO,AV MARIA IRENE,808,,RESIDENCIA EM FRENTE AO POSTO DE GASOLINA TOTAL,AV MARIA IRENE,808,RESIDENCIA EM FRENTE AO POSTO DE GASOLINA TOTAL,JORDÃO,,,COLISÃO,COLISÃO SEM VITIMAS,2,,,,,,,,,0,,,,,,,,,,,,,,,,,,
2018-07-04,08:27:00,SEM VÍTIMA,FINALIZADA,CAXANGÁ,AV CAXANGA,,,SENTIDO CIDADE SUBURBIO EM FRENTE A INTEGRAÇÃO DA CAXANGA,AV CAXANGA,,SENTIDO CIDADE SUBURBIO EM FRENTE A INTEGRAÇÃO DA CAXANGA,CAXANGÁ,,,COLISÃO,COLISÃO SEM VITIMAS,1,,,,,1,,,,0,,,,,,,,,,,,,,,,,,
2018-07-04,08:56:00,SEM VÍTIMA,FINALIZADA,IMBIRIBEIRA,RUA NAPOLIS,2156,,AO LADO DA ITALIANA,RUA NAPOLIS,2156,AO LADO DA ITALIANA,IMBIRIBEIRA,,,COLISÃO,SEM VÍTIMAS.,1,,,,,,1,,,0,,,,,,,,,,,,,,,,,,
2018-07-04,10:06:00,SEM VÍTIMA,FINALIZADA,BOA VIAGEM,RUA SA E SOUZA,803,,E/F AO EDF. EDIVANA,RUA SA E SOUZA,803,E/F AO EDF. EDIVANA,BOA VIAGEM,,,COLISÃO,SEM VÍTIMAS.,2,,,,,,,,,0,,,,,,,,,,,,,,,,,,
2018-07-04,10:13:00,SEM VÍTIMA,FINALIZADA,PINA,AV ANTONIO DE GOES,742,,E/F AO EMPRESARIAL JOPIN. SEMÁFORO 103,AV ANTONIO DE GOES,742,E/F AO EMPRESARIAL JOPIN. SEMÁFORO 103,PINA,,,COLISÃO,SEM VÍTIMAS.,1,,,,,1,,,,0,,,,,,,,,,,,,,,,,,
2018-07-04,10:19:00,SEM VÍTIMA,FINALIZADA,BOA VIAGEM,RUA JOAO DIAS MARTINS,86,,NA FRENTE A IGREJA NOVA DE BOA VIAGEM,RUA JOAO DIAS MARTINS,86,NA FRENTE A IGREJA NOVA DE BOA VIAGEM,BOA VIAGEM,,,COLISÃO,COLISÃO SEM VITIMAS,2,,,,,,,,,0,,,,,,,,,,,,,,,,,,
2018-07-04,10:29:00,SEM VÍTIMA,FINALIZADA,IMBIRIBEIRA,RUA PROFESSORA ROSILDA COSTA,3125C,,EM FRENTE A INDUSTRIA INCAPA,RUA PROFESSORA ROSILDA COSTA,3125C,EM FRENTE A INDUSTRIA INCAPA,IMBIRIBEIRA,,,COLISÃO,CAMINHAO E AUTO PASSEIO,1,,,,,,1,,,0,,,,,,,,,,,,,,,,,,
2018-07-04,10:58:00,SEM VÍTIMA,FINALIZADA,ILHA JOANA BEZERRA,VDO PAPA JOAO PAULO II,,,PRÓXIMO A ALÇA DE ACESSO PARA RUA IMPERIAL,VDO PAPA JOAO PAULO II,,PRÓXIMO A ALÇA DE ACESSO PARA RUA IMPERIAL,ILHA JOANA BEZERRA,,,COLISÃO,COM VITIMA,,1,,,,,,,,0,,,,,,,,,,,,,,,,,,
2018-07-04,11:40:00,SEM VÍTIMA,FINALIZADA,SANTO AMARO,AV NORTE,,,AO LADO DO CEMITÉRIO DOS INGLESES, SENTIDO SUBÚRBIO,AV NORTE,,AO LADO DO CEMITÉRIO DOS INGLESES, SENTIDO SUBÚRBIO,SANTO AMARO,,,COLISÃO,SEM VÍTIMAS. VT 24 NO LOCAL.,2,,,,,,,,,0,,,,,,,,,,,,,,,,
2018-07-04,11:45:00,SEM VÍTIMA,FINALIZADA,IMBIRIBEIRA,RUA PROF AURELIO DE CASTRO CAVALCANTI,7935,,EM BAIXO DO SEMAFORO 626 AO LADO DO MARTELINHO DE OURO,RUA PROF AURELIO DE CASTRO CAVALCANTI,7935,EM BAIXO DO SEMAFORO 626 AO LADO DO MARTELINHO DE OURO,IMBIRIBEIRA,,,COLISÃO,DOIS AUTOS,2,,,,,,,,,0,,,,,,,,,,,,,,,,,,
2018-07-04,12:41:00,COM VÍTIMA,FINALIZADA,TORRE,RUA CONDE DE IRAJA,,PRC TORRE,COM PRACA DA TORRE, NO SEMAFORO 409,RUA CONDE DE IRAJA,,COM PRACA DA TORRE, NO SEMAFORO 409,TORRE,,,COLISÃO,AUTO E MOTO,1,1,,,,,,,,1,,,,,,,,,,,,,,,,
2018-07-04,13:03:00,COM VÍTIMA,FINALIZADA,BOA VIAGEM,AV CONSELHEIRO AGUIAR,1650,,AO LADO DA MC DONALD.S EM FRENTE A LOJA STUDIO MAISON,AV CONSELHEIRO AGUIAR,1650,AO LADO DA MC DONALD.S EM FRENTE A LOJA STUDIO MAISON,BOA VIAGEM,,,COLISÃO,COLISÃO COM VITIMA A ESPERA DO SAMU,1,1,,,,,,,,1,,,,,,,,,,,,,,,,,,
2018-07-04,13:19:00,SEM VÍTIMA,FINALIZADA,ILHA DO RETIRO,AV ENGENHEIRO ABDIAS DE CARVALHO,365,,AO LADO DO POSTO IPIRANGA, EM FRENTE A ESTAMPA VEICULOS, SENTIDO SUBURBIO,AV ENGENHEIRO ABDIAS DE CARVALHO,365,AO LADO DO POSTO IPIRANGA, EM FRENTE A ESTAMPA VEICULOS, SENTIDO SUBURBIO,ILHA DO RETIRO,,,COLISÃO,AUTO E CAMINHAO,1,,,,,,1,,,0,,,,,,,,,,,,,,
2018-07-04,14:24:00,SEM VÍTIMA,FINALIZADA,BOA VIAGEM,AV ENGENHEIRO DOMINGOS FERREIRA,4367,,EM BAIXO DO SEMAFORO 128 EM FRENTE AO MUNDO DO CABELEIREIRO,AV ENGENHEIRO DOMINGOS FERREIRA,4367,EM BAIXO DO SEMAFORO 128 EM FRENTE AO MUNDO DO CABELEIREIRO,BOA VIAGEM,,,COLISÃO,COLISÃO SEM VITIMAS,2,,,,,,,,,0,,,,,,,,,,,,,,,,,,
2018-07-04,14:32:00,SEM VÍTIMA,FINALIZADA,ILHA DO RETIRO,AV BEIRA RIO,,,PROX AO TUNEL CHICO SCIENCE DO SPORT,AV BEIRA RIO,,PROX AO TUNEL CHICO SCIENCE DO SPORT,ILHA DO RETIRO,,,COLISÃO,COLISAO EBTRE DOIS AUTO S/V,2,,,,,,,,,0,,,,,,,,,,,,,,,,,,
2018-07-04,14:58:00,SEM VÍTIMA,FINALIZADA,BOA VIAGEM,AV CONSELHEIRO AGUIAR,4741,,APOS O MERCADO DE BOA VIAGEM, NA PARADA DE ONIBUS N° 16,AV CONSELHEIRO AGUIAR,4741,APOS O MERCADO DE BOA VIAGEM, NA PARADA DE ONIBUS N° 16,BOA VIAGEM,,,COLISÃO,ONIBUS E AUTO,1,,,,,1,,,,0,,,,,,,,,,,,,,,,
2018-07-04,15:32:00,SEM VÍTIMA,FINALIZADA,ILHA DO RETIRO,RUA SPORT CLUBE DO RECIFE,,,E/F AO SPORT S/T BR,RUA SPORT CLUBE DO RECIFE,,E/F AO SPORT S/T BR,ILHA DO RETIRO,,,COLISÃO,COLISAO ENTRE DOIS AUTOS S/V,2,,,,,,,,,0,,,,,,,,,,,,,,,,,,
2018-07-04,16:29:00,SEM VÍTIMA,FINALIZADA,BOMBA DO HEMETÉRIO,RUA PROFESSOR JOSE AMARINO DOS REIS,184,,EM FRENTE AO CLUB TEIMOSO,RUA PROFESSOR JOSE AMARINO DOS REIS,184,EM FRENTE AO CLUB TEIMOSO,BOMBA DO HEMETÉRIO,,,COLISÃO,AUTO E ONIBUS ,1,,,,,1,,,,0,,,,,,,,,,,,,,,,,,
2018-07-04,17:14:00,COM VÍTIMA,FINALIZADA,ESTÂNCIA,AV RECIFE,,AV NOSSA SENHORA DE FATIMA,COM AV. NOSSA SENHORA DE FÁTIMA, EM FRENTE AO POSTO TOTAL SENTIDO AEROPORTO.,AV RECIFE,,COM AV. NOSSA SENHORA DE FÁTIMA, EM FRENTE AO POSTO TOTAL SENTIDO AEROPORTO.,ESTÂNCIA,,,COLISÃO,COLISÃO COM VÍTIMA, ENVOLVENDO 1 MOTO E 1 AUTO.,1,1,,,,,,,,1,,,,,,,,,,,,,,,
2018-07-04,17:33:00,SEM VÍTIMA,FINALIZADA,BOA VISTA,AV CONDE DA BOA VISTA,,RUA DOM BOSCO,COM RUA DOM BOSCO AO LADO DA EMLURB,AV CONDE DA BOA VISTA,,COM RUA DOM BOSCO AO LADO DA EMLURB,BOA VISTA,,,COLISÃO,COLISAO ENTRE ONIBUS E AUTOS S/V,1,,,,,1,,,,0,,,,,,,,,,,,,,,,,,
2018-07-04,17:24:00,SEM VÍTIMA,FINALIZADA,CORDEIRO,AV CAXANGA,1443,,PROX AO HOSPITAL GETULIO VARGAS,AV CAXANGA,1443,PROX AO HOSPITAL GETULIO VARGAS,CORDEIRO,,,ENGAVETAMENTO,ENGAVETAMENTO ENTRE TRES AUTOS S/V VT 10 NO LOCAL,3,,,,,,,,,0,,,,,,,,,,,,,,,,,,
2018-07-04,17:25:00,,CANCELADA,JARDIM SÃO PAULO,AV RECIFE,,,NA SAIDA DE JARDIM SÃO PAULO EM BAIXO DO SEMAFORO 261 AO LADO DO POSTO DE GASOLINA TOTAL,AV RECIFE,,NA SAIDA DE JARDIM SÃO PAULO EM BAIXO DO SEMAFORO 261 AO LADO DO POSTO DE GASOLINA TOTAL,JARDIM SÃO PAULO,,,COLISÃO,COLISÃO COM VITIMA SOCORRIDO PELO SAMU,1,1,,,,,,,,1,,,,,,,,,,,,,,,,,,
2018-07-04,18:40:00,SEM VÍTIMA,FINALIZADA,CAMPO GRANDE,RUA FRANKLIN TAVORA,,RUA OLIVEIRA FONSECA,COM OLIVEIRA FONSECA,RUA FRANKLIN TAVORA,,COM OLIVEIRA FONSECA,CAMPO GRANDE,,,COLISÃO,SITUAÇÃO REPASSADA PELO SI ISAIAS,,,,,,,,,,0,,,,,,,,,,,,,,,,,,
2018-07-04,18:47:00,SEM VÍTIMA,FINALIZADA,CASA AMARELA,AV NORTE,,,AV NORTE SENTIDO CASA AMARELA/SEMAFORO 596,AV NORTE,,AV NORTE SENTIDO CASA AMARELA/SEMAFORO 596,CASA AMARELA,,,COLISÃO,DUAS MOTOS,,2,,,,,,,,0,,,,,,,,,,,,,,,,,,
2018-07-04,18:54:00,COM VÍTIMA,FINALIZADA,CORDEIRO,RUA CAPITAO ANTONIO DIAS,,,PROX AO BOIZINHO BAR/ARENA DO CAMARAO,RUA CAPITAO ANTONIO DIAS,,PROX AO BOIZINHO BAR/ARENA DO CAMARAO,CORDEIRO,,,COLISÃO,AUTO E MOTO S/V,1,1,,,,,,,,1,,,,,,,,,,,,,,,,,,
2018-07-04,19:12:00,SEM VÍTIMA,FINALIZADA,ROSARINHO,RUA GENERAL ARTUR OSCAR,99,,E/F AO CENTRO DE APOIO A PESSOAS COM PERDA AUDITIVA ''CAPPAZ'',RUA GENERAL ARTUR OSCAR,99,E/F AO CENTRO DE APOIO A PESSOAS COM PERDA AUDITIVA ''CAPPAZ'',ROSARINHO,,,COLISÃO,ENTRE 2 AUTOS. S/V,2,,,,,,,,,0,,,,,,,,,,,,,,,,,,
2018-07-04,19:25:00,COM VÍTIMA,FINALIZADA,IPUTINGA,AV CAXANGA,,,PROX. WAL MART,AV CAXANGA,,PROX. WAL MART,IPUTINGA,,,ATROPELAMENTO,,1,,,,2,,,,,1,,,,,,,,,,,,,,,,,,
2018-07-04,19:40:00,COM VÍTIMA,FINALIZADA,CAMPO GRANDE,AV GOVERNADOR AGAMENON MAGALHAES,,,EM FRENTE AO SHOPING TACARUNA SENTIDO OLINDA RECIFE/EM FRENTE A ANTIGA FABRICA DO TACARUNA,AV GOVERNADOR AGAMENON MAGALHAES,,EM FRENTE AO SHOPING TACARUNA SENTIDO OLINDA RECIFE/EM FRENTE A ANTIGA FABRICA DO TACARUNA,CAMPO GRANDE,,,COLISÃO,AUTO E MOTO,1,1,,,,,,,,1,,,,,,,,,,,,,,,,,,
2018-07-04,19:46:00,COM VÍTIMA,FINALIZADA,DERBY,RUA JOAO FERNANDES VIEIRA,,,EM FRENTE AO HOSPITAL DE FRATURAS,RUA JOAO FERNANDES VIEIRA,,EM FRENTE AO HOSPITAL DE FRATURAS,DERBY,,,COLISÃO,MOTORISTA BATEU EM UMA CARROÇA,1,,,,,,,,,1,,,,,,,,,,,,,,,,,,
2018-07-04,20:06:00,COM VÍTIMA,FINALIZADA,CORDEIRO,RUA GOMES TABORDA,,,PROX VAREJAO KENEDY/ATACAREJO IDEAL,RUA GOMES TABORDA,,PROX VAREJAO KENEDY/ATACAREJO IDEAL,CORDEIRO,,,COLISÃO,MOTO E PEDESTRE C/V,,1,,,,,,,,1,,,,,,,,,,,,,,,,,,
2018-07-04,21:59:00,SEM VÍTIMA,FINALIZADA,SANTO AMARO,AV JOAO DE BARROS,,,E/F AO POSTO BR / APÓS AO PONTILHÃO,AV JOAO DE BARROS,,E/F AO POSTO BR / APÓS AO PONTILHÃO,SANTO AMARO,,,ENGAVETAMENTO,ENTRE 3 AUTOS. S/V,3,,,,,,,,,0,,,,,,,,,,,,,,,,,,
2018-07-04,,COM VÍTIMA,FINALIZADA,ARRUDA,RUA DAS MOCAS,,,EM FRENTE AO RESTAURANTE CACULE,RUA DAS MOCAS,,EM FRENTE AO RESTAURANTE CACULE,ARRUDA,,,COLISÃO,AUTO E MOTO C/V,1,1,,,,,,,,1,,,,,,,,,,,,,,,,,,
2018-07-05,06:49:00,SEM VÍTIMA,FINALIZADA,SAN MARTIN,RUA VINTE E UM DE ABRIL,3010,RUA ARSENIO CALAÇA,PROXIMO AO BPRV/ CRUZAMENTO COM A RUA ARSÊNIO CALAÇA,RUA VINTE E UM DE ABRIL,3010,PROXIMO AO BPRV/ CRUZAMENTO COM A RUA ARSÊNIO CALAÇA,SAN MARTIN,,,COLISÃO,COLISÃO SEM VÍTIMA,1,1,,,,,,,,0,,,,,,,,,,,,,,,,,,
2018-07-05,07:53:00,COM VÍTIMA,FINALIZADA,ENCRUZILHADA,AV NORTE,2459,,PROX. A JACAUNA,AV NORTE,2459,PROX. A JACAUNA,ENCRUZILHADA,,,COLISÃO COM CICLISTA,ONIBUS E CICLISTA,,,,1,,1,,,,1,,,,,,,,,,,,,,,,,,
2018-07-05,08:51:00,SEM VÍTIMA,FINALIZADA,BOA VISTA,RUA TABIRA,252,,NA FRENTE AO PREDIO DA CEFOSPE,RUA TABIRA,252,NA FRENTE AO PREDIO DA CEFOSPE,BOA VISTA,,,COLISÃO,COLISÃO SEM VÍTIMA,2,,,,,,,,,0,,,,,,,,,,,,,,,,,,
2018-07-05,09:39:00,SEM VÍTIMA,FINALIZADA,BOA VISTA,AV GOVERNADOR AGAMENON MAGALHAES,,,NO SEMAFORO 174,AV GOVERNADOR AGAMENON MAGALHAES,,NO SEMAFORO 174,BOA VISTA,,,COLISÃO,AUTO E MOTO GM PONTO FIXO NO LOCAL (EXECUTANDO O B.O),1,1,,,,,,,,0,,,,,,,,,,,,,,,,,,
2018-07-05,10:11:00,SEM VÍTIMA,FINALIZADA,BOA VISTA,AV JOAO DE BARROS,,,EM FRENTE AO CLUBE DOS OFICIAIS DA PMPE,AV JOAO DE BARROS,,EM FRENTE AO CLUBE DOS OFICIAIS DA PMPE,BOA VISTA,,,COLISÃO,DOIS AUTOS,2,,,,,,,,,0,,,,,,,,,,,,,,,,,,
2018-07-05,10:27:00,SEM VÍTIMA,FINALIZADA,DERBY,AV ENGENHEIRO AGAMENON DE MAGALHAES MELO,,,EM FRENTE A RESTAURAÇÃO,AV ENGENHEIRO AGAMENON DE MAGALHAES MELO,,EM FRENTE A RESTAURAÇÃO,DERBY,,,COLISÃO,COLISÃO SEM VÍTIMA,2,,,,,,,,,0,,,,,,,,,,,,,,,,,,
2018-07-05,10:48:00,SEM VÍTIMA,FINALIZADA,ESPINHEIRO,RUA CONS PORTELA,,,EM FRENTE AO BOMPREÇO,RUA CONS PORTELA,,EM FRENTE AO BOMPREÇO,ESPINHEIRO,,,COLISÃO,DOIS AUTOS,2,,,,,,,,,0,,,,,,,,,,,,,,,,,,
2018-07-05,10:49:00,SEM VÍTIMA,FINALIZADA,IMBIRIBEIRA,AV MARECHAL MASCARENHAS DE MORAES,,,SMAFORO 625 / SENT SUB,AV MARECHAL MASCARENHAS DE MORAES,,SMAFORO 625 / SENT SUB,IMBIRIBEIRA,,,COLISÃO,CAMINHAO E AUTO,,,,,,,,,,0,,,,,,,,,,,,,,,,,,
2018-07-05,11:24:00,SEM VÍTIMA,FINALIZADA,SANTO ANTÔNIO,AV DANTAS BARRETO,507,,EM FRENTE AO EDF. ANTONIO BARBOSA,AV DANTAS BARRETO,507,EM FRENTE AO EDF. ANTONIO BARBOSA,SANTO ANTÔNIO,,,COLISÃO,COLISÃO SEM VITIMA,2,,,,,,,,,0,,,,,,,,,,,,,,,,,,
2018-07-05,11:26:00,SEM VÍTIMA,FINALIZADA,AFOGADOS,RUA DA PAZ,,,EM FRENTE ALUMIAÇO,RUA DA PAZ,,EM FRENTE ALUMIAÇO,AFOGADOS,,,COLISÃO,COLISÃO SEM VÍTIMA,2,,,,,,,,,0,,,,,,,,,,,,,,,,,,
2018-07-05,11:33:00,SEM VÍTIMA,FINALIZADA,ILHA DO RETIRO,EST DOS REMEDIOS,1700,,EM FRENTE A HYUNDAI, NO SEMAFORO 390,EST DOS REMEDIOS,1700,EM FRENTE A HYUNDAI, NO SEMAFORO 390,ILHA DO RETIRO,,,COLISÃO,DOIS AUTOS,2,,,,,,,,,0,,,,,,,,,,,,,,,,
2018-07-05,11:45:00,SEM VÍTIMA,FINALIZADA,ENCRUZILHADA,EST DE BELEM,,,AO LADO DA PAGUE MENOS,EST DE BELEM,,AO LADO DA PAGUE MENOS,ENCRUZILHADA,,,COLISÃO,COLISÃO SEM VÍTIMA,1,1,,,,,,,,0,,,,,,,,,,,,,,,,,,
2018-07-05,11:55:00,SEM VÍTIMA,FINALIZADA,AREIAS,AV RECIFE,,,EM FRENTE AO MAKRO/ SENTIDO BR,AV RECIFE,,EM FRENTE AO MAKRO/ SENTIDO BR,AREIAS,,,COLISÃO,COLISÃO SEM VÍTIMA,2,,,,,,,,,0,,,,,,,,,,,,,,,,,,
2018-07-05,12:47:00,SEM VÍTIMA,FINALIZADA,BOA VISTA,RUA DO HOSPICIO,,,EM FRENTE A LOJA NARCISO,RUA DO HOSPICIO,,EM FRENTE A LOJA NARCISO,BOA VISTA,,,COLISÃO,DOIS AUTOS S/V,2,,,,,,,,,0,,,,,,,,,,,,,,,,,,
2018-07-05,13:01:00,SEM VÍTIMA,CANCELADA,BOA VIAGEM,AV CONSELHEIRO AGUIAR,,,E/F AO PONTO AO PONTO DO AÇAI,AV CONSELHEIRO AGUIAR,,E/F AO PONTO AO PONTO DO AÇAI,BOA VIAGEM,,,COLISÃO,COLISAO ENTRE DOIS AUTOS S/V,2,,,,,,,,,0,,,,,,,,,,,,,,,,,,