data,hora,natureza_acidente,situacao,bairro,endereco,numero,detalhe_endereco_acidente,complemento,endereco_cruzamento,numero_cruzamento,referencia_cruzamento,bairro_cruzamento,num_semaforo,sentido_via,tipo,descricao,auto,moto,ciclom,ciclista,pedestre,onibus,caminhao,viatura,outros,vitimas,vitimasfatais,acidente_verificado,tempo_clima,situacao_semaforo,sinalizacao,condicao_via,conservacao_via,ponto_controle,situacao_placa,velocidade_max_via,mao_direcao,divisao_via1,divisao_via2,divisao_via3,,,,
2018-07-05,13:27:00,SEM VÍTIMA,CANCELADA,BOA VIAGEM,RUA SETUBAL,68,,E/F A CLINICA VETERINARIA PET DREAM,RUA SETUBAL,68,E/F A CLINICA VETERINARIA PET DREAM,BOA VIAGEM,,,COLISÃO,COLISAO ENTRE DOIS AUTOS S/V,2,,,,,,,,,0,,,,,,,,,,,,,,,,,,
2018-07-05,13:56:00,SEM VÍTIMA,FINALIZADA,IMBIRIBEIRA,AV MARECHAL MASCARENHAS DE MORAES,,,EM FRENTE AO ATACADO DOS PRESENTES/ SEMAFORO 310,AV MARECHAL MASCARENHAS DE MORAES,,EM FRENTE AO ATACADO DOS PRESENTES/ SEMAFORO 310,IMBIRIBEIRA,,,COLISÃO,AUTO E ONIBUSS S/V,1,,,,,1,,,,0,,,,,,,,,,,,,,,,,,
2018-07-05,14:29:00,SEM VÍTIMA,CANCELADA,BOA VIAGEM,AV CONSELHEIRO AGUIAR,333,,EM FRENTE AO VIA CAR,AV CONSELHEIRO AGUIAR,333,EM FRENTE AO VIA CAR,BOA VIAGEM,,,COLISÃO,COLISÃO SEM VÍTIMA,2,,,,,,,,,0,,,,,,,,,,,,,,,,,,
2018-07-05,14:57:00,SEM VÍTIMA,FINALIZADA,ESPINHEIRO,PRC PARQUE AMORIM,,,ENTRE O CLUBE PORTUGUES E A MC DONALD´S S/T BOA VIAGEM,PRC PARQUE AMORIM,,ENTRE O CLUBE PORTUGUES E A MC DONALD´S S/T BOA VIAGEM,ESPINHEIRO,,,COLISÃO,COLISAO ENTRE DOIS AUTOS S/V,2,,,,,,,,,0,,,,,,,,,,,,,,,,,,
2018-07-05,15:21:00,SEM VÍTIMA,FINALIZADA,GRAÇAS,RUA ESMERALDINO BANDEIRA,175,,PROXIMO A PIZZARIA ATLANTICO,RUA ESMERALDINO BANDEIRA,175,PROXIMO A PIZZARIA ATLANTICO,GRAÇAS,,,COLISÃO,COLISÃO SEM VÍTIMA,2,,,,,,,,,0,,,,,,,,,,,,,,,,,,
2018-07-05,15:37:00,SEM VÍTIMA,FINALIZADA,ESPINHEIRO,RUA CONS PORTELA,621,,EM FRENTE AO EDIFICIO ARARAS,RUA CONS PORTELA,621,EM FRENTE AO EDIFICIO ARARAS,ESPINHEIRO,,,COLISÃO,COLISÃO SEM VÍTIMA,,,,,,1,1,,,0,,,,,,,,,,,,,,,,,,
2018-07-05,15:36:00,SEM VÍTIMA,FINALIZADA,TEJIPIÓ,RUA FALCAO DE LACERDA,72,,E/F A IGREJA CATOLICA DE TEJIPIO NOSSA SENHORA DO ROSARIO,RUA FALCAO DE LACERDA,72,E/F A IGREJA CATOLICA DE TEJIPIO NOSSA SENHORA DO ROSARIO,TEJIPIÓ,,,COLISÃO,COLISAO ENTRE ONIBUS E AUTOS S/V,1,,,,,1,,,,0,,,,,,,,,,,,,,,,,,
2018-07-05,15:45:00,SEM VÍTIMA,FINALIZADA,CAMPO GRANDE,RUA MEM DE SA,295,,EM FRENTE AO DEPOSITO DA COCA COLA,RUA MEM DE SA,295,EM FRENTE AO DEPOSITO DA COCA COLA,CAMPO GRANDE,,,COLISÃO,COLISÃO SEM VÍTIMA,1,1,,,,,,,,0,,,,,,,,,,,,,,,,,,
2018-07-05,15:53:00,SEM VÍTIMA,FINALIZADA,BOA VIAGEM,RUA VISCONDE DE JEQUITINHONHA,133,,EM FRENTE AO EDIFICIO NOSSA SENHORA APARECIDA,RUA VISCONDE DE JEQUITINHONHA,133,EM FRENTE AO EDIFICIO NOSSA SENHORA APARECIDA,BOA VIAGEM,,,COLISÃO,COLISÃO SEM VÍTIMA,3,,,,,,,,,0,,,,,,,,,,,,,,,,,,
2018-07-05,15:58:00,SEM VÍTIMA,FINALIZADA,PARNAMIRIM,AV DEZESSETE DE AGOSTO,61,,EM FRENTE AO BRADESCO NAS PROXIMIDADES DA PRAÇA DO PARNAMIRIM,AV DEZESSETE DE AGOSTO,61,EM FRENTE AO BRADESCO NAS PROXIMIDADES DA PRAÇA DO PARNAMIRIM,PARNAMIRIM,,,ENGAVETAMENTO,COLISAO ENVOLVENDO QUATRO VEICULOS,3,,,,,1,,,,0,,,,,,,,,,,,,,,,,,
2018-07-05,16:02:00,SEM VÍTIMA,FINALIZADA,BARRO,AV DR JOSE RUFINO,2593,,APOS AIGREJA DO BARRO PROX AO MOTEL OLIMPICOS,AV DR JOSE RUFINO,2593,APOS AIGREJA DO BARRO PROX AO MOTEL OLIMPICOS,BARRO,,,COLISÃO,COLISAO ENTRE DOIS AUTOS S/V,2,,,,,,,,,0,,,,,,,,,,,,,,,,,,
2018-07-05,16:03:00,SEM VÍTIMA,CANCELADA,PINA,AV CONSELHEIRO AGUIAR,204,,EM FRENTE A PIZZARIA CLOCK,AV CONSELHEIRO AGUIAR,204,EM FRENTE A PIZZARIA CLOCK,PINA,,,COLISÃO,COLISÃO SEM VÍTIMA,2,,,,,,,,,0,,,,,,,,,,,,,,,,,,
2018-07-05,17:04:00,COM VÍTIMA,FINALIZADA,BOA VIAGEM,RUA BALTAZAR PASSOS,515,,E/F A ESCOLA FAZER EVOLUIR,RUA BALTAZAR PASSOS,515,E/F A ESCOLA FAZER EVOLUIR,BOA VIAGEM,,,COLISÃO,COLISAO ENTRE AUTO E MOTO COM UMA VITIMA,1,1,,,,,,,,1,,,,,,,,,,,,,,,,,,
2018-07-05,17:33:00,SEM VÍTIMA,EQUIPE EM DESLOCAMENTO,ESPINHEIRO,RUA DO ESPINHEIRO,,RUA AMELIA,NO SEMÁFORO 195/ CRUZAMENTO COM A RUA AMELIA,RUA DO ESPINHEIRO,,NO SEMÁFORO 195/ CRUZAMENTO COM A RUA AMELIA,ESPINHEIRO,,,COLISÃO,DOIS AUTOS S/V,2,,,,,,,,,0,,,,,,,,,,,,,,,,,,
2018-07-05,17:47:00,SEM VÍTIMA,FINALIZADA,TORRE,AV BEIRA RIO,,,NO SEMÁFORO 630,AV BEIRA RIO,,NO SEMÁFORO 630,TORRE,,,COLISÃO,COLISÃO SEM VÍTIMA,2,,,,,,,,,0,,,,,,,,,,,,,,,,,,
2018-07-05,18:48:00,SEM VÍTIMA,CANCELADA,BOA VISTA,RUA JOAO FERNANDES VIEIRA,769,,ENF A IGREJA BATISTA DA CAPUNGA,RUA JOAO FERNANDES VIEIRA,769,ENF A IGREJA BATISTA DA CAPUNGA,BOA VISTA,,,COLISÃO,CRUZE X SPIN,2,,,,,,,,,0,,,,,,,,,,,,,,,,,,
2018-07-05,20:57:00,SEM VÍTIMA,FINALIZADA,BOA VIAGEM,RUA JOAO CARDOSO AIRES,,,SEMAFORO 478/EM FRENTE AO COLEGIO MADRE DE DEUS,RUA JOAO CARDOSO AIRES,,SEMAFORO 478/EM FRENTE AO COLEGIO MADRE DE DEUS,BOA VIAGEM,,,COLISÃO,ONIBUS E AUTOS S/V,1,,,,,1,,,,0,,,,,,,,,,,,,,,,,,
2018-07-05,21:51:00,SEM VÍTIMA,FINALIZADA,BOA VISTA,AV CONDE DA BOA VISTA,,,EM FRENTE AO SHOPING BOA VISTA,AV CONDE DA BOA VISTA,,EM FRENTE AO SHOPING BOA VISTA,BOA VISTA,,,COLISÃO,ONIBUS E AUTOS S/V,1,,,,,1,,,,0,,,,,,,,,,,,,,,,,,
2018-07-05,22:44:00,SEM VÍTIMA,CANCELADA,AFOGADOS,RUA VINTE E DOIS DE ABRIL,,RUA COSME VIANA,PROX MASTER BOI/PIPOQUEIRA VENESA/TRANSVERSAL COM A COSME VIANA,RUA VINTE E DOIS DE ABRIL,,PROX MASTER BOI/PIPOQUEIRA VENESA/TRANSVERSAL COM A COSME VIANA,AFOGADOS,,,COLISÃO,VEICULO DESGOVERNADO COLIDIU COM A LANCHONETE,1,,,,,,,,1,0,,,,,,,,,,,,,,,,,,
2018-07-05,23:39:00,SEM VÍTIMA,FINALIZADA,CAXANGÁ,AV CAXANGA,1492,,SENTIDO CIDADE ENF A INTEGRAÇAO DA CAXANGA,AV CAXANGA,1492,SENTIDO CIDADE ENF A INTEGRAÇAO DA CAXANGA,CAXANGÁ,,,COLISÃO,FAIT UNO X GOL,2,,,,,,,,,0,,,,,,,,,,,,,,,,,,
2018-07-06,06:41:00,SEM VÍTIMA,CANCELADA,NOVA DESCOBERTA,AV NORTE,,,ENTRADA DE NOVA DESCOBERTA,AV NORTE,,ENTRADA DE NOVA DESCOBERTA,NOVA DESCOBERTA,,,COLISÃO,DOIS AUTOS S/VITIMA,2,,,,,,,,,0,,,,,,,,,,,,,,,,,,
2018-07-06,07:19:00,COM VÍTIMA,FINALIZADA,MADALENA,AV BEIRA RIO,51,,PROX A PRAÇA DA SAUDE / EM FRENTE AO EDF EQUIPAGE,AV BEIRA RIO,51,PROX A PRAÇA DA SAUDE / EM FRENTE AO EDF EQUIPAGE,MADALENA,,,COLISÃO,AUTO MOTO,1,1,,,,,,,,1,,,,,,,,,,,,,,,,,,
2018-07-06,07:21:00,SEM VÍTIMA,FINALIZADA,BOA VISTA,RUA PRINCESA IZABEL,,,RUA DA SOLEDADE,RUA PRINCESA IZABEL,,RUA DA SOLEDADE,BOA VISTA,,,COLISÃO,SEMÁFORO 168,1,,,,,1,,,,0,,,,,,,,,,,,,,,,,,
2018-07-06,07:43:00,SEM VÍTIMA,FINALIZADA,CASA FORTE,AV DEZESSETE DE AGOSTO,,,EM FRENTE AO RECANTO PARAIBANO,AV DEZESSETE DE AGOSTO,,EM FRENTE AO RECANTO PARAIBANO,CASA FORTE,,,COLISÃO,SE M VÍTIMA,1,,,,,,,1,,0,,,,,,,,,,,,,,,,,,
2018-07-06,08:01:00,SEM VÍTIMA,FINALIZADA,ESTÂNCIA,RUA MARQUES DE ITANHAEM,,,SEMAFORO 261 / SAIDA DE JARDIM SAO PAULO,RUA MARQUES DE ITANHAEM,,SEMAFORO 261 / SAIDA DE JARDIM SAO PAULO,ESTÂNCIA,,,COLISÃO,CARRETA / AUTO PASSEIO,1,,,,,,1,,,0,,,,,,,,,,,,,,,,,,
2018-07-06,08:45:00,SEM VÍTIMA,FINALIZADA,DERBY,RUA JORNALISTA PAULO BITTENCOURT,73,,AO LADO DO HR,RUA JORNALISTA PAULO BITTENCOURT,73,AO LADO DO HR,DERBY,,,COLISÃO,SEM VÍTIMAS,2,,,,,,,,,0,,,,,,,,,,,,,,,,,,
2018-07-06,09:35:00,SEM VÍTIMA,FINALIZADA,PRADO,AV ENGENHEIRO ABDIAS DE CARVALHO,,,E/F AO CAMARÃO DO LEO, SENT. SUB./CID,AV ENGENHEIRO ABDIAS DE CARVALHO,,E/F AO CAMARÃO DO LEO, SENT. SUB./CID,PRADO,,,COLISÃO,DOIS AUTOS,2,,,,,,,,,0,,,,,,,,,,,,,,,,
2018-07-06,10:51:00,SEM VÍTIMA,FINALIZADA,GRAÇAS,AV GOVERNADOR AGAMENON MAGALHAES,,,EM FRENTE AO TRE, SENTIDO BOA VIAGEM. PISTA LOCAL.,AV GOVERNADOR AGAMENON MAGALHAES,,EM FRENTE AO TRE, SENTIDO BOA VIAGEM. PISTA LOCAL.,GRAÇAS,,,COLISÃO,COLISÃO SEM VÍTIMA, ENVOLVENDO 3 AUTOS.,3,,,,,,,,,0,,,,,,,,,,,,,,,
2018-07-06,11:15:00,COM VÍTIMA,FINALIZADA,CAMPO GRANDE,RUA ODORICO MENDES,,,EM FRENTE AO SUPERMERCADO STILLOS,RUA ODORICO MENDES,,EM FRENTE AO SUPERMERCADO STILLOS,CAMPO GRANDE,,,COLISÃO,MOTO E AUTO,1,1,,,,,,,,2,,,,,,,,,,,,,,,,,,
2018-07-06,11:16:00,SEM VÍTIMA,FINALIZADA,PINA,RUA FREI LEANDRO,118,,E/F A OEDF. CLARICE ROMA,RUA FREI LEANDRO,118,E/F A OEDF. CLARICE ROMA,PINA,,,COLISÃO,SEM VÍTIMAS,1,,,,,,1,,,0,,,,,,,,,,,,,,,,,,
2018-07-06,11:49:00,SEM VÍTIMA,FINALIZADA,IMBIRIBEIRA,RUA ITACARI,,,E/F AO O ITAU,RUA ITACARI,,E/F AO O ITAU,IMBIRIBEIRA,,,COLISÃO,COLISAO ENTRE TAXI E AUTO S/V,2,,,,,,,,,0,,,,,,,,,,,,,,,,,,
2018-07-06,12:37:00,SEM VÍTIMA,FINALIZADA,AFLITOS,AV CONS ROSA E SILVA,,,EM FRENTE AO CLUBE NAUTICO,AV CONS ROSA E SILVA,,EM FRENTE AO CLUBE NAUTICO,AFLITOS,,,COLISÃO,COLISÃO SEM VÍTIMA,2,,,,,,,,,0,,,,,,,,,,,,,,,,,,
2018-07-06,12:46:00,SEM VÍTIMA,FINALIZADA,CIDADE UNIVERSITÁRIA,AV PROFESSOR MORAES REGO,364,,EM FRENTE AO POSTO BR/ SENTIDO HOSPITAL DAS CLINICAS,AV PROFESSOR MORAES REGO,364,EM FRENTE AO POSTO BR/ SENTIDO HOSPITAL DAS CLINICAS,CIDADE UNIVERSITÁRIA,,,COLISÃO,COLISÃO SEM VÍTIMA,1,,,,,,1,,,0,,,,,,,,,,,,,,,,,,
2018-07-06,12:58:00,COM VÍTIMA,FINALIZADA,VÁRZEA,RUA MARECHAL MANOEL LUIS OSORIO,447,,NA ESQUINA DO COLEGIO PONTUAL,RUA MARECHAL MANOEL LUIS OSORIO,447,NA ESQUINA DO COLEGIO PONTUAL,VÁRZEA,,,COLISÃO,MOTO E AUTO,1,1,,,,,,,,1,,,,,,,,,,,,,,,,,,
2018-07-06,13:03:00,COM VÍTIMA,FINALIZADA,SANTO AMARO,AV GOVERNADOR AGAMENON MAGALHAES,,,EM CIMA DO VIADUTO DA IDEPENDENCIA/ SENTIDO OLINDA,AV GOVERNADOR AGAMENON MAGALHAES,,EM CIMA DO VIADUTO DA IDEPENDENCIA/ SENTIDO OLINDA,SANTO AMARO,,,COLISÃO,COLISÃO COM VÍTIMA,,,,,,,,,,1,,,,,,,,,,,,,,,,,,
2018-07-06,13:16:00,SEM VÍTIMA,FINALIZADA,ESPINHEIRO,RUA QUARENTA E OITO,,,EM FRENTE A FARMACIA PERMANENTE, NO SEMAFORO 011,RUA QUARENTA E OITO,,EM FRENTE A FARMACIA PERMANENTE, NO SEMAFORO 011,ESPINHEIRO,,,COLISÃO,AUTO E MOTO,1,1,,,,,,,,0,,,,,,,,,,,,,,,,
2018-07-06,13:46:00,SEM VÍTIMA,FINALIZADA,SANTO ANTÔNIO,AV N S DO CARMO,,,E/F A CASA PIO,AV N S DO CARMO,,E/F A CASA PIO,SANTO ANTÔNIO,,,COLISÃO,COPLISAO ENTRE AUTO E ONIBUS S/V,1,,,,,1,,,,0,,,,,,,,,,,,,,,,,,
2018-07-06,13:41:00,SEM VÍTIMA,FINALIZADA,BOA VISTA,RUA DO PROGRESSO,242,,PROX AO ALTINO VENTURA,RUA DO PROGRESSO,242,PROX AO ALTINO VENTURA,BOA VISTA,,,COLISÃO,COLISAO ENTRE DOIS AUTOS S/V,2,,,,,,,,,0,,,,,,,,,,,,,,,,,,
2018-07-06,13:50:00,COM VÍTIMA,FINALIZADA,ÁGUA FRIA,AV BEBERIBE,,,MERCADO DE ÁGUA FRIA,AV BEBERIBE,,MERCADO DE ÁGUA FRIA,ÁGUA FRIA,,,COLISÃO COM CICLISTA,,1,,,,,,,,,1,,,,,,,,,,,,,,,,,,
2018-07-06,14:16:00,SEM VÍTIMA,CANCELADA,TORRE,VDO GOVERNADOR CORDEIRO DE FARIAS,,,EM CIMA DO VIADUTO /SENTIDO JOSÉ BONIFACIO,VDO GOVERNADOR CORDEIRO DE FARIAS,,EM CIMA DO VIADUTO /SENTIDO JOSÉ BONIFACIO,TORRE,,,COLISÃO,COLISÃO SEM VÍTIMA,3,,,,,,,,,0,,,,,,,,,,,,,,,,,,
2018-07-06,14:28:00,COM VÍTIMA,FINALIZADA,MADALENA,AV VISCONDE DE ALBUQUERQUE,,,C/ RUA BEM FICA. SEM. 051,AV VISCONDE DE ALBUQUERQUE,,C/ RUA BEM FICA. SEM. 051,MADALENA,,,ATROPELAMENTO,COM VÍTIMA,1,,,,1,,,,,1,,,,,,,,,,,,,,,,,,
2018-07-06,14:30:00,SEM VÍTIMA,FINALIZADA,CORDEIRO,RUA GOMES TABORDA,750,,E/F AO LEO CHOPP,RUA GOMES TABORDA,750,E/F AO LEO CHOPP,CORDEIRO,,,COLISÃO,COLISAO ENTRE DOIS AUTOS S/V,2,,,,,,,,,0,,,,,,,,,,,,,,,,,,
2018-07-06,14:39:00,COM VÍTIMA,FINALIZADA,CASA FORTE,RUA SILVEIRA LOBO,46,,PROXIMO A PAGUE MENOS,RUA SILVEIRA LOBO,46,PROXIMO A PAGUE MENOS,CASA FORTE,,,COLISÃO,COLISÃO COM VÍTIMA,1,1,,,,,,,,1,,,,,,,,,,,,,,,,,,
2018-07-06,14:48:00,COM VÍTIMA,FINALIZADA,BOA VISTA,AV GOVERNADOR CARLOS DE LIMA CAVALCANTI,,,EM FRENTE AO LABORATORIO LUCILO MARANHÃO,AV GOVERNADOR CARLOS DE LIMA CAVALCANTI,,EM FRENTE AO LABORATORIO LUCILO MARANHÃO,BOA VISTA,,,COLISÃO,COLISÃO COM VÍTIMA,1,1,,,,,,,,1,,,,,,,,,,,,,,,,,,
2018-07-06,14:48:00,COM VÍTIMA,FINALIZADA,AFOGADOS,RUA VINTE E UM DE ABRIL,,,AO LADO DA COMEDORIA DA PIZZA E FABRICA DO CAFE PETINHO,RUA VINTE E UM DE ABRIL,,AO LADO DA COMEDORIA DA PIZZA E FABRICA DO CAFE PETINHO,AFOGADOS,,,COLISÃO,AUTO E MOTO,1,1,,,,,,,,1,,,,,,,,,,,,,,,,,,
2018-07-06,15:12:00,SEM VÍTIMA,FINALIZADA,BOA VIAGEM,AV CONSELHEIRO AGUIAR,3190,,EM FRENTE AO BANCO SAFRA,AV CONSELHEIRO AGUIAR,3190,EM FRENTE AO BANCO SAFRA,BOA VIAGEM,,,COLISÃO,COLISÃO SEM VÍTIMA,2,,,,,,,,,0,,,,,,,,,,,,,,,,,,
2018-07-06,15:29:00,SEM VÍTIMA,FINALIZADA,MADALENA,RUA BENFICA,,,E/F AO QUARTEL DO CHOQUE NA SAIDA DO TUNEL,RUA BENFICA,,E/F AO QUARTEL DO CHOQUE NA SAIDA DO TUNEL,MADALENA,,,COLISÃO,COLISAO ENTRE AUTO E TAXI,2,,,,,,,,,0,,,,,,,,,,,,,,,,,,
2018-07-06,17:13:00,SEM VÍTIMA,FINALIZADA,CAXANGÁ,AV CAXANGA,2336,,EM FRENTE AO PERNAMBUCO DA SORTE, SENT. CIDADE,AV CAXANGA,2336,EM FRENTE AO PERNAMBUCO DA SORTE, SENT. CIDADE,CAXANGÁ,,,COLISÃO,DOIS AUTOS,2,,,,,,,,,0,,,,,,,,,,,,,,,,
2018-07-06,17:50:00,SEM VÍTIMA,FINALIZADA,ILHA DO LEITE,RUA ANTONIO GOMES DE FREITAS,,,RUA QUE FICA ENTRE O HOSPITAL HOPE E O ESPERANÇA,RUA ANTONIO GOMES DE FREITAS,,RUA QUE FICA ENTRE O HOSPITAL HOPE E O ESPERANÇA,ILHA DO LEITE,,,COLISÃO,DOIS AUTOS,2,,,,,,,,,0,,,,,,,,,,,,,,,,,,
2018-07-06,20:47:00,SEM VÍTIMA,FINALIZADA,VASCO DA GAMA,RUA VASCO DA GAMA,1500,,DEPOIS DA DELEGACIA E PROX AO VISGUEIRO,RUA VASCO DA GAMA,1500,DEPOIS DA DELEGACIA E PROX AO VISGUEIRO,VASCO DA GAMA,,,COLISÃO,ONIBUS X CORSA,1,,,,,1,,,,0,,,,,,,,,,,,,,,,,,
2018-07-06,20:50:00,SEM VÍTIMA,FINALIZADA,BOA VIAGEM,RUA PROFESSOR JULIO FERREIRA DE MELO,,,AO LADO DO BAR AMARELINHO/TRANSV A RUA DALIA,RUA PROFESSOR JULIO FERREIRA DE MELO,,AO LADO DO BAR AMARELINHO/TRANSV A RUA DALIA,BOA VIAGEM,,,COLISÃO,DOIS AUTOS S/V,2,,,,,,,,,0,,,,,,,,,,,,,,,,,,
2018-07-06,23:18:00,COM VÍTIMA,FINALIZADA,JOANA BEZERRA,AV DES GUERRA BARRETO,,,AO LADO DO FORUM DE JOANA BEZERRA SENTIDO ILHA DO RETIRO SEMAFORO 038,AV DES GUERRA BARRETO,,AO LADO DO FORUM DE JOANA BEZERRA SENTIDO ILHA DO RETIRO SEMAFORO 038,JOANA BEZERRA,,,COLISÃO,MOTO X AUTO,1,1,,,,,,,,1,,,,,,,,,,,,,,,,,,
2018-07-07,02:05:00,SEM VÍTIMA,FINALIZADA,BOA VIAGEM,AV BOA VIAGEM,2478,,APOIS A PADARIA BOA VIAGEM,AV BOA VIAGEM,2478,APOIS A PADARIA BOA VIAGEM,BOA VIAGEM,,,COLISÃO,PCAPE AMAROK X AUTO OBS::::: SUSPEITA DE EMBRIAGUEZ,2,,,,,,,,,0,,,,,,,,,,,,,,,,,,
2018-07-07,08:29:00,SEM VÍTIMA,PENDENTE,NOVA DESCOBERTA,AV VEREADOR OTACILIO AZEVEDO,,,NA FRENTE DO MERCADO PUBLICO,AV VEREADOR OTACILIO AZEVEDO,,NA FRENTE DO MERCADO PUBLICO,NOVA DESCOBERTA,,,COLISÃO,COLISÃO SEM VITIMAS/ MOTOS,,2,,,,,,,,0,,,,,,,,,,,,,,,,,,
2018-07-07,09:16:00,COM VÍTIMA,FINALIZADA,CORDEIRO,RUA GOMES TABORDA,1645,,EM FRENTE A CASA DAS BATERIAS HERBO,RUA GOMES TABORDA,1645,EM FRENTE A CASA DAS BATERIAS HERBO,CORDEIRO,,,COLISÃO,COLISÃO COM VITIMA A ESPERA DO SAMU,1,1,,,,,,,,1,,,,,,,,,,,,,,,,,,
2018-07-07,10:29:00,SEM VÍTIMA,CANCELADA,IPSEP,RUA RIO AMAZONAS,357,,PROX. A PADARIA AMAZONAS,RUA RIO AMAZONAS,357,PROX. A PADARIA AMAZONAS,IPSEP,,,COLISÃO,COLISÃO SEM VITIMA,1,,,,,,1,,,0,,,,,,,,,,,,,,,,,,
2018-07-07,11:01:00,SEM VÍTIMA,FINALIZADA,BOA VIAGEM,AV ENGENHEIRO DOMINGOS FERREIRA,2766,,AO LADO DA CERVEJARIA DA BRAHMA,AV ENGENHEIRO DOMINGOS FERREIRA,2766,AO LADO DA CERVEJARIA DA BRAHMA,BOA VIAGEM,,,COLISÃO,TRES AUTOS,3,,,,,,,,,0,,,,,,,,,,,,,,,,,,
2018-07-07,11:25:00,SEM VÍTIMA,FINALIZADA,CAMPO GRANDE,RUA JERONIMO VILELA,77,,PROX. A OFICINA BM GARAGE E SCAVE SERVIÇOS DE ENGENHARIA,RUA JERONIMO VILELA,77,PROX. A OFICINA BM GARAGE E SCAVE SERVIÇOS DE ENGENHARIA,CAMPO GRANDE,,,COLISÃO,AUTO E ONIBUS,1,,,,,1,,,,0,,,,,,,,,,,,,,,,,,
2018-07-07,11:41:00,SEM VÍTIMA,CANCELADA,SÃO JOSÉ,AV SUL,,,FORTE DAS CINCO PONTAS,AV SUL,,FORTE DAS CINCO PONTAS,SÃO JOSÉ,,,ENGAVETAMENTO,CINCO VEICULOS ENVOLVIDOS,5,,,,,,,,,0,,,,,,,,,,,,,,,,,,
2018-07-07,12:34:00,SEM VÍTIMA,FINALIZADA,BOA VIAGEM,RUA CORONEL ANIZIO RODRIGUES COELHO,,RUA DES JOAO PAES,CRUZ. COM RUA DESEMB. JOÃO PAES,RUA CORONEL ANIZIO RODRIGUES COELHO,,CRUZ. COM RUA DESEMB. JOÃO PAES,BOA VIAGEM,,,COLISÃO,COLISÃO ENTRE AUTO E MOTOCICLETA,1,1,,,,,,,,0,,,,,,,,,,,,,,,,,,
2018-07-07,12:52:00,SEM VÍTIMA,CANCELADA,VÁRZEA,RUA MARIO CAMPELO,171,,AO LADO DA PRAÇA DA VARZEA,RUA MARIO CAMPELO,171,AO LADO DA PRAÇA DA VARZEA,VÁRZEA,,,COLISÃO,COLISAO ENTRE ONIBUS E AUTO S/V,,1,,,,1,,,,0,,,,,,,,,,,,,,,,,,
2018-07-07,12:55:00,SEM VÍTIMA,FINALIZADA,BOA VIAGEM,RUA ANTONIO FALCAO,492,RUA JOAQUIM BANDEIRA,COM RUA JAOQUIM BANDEIRA E/F A ANATEL,RUA ANTONIO FALCAO,492,COM RUA JAOQUIM BANDEIRA E/F A ANATEL,BOA VIAGEM,,,COLISÃO,COLISAO ENTRE DOIS AUTOS S/V,2,,,,,,,,,0,,,,,,,,,,,,,,,,,,
2018-07-07,13:41:00,SEM VÍTIMA,FINALIZADA,SAN MARTIN,AV GENERAL SAN MARTIN,,AV ENG ABDIAS DE CARVALHO,COM ABDIAS DE CARVALHO NO SEMAFORO 058,AV GENERAL SAN MARTIN,,COM ABDIAS DE CARVALHO NO SEMAFORO 058,SAN MARTIN,,,COLISÃO,COLISAO ENTRE DOIS AUTOS S/V,3,,,,,,,,,0,,,,,,,,,,,,,,,,,,
2018-07-07,14:27:00,SEM VÍTIMA,CANCELADA,PINA,AV HERCULANO BANDEIRA,673,,PROX A PADARIA FRUTA PÃO,AV HERCULANO BANDEIRA,673,PROX A PADARIA FRUTA PÃO,PINA,,,COLISÃO,COLISAO ENTRE DOIS AUTOS S/V,2,,,,,,,,,0,,,,,,,,,,,,,,,,,,
2018-07-07,15:53:00,SEM VÍTIMA,FINALIZADA,SÃO JOSÉ,RUA DA CONCORDIA,,RUA TOBIAS BARRETO,CRUZAMENTO COM RUA TOBIAS BARRETO,RUA DA CONCORDIA,,CRUZAMENTO COM RUA TOBIAS BARRETO,SÃO JOSÉ,,,COLISÃO,DOIS AUTOS,2,,,,,,,,,0,,,,,,,,,,,,,,,,,,
2018-07-07,16:10:00,SEM VÍTIMA,FINALIZADA,IBURA,RUA RIO XINGU,,,SEMAFORO 351, EM FRENTE AO POSTO BR,RUA RIO XINGU,,SEMAFORO 351, EM FRENTE AO POSTO BR,IBURA,,,COLISÃO,DOIS AUTOS S/V,2,,,,,,,,,0,,,,,,,,,,,,,,,,
2018-07-07,17:59:00,SEM VÍTIMA,FINALIZADA,DERBY,AV GOVERNADOR AGAMENON MAGALHAES,,,ENF: A RESTAURAÇAO E ENCIMA DA PONTE QUE CRUZA AS DUAS FAIXAS DA AGAMENON,AV GOVERNADOR AGAMENON MAGALHAES,,ENF: A RESTAURAÇAO E ENCIMA DA PONTE QUE CRUZA AS DUAS FAIXAS DA AGAMENON,DERBY,,,COLISÃO,ECOSPORT X GOL,2,,,,,,,,,0,,,,,,,,,,,,,,,,,,
2018-07-07,18:23:00,SEM VÍTIMA,FINALIZADA,BOA VISTA,AV MANOEL BORBA,,,SEMÁFORO 083,AV MANOEL BORBA,,SEMÁFORO 083,BOA VISTA,,,COLISÃO,ENTRE 2 AUTOS ( SUSPEITO DE EMBRIAGUEZ ) C/V,3,,,,,,,,,0,,,,,,,,,,,,,,,,,,
2018-07-07,18:54:00,SEM VÍTIMA,FINALIZADA,IMBIRIBEIRA,AV MARECHAL MASCARENHAS DE MORAES,,,E/F AO AEROPORTO, SENTIDO PRAZERES - PROIMO À ENTRTADA DO JORDÃO,AV MARECHAL MASCARENHAS DE MORAES,,E/F AO AEROPORTO, SENTIDO PRAZERES - PROIMO À ENTRTADA DO JORDÃO,IMBIRIBEIRA,,,COLISÃO,ENTRE AUTO E MICRO ÔNIBUS. S/V,1,,,,,1,,,,0,,,,,,,,,,,,,,,,
2018-07-07,20:04:00,COM VÍTIMA,FINALIZADA,TORRÕES,AV BICENTENARIO DA REVOLUCAO FRANCESA,,,E/F AO TERMINAL DE RODA DE FOGO,AV BICENTENARIO DA REVOLUCAO FRANCESA,,E/F AO TERMINAL DE RODA DE FOGO,TORRÕES,,,COLISÃO,ENTRE AUTO E MOTO. C/V,1,1,,,,,,,,1,,,,,,,,,,,,,,,,,,