data,hora,natureza_acidente,situacao,bairro,endereco,numero,detalhe_endereco_acidente,complemento,endereco_cruzamento,numero_cruzamento,referencia_cruzamento,bairro_cruzamento,num_semaforo,sentido_via,tipo,descricao,auto,moto,ciclom,ciclista,pedestre,onibus,caminhao,viatura,outros,vitimas,vitimasfatais,acidente_verificado,tempo_clima,situacao_semaforo,sinalizacao,condicao_via,conservacao_via,ponto_controle,situacao_placa,velocidade_max_via,mao_direcao,divisao_via1,divisao_via2,divisao_via3,,,,
2018-07-07,21:06:00,SEM VÍTIMA,FINALIZADA,ALTO JOSÉ DO PINHO,RUA SEVERINO BERNARDINO PEREIRA,S/N,,NO TERMINAL DE ONIBUS DO ALTO JOSE DO PINHO,RUA SEVERINO BERNARDINO PEREIRA,S/N,NO TERMINAL DE ONIBUS DO ALTO JOSE DO PINHO,ALTO JOSÉ DO PINHO,,,CHOQUE,VT DA POLICIA MILITAR COM BARRA DE FERRO DA CALÇADA (CHOQUE),,,,,,,,1,,0,,,,,,,,,,,,,,,,,,
2018-07-07,21:26:00,SEM VÍTIMA,FINALIZADA,SANTO AMARO,AV GOVERNADOR AGAMENON MAGALHAES,,,POR BAIXO DO VIADUTO DA AV NORTE, SNT BOA VIAGEM / PRÓX AO MINISTÉRIO DO TRABALHO,AV GOVERNADOR AGAMENON MAGALHAES,,POR BAIXO DO VIADUTO DA AV NORTE, SNT BOA VIAGEM / PRÓX AO MINISTÉRIO DO TRABALHO,SANTO AMARO,,,COLISÃO,ENTRE CAMINHÃO E AUTO. S/V,1,,,,,,1,,,0,,,,,,,,,,,,,,,,
2018-07-07,22:17:00,SEM VÍTIMA,FINALIZADA,BOA VIAGEM,RUA RIBEIRO DE BRITO,1034,,PROX AO POSTO DE GASOLINA BR / ESQUINA COM O RESTAURANTE CARCARÁ,RUA RIBEIRO DE BRITO,1034,PROX AO POSTO DE GASOLINA BR / ESQUINA COM O RESTAURANTE CARCARÁ,BOA VIAGEM,,,COLISÃO,RENO X CLASSIC,2,,,,,,,,,0,,,,,,,,,,,,,,,,,,
2018-07-07,23:54:00,COM VÍTIMA,FINALIZADA,CASA FORTE,AV DEZESSETE DE AGOSTO,59,,E/F AO RESTAURANTE BARCHEF,AV DEZESSETE DE AGOSTO,59,E/F AO RESTAURANTE BARCHEF,CASA FORTE,,,COLISÃO,ENTRE TÁXI E MOTO. C/V,1,1,,,,,,,,1,,,,,,,,,,,,,,,,,,
2018-07-08,02:34:00,COM VÍTIMA,FINALIZADA,BOA VIAGEM,AV ENGENHEIRO DOMINGOS FERREIRA,,RUA BRUNO VELOSO,CRUZAMENTO COM A RUA BRUNO VELOSO // NA SAÍDA DO SHOPPING // EM FRENTE A FARMÁCIA DROGASIL E LAÇA BURGUER,AV ENGENHEIRO DOMINGOS FERREIRA,,CRUZAMENTO COM A RUA BRUNO VELOSO // NA SAÍDA DO SHOPPING // EM FRENTE A FARMÁCIA DROGASIL E LAÇA BURGUER,BOA VIAGEM,,,COLISÃO,COLISÃO ENTRE AUTO E VIATURA DA POLÍCIA MILITAR, COM VÍTIMAS,1,,,,,,,1,,3,,,,,,,,,,,,,,,,,
2018-07-08,07:30:00,SEM VÍTIMA,FINALIZADA,IBURA,AV DOIS RIOS,,,SEM. 561. EM FRENTE AO SESI,AV DOIS RIOS,,SEM. 561. EM FRENTE AO SESI,IBURA,,,COLISÃO,APARENTIMENTE COLISÃO SEM VÍTIMA, POIS O CONDUTOR DA MOTO NÃO FOI SOCORRIDO. COLISÃO TRASEIRA,1,1,,,,,,,,0,,,,,,,,,,,,,,,,,
2018-07-08,10:25:00,SEM VÍTIMA,FINALIZADA,MADALENA,RUA BENFICA,,RUA JOAO IVO DA SILVA,CRUZ COM A RUA JOÃO IVO DA SILVA EM FRENTE AO BANCO BRADESCO,RUA BENFICA,,CRUZ COM A RUA JOÃO IVO DA SILVA EM FRENTE AO BANCO BRADESCO,MADALENA,,,COLISÃO,COLISÃO SEM VITIMAS,1,,,,,,,1,,0,,,,,,,,,,,,,,,,,,
2018-07-08,10:43:00,COM VÍTIMA,FINALIZADA,TAMARINEIRA,EST DO ARRAIAL,2224,RUA CONEGO BARATA,TRANSVERSAL COM A CONEGO BARATA EM FRENTE A CASAS JOSE ARAUJO,EST DO ARRAIAL,2224,TRANSVERSAL COM A CONEGO BARATA EM FRENTE A CASAS JOSE ARAUJO,TAMARINEIRA,,,COLISÃO,COLISÃO COM VITIMA SOCORRIDA PELO SAMU,2,,,,,,,,,1,,,,,,,,,,,,,,,,,,
2018-07-08,11:12:00,SEM VÍTIMA,FINALIZADA,ÁGUA FRIA,EST VELHA DE AGUA FRIA,1485,,EM FRENTE A UM CONSULTORIO MEDICO,EST VELHA DE AGUA FRIA,1485,EM FRENTE A UM CONSULTORIO MEDICO,ÁGUA FRIA,,,COLISÃO,COLISÃO SEM VITIMAS,,1,,,,1,,,,0,,,,,,,,,,,,,,,,,,
2018-07-08,11:26:00,SEM VÍTIMA,FINALIZADA,AFLITOS,AV CONS ROSA E SILVA,,,NA FRENTE AO COUTRY CLUB,AV CONS ROSA E SILVA,,NA FRENTE AO COUTRY CLUB,AFLITOS,,,COLISÃO,COLISÃO SEM VITIMAS,2,,,,,,,,,0,,,,,,,,,,,,,,,,,,
2018-07-08,12:10:00,SEM VÍTIMA,CANCELADA,IPSEP,RUA HELIO BRANDAO,615,,ENFRENTE AO CHAMBARIL DO JOÃO,RUA HELIO BRANDAO,615,ENFRENTE AO CHAMBARIL DO JOÃO,IPSEP,,,COLISÃO,COLISÃO SEM VITIMAS,1,1,,,,,,,,0,,,,,,,,,,,,,,,,,,
2018-07-08,14:18:00,SEM VÍTIMA,FINALIZADA,ESTÂNCIA,AV DR JOSE RUFINO,,,PROX. A IGREJA SANTA LUZIA, AO LADO DO ARMAZEM CORAL, EMBAIXO DO VIADUTO, SENTIDO JABOATAO,AV DR JOSE RUFINO,,PROX. A IGREJA SANTA LUZIA, AO LADO DO ARMAZEM CORAL, EMBAIXO DO VIADUTO, SENTIDO JABOATAO,ESTÂNCIA,,,COLISÃO,DOIS AUTOS,2,,,,,,,,,0,,,,,,,,,,,,
2018-07-08,14:34:00,SEM VÍTIMA,FINALIZADA,ÁGUA FRIA,RUA LADEIRA DE PEDRA,1040,,ALTO DO PASCOAL. JUNTO A IGREJA CATOLICA, DE FRENTE AO MADIS,RUA LADEIRA DE PEDRA,1040,ALTO DO PASCOAL. JUNTO A IGREJA CATOLICA, DE FRENTE AO MADIS,ÁGUA FRIA,,,COLISÃO,COLISÃO SEM VITIMAS,2,,,,,,,,,0,,,,,,,,,,,,,,,,
2018-07-08,15:22:00,SEM VÍTIMA,FINALIZADA,ROSARINHO,RUA COUTO MAGALHAES,,RUA SANTOS DUMONT,POR TRAS DO COLEGIO FAZER CRESCER, CRUZAMENTO COM RUA SANTOS DUMONT,RUA COUTO MAGALHAES,,POR TRAS DO COLEGIO FAZER CRESCER, CRUZAMENTO COM RUA SANTOS DUMONT,ROSARINHO,,,COLISÃO,AUTO E ONIBUS ,,,,,,,,,,0,,,,,,,,,,,,,,,,
2018-07-08,15:30:00,SEM VÍTIMA,FINALIZADA,BOA VIAGEM,RUA CAMBOIM,481,,LOCADORA DE CARROS SEM NOME, AEROPORTO SENTIDO A PRAIA,RUA CAMBOIM,481,LOCADORA DE CARROS SEM NOME, AEROPORTO SENTIDO A PRAIA,BOA VIAGEM,,,COLISÃO,COLISÃO SEM VITIMAS,2,,,,,,,,,0,,,,,,,,,,,,,,,,
2018-07-08,18:51:00,VÍTIMA FATAL,FINALIZADA,ILHA JOANA BEZERRA,VIADUTO CAPITAO TEMUDO,,,POR CIMA DO VIADUTO, SNT BOA VIAGEM,VIADUTO CAPITAO TEMUDO,,POR CIMA DO VIADUTO, SNT BOA VIAGEM,ILHA JOANA BEZERRA,,,CHOQUE,SEGUNDO As INFORMAÇÕES DO SD, O VEÍCULO EM QUESTÃO PERDEU O CONTROLE E SE CHOCOU CONTRA UMA MURETA POR CIMA DO VIADUTO, CAUSANDO O ÓBITO DO CONDUTOR.,1,,,,,,1,,,,1,,,,,,,,,,,,,
2018-07-09,06:52:00,SEM VÍTIMA,FINALIZADA,TORRÕES,AV ENGENHEIRO ABDIAS DE CARVALHO,400,,E/F A GALERIA JAYME CAVALCANTE, SEMÁFORO 375,AV ENGENHEIRO ABDIAS DE CARVALHO,400,E/F A GALERIA JAYME CAVALCANTE, SEMÁFORO 375,TORRÕES,,,COLISÃO,SEM VÍTIMAS,2,,,,,,,,,0,,,,,,,,,,,,,,,,
2018-07-09,07:22:00,COM VÍTIMA,FINALIZADA,BONGI,EST DO BONGI,132,,PROX. AO POSTO BR, SENTIDO PRADO, SEMAFORO 100,EST DO BONGI,132,PROX. AO POSTO BR, SENTIDO PRADO, SEMAFORO 100,BONGI,,,COLISÃO,CARRETA E MOTO C/V,,1,,,,,1,,,1,,,,,,,,,,,,,,
2018-07-09,07:51:00,SEM VÍTIMA,FINALIZADA,PINA,AV ANTONIO DE GOES,,,EM FRENTE AO RESTAURANTE BARGAÇO / LADO DIREITO DA VIA,AV ANTONIO DE GOES,,EM FRENTE AO RESTAURANTE BARGAÇO / LADO DIREITO DA VIA,PINA,,,COLISÃO,DOIS AUTOS,2,,,,,,,,,0,,,,,,,,,,,,,,,,,,
2018-07-09,08:02:00,COM VÍTIMA,FINALIZADA,BEBERIBE,AV BEBERIBE,2740,,ENFRENTE AO MERCADINHO KLM,AV BEBERIBE,2740,ENFRENTE AO MERCADINHO KLM,BEBERIBE,,,COLISÃO COM CICLISTA,ONIBUS E CICLISTA, SAMU NO LOCAL,,,,1,,1,,,,1,,,,,,,,,,,,,,,,,
2018-07-09,08:19:00,SEM VÍTIMA,FINALIZADA,BOA VIAGEM,RUA COPACABANA,426,,RUA DA PADARIA SETUBAL / RUA DO TERMINAL DE SETUBAL,RUA COPACABANA,426,RUA DA PADARIA SETUBAL / RUA DO TERMINAL DE SETUBAL,BOA VIAGEM,,,COLISÃO,DOIS AUTOS,2,,,,,,,,,0,,,,,,,,,,,,,,,,,,
2018-07-09,08:29:00,COM VÍTIMA,CANCELADA,AFOGADOS,RUA COSME VIANA,,,NA ESQUINA DO RESTAURANTE CASARAO GRILL,RUA COSME VIANA,,NA ESQUINA DO RESTAURANTE CASARAO GRILL,AFOGADOS,,,COLISÃO,AUTO E MOTO,1,1,,,,,,,,1,,,,,,,,,,,,,,,,,,
2018-07-09,09:03:00,SEM VÍTIMA,FINALIZADA,PINA,AV REPUBLICA DO LIBANO,,,EM FRENTE A POLICLINICA NAIDE REGUEIRA TEODOSIO,AV REPUBLICA DO LIBANO,,EM FRENTE A POLICLINICA NAIDE REGUEIRA TEODOSIO,PINA,,,COLISÃO,DOIS AUTOS,2,,,,,,,,,0,,,,,,,,,,,,,,,,,,
2018-07-09,09:15:00,SEM VÍTIMA,FINALIZADA,PARNAMIRIM,AV RUI BARBOSA,1087,,CLINICA DE DIAG. ROCHA E SÁ,AV RUI BARBOSA,1087,CLINICA DE DIAG. ROCHA E SÁ,PARNAMIRIM,,,COLISÃO,COLISÃO SEM VITIMAS,1,1,,,,,,,,0,,,,,,,,,,,,,,,,,,
2018-07-09,09:47:00,SEM VÍTIMA,FINALIZADA,DERBY,AV GOVERNADOR AGAMENON MAGALHAES,,,EM FRENTE A PRAÇA DO DERBY, SENTIDO OLINDA,AV GOVERNADOR AGAMENON MAGALHAES,,EM FRENTE A PRAÇA DO DERBY, SENTIDO OLINDA,DERBY,,,COLISÃO,DOIS AUTOS S/V,2,,,,,,,,,0,,,,,,,,,,,,,,,,
2018-07-09,10:12:00,SEM VÍTIMA,FINALIZADA,IMBIRIBEIRA,AV MARECHAL MASCARENHAS DE MORAES,2666,,E/F A LOJA CENTER AÇO. SEMÁFORO 289,AV MARECHAL MASCARENHAS DE MORAES,2666,E/F A LOJA CENTER AÇO. SEMÁFORO 289,IMBIRIBEIRA,,,COLISÃO,SEM VÍTIMAS,1,,,,,,1,,,0,,,,,,,,,,,,,,,,,,
2018-07-09,10:31:00,SEM VÍTIMA,CANCELADA,NOVA DESCOBERTA,RUA NOVA DESCOBERTA,35,,NO LARGO DE DONA REGINA,RUA NOVA DESCOBERTA,35,NO LARGO DE DONA REGINA,NOVA DESCOBERTA,,,COLISÃO,KOMBI E ONIBUS ,1,,,,,1,,,,0,,,,,,,,,,,,,,,,,,
2018-07-09,10:33:00,SEM VÍTIMA,FINALIZADA,IMBIRIBEIRA,AV MARECHAL MASCARENHAS DE MORAES,2931,,SENT CIDADE / SEMAFORO 631,AV MARECHAL MASCARENHAS DE MORAES,2931,SENT CIDADE / SEMAFORO 631,IMBIRIBEIRA,,,COLISÃO,CAMINHAO / AUTO,1,,,,,,1,,,0,,,,,,,,,,,,,,,,,,
2018-07-09,10:43:00,SEM VÍTIMA,FINALIZADA,NOVA DESCOBERTA,RUA ALTO DA BRASILEIRA,,,E/F AO COLEGIO MAURO MOTA,RUA ALTO DA BRASILEIRA,,E/F AO COLEGIO MAURO MOTA,NOVA DESCOBERTA,,,COLISÃO,SEM VÍTIMAS,1,,,,,1,,,,0,,,,,,,,,,,,,,,,,,
2018-07-09,11:04:00,COM VÍTIMA,FINALIZADA,CASA AMARELA,EST DO ARRAIAL,,,LADO OPOSTO DO MERCADO DE CASA AMARELA,EST DO ARRAIAL,,LADO OPOSTO DO MERCADO DE CASA AMARELA,CASA AMARELA,,,COLISÃO COM CICLISTA,MOTO BICICLETA / VT 07 NO QTH,,1,,1,,,,,,1,,,,,,,,,,,,,,,,,,
2018-07-09,10:45:00,SEM VÍTIMA,CANCELADA,PINA,AV ANTONIO DE GOES,,,EM FRENTE AO EMPRESARIAL TRADE CENTER,AV ANTONIO DE GOES,,EM FRENTE AO EMPRESARIAL TRADE CENTER,PINA,,,COLISÃO,ONIBUS E AUTO,1,,,,,1,,,,0,,,,,,,,,,,,,,,,,,
2018-07-09,11:10:00,SEM VÍTIMA,CANCELADA,GRAÇAS,RUA DAS PERNAMBUCANAS,10,,E/F A DROGARIA BONGI,RUA DAS PERNAMBUCANAS,10,E/F A DROGARIA BONGI,GRAÇAS,,,COLISÃO COM CICLISTA,COLISÃO SEM VITIMAS. COLISÃO ENVOLVENDO QUATRO VEÍCULOS E UMA BICICLETA.,5,,,1,,,,,,0,,,,,,,,,,,,,,,,,,
2018-07-09,12:00:00,SEM VÍTIMA,FINALIZADA,GRAÇAS,RUA AMELIA,542,,EM FRENTE AO COLEGIO AGNES,RUA AMELIA,542,EM FRENTE AO COLEGIO AGNES,GRAÇAS,,,COLISÃO,DOIS AUTOS S/V,2,,,,,,,,,0,,,,,,,,,,,,,,,,,,
2018-07-09,12:26:00,SEM VÍTIMA,FINALIZADA,AFLITOS,AV CONS ROSA E SILVA,,,E/F AO CLUBE NAUTICO,AV CONS ROSA E SILVA,,E/F AO CLUBE NAUTICO,AFLITOS,,,COLISÃO,COLISAO ENTRE DOIS AUTOS S/V,2,,,,,,,,,0,,,,,,,,,,,,,,,,,,
2018-07-09,12:54:00,SEM VÍTIMA,FINALIZADA,BOA VISTA,RUA DA SOLEDADE,,AV CDE DA BOA VISTA,ESQUINA COM A CONDE DA BOA VISTA,RUA DA SOLEDADE,,ESQUINA COM A CONDE DA BOA VISTA,BOA VISTA,,,COLISÃO,DOIS AUTOS S/V,2,,,,,,,,,0,,,,,,,,,,,,,,,,,,
2018-07-09,13:03:00,SEM VÍTIMA,FINALIZADA,BONGI,EST DO BONGI,947,,EM FRENTE A IGREJA BATISTA, PROX. AO POSTO TOTAL,EST DO BONGI,947,EM FRENTE A IGREJA BATISTA, PROX. AO POSTO TOTAL,BONGI,,,COLISÃO,DOIS AUTOS S/V,2,,,,,,,,,0,,,,,,,,,,,,,,,,
2018-07-09,13:08:00,COM VÍTIMA,FINALIZADA,SANTO AMARO,AV NORTE,,,SEMAFORO 097 - EM FRENTE A IGREJA S. SEBASTIÃO,AV NORTE,,SEMAFORO 097 - EM FRENTE A IGREJA S. SEBASTIÃO,SANTO AMARO,,,COLISÃO,COLISÃO COM VITIMA,1,1,,,,,,,,1,,,,,,,,,,,,,,,,,,
2018-07-09,14:37:00,SEM VÍTIMA,FINALIZADA,PRADO,AV ENGENHEIRO ABDIAS DE CARVALHO,1450,,,AV ENGENHEIRO ABDIAS DE CARVALHO,1450,,PRADO,,,COLISÃO,COLISÃO SEM VITIMA - BATEDORES SEGUIAM PARA A OFICINA E SE DEPARARAM COM A COLISÃO,1,1,,,,,,,,0,,,,,,,,,,,,,,,,,,
2018-07-09,14:50:00,SEM VÍTIMA,FINALIZADA,BAIRRO DO RECIFE,AV ALFREDO LISBOA,,,EM FRENTE A LOMBADA ELETRONICA/NO RECIFE ANTIGO,AV ALFREDO LISBOA,,EM FRENTE A LOMBADA ELETRONICA/NO RECIFE ANTIGO,BAIRRO DO RECIFE,,,COLISÃO,CAMINHAO E AUTO S/V,1,,,,,,1,,,0,,,,,,,,,,,,,,,,,,
2018-07-09,14:58:00,SEM VÍTIMA,FINALIZADA,DOIS UNIDOS,AV HILDEBRANDO DE VASCONCELOS,,,PROX. DA CICLOPE MOTOS PEÇAS E SERVIÇOS, E AO CP DO SANTA, EM FRENTE A CELPE,AV HILDEBRANDO DE VASCONCELOS,,PROX. DA CICLOPE MOTOS PEÇAS E SERVIÇOS, E AO CP DO SANTA, EM FRENTE A CELPE,DOIS UNIDOS,,,COLISÃO,DOIS AUTOS,2,,,,,,,,,0,,,,,,,,,,,,,,
2018-07-09,14:59:00,SEM VÍTIMA,FINALIZADA,BOA VIAGEM,AV CONSELHEIRO AGUIAR,1740,,E/F A CLINICA DE ORTOPEDIA DE BOA VIAGEM,AV CONSELHEIRO AGUIAR,1740,E/F A CLINICA DE ORTOPEDIA DE BOA VIAGEM,BOA VIAGEM,,,COLISÃO,COLISAO ENTRE TRES AUTOS S/V,3,,,,,,,,,0,,,,,,,,,,,,,,,,,,
2018-07-09,15:39:00,COM VÍTIMA,FINALIZADA,HIPÓDROMO,RUA MARQUES DE BAIPENDI,82,,E/F AO CALDINHO DA ZEZE VT 13 NO LOCAL,RUA MARQUES DE BAIPENDI,82,E/F AO CALDINHO DA ZEZE VT 13 NO LOCAL,HIPÓDROMO,,,COLISÃO,COLISAO ENTRE DOIS AUTOS COM UMA VITIMA,2,,,,,,,,,1,,,,,,,,,,,,,,,,,,
2018-07-09,18:10:00,SEM VÍTIMA,CANCELADA,JORDÃO,RUA ALBERTO LUNDGREN,208,,P0R TRAS DO MERCADO DO JORDAO ENF : ACADEMIA FIT,RUA ALBERTO LUNDGREN,208,P0R TRAS DO MERCADO DO JORDAO ENF : ACADEMIA FIT,JORDÃO,,,COLISÃO,MOTO X ONIS,1,1,,,,,,,,0,,,,,,,,,,,,,,,,,,
2018-07-09,18:16:00,SEM VÍTIMA,EQUIPE EM DESLOCAMENTO,BOA VIAGEM,AV ANTONIO DE GOES,820,,ENF AO DENIT E POSTO BR,AV ANTONIO DE GOES,820,ENF AO DENIT E POSTO BR,BOA VIAGEM,,,COLISÃO,HB 20 X MOTO,1,1,,,,,,,,0,,,,,,,,,,,,,,,,,,
2018-07-09,18:17:00,SEM VÍTIMA,FINALIZADA,BOA VIAGEM,AV ENGENHEIRO DOMINGOS FERREIRA,,RUA MARIA CAROLINA,ESQUINA COM A R MARIA CAROLINA / E/F A ROMARRI,AV ENGENHEIRO DOMINGOS FERREIRA,,ESQUINA COM A R MARIA CAROLINA / E/F A ROMARRI,BOA VIAGEM,,,COLISÃO,ENTRE 2 AUTOS. S/V,2,,,,,,,,,0,,,,,,,,,,,,,,,,,,
2018-07-09,18:30:00,COM VÍTIMA,FINALIZADA,SAN MARTIN,AV GENERAL SAN MARTIN,,,E/F A PRAÇA DE SAN MARTIN,AV GENERAL SAN MARTIN,,E/F A PRAÇA DE SAN MARTIN,SAN MARTIN,,,COLISÃO,ENTRE AUTO E MOTO. C/V,1,1,,,,,,,,1,,,,,,,,,,,,,,,,,,
2018-07-09,18:30:00,SEM VÍTIMA,CANCELADA,SANTO AMARO,AV CRUZ CABUGA,,,ENF : AO CEMITERIO DOS INGLESES SENTIDO CIDADE,AV CRUZ CABUGA,,ENF : AO CEMITERIO DOS INGLESES SENTIDO CIDADE,SANTO AMARO,,,COLISÃO,ESPIN X FORD K,2,,,,,,,,,0,,,,,,,,,,,,,,,,,,
2018-07-09,20:02:00,SEM VÍTIMA,FINALIZADA,BOMBA DO HEMETÉRIO,RUA PADRE OLIVEIRA,,,NA RODINHA E PADARIA SENHOR DO BONFIM,RUA PADRE OLIVEIRA,,NA RODINHA E PADARIA SENHOR DO BONFIM,BOMBA DO HEMETÉRIO,,,COLISÃO,COBALT X MOTO,1,1,,,,,,,,0,,,,,,,,,,,,,,,,,,
2018-07-10,07:37:00,COM VÍTIMA,FINALIZADA,BOA VISTA,RUA BISPO CARDOSO AYRES,,,EM FRENTE A FACULDADE ESUDA,RUA BISPO CARDOSO AYRES,,EM FRENTE A FACULDADE ESUDA,BOA VISTA,,,COLISÃO,COLISÃO COM VITIMA A ESPERA DO SAMU,1,1,,,,,,,,1,,,,,,,,,,,,,,,,,,
2018-07-10,08:05:00,COM VÍTIMA,FINALIZADA,CAMPO GRANDE,EST DE BELEM,1795,,EM FRENTE AO POSTO DE GASOLINA TOTAL,EST DE BELEM,1795,EM FRENTE AO POSTO DE GASOLINA TOTAL,CAMPO GRANDE,,,COLISÃO,COLISÃO COM VITIMA A ESPERA DO SAMU,1,1,,,,,,,,1,,,,,,,,,,,,,,,,,,
2018-07-10,08:32:00,SEM VÍTIMA,FINALIZADA,GRAÇAS,AV GOVERNADOR AGAMENON MAGALHAES,,RUA DR BANDEIRA FILHO,CRUZ COM A RUA BANDEIRA FILHO,AV GOVERNADOR AGAMENON MAGALHAES,,CRUZ COM A RUA BANDEIRA FILHO,GRAÇAS,,,COLISÃO,COLISÃO SEM VITIMAS ,2,,,,,,,,,0,,,,,,,,,,,,,,,,,,
2018-07-10,08:38:00,SEM VÍTIMA,FINALIZADA,AFOGADOS,AV SUL,,,EM BAIXO DO PONTILHÃO DA AVENIDA SUL,AV SUL,,EM BAIXO DO PONTILHÃO DA AVENIDA SUL,AFOGADOS,,,COLISÃO,COLISÃO ENTRE VIATURA DA SERTTEL E CAMINHÃO, SEM VÍTIMAS,1,,,,,,1,,,0,,,,,,,,,,,,,,,,,
2018-07-10,09:59:00,SEM VÍTIMA,FINALIZADA,AREIAS,AV RECIFE,,,EM FRENTE AO NUCLEO DA POLICIA,AV RECIFE,,EM FRENTE AO NUCLEO DA POLICIA,AREIAS,,,COLISÃO,COLISÃO SEM VITIMAS,1,,,,,,1,,,0,,,,,,,,,,,,,,,,,,
2018-07-10,10:08:00,SEM VÍTIMA,FINALIZADA,SÃO JOSÉ,RUA FLORIANO PEIXOTO,,RUA BARAO DE VITORIA,COM BARÃO DE VITÓRIA, SEMAFORO 012.,RUA FLORIANO PEIXOTO,,COM BARÃO DE VITÓRIA, SEMAFORO 012.,SÃO JOSÉ,,,COLISÃO,DOIS AUTOS,2,,,,,,,,,0,,,,,,,,,,,,,,,,
2018-07-10,10:47:00,SEM VÍTIMA,FINALIZADA,IPUTINGA,AV CAXANGA,3595,,E/F AO COLEGIO FERNANDES VIEIRA,AV CAXANGA,3595,E/F AO COLEGIO FERNANDES VIEIRA,IPUTINGA,,,COLISÃO,SEM VÍTIMAS,3,,,,,,,,,0,,,,,,,,,,,,,,,,,,
2018-07-10,10:53:00,SEM VÍTIMA,FINALIZADA,SÃO JOSÉ,RUA FLORIANO PEIXOTO,,,,RUA FLORIANO PEIXOTO,,,SÃO JOSÉ,,,COLISÃO,SEM VÍTIMAS,,2,,,,,,,,0,,,,,,,,,,,,,,,,,,
2018-07-10,11:22:00,SEM VÍTIMA,FINALIZADA,ALTO JOSÉ BONIFÁCIO,RUA CORREGO DO EUCLIDES,209,,PROX A UPINHA,RUA CORREGO DO EUCLIDES,209,PROX A UPINHA,ALTO JOSÉ BONIFÁCIO,,,COLISÃO,CAMINHAO E AUTO S/V,1,,,,,,1,,,0,,,,,,,,,,,,,,,,,,
2018-07-10,11:29:00,SEM VÍTIMA,FINALIZADA,BOA VISTA,AV JOAO DE BARROS,,,E/F AO CORPO DE BOMBEIROS,AV JOAO DE BARROS,,E/F AO CORPO DE BOMBEIROS,BOA VISTA,,,COLISÃO,SEM VÍTIMAS,1,,,,,1,,,,0,,,,,,,,,,,,,,,,,,
2018-07-10,11:44:00,SEM VÍTIMA,FINALIZADA,SÃO JOSÉ,AV DANTAS BARRETO,,,PRÓXIMO AO CAMELODRAMO. FAIXA DA ESQUERDA,AV DANTAS BARRETO,,PRÓXIMO AO CAMELODRAMO. FAIXA DA ESQUERDA,SÃO JOSÉ,,,COLISÃO,SEM VÍTIMAS,1,,,,,1,,,,0,,,,,,,,,,,,,,,,,,
2018-07-10,12:05:00,SEM VÍTIMA,FINALIZADA,AFLITOS,AV CONS ROSA E SILVA,502,,EM FRENTE AO EDIFICIO ISAAC GONDIM,AV CONS ROSA E SILVA,502,EM FRENTE AO EDIFICIO ISAAC GONDIM,AFLITOS,,,COLISÃO,COLISÃO SEM VÍTIMA,1,,,,,1,,,,0,,,,,,,,,,,,,,,,,,
2018-07-10,12:20:00,SEM VÍTIMA,FINALIZADA,CORDEIRO,AV GENERAL SAN MARTIN,,,EM FRENTE AO HOSPITAL GETULIO VARGAS,AV GENERAL SAN MARTIN,,EM FRENTE AO HOSPITAL GETULIO VARGAS,CORDEIRO,,,COLISÃO,COLISÃO SEM VÍTIMA,1,,,,,1,,,,0,,,,,,,,,,,,,,,,,,
2018-07-10,13:07:00,SEM VÍTIMA,FINALIZADA,PRADO,RUA CARLOS GOMES,,,JUNTO A BIG CAR VEICULOS,RUA CARLOS GOMES,,JUNTO A BIG CAR VEICULOS,PRADO,,,COLISÃO,COLISÃO SEM VITIMAS,2,,,,,,,,,0,,,,,,,,,,,,,,,,,,
2018-07-10,13:16:00,SEM VÍTIMA,FINALIZADA,IBURA,RUA PERO VAZ DE CAMINHA,109,,EM FRENTE AO TERMINAL DA UR 5,RUA PERO VAZ DE CAMINHA,109,EM FRENTE AO TERMINAL DA UR 5,IBURA,,,COLISÃO,COLISÃO SEM VÍTIMA,1,,,,,1,,,,0,,,,,,,,,,,,,,,,,,
2018-07-10,13:39:00,COM VÍTIMA,FINALIZADA,MADALENA,RUA JOSE BONIFACIO,272,,PRÓXIMO À IGREJA METODISTA E AO HOSPITAL DE ÁVILA,RUA JOSE BONIFACIO,272,PRÓXIMO À IGREJA METODISTA E AO HOSPITAL DE ÁVILA,MADALENA,,,COLISÃO,COLISÃO COM VÍTIMA,,,,,,,,,,1,,,,,,,,,,,,,,,,,,
2018-07-10,13:41:00,,CANCELADA,PRADO,AV GENERAL SAN MARTIN,819,,EM FRENTE A DISLUB,AV GENERAL SAN MARTIN,819,EM FRENTE A DISLUB,PRADO,,,COLISÃO,COLISÃO SEM VÍTIMA,2,,,,,,,,,0,,,,,,,,,,,,,,,,,,
2018-07-10,16:04:00,SEM VÍTIMA,FINALIZADA,ESPINHEIRO,RUA DA HORA,213,,ESPINHEIRO COLONIAL, APOS A PADARIA ESPINHEIRO,RUA DA HORA,213,ESPINHEIRO COLONIAL, APOS A PADARIA ESPINHEIRO,ESPINHEIRO,,,COLISÃO,COLISÃO SEM VITIMA,1,,,,,1,,,,0,,,,,,,,,,,,,,,,
2018-07-10,16:40:00,SEM VÍTIMA,FINALIZADA,VASCO DA GAMA,AV NORTE,,,ENTRADA DO VASCO DA GAMA,AV NORTE,,ENTRADA DO VASCO DA GAMA,VASCO DA GAMA,,,COLISÃO,CITROEN X WV/ COMIL,1,,,,,1,,,,0,,,,,,,,,,,,,,,,,,
2018-07-10,17:42:00,COM VÍTIMA,FINALIZADA,IMBIRIBEIRA,VIADUTO TANCREDO NEVES,,,ALÇA DE ACESSO À IMBIRIBEIRA/AFOGADOS,VIADUTO TANCREDO NEVES,,ALÇA DE ACESSO À IMBIRIBEIRA/AFOGADOS,IMBIRIBEIRA,,,COLISÃO COM CICLISTA,COM VÍTIMA,,,,,,1,,,,1,,,,,,,,,,,,,,,,,,