data,hora,natureza_acidente,situacao,bairro,endereco,numero,detalhe_endereco_acidente,complemento,endereco_cruzamento,numero_cruzamento,referencia_cruzamento,bairro_cruzamento,num_semaforo,sentido_via,tipo,descricao,auto,moto,ciclom,ciclista,pedestre,onibus,caminhao,viatura,outros,vitimas,vitimasfatais,acidente_verificado,tempo_clima,situacao_semaforo,sinalizacao,condicao_via,conservacao_via,ponto_controle,situacao_placa,velocidade_max_via,mao_direcao,divisao_via1,divisao_via2,divisao_via3,,,,
2018-07-10,18:18:00,SEM VÍTIMA,FINALIZADA,IPUTINGA,AV CAMARAO,,,MERCADINHO BARATÃO, SENTIDO CIDADE,AV CAMARAO,,MERCADINHO BARATÃO, SENTIDO CIDADE,IPUTINGA,,,COLISÃO,COLISÃO SEM VITIMAS,2,,,,,,,,,0,,,,,,,,,,,,,,,,
2018-07-10,20:30:00,COM VÍTIMA,FINALIZADA,AFOGADOS,RUA COSME VIANA,,,APOS O CRUZAMENTO DA RUA VELHA COM O BOJI/EM FRENTE A SERTEL,RUA COSME VIANA,,APOS O CRUZAMENTO DA RUA VELHA COM O BOJI/EM FRENTE A SERTEL,AFOGADOS,,,COLISÃO,MOTO E AUTO C/V,1,1,,,,,,,,2,,,,,,,,,,,,,,,,,,
2018-07-10,20:40:00,SEM VÍTIMA,FINALIZADA,SANTO AMARO,AV CRUZ CABUGA,,,NA FRENTE DO SHOPPING TACARUNA E O HOSP. DO CANCÊR,AV CRUZ CABUGA,,NA FRENTE DO SHOPPING TACARUNA E O HOSP. DO CANCÊR,SANTO AMARO,,,COLISÃO,COLISÃO SEM VITIMAS,1,,,,,,,1,,0,,,,,,,,,,,,,,,,,,
2018-07-10,21:10:00,COM VÍTIMA,FINALIZADA,TEJIPIÓ,RUA APRIGIO GUIMARAES,S/N,,EM FRENTE AO HOSPITAL OTAVIO DE FREITAS,RUA APRIGIO GUIMARAES,S/N,EM FRENTE AO HOSPITAL OTAVIO DE FREITAS,TEJIPIÓ,,,COLISÃO,XX,1,1,,,,,,,,2,,,,,,,,,,,,,,,,,,
2018-07-10,21:11:00,SEM VÍTIMA,FINALIZADA,PRADO,RUA RICARDO SALAZAR,,,SEMAFORO 623( ESTA EM BAIXO)PROX AO BAILE PERFUMADO,RUA RICARDO SALAZAR,,SEMAFORO 623( ESTA EM BAIXO)PROX AO BAILE PERFUMADO,PRADO,,,COLISÃO,DOIS AUTOS,2,,,,,,,,,0,,,,,,,,,,,,,,,,,,
2018-07-10,21:30:00,SEM VÍTIMA,FINALIZADA,BONGI,AV ENGENHEIRO ABDIAS DE CARVALHO,,,PROX A CHESF, SENTIDO SUBURBIO,AV ENGENHEIRO ABDIAS DE CARVALHO,,PROX A CHESF, SENTIDO SUBURBIO,BONGI,,,COLISÃO,COLISÃO SEM VITIMAS,2,,,,,,,,,0,,,,,,,,,,,,,,,,
2018-07-11,07:57:00,COM VÍTIMA,FINALIZADA,ALTO JOSÉ BONIFÁCIO,RUA ALTO JOSE BONIFACIO,,,NA SUBIDA DO ALTO JOSE BONIFACIO,RUA ALTO JOSE BONIFACIO,,NA SUBIDA DO ALTO JOSE BONIFACIO,ALTO JOSÉ BONIFÁCIO,,,COLISÃO,COLISÃO COM VITIMA A ESPERA DO SAMU,,1,,,,1,,,,1,,,,,,,,,,,,,,,,,,
2018-07-11,08:38:00,SEM VÍTIMA,FINALIZADA,ESPINHEIRO,AV JOAO DE BARROS,1200,,AO LADO DA FARMACIA SANTO ANTONIO,AV JOAO DE BARROS,1200,AO LADO DA FARMACIA SANTO ANTONIO,ESPINHEIRO,,,COLISÃO,COLISÃO SEM VITIMAS,2,,,,,,,,,0,,,,,,,,,,,,,,,,,,
2018-07-11,10:28:00,SEM VÍTIMA,FINALIZADA,GRAÇAS,AV RUI BARBOSA,409,,EM FRENTE A CASA DOS FRIOS,AV RUI BARBOSA,409,EM FRENTE A CASA DOS FRIOS,GRAÇAS,,,COLISÃO,COLISÃO SEM VÍTIMAS ENVOLVENDO DOIS AUTOS,2,,,,,,,,,0,,,,,,,,,,,,,,,,,,
2018-07-11,11:56:00,SEM VÍTIMA,FINALIZADA,IMBIRIBEIRA,AV MARECHAL MASCARENHAS DE MORAES,4561,,EM FRENTE A TOYOLEX/ SENTIDO BOA VIAGEM,AV MARECHAL MASCARENHAS DE MORAES,4561,EM FRENTE A TOYOLEX/ SENTIDO BOA VIAGEM,IMBIRIBEIRA,,,COLISÃO,COLISÃO SEM VÍTIMA,1,,,,,1,,,,0,,,,,,,,,,,,,,,,,,
2018-07-11,14:36:00,SEM VÍTIMA,FINALIZADA,PAISSANDU,AV GOVERNADOR AGAMENON MAGALHAES,,,NA PISTA LOCAL E/F AO HOSPITAL PORTUGUES,AV GOVERNADOR AGAMENON MAGALHAES,,NA PISTA LOCAL E/F AO HOSPITAL PORTUGUES,PAISSANDU,,,COLISÃO,COLISAO ECAMINHAO E AUTOS S/V,1,,,,,,1,,,0,,,,,,,,,,,,,,,,,,
2018-07-11,15:08:00,SEM VÍTIMA,FINALIZADA,ILHA DO RETIRO,AV BEIRA RIO,,,EM FRENTE AO CLUBE REMO DO SPORT,AV BEIRA RIO,,EM FRENTE AO CLUBE REMO DO SPORT,ILHA DO RETIRO,,,COLISÃO,COLISAO ENTRE DOIS AUTOS,2,,,,,,,,,0,,,,,,,,,,,,,,,,,,
2018-07-11,15:34:00,SEM VÍTIMA,FINALIZADA,AFOGADOS,RUA TRES DE AGOSTO,3246,,PROX AO EROS HOTEL,RUA TRES DE AGOSTO,3246,PROX AO EROS HOTEL,AFOGADOS,,,COLISÃO,COLISAO DO CARRO ENTRE CARRO CELPE E AUTO S/V,2,,,,,,,,,0,,,,,,,,,,,,,,,,,,
2018-07-11,15:48:00,SEM VÍTIMA,FINALIZADA,DERBY,AV GOVERNADOR AGAMENON MAGALHAES,,,PARQUE AMORIM AO LADO DO WALMART,AV GOVERNADOR AGAMENON MAGALHAES,,PARQUE AMORIM AO LADO DO WALMART,DERBY,,,COLISÃO,COLSAO ENTRE DOIS AUTOS S/V,2,,,,,,,,,0,,,,,,,,,,,,,,,,,,
2018-07-11,16:00:00,SEM VÍTIMA,FINALIZADA,ILHA DO LEITE,AV GOVERNADOR AGAMENON MAGALHAES,4777,,EM FRENTE A CAIXA ECONOMICA FEDERAL / SENTIDO OLINDA/ PISTA LOCAL,AV GOVERNADOR AGAMENON MAGALHAES,4777,EM FRENTE A CAIXA ECONOMICA FEDERAL / SENTIDO OLINDA/ PISTA LOCAL,ILHA DO LEITE,,,COLISÃO,DOIS AUTOS S/V,2,,,,,,,,,0,,,,,,,,,,,,,,,,,,
2018-07-11,16:36:00,COM VÍTIMA,FINALIZADA,IPSEP,AV RAIMUNDO DINIZ,,AV RECIFE,SEMAFORO 247 - COM A AVENIDA RECIFE,AV RAIMUNDO DINIZ,,SEMAFORO 247 - COM A AVENIDA RECIFE,IPSEP,,,COLISÃO,COLISÃO COM VITIMA,,,,,,,,,,1,,,,,,,,,,,,,,,,,,
2018-07-11,16:43:00,COM VÍTIMA,FINALIZADA,CORDEIRO,RUA MAURICIO DE NASSAU,,RUA LUIZ CARLOS GUILHERME,COM A RUA LUIZ CARLOS GUILHERME,RUA MAURICIO DE NASSAU,,COM A RUA LUIZ CARLOS GUILHERME,CORDEIRO,,,ACID. DE PERCURSO,,,1,,,,,,,,1,,,,,,,,,,,,,,,,,,
2018-07-11,17:16:00,SEM VÍTIMA,FINALIZADA,SANTO ANTÔNIO,RUA SIQUEIRA CAMPOS,,,POR TRAZ DOS CORREIOS/,RUA SIQUEIRA CAMPOS,,POR TRAZ DOS CORREIOS/,SANTO ANTÔNIO,,,COLISÃO,ONIBUS E AUTO S/V,1,,,,,1,,,,0,,,,,,,,,,,,,,,,,,
2018-07-11,18:27:00,SEM VÍTIMA,CANCELADA,BARRO,AV CENTRAL,,,EM FRENTE A INTEGRAÇAO DO BARRO,AV CENTRAL,,EM FRENTE A INTEGRAÇAO DO BARRO,BARRO,,,COLISÃO,CAMINHAO E ONIBUS S/V,,,,,,1,1,,,0,,,,,,,,,,,,,,,,,,
2018-07-11,18:57:00,SEM VÍTIMA,CANCELADA,CASA AMARELA,RUA PADRE LEMOS,,,PROXIMO A O POSTO PETROBRAS S/T AV NORT,RUA PADRE LEMOS,,PROXIMO A O POSTO PETROBRAS S/T AV NORT,CASA AMARELA,,,COLISÃO,AUTO E MOTO,1,1,,,,,,,,0,,,,,,,,,,,,,,,,,,
2018-07-11,19:05:00,SEM VÍTIMA,FINALIZADA,BOA VIAGEM,RUA DOS NAVEGANTES,3984,RUA RIBEIRO DE BRITO,CRUZAMEBNTO COM A RIBEIRO DE BRITO,RUA DOS NAVEGANTES,3984,CRUZAMEBNTO COM A RIBEIRO DE BRITO,BOA VIAGEM,,,COLISÃO,FIESTA AZUL X FAIT UNO PRATA,2,,,,,,,,,0,,,,,,,,,,,,,,,,,,
2018-07-11,19:36:00,SEM VÍTIMA,FINALIZADA,IMBIRIBEIRA,RUA ARQUITETO LUIZ NUNES,,,ESTAO NO MESMO SENTIDO DA RUA ARQUITETO S/T IMBIRIBEIRA( ESTAO NO POSTO IPIRANGA),RUA ARQUITETO LUIZ NUNES,,ESTAO NO MESMO SENTIDO DA RUA ARQUITETO S/T IMBIRIBEIRA( ESTAO NO POSTO IPIRANGA),IMBIRIBEIRA,,,COLISÃO,DOIS AUTOS S/V,2,,,,,,,,,0,,,,,,,,,,,,,,,,,,
2018-07-11,21:11:00,COM VÍTIMA,FINALIZADA,PAISSANDU,AV GOVERNADOR AGAMENON MAGALHAES,,RUA DO PAISSANDU,AO LADO DO HOSPITAL PORTUGUES SEMAFORO 069 COM A RUA DO PAISSANDU,AV GOVERNADOR AGAMENON MAGALHAES,,AO LADO DO HOSPITAL PORTUGUES SEMAFORO 069 COM A RUA DO PAISSANDU,PAISSANDU,,,CHOQUE,FOX X BARRA DE CONCRETO OBS:: TEM OLEO NA PISTA,1,,,,,,,,1,1,,,,,,,,,,,,,,,,,,
2018-07-12,06:14:00,COM VÍTIMA,FINALIZADA,BOA VIAGEM,AV ENGENHEIRO DOMINGOS FERREIRA,,,SEMAFORO 200 / EM FRENTE A ESCOLA MUNICIPAL OSVALDO LIMA FILHO,AV ENGENHEIRO DOMINGOS FERREIRA,,SEMAFORO 200 / EM FRENTE A ESCOLA MUNICIPAL OSVALDO LIMA FILHO,BOA VIAGEM,,,COLISÃO,ONIBUS E MOTO,,1,,,,1,,,,2,,,,,,,,,,,,,,,,,,
2018-07-12,07:18:00,COM VÍTIMA,FINALIZADA,CASA AMARELA,AV NORTE,,AV PROFESSOR JOSE DOS ANJOS,EM FRENTE AO SESC,AV NORTE,,EM FRENTE AO SESC,CASA AMARELA,,,COLISÃO COM CICLISTA,MOTO E BICICLETA VT 06 NOQTH,,1,,1,,,,,,1,,,,,,,,,,,,,,,,,,
2018-07-12,08:23:00,SEM VÍTIMA,FINALIZADA,AFOGADOS,EST DOS REMEDIOS,1918,,PROX. A AGATHA VEICULOS,EST DOS REMEDIOS,1918,PROX. A AGATHA VEICULOS,AFOGADOS,,,COLISÃO,AUTO E MOTO,1,1,,,,,,,,0,,,,,,,,,,,,,,,,,,
2018-07-12,09:31:00,SEM VÍTIMA,FINALIZADA,BAIRRO DO RECIFE,AV ALFREDO LISBOA,,,EM FRENTE A LOMBADA ELETRONICA E AO BAR BOTECO,AV ALFREDO LISBOA,,EM FRENTE A LOMBADA ELETRONICA E AO BAR BOTECO,BAIRRO DO RECIFE,,,COLISÃO,COLISÃO SEM VITIMAS GM QTH,3,,,,,,,,,0,,,,,,,,,,,,,,,,,,
2018-07-12,09:54:00,SEM VÍTIMA,FINALIZADA,IPSEP,AV RECIFE,,,EM FRENTE A PIZZARIA ATLANTICO NO SENTIDO AEROPORTO,AV RECIFE,,EM FRENTE A PIZZARIA ATLANTICO NO SENTIDO AEROPORTO,IPSEP,,,COLISÃO,COLISÃO SEM VITIMAS,3,,,,,,,,,0,,,,,,,,,,,,,,,,,,
2018-07-12,10:47:00,SEM VÍTIMA,FINALIZADA,IMBIRIBEIRA,VIADUTO TANCREDO NEVES,,,SENTIDO CIDADE EM BAIXO DO VIADUTO TANCREDO NEVES,VIADUTO TANCREDO NEVES,,SENTIDO CIDADE EM BAIXO DO VIADUTO TANCREDO NEVES,IMBIRIBEIRA,,,COLISÃO,COLISÃO SEM VITIMAS,2,,,,,,,,,0,,,,,,,,,,,,,,,,,,
2018-07-12,12:09:00,SEM VÍTIMA,FINALIZADA,VÁRZEA,AV BARAO DE BONITO,1110,,EM FRENTE A TRAMONTINA,AV BARAO DE BONITO,1110,EM FRENTE A TRAMONTINA,VÁRZEA,,,COLISÃO,COLISÃO SEM VÍTIMA,,,,,,,1,,1,0,,,,,,,,,,,,,,,,,,
2018-07-12,12:21:00,COM VÍTIMA,FINALIZADA,BOA VISTA,RUA PRINCESA IZABEL,410,,EM FRENTE A CAMARA MUNICIPAL E FACULDADE DE DIREITO,RUA PRINCESA IZABEL,410,EM FRENTE A CAMARA MUNICIPAL E FACULDADE DE DIREITO,BOA VISTA,,,ATROPELAMENTO,AUTO E PEDESTRE,1,,,,1,,,,,1,,,,,,,,,,,,,,,,,,
2018-07-12,12:30:00,SEM VÍTIMA,CANCELADA,BOA VISTA,RUA DO HOSPICIO,,,EM FRENTE AO COLEGIO LUIZ DELGADO,RUA DO HOSPICIO,,EM FRENTE AO COLEGIO LUIZ DELGADO,BOA VISTA,,,COLISÃO,ONIBUS E AUTO S/V,1,,,,,1,,,,0,,,,,,,,,,,,,,,,,,
2018-07-12,12:36:00,SEM VÍTIMA,FINALIZADA,SANTO AMARO,AV CRUZ CABUGA,,,EM FRENTE AO HOSPITAL DO CANCER SENT. CIDADE,AV CRUZ CABUGA,,EM FRENTE AO HOSPITAL DO CANCER SENT. CIDADE,SANTO AMARO,,,COLISÃO,ONIBUS E AUTO S/V,1,,,,,1,,,,0,,,,,,,,,,,,,,,,,,
2018-07-12,12:52:00,SEM VÍTIMA,FINALIZADA,CORDEIRO,AV CAXANGA,,,E/F A EXPOSIÇAO DE ANIMAIS DO CORDEIRO S/T CID AO LADO DO BANCO DO BRASIL,AV CAXANGA,,E/F A EXPOSIÇAO DE ANIMAIS DO CORDEIRO S/T CID AO LADO DO BANCO DO BRASIL,CORDEIRO,,,COLISÃO,COLISAO ENTRE DOIS AUTOS E MOTO S/V,1,1,,,,,,,,0,,,,,,,,,,,,,,,,,,
2018-07-12,13:01:00,SEM VÍTIMA,FINALIZADA,CASA FORTE,EST DO ENCANAMENTO,,,EM FRENTE A ESCOLA ESTADUAL JOSE VILELA, NO SEMAFORO 462,EST DO ENCANAMENTO,,EM FRENTE A ESCOLA ESTADUAL JOSE VILELA, NO SEMAFORO 462,CASA FORTE,,,COLISÃO,DOIS AUTOS S/V,2,,,,,,,,,0,,,,,,,,,,,,,,,,
2018-07-12,13:53:00,COM VÍTIMA,FINALIZADA,CAMPO GRANDE,EST DE BELEM,1303,,APOS O COLEGIO JESUS CRUCIFICADO E/F A PADARIA PAN DOÇURA,EST DE BELEM,1303,APOS O COLEGIO JESUS CRUCIFICADO E/F A PADARIA PAN DOÇURA,CAMPO GRANDE,,,COLISÃO,COLISAO ENTRE AUTO E MOTO COM UMA VITIMA,1,1,,,,,,,,1,,,,,,,,,,,,,,,,,,
2018-07-12,15:02:00,COM VÍTIMA,FINALIZADA,SÃO JOSÉ,RUA FLORIANO PEIXOTO,,,EM FRENTE AO PORTÃO DE SAÍDA DA ESTAÇÃO CENTRAL DO RECIFE,RUA FLORIANO PEIXOTO,,EM FRENTE AO PORTÃO DE SAÍDA DA ESTAÇÃO CENTRAL DO RECIFE,SÃO JOSÉ,,,ATROPELAMENTO,ATROPELAMENTO COM VÍTIMA,,,,,1,1,,,,1,,,,,,,,,,,,,,,,,,
2018-07-12,15:18:00,SEM VÍTIMA,FINALIZADA,CAMPO GRANDE,EST DE BELEM,,,EM FRENTE A IGREJA DE BELEM,EST DE BELEM,,EM FRENTE A IGREJA DE BELEM,CAMPO GRANDE,,,COLISÃO,COLISÃO SEM VÍTIMA,2,,,,,,,,,0,,,,,,,,,,,,,,,,,,
2018-07-12,15:55:00,SEM VÍTIMA,FINALIZADA,BOA VIAGEM,RUA ERNESTO DE PAULA SANTOS,867,,PROX A UNIMED,RUA ERNESTO DE PAULA SANTOS,867,PROX A UNIMED,BOA VIAGEM,,,COLISÃO,COLISAO ENTRE ONIBUS E AUTO S/V,1,,,,,1,,,,0,,,,,,,,,,,,,,,,,,
2018-07-12,16:02:00,SEM VÍTIMA,FINALIZADA,CORDEIRO,AV CAXANGA,,,EM FRENTE A LOJA AGITO CRIAÇÕES/ SENTIDO CAMARAGIBE/ PROXIMO AO SEMÁFORO 265,AV CAXANGA,,EM FRENTE A LOJA AGITO CRIAÇÕES/ SENTIDO CAMARAGIBE/ PROXIMO AO SEMÁFORO 265,CORDEIRO,,,COLISÃO,COLISÃO SEM VÍTIMA,1,,,,,1,,,,0,,,,,,,,,,,,,,,,,,
2018-07-12,17:01:00,SEM VÍTIMA,FINALIZADA,IPSEP,RUA ITAJAI,,,PROX A PRAÇA DA MAURICEIA E/F A ANTIGA TELEMAR,RUA ITAJAI,,PROX A PRAÇA DA MAURICEIA E/F A ANTIGA TELEMAR,IPSEP,,,COLISÃO,COLISAO ENTRE DOIS AUTOS S/V,2,,,,,,,,,0,,,,,,,,,,,,,,,,,,
2018-07-12,17:55:00,COM VÍTIMA,FINALIZADA,IMBIRIBEIRA,RUA ARQUITETO LUIZ NUNES,211,AV PINHEIROS,CRUZAMENTO AV PINHEIRO COM RUA ARQUITETO LUIZ NUNES,RUA ARQUITETO LUIZ NUNES,211,CRUZAMENTO AV PINHEIRO COM RUA ARQUITETO LUIZ NUNES,IMBIRIBEIRA,,,ATROPELAMENTO,ATROPELAMENTO COM VÍTIMA / VEICULO EVADIU DO QTH,1,,,,1,,,,,1,,,,,,,,,,,,,,,,,,
2018-07-12,18:47:00,SEM VÍTIMA,CANCELADA,BONGI,RUA PIO MUNIZ FARIAS,168,,PRX AO CLUB REAL DA MUSTARDINHA,RUA PIO MUNIZ FARIAS,168,PRX AO CLUB REAL DA MUSTARDINHA,BONGI,,,COLISÃO,CORSA X UNO OBS :: SUSPEITA DE EMBRIAGUEZ,2,,,,,,,,,0,,,,,,,,,,,,,,,,,,
2018-07-12,19:51:00,COM VÍTIMA,FINALIZADA,CAXANGÁ,AV CAXANGA,,,CAXANGA ST CAMARAGIBE ENTRE A FACULDADE SANTA HELENA E A LOCALIZA SEME NOVOS,AV CAXANGA,,CAXANGA ST CAMARAGIBE ENTRE A FACULDADE SANTA HELENA E A LOCALIZA SEME NOVOS,CAXANGÁ,,,COLISÃO,MOTO E AUTO C/V,1,1,,,,,,,,1,,,,,,,,,,,,,,,,,,
2018-07-12,19:53:00,SEM VÍTIMA,FINALIZADA,CAMPO GRANDE,EST DE BELEM,1476,AV CORREIA DE BRITO,ENF A DATACONT // CRUZAMENTO COM AV CORREIA DE BRITO,EST DE BELEM,1476,ENF A DATACONT // CRUZAMENTO COM AV CORREIA DE BRITO,CAMPO GRANDE,,,COLISÃO,FIESTA X AMAROK,2,,,,,,,,,0,,,,,,,,,,,,,,,,,,
2018-07-12,20:51:00,COM VÍTIMA,FINALIZADA,IBURA,AV DOIS RIOS,,RIO XINGU,CRUZAMENTO DA DOIS RIOS COM A RIO CHINGU,AV DOIS RIOS,,CRUZAMENTO DA DOIS RIOS COM A RIO CHINGU,IBURA,,,COLISÃO,MOTO E AUTO C/V,1,1,,,,,,,,1,,,,,,,,,,,,,,,,,,
2018-07-13,07:25:00,SEM VÍTIMA,FINALIZADA,GRAÇAS,AV CONS ROSA E SILVA,,,E/F AO HOSPITAL DOS SERVIDORES,AV CONS ROSA E SILVA,,E/F AO HOSPITAL DOS SERVIDORES,GRAÇAS,,,COLISÃO,SEM VÍTIMAS,2,,,,,,,,,0,,,,,,,,,,,,,,,,,,
2018-07-13,08:09:00,SEM VÍTIMA,FINALIZADA,IMBIRIBEIRA,AV MARECHAL MASCARENHAS DE MORAES,,,E/F AO GERALDÃO,AV MARECHAL MASCARENHAS DE MORAES,,E/F AO GERALDÃO,IMBIRIBEIRA,,,COLISÃO,SEMÁFORO 290, SENTIDO AFOGADOS,1,,,,,,1,,,0,,,,,,,,,,,,,,,,,
2018-07-13,09:19:00,COM VÍTIMA,FINALIZADA,IMBIRIBEIRA,AV MARECHAL MASCARENHAS DE MORAES,7935,,EM FRENTE A MUNDIAL CAMINHÕES, SENT. PRAZERES,AV MARECHAL MASCARENHAS DE MORAES,7935,EM FRENTE A MUNDIAL CAMINHÕES, SENT. PRAZERES,IMBIRIBEIRA,,,COLISÃO,AUTO E MOTO,1,1,,,,,,,,1,,,,,,,,,,,,,,,,
2018-07-13,09:29:00,SEM VÍTIMA,FINALIZADA,GRAÇAS,AV RUI BARBOSA,380,,EM FRENTE AO BANCO SANTANDER,AV RUI BARBOSA,380,EM FRENTE AO BANCO SANTANDER,GRAÇAS,,,COLISÃO,DOIS AUTOS,2,,,,,,,,,0,,,,,,,,,,,,,,,,,,
2018-07-13,09:53:00,SEM VÍTIMA,FINALIZADA,AFOGADOS,EST DOS REMEDIOS,29,,NO SEMAFORO 053, PROX. A FARMACIA DO TRABALHADOR,EST DOS REMEDIOS,29,NO SEMAFORO 053, PROX. A FARMACIA DO TRABALHADOR,AFOGADOS,,,COLISÃO,CAMINHÃO E AUTO,1,,,,,,1,,,0,,,,,,,,,,,,,,,,
2018-07-13,09:59:00,SEM VÍTIMA,FINALIZADA,DERBY,RUA HENRIQUE DIAS,,,EM FRENTE AO COLEGIO DA POLICIA MILITAR,RUA HENRIQUE DIAS,,EM FRENTE AO COLEGIO DA POLICIA MILITAR,DERBY,,,COLISÃO,COLISÃO SEM VITIMAS,2,,,,,,,,,0,,,,,,,,,,,,,,,,,,
2018-07-13,10:18:00,,CANCELADA,DERBY,RUA HENRIQUE DIAS,,,EM FRENTE AO IRH, E AO COLEGIO DA PM,RUA HENRIQUE DIAS,,EM FRENTE AO IRH, E AO COLEGIO DA PM,DERBY,,,COLISÃO,DOIS AUTOS S/V,,,,,,,,,,0,,,,,,,,,,,,,,,,
2018-07-13,10:22:00,SEM VÍTIMA,FINALIZADA,SANTO AMARO,AV DR JAYME DA FONTE,86 B,,E/F A RESIDENCIA, SENTIDO AGAMENON.,AV DR JAYME DA FONTE,86 B,E/F A RESIDENCIA, SENTIDO AGAMENON.,SANTO AMARO,,,COLISÃO,SEM VÍTIMAS,1,,,,,,1,,,0,,,,,,,,,,,,,,,,
2018-07-13,10:23:00,COM VÍTIMA,FINALIZADA,BEBERIBE,AV BEBERIBE,1253,,,AV BEBERIBE,1253,,BEBERIBE,,,COLISÃO,02 AUTOS E UMA MOTOCICLETA,2,1,,,,,,,,1,,,,,,,,,,,,,,,,,,
2018-07-13,11:31:00,SEM VÍTIMA,FINALIZADA,BOA VIAGEM,AV ENGENHEIRO DOMINGOS FERREIRA,3482,,AO LADO DO BANCO DO BRASIL,AV ENGENHEIRO DOMINGOS FERREIRA,3482,AO LADO DO BANCO DO BRASIL,BOA VIAGEM,,,COLISÃO,DOIS AUTOS,1,,,,,1,,,,0,,,,,,,,,,,,,,,,,,
2018-07-13,11:42:00,SEM VÍTIMA,FINALIZADA,BOA VISTA,RUA HENRIQUE DIAS,,RUA DOM BOSCO,CRUZ COM A RUA DOM BOSCO EM FRENTE AO SUPERMERCADO EXTRA,RUA HENRIQUE DIAS,,CRUZ COM A RUA DOM BOSCO EM FRENTE AO SUPERMERCADO EXTRA,BOA VISTA,,,COLISÃO,COLISÃO SEM VITIMAS,1,,,,,1,,,,0,,,,,,,,,,,,,,,,,,
2018-07-13,11:57:00,SEM VÍTIMA,FINALIZADA,BAIRRO DO RECIFE,RUA DO OBSERVATORIO,,,EM FRENTE A TORRE MALAKOFF,RUA DO OBSERVATORIO,,EM FRENTE A TORRE MALAKOFF,BAIRRO DO RECIFE,,,COLISÃO,COLISÃO SEM VÍTIMA,2,,,,,,,,,0,,,,,,,,,,,,,,,,,,
2018-07-13,12:20:00,SEM VÍTIMA,CANCELADA,CORDEIRO,AV CAXANGA,1921,,PROX A EXPOSIÇÃO DO CORDEIRO S/T CID E/F A CASA DAS TINTAS,AV CAXANGA,1921,PROX A EXPOSIÇÃO DO CORDEIRO S/T CID E/F A CASA DAS TINTAS,CORDEIRO,,,COLISÃO,COLISAO ENTRE DOIS AUTOS S/V,2,,,,,,,,,0,,,,,,,,,,,,,,,,,,
2018-07-13,13:44:00,SEM VÍTIMA,FINALIZADA,AFOGADOS,RUA SAO MIGUEL,1050,,SENIOR ENGENHARIA,RUA SAO MIGUEL,1050,SENIOR ENGENHARIA,AFOGADOS,,,COLISÃO,COLISÃO ENVOLVENDO 03 VEÍCULOS SEM VÍTIMAS,,,,,,,,,,0,,,,,,,,,,,,,,,,,,
2018-07-13,14:16:00,COM VÍTIMA,FINALIZADA,MADALENA,RUA BENFICA,,,EM FRENTE AO CLUBE NTERNACIONAL,RUA BENFICA,,EM FRENTE AO CLUBE NTERNACIONAL,MADALENA,,,COLISÃO,COLISÃO COM VIATURA OFICIAL,1,1,,,,,,,,2,,,,,,,,,,,,,,,,,,
2018-07-13,15:33:00,SEM VÍTIMA,FINALIZADA,BOA VIAGEM,RUA VISCONDE DE JEQUITINHONHA,,,NO SEMAFORO 433 AO LADO DA LOCALIZA,RUA VISCONDE DE JEQUITINHONHA,,NO SEMAFORO 433 AO LADO DA LOCALIZA,BOA VIAGEM,,,COLISÃO,COLISAO ENTRE DOIS AUTOS S/V,2,,,,,,,,,0,,,,,,,,,,,,,,,,,,
2018-07-13,15:53:00,SEM VÍTIMA,FINALIZADA,SANTO AMARO,AV GOVERNADOR AGAMENON MAGALHAES,,,EM CIMA DO VIADUTO DA JOAO DE BARROS,AV GOVERNADOR AGAMENON MAGALHAES,,EM CIMA DO VIADUTO DA JOAO DE BARROS,SANTO AMARO,,,COLISÃO,COLISÃO QUATRO AUTOS,,,,,,,,,,0,,,,,,,,,,,,,,,,,,
2018-07-13,17:26:00,SEM VÍTIMA,FINALIZADA,BOA VISTA,AV CONDE DA BOA VISTA,,,EM FRENTE AS LOJAS LIDER,AV CONDE DA BOA VISTA,,EM FRENTE AS LOJAS LIDER,BOA VISTA,,,COLISÃO,COLISÃO ENTRE DOIS ONIBUS,,,,,,2,,,,0,,,,,,,,,,,,,,,,,,
2018-07-13,18:07:00,SEM VÍTIMA,FINALIZADA,BAIRRO DO RECIFE,AV ALFREDO LISBOA,1152,,ENF A RECEITA FEDERAL/ SENTIDO OLINDA / APÓS LOMBADA ELETRÔNICA,AV ALFREDO LISBOA,1152,ENF A RECEITA FEDERAL/ SENTIDO OLINDA / APÓS LOMBADA ELETRÔNICA,BAIRRO DO RECIFE,,,COLISÃO,UNO MILE X RENAUT,2,,,,,,,,,0,,,,,,,,,,,,,,,,,,
2018-07-13,18:26:00,SEM VÍTIMA,FINALIZADA,CAXANGÁ,AV CAXANGA,,,ENF A INTEGRAÇAO DA CAXANGA,AV CAXANGA,,ENF A INTEGRAÇAO DA CAXANGA,CAXANGÁ,,,COLISÃO,CITROEN X AUTO,2,,,,,,,,,0,,,,,,,,,,,,,,,,,,
2018-07-13,18:48:00,SEM VÍTIMA,FINALIZADA,ARRUDA,RUA PROFESSOR JERONIMO GUEIROS,438,,PROXIMIDADES DO BANCO BRASIL E ACADEMIA YES FIT / E/F AO EDF JULIO CESAR,RUA PROFESSOR JERONIMO GUEIROS,438,PROXIMIDADES DO BANCO BRASIL E ACADEMIA YES FIT / E/F AO EDF JULIO CESAR,ARRUDA,,,COLISÃO,ENTRE 2 AUTOS. S/V,2,,,,,,,,,0,,,,,,,,,,,,,,,,,,
2018-07-13,18:56:00,COM VÍTIMA,FINALIZADA,ILHA JOANA BEZERRA,AV DES GUERRA BARRETO,,,AO LADO DO FÓRUM DE RECIFE / PRÓX AO VIADUTO,AV DES GUERRA BARRETO,,AO LADO DO FÓRUM DE RECIFE / PRÓX AO VIADUTO,ILHA JOANA BEZERRA,,,COLISÃO COM CICLISTA,MOTO X BICICLETA. C/V,,1,,1,,,,,,1,,,,,,,,,,,,,,,,,,