data,hora,natureza_acidente,situacao,bairro,endereco,numero,detalhe_endereco_acidente,complemento,endereco_cruzamento,numero_cruzamento,referencia_cruzamento,bairro_cruzamento,num_semaforo,sentido_via,tipo,descricao,auto,moto,ciclom,ciclista,pedestre,onibus,caminhao,viatura,outros,vitimas,vitimasfatais,acidente_verificado,tempo_clima,situacao_semaforo,sinalizacao,condicao_via,conservacao_via,ponto_controle,situacao_placa,velocidade_max_via,mao_direcao,divisao_via1,divisao_via2,divisao_via3,,,,
2018-07-13,21:42:00,SEM VÍTIMA,CANCELADA,VÁRZEA,AV CAXANGA,,,POR CIMA DA PTE DA CAXANGÁ, SNT CAMARAGIBE,AV CAXANGA,,POR CIMA DA PTE DA CAXANGÁ, SNT CAMARAGIBE,VÁRZEA,,,COLISÃO,ENTRE 2 AUTOS. S/V,2,,,,,,,,,0,,,,,,,,,,,,,,,,
2018-07-13,22:34:00,SEM VÍTIMA,FINALIZADA,CAMPO GRANDE,RUA PRUDENTE DE MORAES,158,,PRÓX AO POSTO TOTAL / E/F A VITOR GÁS,RUA PRUDENTE DE MORAES,158,PRÓX AO POSTO TOTAL / E/F A VITOR GÁS,CAMPO GRANDE,,,COLISÃO,ENTRE AUTO E CAMINHÃO DA PREFEITURA . S/V,1,,,,,,1,,,0,,,,,,,,,,,,,,,,,,
2018-07-14,03:16:00,COM VÍTIMA,FINALIZADA,IMBIRIBEIRA,RUA HELIO BRANDAO,,RUA PINTOR ANTONIO ALBUQUERQUE,PRÓX A SAÍDA DO IBURA ( NÚCLEO ) E IGREJA ADVENTISTA DO SÉTIMO DIA / SEMÁFORO 293 - CRUZ COM A RUA PINTOR ANTÔNIO ALBUQUERQUE,RUA HELIO BRANDAO,,PRÓX A SAÍDA DO IBURA ( NÚCLEO ) E IGREJA ADVENTISTA DO SÉTIMO DIA / SEMÁFORO 293 - CRUZ COM A RUA PINTOR ANTÔNIO ALBUQUERQUE,IMBIRIBEIRA,,,COLISÃO,ENTRE 2 AUTOS. C/V,2,,,,,,,,,1,,,,,,,,,,,,,,,,,,
2018-07-14,03:41:00,SEM VÍTIMA,FINALIZADA,BOA VIAGEM,AV BOA VIAGEM,980,,EM FRENTE AS QUADRAS DE TÊNIS // PRÓX AO MARANTE PLAZA HOTEL,AV BOA VIAGEM,980,EM FRENTE AS QUADRAS DE TÊNIS // PRÓX AO MARANTE PLAZA HOTEL,BOA VIAGEM,,,COLISÃO,CONDUTOR PERDEU O CONTROLE DO VEÍCULO E CHOCOU-SE CONTRA VEÍCULOS ESTACIONADOS,2,,,,,,,,,0,,,,,,,,,,,,,,,,,,
2018-07-14,05:04:00,SEM VÍTIMA,FINALIZADA,IMBIRIBEIRA,AV MARECHAL MASCARENHAS DE MORAES,,,E/F A FORD, SNT AEROPORTO / SEMÁFORO 532,AV MARECHAL MASCARENHAS DE MORAES,,E/F A FORD, SNT AEROPORTO / SEMÁFORO 532,IMBIRIBEIRA,,,ENGAVETAMENTO,ENTRE 3 AUTOS. S/V,3,,,,,,,,,0,,,,,,,,,,,,,,,,
2018-07-14,08:11:00,COM VÍTIMA,FINALIZADA,ILHA JOANA BEZERRA,AV GOVERNADOR AGAMENON MAGALHAES,,,NA DESCIDA DO VIADUTO JOANA BEZERRA,AV GOVERNADOR AGAMENON MAGALHAES,,NA DESCIDA DO VIADUTO JOANA BEZERRA,ILHA JOANA BEZERRA,,,COLISÃO,COLISÃO COM VITIMA A ESPERA DO SAMU VT 23 QTH,,1,,,,,,,,1,,,,,,,,,,,,,,,,,,
2018-07-14,10:15:00,COM VÍTIMA,FINALIZADA,ENGENHO DO MEIO,RUA ANTONIO CURADO,,,NO SEMÁFORO 395/ SENTIDO BR,RUA ANTONIO CURADO,,NO SEMÁFORO 395/ SENTIDO BR,ENGENHO DO MEIO,,,COLISÃO,COLISÃO COM VÍTIMA,1,1,,,,,,,,1,,,,,,,,,,,,,,,,,,
2018-07-14,11:21:00,SEM VÍTIMA,FINALIZADA,SANTO AMARO,AV GOVERNADOR AGAMENON MAGALHAES,,,EM FRENTE A PROCURADORIA/ SENTIDO BOA VIAGEM,AV GOVERNADOR AGAMENON MAGALHAES,,EM FRENTE A PROCURADORIA/ SENTIDO BOA VIAGEM,SANTO AMARO,,,COLISÃO,COLISÃO SEM VÍTIMA,1,,,,,,,,1,0,,,,,,,,,,,,,,,,,,
2018-07-14,11:28:00,SEM VÍTIMA,FINALIZADA,DOIS IRMÃOS,PRC FARIAS NEVES,,,EM FRENTE A ENTRADA DO HORTO DOIS IRMÃOS,PRC FARIAS NEVES,,EM FRENTE A ENTRADA DO HORTO DOIS IRMÃOS,DOIS IRMÃOS,,,COLISÃO,COLISÃO SEM VÍTIMA,2,,,,,,,,,0,,,,,,,,,,,,,,,,,,
2018-07-14,12:03:00,SEM VÍTIMA,FINALIZADA,BONGI,AV ENGENHEIRO ABDIAS DE CARVALHO,,AV GAL SAN MARTIN,COM AV GENERAL SAN MARTIN S/T CURADO ANTES DO COMPAZ,AV ENGENHEIRO ABDIAS DE CARVALHO,,COM AV GENERAL SAN MARTIN S/T CURADO ANTES DO COMPAZ,BONGI,,,COLISÃO,COLISAO ENTRE QUATRO AUTOS S/V,4,,,,,,,,,0,,,,,,,,,,,,,,,,,,
2018-07-14,12:16:00,COM VÍTIMA,FINALIZADA,BOA VISTA,RUA VELHA,160,RUA DA GLORIA,CRUZAMENTO COM A RUA DA GLORIA,RUA VELHA,160,CRUZAMENTO COM A RUA DA GLORIA,BOA VISTA,,,ATROPELAMENTO,COM VÍTIMA,1,,,,1,,,,,1,,,,,,,,,,,,,,,,,,
2018-07-14,13:25:00,SEM VÍTIMA,FINALIZADA,CAXANGÁ,RUA RIBEIRO PESSOA,,,EM FRENTE A UPA SEM 281 / SENT SUB,RUA RIBEIRO PESSOA,,EM FRENTE A UPA SEM 281 / SENT SUB,CAXANGÁ,,,COLISÃO,DOIS AUTOS,2,,,,,,,,,0,,,,,,,,,,,,,,,,,,
2018-07-14,13:58:00,SEM VÍTIMA,FINALIZADA,IBURA,AV DOIS RIOS,542,,EM FRENTE AO POSTO TOTAL,AV DOIS RIOS,542,EM FRENTE AO POSTO TOTAL,IBURA,,,COLISÃO,DOIS AUTOS,2,,,,,,,,,0,,,,,,,,,,,,,,,,,,
2018-07-14,14:06:00,SEM VÍTIMA,FINALIZADA,BOMBA DO HEMETÉRIO,RUA BOMBA DO HEMETERIO,,,NO LARGO DA BOMBA NA SUBIDA DA LADEIRA DO ALTO SANTA TEREZINHA,RUA BOMBA DO HEMETERIO,,NO LARGO DA BOMBA NA SUBIDA DA LADEIRA DO ALTO SANTA TEREZINHA,BOMBA DO HEMETÉRIO,,,COLISÃO,COLISAO ENTRE ONIBUS E COMPLEMENTAR,,,,,,2,,,,0,,,,,,,,,,,,,,,,,,
2018-07-14,15:08:00,COM VÍTIMA,FINALIZADA,IMBIRIBEIRA,AV MARECHAL MASCARENHAS DE MORAES,,,EM FRENTE AO POSTO IPIRANGA/ NO SEMÁFORO 396/ SENTIDO PRAZERES,AV MARECHAL MASCARENHAS DE MORAES,,EM FRENTE AO POSTO IPIRANGA/ NO SEMÁFORO 396/ SENTIDO PRAZERES,IMBIRIBEIRA,,,COLISÃO,COLISÃO COM VÍTIMA,1,1,,,,,,,,1,,,,,,,,,,,,,,,,,,
2018-07-14,15:34:00,SEM VÍTIMA,FINALIZADA,IPUTINGA,AV CAXANGA,,,SEMAFORO 234 SENT CIDADE / EM FRENTE A SEDE DO PERNAMBUCO DA SORTE,AV CAXANGA,,SEMAFORO 234 SENT CIDADE / EM FRENTE A SEDE DO PERNAMBUCO DA SORTE,IPUTINGA,,,COLISÃO,DOIS AUTOS,2,,,,,,,,,0,,,,,,,,,,,,,,,,,,
2018-07-14,15:37:00,SEM VÍTIMA,FINALIZADA,IPSEP,AV RECIFE,1405,,PROX AO RESTAURANTE SAL E BRASA S/T CIDADE UNIVERSITARIA,AV RECIFE,1405,PROX AO RESTAURANTE SAL E BRASA S/T CIDADE UNIVERSITARIA,IPSEP,,,COLISÃO,COLISAO AUTO E MOTO S/V,1,1,,,,,,,,0,,,,,,,,,,,,,,,,,,
2018-07-14,15:40:00,SEM VÍTIMA,FINALIZADA,BOA VIAGEM,RUA DES JOAO PAES,,,AO LADO DO ANTIGO CARREFOUR,RUA DES JOAO PAES,,AO LADO DO ANTIGO CARREFOUR,BOA VIAGEM,,,COLISÃO,COLISÃO SEM VÍTIMA,1,,,,,1,,,,0,,,,,,,,,,,,,,,,,,
2018-07-14,15:48:00,SEM VÍTIMA,FINALIZADA,JARDIM SÃO PAULO,AV RECIFE,5630,,EM FRENTE AO CERPE/ SENTIDO BR,AV RECIFE,5630,EM FRENTE AO CERPE/ SENTIDO BR,JARDIM SÃO PAULO,,,COLISÃO,COLISÃO SEM VÍTIMA,2,,,,,,,,,0,,,,,,,,,,,,,,,,,,
2018-07-14,16:05:00,SEM VÍTIMA,FINALIZADA,TAMARINEIRA,RUA CONEGO BARATA,,AV NORTE,ESQUINA COM AV NORTE NO SEMAFORO 062,RUA CONEGO BARATA,,ESQUINA COM AV NORTE NO SEMAFORO 062,TAMARINEIRA,,,COLISÃO,COLISAO ENTRE ONIBUS E AUTO S/V,1,,,,,1,,,,0,,,,,,,,,,,,,,,,,,
2018-07-14,16:09:00,SEM VÍTIMA,CANCELADA,ENGENHO DO MEIO,RUA ANTONIO CURADO,783,,EM FRENTE AO MERCADO ENGENHO,RUA ANTONIO CURADO,783,EM FRENTE AO MERCADO ENGENHO,ENGENHO DO MEIO,,,COLISÃO,DUAS MOTOS,,2,,,,,,,,0,,,,,,,,,,,,,,,,,,
2018-07-14,16:32:00,SEM VÍTIMA,FINALIZADA,ILHA DO LEITE,RUA PREFEITO JORGE MARTINS,,,AO LADO DO HOSPITAL HOPE / SEMAFORO 490,RUA PREFEITO JORGE MARTINS,,AO LADO DO HOSPITAL HOPE / SEMAFORO 490,ILHA DO LEITE,,,COLISÃO,ONIBUS E AUTO,1,,,,,1,,,,0,,,,,,,,,,,,,,,,,,
2018-07-14,17:16:00,COM VÍTIMA,FINALIZADA,SANTO AMARO,AV NORTE,,,NA SUBIDA DO VIADUTO S/T SUB,AV NORTE,,NA SUBIDA DO VIADUTO S/T SUB,SANTO AMARO,,,COLISÃO,COLISAO ENTRE AUTO E MOTO COM UMA VITIMA,1,1,,,,,,,,1,,,,,,,,,,,,,,,,,,
2018-07-14,17:54:00,SEM VÍTIMA,FINALIZADA,BOMBA DO HEMETÉRIO,EST VELHA DE AGUA FRIA,,,EM FRENTE AO POSTO NORTEBRÁS,EST VELHA DE AGUA FRIA,,EM FRENTE AO POSTO NORTEBRÁS,BOMBA DO HEMETÉRIO,,,COLISÃO,COLISÃO ENVOLVENDO UM ÔNIBUS E UMA VIATURA DE FISCALIZAÇÃO DA CTTU. (VT 18),,,,,,1,,1,,0,,,,,,,,,,,,,,,,,,
2018-07-14,18:49:00,SEM VÍTIMA,FINALIZADA,BOA VIAGEM,RUA BARAO DE SOUZA LEAO,,AV BOA VIAGEM,ESQUINA COM A AV BOA VIAGEM / SEMÁFORO 004,RUA BARAO DE SOUZA LEAO,,ESQUINA COM A AV BOA VIAGEM / SEMÁFORO 004,BOA VIAGEM,,,COLISÃO,ENTRE AUTO PASSEIO E ÔNIBUS. S/V,1,,,,,1,,,,0,,,,,,,,,,,,,,,,,,
2018-07-14,19:07:00,SEM VÍTIMA,CANCELADA,BOA VIAGEM,RUA ERNESTO DE PAULA SANTOS,1178,,AO LADO DA FARMACIA PAGUE MENOS, APÓS O VIADUTO/ E/F AO EDF NESTOR ROCHA,RUA ERNESTO DE PAULA SANTOS,1178,AO LADO DA FARMACIA PAGUE MENOS, APÓS O VIADUTO/ E/F AO EDF NESTOR ROCHA,BOA VIAGEM,,,COLISÃO,ENTRE 2 AUTOS. S/V,2,,,,,,,,,0,,,,,,,,,,,,,,,,
2018-07-14,19:30:00,COM VÍTIMA,FINALIZADA,MADALENA,EST DOS REMEDIOS,2216,,APÓS A DROGASIL E AO LADO DA NAGEM / CRUZANDO A AV ABDIAS,EST DOS REMEDIOS,2216,APÓS A DROGASIL E AO LADO DA NAGEM / CRUZANDO A AV ABDIAS,MADALENA,,,ENGAVETAMENTO,ENTRE 3 AUTOS. C/V,3,,,,,,,,,1,,,,,,,,,,,,,,,,,,
2018-07-14,21:36:00,SEM VÍTIMA,FINALIZADA,MANGABEIRA,RUA ERNESTO CAVALCANTI,36,,E/F A UPINHA DA BOMBA DO HEMETERIO,RUA ERNESTO CAVALCANTI,36,E/F A UPINHA DA BOMBA DO HEMETERIO,MANGABEIRA,,,COLISÃO,ENTRE AUTO E CAMINHÃO. S/V,1,,,,,,1,,,0,,,,,,,,,,,,,,,,,,
2018-07-14,22:17:00,SEM VÍTIMA,FINALIZADA,CASA AMARELA,RUA ITACOATIARA,,,NA SUBIDA DO MORRO NA ULTIMA SUBIDA NA PRINCIPAL DO MORRO,RUA ITACOATIARA,,NA SUBIDA DO MORRO NA ULTIMA SUBIDA NA PRINCIPAL DO MORRO,CASA AMARELA,,,CHOQUE,ONIBUS X POSTE OBS:: ONIBUS SE ENCONTRA NO LOCAL,,,,,,1,,,1,0,,,,,,,,,,,,,,,,,,
2018-07-15,06:42:00,SEM VÍTIMA,FINALIZADA,BOA VIAGEM,AV ANTONIO DE GOES,,,EM FRENTE AO DNIT /SEMAFORO 656,AV ANTONIO DE GOES,,EM FRENTE AO DNIT /SEMAFORO 656,BOA VIAGEM,,,ENGAVETAMENTO,4 AUTOS S/V,4,,,,,,,,,0,,,,,,,,,,,,,,,,,,
2018-07-15,07:17:00,COM VÍTIMA,FINALIZADA,CASA AMARELA,RUA PADRE LEMOS,,,AO LADO DO BOMPREÇO,RUA PADRE LEMOS,,AO LADO DO BOMPREÇO,CASA AMARELA,,,COLISÃO COM CICLISTA,COLISÃO ENTRE MOTO AUTO E CICLISTA. O AUTO PASSEIO EVADIU-SE DO LOCAL. AS DUAS VÍTIMAS FORAM SOCORRIDAS PELO SAMU E BOMBEIROS,,1,,1,,,,,,2,,,,,,,,,,,,,,,,,,
2018-07-15,15:36:00,SEM VÍTIMA,FINALIZADA,BOA VISTA,RUA DO HOSPICIO,,,EM FRENTE A CAMERA MUNICIPAL DO RECIFE,RUA DO HOSPICIO,,EM FRENTE A CAMERA MUNICIPAL DO RECIFE,BOA VISTA,,,COLISÃO,AUTO E ONIBUS ,1,,,,,1,,,,0,,,,,,,,,,,,,,,,,,
2018-07-15,15:50:00,SEM VÍTIMA,EQUIPE EM DESLOCAMENTO,ILHA DO LEITE,RUA PAISSANDU,,,EM FRENTE AO HOSPITAL SAO MARCOS,RUA PAISSANDU,,EM FRENTE AO HOSPITAL SAO MARCOS,ILHA DO LEITE,,,COLISÃO,ENTRE DOIS AUTOS PASSEIO,2,,,,,,,,,0,,,,,,,,,,,,,,,,,,
2018-07-15,19:27:00,SEM VÍTIMA,FINALIZADA,ÁGUA FRIA,RUA JOAO UZEDA LUNA,,RUA EUDES COSTA,CRUZ COM R EUDES COSTA / NA MESMA RUA DA LEITURA,RUA JOAO UZEDA LUNA,,CRUZ COM R EUDES COSTA / NA MESMA RUA DA LEITURA,ÁGUA FRIA,,,COLISÃO,ENTRE 2 AUTOS. S/V,2,,,,,,,,,0,,,,,,,,,,,,,,,,,,
2018-07-15,20:07:00,SEM VÍTIMA,FINALIZADA,CORDEIRO,EST DO FORTE DO ARRAIAL N. DO B. JESUS,,AV CAXANGA,NA EXPOSICAO DOS ANIMAS DE ESQUINA COM AV CAXANGA,EST DO FORTE DO ARRAIAL N. DO B. JESUS,,NA EXPOSICAO DOS ANIMAS DE ESQUINA COM AV CAXANGA,CORDEIRO,,,COLISÃO,PRISMA X FIAT UNO MILLE,2,,,,,,,,,0,,,,,,,,,,,,,,,,,,
2018-07-15,21:05:00,SEM VÍTIMA,FINALIZADA,CASA AMARELA,AV NORTE,5211,RUA CORREGO DO BARTOLOMEU,ENF A PAGUE MENOS CRUZAMENTO COM A RUA CORREGO DO BARTOLOMEU SEMAFORO 079,AV NORTE,5211,ENF A PAGUE MENOS CRUZAMENTO COM A RUA CORREGO DO BARTOLOMEU SEMAFORO 079,CASA AMARELA,,,COLISÃO,FIAT UNO X CELTA,2,,,,,,,,,0,,,,,,,,,,,,,,,,,,
2018-07-15,21:40:00,COM VÍTIMA,FINALIZADA,BOA VIAGEM,RUA PROFESSOR JULIO FERREIRA DE MELO,,,ENF AO COLEGIO MOTIVO,RUA PROFESSOR JULIO FERREIRA DE MELO,,ENF AO COLEGIO MOTIVO,BOA VIAGEM,,,COLISÃO,VOYAGE X SIENA OBS:: CAPOTAMENTO,2,,,,,,,,,1,,,,,,,,,,,,,,,,,,
2018-07-16,07:56:00,SEM VÍTIMA,FINALIZADA,CORDEIRO,RUA SOUZA BANDEIRA,74,,E/F A RESIENCIA. CONDUTOR CHOCOU-SE CONTRA PORTÃO DE UMA LOJA COM SEU VEÍCULO. PM SOLICITA ETILÔMETRO,RUA SOUZA BANDEIRA,74,E/F A RESIENCIA. CONDUTOR CHOCOU-SE CONTRA PORTÃO DE UMA LOJA COM SEU VEÍCULO. PM SOLICITA ETILÔMETRO,CORDEIRO,,,CHOQUE,SEM VÍITMAS,1,,,,,,,,,0,,,,,,,,,,,,,,,,,,
2018-07-16,08:31:00,SEM VÍTIMA,FINALIZADA,PAISSANDU,RUA PAISSANDU,632,,SENTIDO SUBURBIO EM FRENTE AO COLEGIO GGE,RUA PAISSANDU,632,SENTIDO SUBURBIO EM FRENTE AO COLEGIO GGE,PAISSANDU,,,COLISÃO,COLISÃO SEM VITIMAS,2,,,,,,,,,0,,,,,,,,,,,,,,,,,,
2018-07-16,09:12:00,SEM VÍTIMA,FINALIZADA,IMBIRIBEIRA,RUA ITAJAI,2911,,AO LADO DA CASA BRANCA RECEPÇÕES,RUA ITAJAI,2911,AO LADO DA CASA BRANCA RECEPÇÕES,IMBIRIBEIRA,,,COLISÃO,COLISÃO SEM VITIMAS,2,,,,,,,,,0,,,,,,,,,,,,,,,,,,
2018-07-16,09:50:00,SEM VÍTIMA,FINALIZADA,ARRUDA,AV PROFESSOR JOSE DOS ANJOS,1561,,EM FRENTE AO CONJUNTO RESIDENCIAL NORTE/FICA NA BEIRA CANAL DO ARRUDA,AV PROFESSOR JOSE DOS ANJOS,1561,EM FRENTE AO CONJUNTO RESIDENCIAL NORTE/FICA NA BEIRA CANAL DO ARRUDA,ARRUDA,,,COLISÃO,DOIS AUTOS S/V,2,,,,,,,,,0,,,,,,,,,,,,,,,,,,
2018-07-16,11:42:00,SEM VÍTIMA,FINALIZADA,CASA FORTE,AV DEZESSETE DE AGOSTO,,RUA FLOR DE SANTANA,COM A RUA FLOR DE SANTANA /SEMÁFORO 654,AV DEZESSETE DE AGOSTO,,COM A RUA FLOR DE SANTANA /SEMÁFORO 654,CASA FORTE,,,COLISÃO,DOIS AUTOS / VT 05 NO QTH,2,,,,,,,,,0,,,,,,,,,,,,,,,,,,
2018-07-16,16:28:00,COM VÍTIMA,FINALIZADA,PINA,AV BOA VIAGEM,,,E/F AO POSTO POLICIAL DO PINA E/F ANTIGO RECIFE PRAIA HOTEL,AV BOA VIAGEM,,E/F AO POSTO POLICIAL DO PINA E/F ANTIGO RECIFE PRAIA HOTEL,PINA,,,COLISÃO,COLISAO ENTRE AUTO E MOTO COM UMA VITIMA,1,1,,,,,,,,1,,,,,,,,,,,,,,,,,,
2018-07-16,17:01:00,COM VÍTIMA,FINALIZADA,MANGABEIRA,AV PROFESSOR JOSE DOS ANJOS,717,,EM FRENTE AO BAR DO JABA, SENTIDO ARRUDA,AV PROFESSOR JOSE DOS ANJOS,717,EM FRENTE AO BAR DO JABA, SENTIDO ARRUDA,MANGABEIRA,,,ATROPELAMENTO,AUTO E PEDESTRE,1,,,,1,,,,,1,,,,,,,,,,,,,,,,
2018-07-16,17:11:00,SEM VÍTIMA,FINALIZADA,MACAXEIRA,RUA CARLOS MARIGHELLA,567,,APOS O CAMPO DO UNIAO, PROX. A LANCHONETE PARADA DO AÇAI,RUA CARLOS MARIGHELLA,567,APOS O CAMPO DO UNIAO, PROX. A LANCHONETE PARADA DO AÇAI,MACAXEIRA,,,COLISÃO,DOIS AUTOS,2,,,,,,,,,0,,,,,,,,,,,,,,,,
2018-07-16,17:35:00,SEM VÍTIMA,FINALIZADA,DERBY,AV GOVERNADOR AGAMENON MAGALHAES,,,NA FRENTE A MEC DONALDS,AV GOVERNADOR AGAMENON MAGALHAES,,NA FRENTE A MEC DONALDS,DERBY,,,COLISÃO,COLISÃO SEM VITIMAS,1,,,,,1,,,,0,,,,,,,,,,,,,,,,,,
2018-07-16,20:33:00,SEM VÍTIMA,FINALIZADA,BOA VIAGEM,RUA ARTUR MUNIZ,1590,,AO LADO DA MEC DONALDS,RUA ARTUR MUNIZ,1590,AO LADO DA MEC DONALDS,BOA VIAGEM,,,COLISÃO,COLISÃO SEM VITIMAS,2,,,,,,,,,0,,,,,,,,,,,,,,,,,,
2018-07-16,20:34:00,COM VÍTIMA,FINALIZADA,CAMPO GRANDE,RUA JERONIMO VILELA,403,,CRUZANDO A R FRANKLIN TÁVORA,RUA JERONIMO VILELA,403,CRUZANDO A R FRANKLIN TÁVORA,CAMPO GRANDE,,,COLISÃO,ENTRE AUTO E MOTO. C/V,1,1,,,,,,,,1,,,,,,,,,,,,,,,,,,
2018-07-16,22:04:00,SEM VÍTIMA,FINALIZADA,MADALENA,RUA BENFICA,39,,PROX. AO CLUB INTERNACIONAL, SENTIDO CAXANGÁ,RUA BENFICA,39,PROX. AO CLUB INTERNACIONAL, SENTIDO CAXANGÁ,MADALENA,,,COLISÃO,COLISÃO SEM VITIMAS,2,,,,,,,,,0,,,,,,,,,,,,,,,,
2018-07-16,22:20:00,SEM VÍTIMA,CANCELADA,DOIS IRMÃOS,RUA CORREGO DA FORTUNA,,,PROX. A UM MURO DE PEDRA, COLEGIO GILBERTO FREIRE,RUA CORREGO DA FORTUNA,,PROX. A UM MURO DE PEDRA, COLEGIO GILBERTO FREIRE,DOIS IRMÃOS,,,CHOQUE,CONDUTOR SUPOSTAMENTE EMBRIAGADO,, COLIDIU COM O MURO,1,,,,,,,,,0,,,,,,,,,,,,,,
2018-07-17,05:25:00,COM VÍTIMA,FINALIZADA,IMBIRIBEIRA,AV MARECHAL MASCARENHAS DE MORAES,S/N,,PROX, DA PASARELA DO AEROPORTO (SENTIDO AFOGADO),AV MARECHAL MASCARENHAS DE MORAES,S/N,PROX, DA PASARELA DO AEROPORTO (SENTIDO AFOGADO),IMBIRIBEIRA,,,ATROPELAMENTO,CIDADÃO TENTOU SUICÍDIO FILMADO PELA CÂMERA DA CTTU,,,,,1,1,,,,1,,,,,,,,,,,,,,,,
2018-07-17,07:51:00,SEM VÍTIMA,FINALIZADA,CASA AMARELA,AV NORTE,5786,,PROX. AO BAR CANTINHO DO PAJE, SENT. CIDADE,AV NORTE,5786,PROX. AO BAR CANTINHO DO PAJE, SENT. CIDADE,CASA AMARELA,,,COLISÃO,CAMINHÃO E ONIBUS VT- 08 NO LOCAL,,,,,,1,1,,,0,,,,,,,,,,,,,,,,
2018-07-17,08:22:00,SEM VÍTIMA,FINALIZADA,SÃO JOSÉ,RUA FLORIANO PEIXOTO,,,EM FRENTE A SECRETARIA DA FAZENDA,RUA FLORIANO PEIXOTO,,EM FRENTE A SECRETARIA DA FAZENDA,SÃO JOSÉ,,,COLISÃO,DOIS AUTOS,2,,,,,,,,,0,,,,,,,,,,,,,,,,,,
2018-07-17,09:30:00,SEM VÍTIMA,FINALIZADA,SANTO AMARO,AV CRUZ CABUGA,,,RUA EM FRENTE AO ARMAZEM CORAL,AV CRUZ CABUGA,,RUA EM FRENTE AO ARMAZEM CORAL,SANTO AMARO,,,COLISÃO,DOIS TAXI,2,,,,,,,,,0,,,,,,,,,,,,,,,,,,
2018-07-17,09:32:00,COM VÍTIMA,FINALIZADA,VÁRZEA,AV CAXANGA,,AV PROF CHAVES BATISTA,COM A AVENIDA PROFESSOR CHAVES BATISTA,AV CAXANGA,,COM A AVENIDA PROFESSOR CHAVES BATISTA,VÁRZEA,,,COLISÃO,COLISÃO COM VITIMA,1,1,,,,,,,,1,,,,,,,,,,,,,,,,,,
2018-07-17,09:33:00,SEM VÍTIMA,FINALIZADA,BOA VIAGEM,AVENIDA CELSO FURTADO (VIA MANGUE),,,EM FRENTE AO WALMART, SENT. BOA VIAGEM,AVENIDA CELSO FURTADO (VIA MANGUE),,EM FRENTE AO WALMART, SENT. BOA VIAGEM,BOA VIAGEM,,,COLISÃO,DOIS AUTOS,2,,,,,,,,,0,,,,,,,,,,,,,,,,
2018-07-17,09:49:00,SEM VÍTIMA,FINALIZADA,CAXANGÁ,AV CAXANGA,,,JUNTO A UPA, SENTIDO RECIFE,AV CAXANGA,,JUNTO A UPA, SENTIDO RECIFE,CAXANGÁ,,,COLISÃO,COLISÃO SEM VITIMAS,3,,,,,,,,,0,,,,,,,,,,,,,,,,
2018-07-17,10:01:00,SEM VÍTIMA,FINALIZADA,ESTÂNCIA,AV RECIFE,512,,PROX. AO SEMAFORO 261, SENTIDO BR, PADARIA RECIPÃO,AV RECIFE,512,PROX. AO SEMAFORO 261, SENTIDO BR, PADARIA RECIPÃO,ESTÂNCIA,,,COLISÃO,COLISÃO SEM VÍTIMAS,2,,,,,,,,,0,,,,,,,,,,,,,,
2018-07-17,10:11:00,SEM VÍTIMA,FINALIZADA,IMBIRIBEIRA,AV MARECHAL MASCARENHAS DE MORAES,,,SENTIDO SUBURBIO CIDADE EM FRENTE A UPA,AV MARECHAL MASCARENHAS DE MORAES,,SENTIDO SUBURBIO CIDADE EM FRENTE A UPA,IMBIRIBEIRA,,,COLISÃO,COLISÃO SEM VITIMAS,1,,,,,,1,,,0,,,,,,,,,,,,,,,,,,
2018-07-17,11:10:00,SEM VÍTIMA,FINALIZADA,AFOGADOS,RUA COSME VIANA,,,PROX. AO PONTILÃO, SENTIDO BOA VIAGEM,RUA COSME VIANA,,PROX. AO PONTILÃO, SENTIDO BOA VIAGEM,AFOGADOS,,,COLISÃO,COLISÃO COM TRÊS VEICULOS SEM VITIMAS,3,,,,,,,,,0,,,,,,,,,,,,,,,,
2018-07-17,11:23:00,COM VÍTIMA,FINALIZADA,IMBIRIBEIRA,RUA NORUEGA,,,EM FRENTE A GALERIA NORUEGA,RUA NORUEGA,,EM FRENTE A GALERIA NORUEGA,IMBIRIBEIRA,,,COLISÃO,COLISÃO COM VITIMA,1,1,,,,,,,,1,,,,,,,,,,,,,,,,,,
2018-07-17,12:13:00,SEM VÍTIMA,CANCELADA,PINA,AV ANTONIO DE GOES,,,PROX AO EMPRESARIAL JOOPIN /NA SAIDA DO TUNEL,AV ANTONIO DE GOES,,PROX AO EMPRESARIAL JOOPIN /NA SAIDA DO TUNEL,PINA,,,COLISÃO,CAMINHAOE AMBULANCIA S/V AGENTE DE TRANSITO ( FAZ TRRENO),,,,,,,1,1,,0,,,,,,,,,,,,,,,,,,
2018-07-17,12:49:00,SEM VÍTIMA,FINALIZADA,CORDEIRO,AV CAXANGA,2215,,EM FRENTE A GALETUS/ SENTIDO CIDADE,AV CAXANGA,2215,EM FRENTE A GALETUS/ SENTIDO CIDADE,CORDEIRO,,,COLISÃO,COLISÃO SEM VÍTIMA,3,,,,,,,,,0,,,,,,,,,,,,,,,,,,
2018-07-17,13:38:00,,CANCELADA,MADALENA,RUA BRAULIO GONCALVES,,,POR TRÁS DO POSTO PETROBRÁS,RUA BRAULIO GONCALVES,,POR TRÁS DO POSTO PETROBRÁS,MADALENA,,,ACID. DE PERCURSO,CAMINHÃO ARRASTOU FIOS E POSTE CAIU EM CIMA DE CARROS,1,,,,,,,,,0,,,,,,,,,,,,,,,,,,
2018-07-17,15:05:00,SEM VÍTIMA,FINALIZADA,IPSEP,AV RECIFE,2775,,LADO OPOSTO DA PIZZARIA ATLANTICO/ SENTIDO BOA VIAGEM,AV RECIFE,2775,LADO OPOSTO DA PIZZARIA ATLANTICO/ SENTIDO BOA VIAGEM,IPSEP,,,COLISÃO,COLISÃO SEM VÍTIMA,2,,,,,,,,,0,,,,,,,,,,,,,,,,,,