data,hora,natureza_acidente,situacao,bairro,endereco,numero,detalhe_endereco_acidente,complemento,endereco_cruzamento,numero_cruzamento,referencia_cruzamento,bairro_cruzamento,num_semaforo,sentido_via,tipo,descricao,auto,moto,ciclom,ciclista,pedestre,onibus,caminhao,viatura,outros,vitimas,vitimasfatais,acidente_verificado,tempo_clima,situacao_semaforo,sinalizacao,condicao_via,conservacao_via,ponto_controle,situacao_placa,velocidade_max_via,mao_direcao,divisao_via1,divisao_via2,divisao_via3,,,,
2018-07-17,15:19:00,COM VÍTIMA,FINALIZADA,CORDEIRO,AV INACIO MONTEIRO,458,,E/F A FARMACIA AKI FARMA,AV INACIO MONTEIRO,458,E/F A FARMACIA AKI FARMA,CORDEIRO,,,COLISÃO,COLISAO ENTRE MOTO E AUTO S/V,1,1,,,,,,,,1,,,,,,,,,,,,,,,,,,
2018-07-17,15:22:00,SEM VÍTIMA,FINALIZADA,IPSEP,RUA JEAN EMILE FAVRE,1300,,EM FRENTE AO IGUASSU SUPERMERCADO/ACADEMIA YES FIT,RUA JEAN EMILE FAVRE,1300,EM FRENTE AO IGUASSU SUPERMERCADO/ACADEMIA YES FIT,IPSEP,,,COLISÃO,MOTO E AUTO S/V,1,1,,,,,,,,0,,,,,,,,,,,,,,,,,,
2018-07-17,15:46:00,SEM VÍTIMA,FINALIZADA,DERBY,AV GOVERNADOR AGAMENON MAGALHAES,,,EM FRENTE AO HR S/T ZONA SUL,AV GOVERNADOR AGAMENON MAGALHAES,,EM FRENTE AO HR S/T ZONA SUL,DERBY,,,COLISÃO,DOIS AUTOS S/V,2,,,,,,,,,0,,,,,,,,,,,,,,,,,,
2018-07-17,15:53:00,SEM VÍTIMA,FINALIZADA,MADALENA,RUA BENFICA,,,EM FRENTE AO CLUBE INTERNACIONAL,RUA BENFICA,,EM FRENTE AO CLUBE INTERNACIONAL,MADALENA,,,COLISÃO,DOIS AUTOS S/V,2,,,,,,,,,0,,,,,,,,,,,,,,,,,,
2018-07-17,15:56:00,SEM VÍTIMA,FINALIZADA,BOA VISTA,RUA DA SANTA CRUZ,,,PROX A PADARIA SANTA CRUZ,RUA DA SANTA CRUZ,,PROX A PADARIA SANTA CRUZ,BOA VISTA,,,COLISÃO,DOIS AUTOS S/V GM ENCONTRA- SE NO LOCAL,2,,,,,,,,,0,,,,,,,,,,,,,,,,,,
2018-07-17,16:11:00,SEM VÍTIMA,FINALIZADA,AREIAS,RUA RIO SOLIMOES,231,,PROX A PADARIA SOLIMOES,RUA RIO SOLIMOES,231,PROX A PADARIA SOLIMOES,AREIAS,,,COLISÃO,COLISAO ENTRE DOIS AUTOS S/V,2,,,,,,,,,0,,,,,,,,,,,,,,,,,,
2018-07-17,16:19:00,SEM VÍTIMA,FINALIZADA,BOA VIAGEM,RUA DOS NAVEGANTES,865,,PROX AO EDIFICIL VAUTHIER/NO CRUZAMENTO DA ERNESTRO DE PAULA SANTOS,RUA DOS NAVEGANTES,865,PROX AO EDIFICIL VAUTHIER/NO CRUZAMENTO DA ERNESTRO DE PAULA SANTOS,BOA VIAGEM,,,COLISÃO,TRES AUTOS S/V,3,,,,,,,,,0,,,,,,,,,,,,,,,,,,
2018-07-17,16:23:00,SEM VÍTIMA,FINALIZADA,IMBIRIBEIRA,AV MARECHAL MASCARENHAS DE MORAES,2809,,E/F AO BANCO ITAU S/T AEROPORTO,AV MARECHAL MASCARENHAS DE MORAES,2809,E/F AO BANCO ITAU S/T AEROPORTO,IMBIRIBEIRA,,,COLISÃO,COLISAO ENTRE DOIS AUTOS S/V,4,,,,,,,,,0,,,,,,,,,,,,,,,,,,
2018-07-17,16:32:00,SEM VÍTIMA,FINALIZADA,BOA VIAGEM,AV CONSELHEIRO AGUIAR,,,EM FRENTE AS LOJAS AMERICANAS,AV CONSELHEIRO AGUIAR,,EM FRENTE AS LOJAS AMERICANAS,BOA VIAGEM,,,COLISÃO,ONIBUS / DOIS AUTOS S/V GM ESTA NO LOCAL,2,,,,,1,,,,0,,,,,,,,,,,,,,,,,,
2018-07-17,16:43:00,SEM VÍTIMA,EQUIPE EM DESLOCAMENTO,BOA VIAGEM,RUA JOAO CARDOSO AIRES,769,RUA PROF AUGUSTO LINS E SILVA,COM A RUA PROFESSOR AUGUSTO LINS E SILVA,RUA JOAO CARDOSO AIRES,769,COM A RUA PROFESSOR AUGUSTO LINS E SILVA,BOA VIAGEM,,,COLISÃO,COLISAO ENTRE QUATRO AUTOS S/V,4,,,,,,,,,0,,,,,,,,,,,,,,,,,,
2018-07-17,16:53:00,SEM VÍTIMA,FINALIZADA,BOA VIAGEM,RUA CONEGO ROMEU,314,,EM FRENTE AO EDIFICIO PETROPOLIS,RUA CONEGO ROMEU,314,EM FRENTE AO EDIFICIO PETROPOLIS,BOA VIAGEM,,,COLISÃO,COLISÃO SEM VÍTIMA,2,,,,,,,,,0,,,,,,,,,,,,,,,,,,
2018-07-17,17:22:00,COM VÍTIMA,FINALIZADA,BOMBA DO HEMETÉRIO,RUA BOMBA DO HEMETERIO,,,NA ENTRADA DA BOMBA DO HEMETERIO/ APOS A GIRATORIA,RUA BOMBA DO HEMETERIO,,NA ENTRADA DA BOMBA DO HEMETERIO/ APOS A GIRATORIA,BOMBA DO HEMETÉRIO,,,COLISÃO,MOTO E AUTO C/V,1,1,,,,,,,,1,,,,,,,,,,,,,,,,,,
2018-07-17,18:22:00,COM VÍTIMA,FINALIZADA,ESTÂNCIA,RUA SAO MIGUEL,,,NA FRENTE DO POSTO IPIRANGA/NA FRENTE DO ABC OFICINA,RUA SAO MIGUEL,,NA FRENTE DO POSTO IPIRANGA/NA FRENTE DO ABC OFICINA,ESTÂNCIA,,,COLISÃO,MOTO E AUTOS S/V,1,1,,,,,,,,1,,,,,,,,,,,,,,,,,,
2018-07-17,18:44:00,COM VÍTIMA,FINALIZADA,TORRE,RUA REAL DA TORRE,,RUA DONDE DE IRAJA,CRUZAMENTO COM A RUA CONDE DE IRAJA SEMAFORO 106,RUA REAL DA TORRE,,CRUZAMENTO COM A RUA CONDE DE IRAJA SEMAFORO 106,TORRE,,,COLISÃO COM CICLISTA,VEICULO X CICLISTA OBS:: VEICULO SE EVADIU DO LOCAL,1,,,1,,,,,,1,,,,,,,,,,,,,,,,,,
2018-07-17,19:11:00,SEM VÍTIMA,FINALIZADA,CASA FORTE,RUA DR JOAO SANTOS FILHO,,,ENF AO SHOPPING PLAZA NA ENTRADA PRINCIPAL ONDE FICA O PONTO DE TAXI,RUA DR JOAO SANTOS FILHO,,ENF AO SHOPPING PLAZA NA ENTRADA PRINCIPAL ONDE FICA O PONTO DE TAXI,CASA FORTE,,,COLISÃO,TAXI X HB 20,2,,,,,,,,,0,,,,,,,,,,,,,,,,,,
2018-07-17,19:23:00,,CANCELADA,AFOGADOS,RUA SAO MIGUEL,1553,,ENF AO POSTO IPIRANGA E GLOBO VIDRO,RUA SAO MIGUEL,1553,ENF AO POSTO IPIRANGA E GLOBO VIDRO,AFOGADOS,,,COLISÃO,MOTO X CORSA,1,1,,,,,,,,1,,,,,,,,,,,,,,,,,,
2018-07-17,23:43:00,SEM VÍTIMA,FINALIZADA,BOA VIAGEM,RUA JOAO CARDOSO AIRES,,RUA RIO AZUL,CRUZAMENTO COM A RUA RIO AZUL PROX AO COLEGIO MADRE DE DEUS,RUA JOAO CARDOSO AIRES,,CRUZAMENTO COM A RUA RIO AZUL PROX AO COLEGIO MADRE DE DEUS,BOA VIAGEM,,,COLISÃO,ECOSPORT X MERCEDES,2,,,,,,,,,0,,,,,,,,,,,,,,,,,,
2018-07-18,07:12:00,SEM VÍTIMA,FINALIZADA,VÁRZEA,AV AFONSO OLINDENSE,730,,EM FRENTE AO EDF PRAÇA ARAUCARIAS,AV AFONSO OLINDENSE,730,EM FRENTE AO EDF PRAÇA ARAUCARIAS,VÁRZEA,,,COLISÃO,MOTO E AUTO,1,1,,,,,,,,0,,,,,,,,,,,,,,,,,,
2018-07-18,07:57:00,COM VÍTIMA,FINALIZADA,PINA,,,,TÚNEL MANOEL DE BRITO,,,TÚNEL MANOEL DE BRITO,PINA,,,ACID. DE PERCURSO,,,1,,,,,,,,1,,,,,,,,,,,,,,,,,,
2018-07-18,07:17:00,COM VÍTIMA,FINALIZADA,CAXANGÁ,AV CAXANGA,,,SENTIDO CIDADE EM BAIXO DO SEMAFORO 236,AV CAXANGA,,SENTIDO CIDADE EM BAIXO DO SEMAFORO 236,CAXANGÁ,,,COLISÃO,COLISÃO COM VITIMA A ESPERA DO SAMU,,2,,,,,,,,1,,,,,,,,,,,,,,,,,,
2018-07-18,07:44:00,SEM VÍTIMA,FINALIZADA,SANTO AMARO,PTE DO LIMOEIRO,,,SEMÁFORO 243,PTE DO LIMOEIRO,,SEMÁFORO 243,SANTO AMARO,,,COLISÃO,COLISÃO SEM VITIMA,1,,,1,,,,,,0,,,,,,,,,,,,,,,,,,
2018-07-18,08:30:00,SEM VÍTIMA,FINALIZADA,IBURA,AV DOM HELDER CAMARA,,,EM FRENTE A JM BORRACHARIA,AV DOM HELDER CAMARA,,EM FRENTE A JM BORRACHARIA,IBURA,,,COLISÃO,COLISÃO SEM VÍTIMA, ENTRE 2 AUTOS.,2,,,,,,,,,0,,,,,,,,,,,,,,,,,
2018-07-18,08:39:00,SEM VÍTIMA,FINALIZADA,MACAXEIRA,AV NORTE,89,,PROX. AO TERMINAL DA MACAXEIRA, SENT. RECIFE,AV NORTE,89,PROX. AO TERMINAL DA MACAXEIRA, SENT. RECIFE,MACAXEIRA,,,COLISÃO,CAMINHÃO E AUTO,1,,,,,,1,,,0,,,,,,,,,,,,,,,,
2018-07-18,10:01:00,SEM VÍTIMA,FINALIZADA,IMBIRIBEIRA,RUA JOAQUIM BANDEIRA,374,,AO LADO DA EMPRESA MAFEMA MATERIAS ELETRICOS,RUA JOAQUIM BANDEIRA,374,AO LADO DA EMPRESA MAFEMA MATERIAS ELETRICOS,IMBIRIBEIRA,,,COLISÃO,COLISÃO SEM VITIMAS,2,,,,,,,,,0,,,,,,,,,,,,,,,,,,
2018-07-18,10:22:00,SEM VÍTIMA,FINALIZADA,BOA VIAGEM,RUA ANTONIO FALCAO,144,,EM FRENTE AO PLANETA KIDS,RUA ANTONIO FALCAO,144,EM FRENTE AO PLANETA KIDS,BOA VIAGEM,,,COLISÃO,DOIS AUTOS,2,,,,,,,,,0,,,,,,,,,,,,,,,,,,
2018-07-18,10:22:00,SEM VÍTIMA,FINALIZADA,SAN MARTIN,RUA COMENDADOR FRANCO FERREIRA,2021,,EM FRENTE AO MINI SHOPPING SAN MARTIN E AO BAR SAN BOTEQUIM,RUA COMENDADOR FRANCO FERREIRA,2021,EM FRENTE AO MINI SHOPPING SAN MARTIN E AO BAR SAN BOTEQUIM,SAN MARTIN,,,COLISÃO,COLISÃO SEM VITIMAS,2,,,,,,,,,0,,,,,,,,,,,,,,,,,,
2018-07-18,10:39:00,COM VÍTIMA,FINALIZADA,CAXANGÁ,AV CAXANGA,,,SENTIDO CIDADE PROX AO GETULIO VARGAS SOBRE A FAIXA DO BRT,AV CAXANGA,,SENTIDO CIDADE PROX AO GETULIO VARGAS SOBRE A FAIXA DO BRT,CAXANGÁ,,,ATROPELAMENTO,VITIMA SOCORRIDA PELO SAMU,,,,,1,,,1,,1,,,,,,,,,,,,,,,,,,
2018-07-18,11:00:00,SEM VÍTIMA,FINALIZADA,TEJIPIÓ,AV DR JOSE RUFINO,,,E/F AO 4º BCOM, SENTIDO JABOATÃO.,AV DR JOSE RUFINO,,E/F AO 4º BCOM, SENTIDO JABOATÃO.,TEJIPIÓ,,,COLISÃO,SEM VÍTIMAS,3,,,,,,,,,0,,,,,,,,,,,,,,,,
2018-07-18,11:31:00,SEM VÍTIMA,FINALIZADA,AREIAS,AV DR JOSE RUFINO,1501,,E/F A IGREJA PRESBITERIANA DE AREIAS.,AV DR JOSE RUFINO,1501,E/F A IGREJA PRESBITERIANA DE AREIAS.,AREIAS,,,COLISÃO,SEM VÍTIMAS.,1,,,,,,1,,,0,,,,,,,,,,,,,,,,,,
2018-07-18,11:45:00,SEM VÍTIMA,FINALIZADA,AFLITOS,AV CONS ROSA E SILVA,708,,EM FRENTE A AUTO ESCOLA PILOTO,AV CONS ROSA E SILVA,708,EM FRENTE A AUTO ESCOLA PILOTO,AFLITOS,,,COLISÃO,ONIBUS E AUTO,1,,,,,1,,,,0,,,,,,,,,,,,,,,,,,
2018-07-18,12:18:00,SEM VÍTIMA,FINALIZADA,IMBIRIBEIRA,AV MARECHAL MASCARENHAS DE MORAES,2657,,E/F A IMBIRIBEIRA DISEL S/T AEROPORTO,AV MARECHAL MASCARENHAS DE MORAES,2657,E/F A IMBIRIBEIRA DISEL S/T AEROPORTO,IMBIRIBEIRA,,,COLISÃO,COLISAO ENTRE TREAS AUTOS S/V,3,,,,,,,,,0,,,,,,,,,,,,,,,,,,
2018-07-18,12:54:00,SEM VÍTIMA,FINALIZADA,CASA FORTE,EST DO ENCANAMENTO,323,,AO LADO DO COLEGIO JOSE VILELA, NO SEMAFORO 462,EST DO ENCANAMENTO,323,AO LADO DO COLEGIO JOSE VILELA, NO SEMAFORO 462,CASA FORTE,,,COLISÃO,DOIS AUTOS,2,,,,,,,,,0,,,,,,,,,,,,,,,,
2018-07-18,12:58:00,SEM VÍTIMA,FINALIZADA,IPSEP,AV RECIFE,3081,,PROX AO POSTO FEDERAL S/T AEROPORTO,AV RECIFE,3081,PROX AO POSTO FEDERAL S/T AEROPORTO,IPSEP,,,COLISÃO,COLISAO ENTRE DOIS AUTOS S/V,2,,,,,,,,,0,,,,,,,,,,,,,,,,,,
2018-07-18,13:07:00,SEM VÍTIMA,FINALIZADA,SÃO JOSÉ,AV SUL,,,NO SEMÁFORO 311,AV SUL,,NO SEMÁFORO 311,SÃO JOSÉ,,,COLISÃO,COLISÃO SEM VÍTIMA,1,,,,,,1,,,0,,,,,,,,,,,,,,,,,,
2018-07-18,13:15:00,SEM VÍTIMA,CANCELADA,BOA VIAGEM,AV BOA VIAGEM,618,,PRX. AO HOTEL TRANSAMERICA,AV BOA VIAGEM,618,PRX. AO HOTEL TRANSAMERICA,BOA VIAGEM,,,COLISÃO,DOIS AUTOS,2,,,,,,,,,0,,,,,,,,,,,,,,,,,,
2018-07-18,13:42:00,SEM VÍTIMA,CANCELADA,IPUTINGA,EST DO BARBALHO,46,,PROX A O DETRAN,EST DO BARBALHO,46,PROX A O DETRAN,IPUTINGA,,,COLISÃO,COLISAO ENTRE DOIS AUTOS S/V,2,,,,,,,,,0,,,,,,,,,,,,,,,,,,
2018-07-18,13:53:00,SEM VÍTIMA,FINALIZADA,IPSEP,AV RECIFE,,,EM FRENTE AO POSTO DE GASOLINA FEDERAL, SENT. BOA VIAGEM,AV RECIFE,,EM FRENTE AO POSTO DE GASOLINA FEDERAL, SENT. BOA VIAGEM,IPSEP,,,COLISÃO,DOIS ONIBUS,,,,,,2,,,,0,,,,,,,,,,,,,,,,
2018-07-18,13:57:00,COM VÍTIMA,FINALIZADA,ENCRUZILHADA,RUA FREDERICO,191,RUA DONA ELVIRA,CRUZAMENTO COM A RUA DONA ELVIRA,RUA FREDERICO,191,CRUZAMENTO COM A RUA DONA ELVIRA,ENCRUZILHADA,,,COLISÃO,COLISÃO COM VÍTIMA,2,,,,,,,,,1,,,,,,,,,,,,,,,,,,
2018-07-18,13:58:00,SEM VÍTIMA,FINALIZADA,AFOGADOS,RUA VINTE E UM DE ABRIL,1769,,AO LADO DO CAFE PETINHO S/T GIRADOURO DE SAN MARTIN,RUA VINTE E UM DE ABRIL,1769,AO LADO DO CAFE PETINHO S/T GIRADOURO DE SAN MARTIN,AFOGADOS,,,COLISÃO,COLISAO ENTRE DOIS AUTOS S/V,2,,,,,,,,,0,,,,,,,,,,,,,,,,,,
2018-07-18,14:51:00,SEM VÍTIMA,FINALIZADA,BOA VISTA,RUA JOAO FERNANDES VIEIRA,350,RUA PADRE INGLES,PROXIMO AO LABORATORIO DA UNIBRA/ CRUZAMENTO COM A RUA PADRE INGLÊS,RUA JOAO FERNANDES VIEIRA,350,PROXIMO AO LABORATORIO DA UNIBRA/ CRUZAMENTO COM A RUA PADRE INGLÊS,BOA VISTA,,,COLISÃO,COLISÃO SEM VÍTIMA,2,,,,,,,,,0,,,,,,,,,,,,,,,,,,
2018-07-18,15:42:00,SEM VÍTIMA,FINALIZADA,CIDADE UNIVERSITÁRIA,RUA ACADEMICO HELIO RAMOS,,,NO TERMINAL DE CDU BOA VIAGEM,RUA ACADEMICO HELIO RAMOS,,NO TERMINAL DE CDU BOA VIAGEM,CIDADE UNIVERSITÁRIA,,,COLISÃO,COLISAO ENTRE ONIBUS E AUTO S/V,1,,,,,1,,,,0,,,,,,,,,,,,,,,,,,
2018-07-18,17:06:00,SEM VÍTIMA,FINALIZADA,ESPINHEIRO,RUA JOSE LUIZ DA SILVEIRA BARROS,225,,PROX. AO HAP VIDA,RUA JOSE LUIZ DA SILVEIRA BARROS,225,PROX. AO HAP VIDA,ESPINHEIRO,,,COLISÃO,ONIBUS E AUTO,1,,,,,1,,,,0,,,,,,,,,,,,,,,,,,
2018-07-18,17:34:00,SEM VÍTIMA,FINALIZADA,IMBIRIBEIRA,RUA ENGENHEIRO JOSE APOLINARIO,184,,APOS OS SINDICATO DOS TAXISTAS, SEGUNDA A DIREITA,RUA ENGENHEIRO JOSE APOLINARIO,184,APOS OS SINDICATO DOS TAXISTAS, SEGUNDA A DIREITA,IMBIRIBEIRA,,,COLISÃO,DUAS MOTOS,,2,,,,,,,,0,,,,,,,,,,,,,,,,
2018-07-18,18:09:00,SEM VÍTIMA,FINALIZADA,AFOGADOS,RUA DA PAZ,253,,ENF A IGREJA UNIVERSAL SEMAFORO 528,RUA DA PAZ,253,ENF A IGREJA UNIVERSAL SEMAFORO 528,AFOGADOS,,,COLISÃO,CAMINHAO X ETIOS,1,,,,,,1,,,0,,,,,,,,,,,,,,,,,,
2018-07-18,18:19:00,SEM VÍTIMA,FINALIZADA,BOA VIAGEM,RUA DOM JOSE LOPES,,,BAR ESCRITÓRIO,RUA DOM JOSE LOPES,,BAR ESCRITÓRIO,BOA VIAGEM,,,COLISÃO,COM VÍTIMA,1,1,,,,,,,,0,,,,,,,,,,,,,,,,,,
2018-07-18,19:11:00,SEM VÍTIMA,FINALIZADA,ESPINHEIRO,RUA SAO SALVADOR,933,RUA DA HORA,NA ESQUINA DA RUA DA HORA,RUA SAO SALVADOR,933,NA ESQUINA DA RUA DA HORA,ESPINHEIRO,,,COLISÃO,DOIS AUTO,2,,,,,,,,,0,,,,,,,,,,,,,,,,,,
2018-07-18,19:13:00,SEM VÍTIMA,FINALIZADA,JOANA BEZERRA,AV DES GUERRA BARRETO,,,EM FRENTE AO FORO DE JOANA BEZERRA,AV DES GUERRA BARRETO,,EM FRENTE AO FORO DE JOANA BEZERRA,JOANA BEZERRA,,,COLISÃO,DOIS AUTOS S/V,2,,,,,,,,,0,,,,,,,,,,,,,,,,,,
2018-07-18,20:47:00,SEM VÍTIMA,CANCELADA,DOIS UNIDOS,RUA VILA FLOR,105,,AO LADO DA ESCOLA ALTO MARACANA,RUA VILA FLOR,105,AO LADO DA ESCOLA ALTO MARACANA,DOIS UNIDOS,,,COLISÃO,SPRINTER E CAMINHAO S/V,,,,,,1,1,,,0,,,,,,,,,,,,,,,,,,
2018-07-18,23:05:00,SEM VÍTIMA,FINALIZADA,ROSARINHO,AV SANTOS DUMONT,420,RUA TELES JUNIOR,PROX A EXTRA FARMA // CRUZAMENTO COM A RUA TELES JUNIOR,AV SANTOS DUMONT,420,PROX A EXTRA FARMA // CRUZAMENTO COM A RUA TELES JUNIOR,ROSARINHO,,,COLISÃO,ONIBUS TRANSCON X GOL,1,,,,,1,,,,0,,,,,,,,,,,,,,,,,,
2018-07-18,23:29:00,COM VÍTIMA,FINALIZADA,TORRE,RUA JOSE BONIFACIO,,,EM FRENTE AO CARREFUR,RUA JOSE BONIFACIO,,EM FRENTE AO CARREFUR,TORRE,,,CHOQUE,AUTO/POSTE C/V (COM FIO NO CHAO),1,,,,,,,,,1,,,,,,,,,,,,,,,,,,
2018-07-19,06:51:00,SEM VÍTIMA,FINALIZADA,BOA VIAGEM,AV DES JOSE NEVES,,,SOB O SEMÁFORO 592,AV DES JOSE NEVES,,SOB O SEMÁFORO 592,BOA VIAGEM,,,CAPOTAMENTO,,,,,,,,,,,0,,,,,,,,,,,,,,,,,,
2018-07-19,07:19:00,,CANCELADA,BOA VIAGEM,AV DOM JOAO VI,,,POR TRAZ DO HIPER DE BOA VIAGEM, SAIDO DO TUNEL SENTIDO O BAIRRO DO RECIFE, APROXIMADAMENTE 100METROS,AV DOM JOAO VI,,POR TRAZ DO HIPER DE BOA VIAGEM, SAIDO DO TUNEL SENTIDO O BAIRRO DO RECIFE, APROXIMADAMENTE 100METROS,BOA VIAGEM,,,CAPOTAMENTO,VEICULO ESTA NA VIA,1,,,,,,,,,0,,,,,,,,,,,,,,
2018-07-19,07:29:00,SEM VÍTIMA,FINALIZADA,BOA VIAGEM,AV BOA VIAGEM,TIAGO,,PROX AO EDIF. HOLLIDAY, APOS O RECIFE PALACE,AV BOA VIAGEM,,PROX AO EDIF. HOLLIDAY, APOS O RECIFE PALACE,BOA VIAGEM,,,COLISÃO,COLIÃO SEM VÍTIMAS,1,1,,,,,,,,0,,,,,,,,,,,,,,,,
2018-07-19,08:03:00,COM VÍTIMA,FINALIZADA,SANTO ANTÔNIO,AV MARTINS DE BARROS,,,FORUM THOMAS DE AQUINO,AV MARTINS DE BARROS,,FORUM THOMAS DE AQUINO,SANTO ANTÔNIO,,,COLISÃO,COLISÃO COM VÍTIMA,1,1,,,,,,,,1,,,,,,,,,,,,,,,,,,
2018-07-19,08:46:00,SEM VÍTIMA,CANCELADA,SÃO JOSÉ,C SANTA RITA,,,SENTIDO CIDADE, SEMÁFORO 571,C SANTA RITA,,SENTIDO CIDADE, SEMÁFORO 571,SÃO JOSÉ,,,COLISÃO,SEM VÍTIMAS,1,,,,,1,,,,0,,,,,,,,,,,,,,,,
2018-07-19,09:53:00,SEM VÍTIMA,FINALIZADA,CASA AMARELA,EST DO ENCANAMENTO,241,,PROX. AO HOSPITAL SANTA LUZIA,EST DO ENCANAMENTO,241,PROX. AO HOSPITAL SANTA LUZIA,CASA AMARELA,,,COLISÃO,COLISÃO SEM VITIMAS,2,,,,,,,,,0,,,,,,,,,,,,,,,,,,
2018-07-19,10:41:00,SEM VÍTIMA,FINALIZADA,CAMPO GRANDE,AV RUI BARBOSA,,,EM FRENTE A PIZZARIA ATLANTICO, NO SEMAFORO 126,AV RUI BARBOSA,,EM FRENTE A PIZZARIA ATLANTICO, NO SEMAFORO 126,CAMPO GRANDE,,,COLISÃO,AUTO E VT- DA PM,1,,,,,,,1,,0,,,,,,,,,,,,,,,,
2018-07-19,10:58:00,SEM VÍTIMA,FINALIZADA,CASA AMARELA,AV NORTE,,,NA FRENTE A TRANPORTADORA GLOBO,AV NORTE,,NA FRENTE A TRANPORTADORA GLOBO,CASA AMARELA,,,COLISÃO,COLISÃO SEM VITIMAS,1,,,,,,,1,,0,,,,,,,,,,,,,,,,,,
2018-07-19,11:57:00,SEM VÍTIMA,FINALIZADA,CORDEIRO,AV CAXANGA,,,LADO OPOSTO AO PARQUE DE EXPOSIÇÃO DO CORDEIRO SENTIDO SUBÚRBIO / CIDADE,AV CAXANGA,,LADO OPOSTO AO PARQUE DE EXPOSIÇÃO DO CORDEIRO SENTIDO SUBÚRBIO / CIDADE,CORDEIRO,,,TOMBAMENTO,TOMBAMENTO DE AMBULANCIA,,,,,,,,,,0,,,,,,,,,,,,,,,,,,
2018-07-19,11:59:00,SEM VÍTIMA,CANCELADA,CORDEIRO,AV GENERAL SAN MARTIN,554,,E/F A AUTO ESCOLA RECIFE, SENTIDO CAXANGA,AV GENERAL SAN MARTIN,554,E/F A AUTO ESCOLA RECIFE, SENTIDO CAXANGA,CORDEIRO,,,COLISÃO,AUTO E CAMINHAO S/V,1,,,,,,1,,,0,,,,,,,,,,,,,,,,
2018-07-19,12:17:00,SEM VÍTIMA,FINALIZADA,AFOGADOS,RUA VINTE E UM DE ABRIL,355,,PROX A CLUBE FERROVIÁRIO,RUA VINTE E UM DE ABRIL,355,PROX A CLUBE FERROVIÁRIO,AFOGADOS,,,COLISÃO,COLISAO ENTRE ONIBUS E AUTO S/V,1,,,,,1,,,,0,,,,,,,,,,,,,,,,,,
2018-07-19,12:26:00,,CANCELADA,CORDEIRO,AV CAXANGA,,,SEMAFORO 235, EM FRENTE A EXPOSIÇAO DE ANIMAIS,AV CAXANGA,,SEMAFORO 235, EM FRENTE A EXPOSIÇAO DE ANIMAIS,CORDEIRO,,,COLISÃO,AUTO E AMBULANCIA,1,,,,,,1,,,0,,,,,,,,,,,,,,,,
2018-07-19,12:37:00,SEM VÍTIMA,CANCELADA,IPSEP,AV PRESIDENTE DUTRA,,,NA DESCIDA DO VIATUDO TANCREDO NEVES/ SENTIDO AV RECIFE,AV PRESIDENTE DUTRA,,NA DESCIDA DO VIATUDO TANCREDO NEVES/ SENTIDO AV RECIFE,IPSEP,,,COLISÃO,COLISÃO SEM VÍTIMA,,,,,,,,,,0,,,,,,,,,,,,,,,,,,
2018-07-19,13:11:00,SEM VÍTIMA,FINALIZADA,PINA,AV ANTONIO DE GOES,,,EM FRENTE AO FULL JUMP, PROX. AO RESTAURANTE BARGAÇO,AV ANTONIO DE GOES,,EM FRENTE AO FULL JUMP, PROX. AO RESTAURANTE BARGAÇO,PINA,,,COLISÃO,DOIS AUTOS,2,,,,,,,,,0,,,,,,,,,,,,,,,,
2018-07-19,13:20:00,SEM VÍTIMA,FINALIZADA,TORRE,RUA CONDE DE IRAJA,135,,E/F AO EXERCITO DA SALVAÇÃO,RUA CONDE DE IRAJA,135,E/F AO EXERCITO DA SALVAÇÃO,TORRE,,,COLISÃO,COLISAO ENTRE DOIS AUTOS S/V,2,,,,,,,,,0,,,,,,,,,,,,,,,,,,
2018-07-19,13:21:00,SEM VÍTIMA,FINALIZADA,ENCRUZILHADA,AV JOAO DE BARROS,1629,,EM FRENTE AO ITAU,AV JOAO DE BARROS,1629,EM FRENTE AO ITAU,ENCRUZILHADA,,,COLISÃO,DOIS AUTOS,2,,,,,,,,,0,,,,,,,,,,,,,,,,,,
2018-07-19,13:32:00,,CANCELADA,TORRE,RUA CONDE DE IRAJA,108,,SEMAFORO 630,RUA CONDE DE IRAJA,108,SEMAFORO 630,TORRE,,,COLISÃO,DOIS AUTOS,,,,,,,,,,0,,,,,,,,,,,,,,,,,,
2018-07-19,13:50:00,SEM VÍTIMA,CANCELADA,TORRE,RUA CONDE DE IRAJA,,,MARQUESA MOVEIS,RUA CONDE DE IRAJA,,MARQUESA MOVEIS,TORRE,,,COLISÃO,DOIS AUTOS,2,,,,,,,,,0,,,,,,,,,,,,,,,,,,
2018-07-19,15:32:00,COM VÍTIMA,FINALIZADA,BAIRRO DO RECIFE,CAIS DO APOLO,,,AO LADO DO BANCO DO BRASIL,CAIS DO APOLO,,AO LADO DO BANCO DO BRASIL,BAIRRO DO RECIFE,,,ATROPELAMENTO,,1,,,,1,,,,,1,,,,,,,,,,,,,,,,,,
2018-07-19,15:40:00,SEM VÍTIMA,FINALIZADA,AFOGADOS,RUA SAO MIGUEL,,,EM FRENTE AO BODE DO NO,RUA SAO MIGUEL,,EM FRENTE AO BODE DO NO,AFOGADOS,,,COLISÃO,DOIS AUTOS,2,,,,,,,,,0,,,,,,,,,,,,,,,,,,
2018-07-19,15:44:00,SEM VÍTIMA,FINALIZADA,PINA,AV HERCULANO BANDEIRA,544,,EM FRENTE AO MARTELINHO DE OURO,AV HERCULANO BANDEIRA,544,EM FRENTE AO MARTELINHO DE OURO,PINA,,,COLISÃO,COLISÃO SEM VÍTIMA,2,,,,,,,,,0,,,,,,,,,,,,,,,,,,
2018-07-19,15:51:00,SEM VÍTIMA,FINALIZADA,SANTO AMARO,AV NORTE,,RUA TREZE DE MAIO,ESQUINA COM RUA 13 DE MAIO,AV NORTE,,ESQUINA COM RUA 13 DE MAIO,SANTO AMARO,,,COLISÃO,COLISÃO SEM VÍTIMA,2,,,,,,,,,0,,,,,,,,,,,,,,,,,,
2018-07-19,16:08:00,SEM VÍTIMA,FINALIZADA,TORRE,RUA CONDE DE IRAJA,128,,EM FRENTE A LAVANDERIA DRIVE CLEAR,RUA CONDE DE IRAJA,128,EM FRENTE A LAVANDERIA DRIVE CLEAR,TORRE,,,COLISÃO,DOIS AUTOS,2,,,,,,,,,0,,,,,,,,,,,,,,,,,,