data,hora,natureza_acidente,situacao,bairro,endereco,numero,detalhe_endereco_acidente,complemento,endereco_cruzamento,numero_cruzamento,referencia_cruzamento,bairro_cruzamento,num_semaforo,sentido_via,tipo,descricao,auto,moto,ciclom,ciclista,pedestre,onibus,caminhao,viatura,outros,vitimas,vitimasfatais,acidente_verificado,tempo_clima,situacao_semaforo,sinalizacao,condicao_via,conservacao_via,ponto_controle,situacao_placa,velocidade_max_via,mao_direcao,divisao_via1,divisao_via2,divisao_via3,,,,
2018-07-27,09:53:00,VÍTIMA FATAL,FINALIZADA,BOA VIAGEM,RUA CAMBOIM,358,RUA DEZ DE JULHO,COM A RUA 10 DE JULHO, PROX. AO TERMINAL DE ONIBUS DE SETUBAL,RUA CAMBOIM,358,COM A RUA 10 DE JULHO, PROX. AO TERMINAL DE ONIBUS DE SETUBAL,BOA VIAGEM,,,COLISÃO,CAMINHÃO E MOTO,1,1,,,,,,,,,1,,,,,,,,,,,,,,,
2018-07-27,10:24:00,SEM VÍTIMA,FINALIZADA,BOA VIAGEM,RUA DES JOAO PAES,907,,EM FRENTE AO LAVA JATO ESCRITORIO DO GAIAMUM,RUA DES JOAO PAES,907,EM FRENTE AO LAVA JATO ESCRITORIO DO GAIAMUM,BOA VIAGEM,,,COLISÃO,SEM VITIMAS, CTTU NO LOCAL VT16,2,,,,,,,,,0,,,,,,,,,,,,,,,,,
2018-07-27,10:31:00,SEM VÍTIMA,FINALIZADA,PASSARINHO,RUA GOVERNADOR EDUARDO HENRIQUE DE ACIOLY CAMPOS,,,RUA GOVERNADOR EDUARDO HENRIQUE DE ACIOLY CAMPOS, NO TERMINAL DA VAN DOIS UNIDOS TORRE,RUA GOVERNADOR EDUARDO HENRIQUE DE ACIOLY CAMPOS,,RUA GOVERNADOR EDUARDO HENRIQUE DE ACIOLY CAMPOS, NO TERMINAL DA VAN DOIS UNIDOS TORRE,PASSARINHO,,,COLISÃO,ONIBUS E AUTO,1,,,,,1,,,,0,,,,,,,,,,,,,,,,
2018-07-27,11:26:00,SEM VÍTIMA,FINALIZADA,IPSEP,AV SALDANHA MARINHO,661,RUA DAVI PERNETA,CRUZAMENTO COM A RUA DAVI PERNETA,AV SALDANHA MARINHO,661,CRUZAMENTO COM A RUA DAVI PERNETA,IPSEP,,,COLISÃO,SEM VITIMAS.,1,1,,,,,,,,0,,,,,,,,,,,,,,,,,,
2018-07-27,12:25:00,SEM VÍTIMA,FINALIZADA,JORDÃO,AV MARIA IRENE,,,PROX. AO POSTO IPIRANGA,AV MARIA IRENE,,PROX. AO POSTO IPIRANGA,JORDÃO,,,COLISÃO,COLISÃO SEM VITIMA,2,,,,,,,,,0,,,,,,,,,,,,,,,,,,
2018-07-27,12:34:00,,CANCELADA,JORDÃO,AV MARIA IRENE,,,PROX AO POSTO IPIRANGA/ AV DO CANAL,AV MARIA IRENE,,PROX AO POSTO IPIRANGA/ AV DO CANAL,JORDÃO,,,COLISÃO,DOIS AUTOS S/V,2,,,,,,,,,0,,,,,,,,,,,,,,,,,,
2018-07-27,13:09:00,SEM VÍTIMA,FINALIZADA,AFOGADOS,EST DOS REMEDIOS,988,,PROX / AO POSTO IPIRANGA/EM FRENTE AO RETAURANTE ASINHA DE CHINES,EST DOS REMEDIOS,988,PROX / AO POSTO IPIRANGA/EM FRENTE AO RETAURANTE ASINHA DE CHINES,AFOGADOS,,,COLISÃO,DOIS AUTOS S/V,2,,,,,,,,,0,,,,,,,,,,,,,,,,,,
2018-07-27,14:07:00,COM VÍTIMA,FINALIZADA,,AV CRUZ CABUGA,,,PROX. A CASA DA INDUSTRIA, JUNTO AO SEMÁFORO 627,AV CRUZ CABUGA,,PROX. A CASA DA INDUSTRIA, JUNTO AO SEMÁFORO 627,,,,COLISÃO,COLISÃO COM VITIMA,1,1,,,,,,,,1,,,,,,,,,,,,,,,,
2018-07-27,14:13:00,SEM VÍTIMA,FINALIZADA,SÃO JOSÉ,AV DANTAS BARRETO,,,E/F A ANTIGA SECRETARIA DA FAZENDA,AV DANTAS BARRETO,,E/F A ANTIGA SECRETARIA DA FAZENDA,SÃO JOSÉ,,,COLISÃO,COLIAO ENTRE TAXI E AUTO S/V,2,,,,,,,,,0,,,,,,,,,,,,,,,,,,
2018-07-27,14:31:00,SEM VÍTIMA,FINALIZADA,SAN MARTIN,AV ENGENHEIRO ABDIAS DE CARVALHO,,,PROX. A COMPAZ, SENTIDO CIDADE,AV ENGENHEIRO ABDIAS DE CARVALHO,,PROX. A COMPAZ, SENTIDO CIDADE,SAN MARTIN,,,COLISÃO,COLISÃO SEM VITIMA,2,,,,,,,,,0,,,,,,,,,,,,,,,,
2018-07-27,14:54:00,SEM VÍTIMA,FINALIZADA,PAISSANDU,AV GOVERNADOR AGAMENON MAGALHAES,4318,,JUNTO AO EMPRESARIAL RENATO DIAS,AV GOVERNADOR AGAMENON MAGALHAES,4318,JUNTO AO EMPRESARIAL RENATO DIAS,PAISSANDU,,,COLISÃO,COLISÃO SEM VITIMA,2,,,,,,,,,0,,,,,,,,,,,,,,,,,,
2018-07-27,15:19:00,COM VÍTIMA,FINALIZADA,MADALENA,AV VISCONDE DE ALBUQUERQUE,,,EM FRENTE A PRAÇA EÇA DE QUEIROZ,AV VISCONDE DE ALBUQUERQUE,,EM FRENTE A PRAÇA EÇA DE QUEIROZ,MADALENA,,,COLISÃO,COLISAO COM VITIMA ENVOLVENDO AUTO E MOTO,1,1,,,,,,,,1,,,,,,,,,,,,,,,,,,
2018-07-27,15:27:00,SEM VÍTIMA,FINALIZADA,ÁGUA FRIA,AV BEBERIBE,,,PROX AO MERCADO DE AGUA FRIA E/F AO MERCADÃO DO OLEO,AV BEBERIBE,,PROX AO MERCADO DE AGUA FRIA E/F AO MERCADÃO DO OLEO,ÁGUA FRIA,,,COLISÃO,COLISAO ENTRE AUTO E MOTO S/V,,1,,,,1,,,,0,,,,,,,,,,,,,,,,,,
2018-07-27,15:31:00,SEM VÍTIMA,FINALIZADA,MUSTARDINHA,AV MANOEL GONCALVES DA LUZ,,,SEMAFORO 245/EM FRENTE A FARMACIA INDEPENDENTE,AV MANOEL GONCALVES DA LUZ,,SEMAFORO 245/EM FRENTE A FARMACIA INDEPENDENTE,MUSTARDINHA,,,COLISÃO,DOIS AUTOS S/V,1,,,,,,1,,,0,,,,,,,,,,,,,,,,,,
2018-07-27,15:59:00,SEM VÍTIMA,FINALIZADA,TAMARINEIRA,RUA CONEGO BARATA,,,NA FRENTE DA FERREIRA COSTA,RUA CONEGO BARATA,,NA FRENTE DA FERREIRA COSTA,TAMARINEIRA,,,COLISÃO,COLISÃO SEM VITIMAS,3,,,,,,,,,0,,,,,,,,,,,,,,,,,,
2018-07-27,16:29:00,SEM VÍTIMA,FINALIZADA,IPSEP,AV RECIFE,,,AO LADO DO MURO DO AEROPORTO, SENTIDO BOA VIAGEM,AV RECIFE,,AO LADO DO MURO DO AEROPORTO, SENTIDO BOA VIAGEM,IPSEP,,,COLISÃO,COLISÃO SEM VITIMAS,,,,,,1,1,,,0,,,,,,,,,,,,,,,,
2018-07-27,16:29:00,SEM VÍTIMA,FINALIZADA,BOA VIAGEM,AV ENGENHEIRO DOMINGOS FERREIRA,,,E/F AO CLINICAL CENTER S/T PIEDADE,AV ENGENHEIRO DOMINGOS FERREIRA,,E/F AO CLINICAL CENTER S/T PIEDADE,BOA VIAGEM,,,COLISÃO,COLISAO ENTRE QUATRO AUTOS S/V,4,,,,,,,,,0,,,,,,,,,,,,,,,,,,
2018-07-27,16:43:00,SEM VÍTIMA,FINALIZADA,PINA,AV ANTONIO DE GOES,,,NO SEMAFORO 277,AV ANTONIO DE GOES,,NO SEMAFORO 277,PINA,,,COLISÃO,COLISAO COM CARRO DA SERTEL E AUTO S/V,1,,,,,,1,,,0,,,,,,,,,,,,,,,,,,
2018-07-27,16:49:00,SEM VÍTIMA,CANCELADA,AREIAS,AV RECIFE,,,NA FRENTE AO PAN DE AREIAS,AV RECIFE,,NA FRENTE AO PAN DE AREIAS,AREIAS,,,COLISÃO,COLISÃO SEM VITIMAS,,,,,,,,,,0,,,,,,,,,,,,,,,,,,
2018-07-27,17:30:00,SEM VÍTIMA,FINALIZADA,IMBIRIBEIRA,AV MARECHAL MASCARENHAS DE MORAES,6133,,APOS O AEROPORTO S/T OLINDA,AV MARECHAL MASCARENHAS DE MORAES,6133,APOS O AEROPORTO S/T OLINDA,IMBIRIBEIRA,,,COLISÃO,COLISAO ENTRE DOIS AUTOS S/V,2,,,,,,,,,0,,,,,,,,,,,,,,,,,,
2018-07-27,17:43:00,SEM VÍTIMA,FINALIZADA,AREIAS,AV RECIFE,,,SEMÁFORO 617 / SNT BR 101,AV RECIFE,,SEMÁFORO 617 / SNT BR 101,AREIAS,,,ENGAVETAMENTO,ENTRE 2 AUTOS E MICRO ÔNIBUS . S/V,3,,,,,,,,,0,,,,,,,,,,,,,,,,,,
2018-07-27,17:43:00,SEM VÍTIMA,FINALIZADA,BOA VIAGEM,AV CONSELHEIRO AGUIAR,3256,,NA FRENTE DO BRADESCO, SEMAFORO 546,AV CONSELHEIRO AGUIAR,3256,NA FRENTE DO BRADESCO, SEMAFORO 546,BOA VIAGEM,,,COLISÃO,COLISÃO SEM VITIMAS,1,,,,,1,,,,0,,,,,,,,,,,,,,,,
2018-07-27,17:59:00,SEM VÍTIMA,FINALIZADA,PINA,AV ANTONIO DE GOES,,,PRÓX AO POSTO FEDERAl / APÓS AO JCPM / E/F A ACQUASHOP,AV ANTONIO DE GOES,,PRÓX AO POSTO FEDERAl / APÓS AO JCPM / E/F A ACQUASHOP,PINA,,,ENGAVETAMENTO,ENTRE 3 AUTOS. S/V,3,,,,,,,,,0,,,,,,,,,,,,,,,,,,
2018-07-27,18:00:00,SEM VÍTIMA,FINALIZADA,AFOGADOS,RUA NICOLAU PEREIRA,,RUA DA PAZ,CRUZAMENTO COM A RUA DA PAZ // SEMAFORO 073,RUA NICOLAU PEREIRA,,CRUZAMENTO COM A RUA DA PAZ // SEMAFORO 073,AFOGADOS,,,COLISÃO,CLASSIC X ONIBUS DE TURISMO,1,,,,,1,,,,0,,,,,,,,,,,,,,,,,,
2018-07-27,18:57:00,SEM VÍTIMA,FINALIZADA,ESTÂNCIA,AV RECIFE,5583,,PROX AO POSTO DE GASOLINA TOTAL SENTIDO IMBIRIBEIRA,AV RECIFE,5583,PROX AO POSTO DE GASOLINA TOTAL SENTIDO IMBIRIBEIRA,ESTÂNCIA,,,COLISÃO,FIAT ESTRADA X FIESTA,2,,,,,,,,,0,,,,,,,,,,,,,,,,,,
2018-07-27,19:04:00,COM VÍTIMA,CANCELADA,CAXANGÁ,AV CAXANGA,,,ENF A FIAT ITALIANA SENTIDO CAMARAGIBE SEMAFORO 231,AV CAXANGA,,ENF A FIAT ITALIANA SENTIDO CAMARAGIBE SEMAFORO 231,CAXANGÁ,,,COLISÃO,FOX X MOTO,1,1,,,,,,,,1,,,,,,,,,,,,,,,,,,
2018-07-27,19:50:00,SEM VÍTIMA,FINALIZADA,FUNDÃO,AV BEBERIBE,,,E/F A ACADEMIA DA CIDADE E GALERIA O TERRAÇO,AV BEBERIBE,,E/F A ACADEMIA DA CIDADE E GALERIA O TERRAÇO,FUNDÃO,,,COLISÃO,ENTRE AUTO E ÔNIBUS. S/V,1,,,,,1,,,,0,,,,,,,,,,,,,,,,,,
2018-07-27,19:53:00,SEM VÍTIMA,FINALIZADA,TAMARINEIRA,RUA SOARES MORENO,423,,PROX AV NORTE PROX AO HOTEL VIA NORTE,RUA SOARES MORENO,423,PROX AV NORTE PROX AO HOTEL VIA NORTE,TAMARINEIRA,,,COLISÃO,FIAT UNO X RENAULT LOGAN,2,,,,,,,,,0,,,,,,,,,,,,,,,,,,
2018-07-27,21:18:00,SEM VÍTIMA,FINALIZADA,FUNDÃO,AV BEBERIBE,,,ENF ACADEMIA DA CIDADE SENTIDO AGUA FRIA,AV BEBERIBE,,ENF ACADEMIA DA CIDADE SENTIDO AGUA FRIA,FUNDÃO,,,COLISÃO,GOL X PRISMA (TAXI),2,,,,,,,,,0,,,,,,,,,,,,,,,,,,
2018-07-27,21:52:00,COM VÍTIMA,FINALIZADA,AFOGADOS,LARGO DA PAZ,,,E/F A POLICLÍNICA AGAMENON MAGALHÃES,LARGO DA PAZ,,E/F A POLICLÍNICA AGAMENON MAGALHÃES,AFOGADOS,,,COLISÃO COM CICLISTA,ENTRE MOTO E BICICLETA. C/V,,1,,1,,,,,,2,,,,,,,,,,,,,,,,,,
2018-07-28,00:00:00,SEM VÍTIMA,FINALIZADA,AFOGADOS,RUA MOTOCOLOMBO,,,APOS A PRAÇA LARGO DA PAZ, PROX DA PONTE MOTOCOLOMBO, SENTIDO AEROPORTO,RUA MOTOCOLOMBO,,APOS A PRAÇA LARGO DA PAZ, PROX DA PONTE MOTOCOLOMBO, SENTIDO AEROPORTO,AFOGADOS,,,COLISÃO,COLISÃO ENTRE AUTO E MOTO S/V,1,1,,,,,,,,0,,,,,,,,,,,,,,
2018-07-28,01:21:00,SEM VÍTIMA,CANCELADA,ALTO JOSÉ BONIFÁCIO,RUA CORREGO DO EUCLIDES,457,,EM FRENTE AO ARMAZEM MADEIRÃO, EM FRENTE AO MERCADINHO COMPRE MAIS,RUA CORREGO DO EUCLIDES,457,EM FRENTE AO ARMAZEM MADEIRÃO, EM FRENTE AO MERCADINHO COMPRE MAIS,ALTO JOSÉ BONIFÁCIO,,,COLISÃO,COLISÃO ENTRE DOIS AUTOS S/V,2,,,,,,,,,0,,,,,,,,,,,,,,,,
2018-07-28,02:22:00,SEM VÍTIMA,CANCELADA,DERBY,PRC DO DERBY,,AV GOV AGAMENON MAGALHAES,CRUZAMENTO COM A AV AGAMENON MAGALHÃES, EM FRENTE A ESTAÇÃO DO BRT,PRC DO DERBY,,CRUZAMENTO COM A AV AGAMENON MAGALHÃES, EM FRENTE A ESTAÇÃO DO BRT,DERBY,,,COLISÃO,COLISÃO ENTRE DOIS AUTOS S/V,2,,,,,,,,,0,,,,,,,,,,,,,,,,
2018-07-28,07:44:00,SEM VÍTIMA,FINALIZADA,CAMPO GRANDE,RUA FRANKLIN TAVORA,878,,ESQ COM A MADECOL,RUA FRANKLIN TAVORA,878,ESQ COM A MADECOL,CAMPO GRANDE,,,COLISÃO,DOIS AUTOS,2,,,,,,,,,0,,,,,,,,,,,,,,,,,,
2018-07-28,08:04:00,SEM VÍTIMA,FINALIZADA,CIDADE UNIVERSITÁRIA,AV PROFESSOR LUIZ FREIRE,,,EM FRENTE A ESCOLA TECNICA,SEMAFORO 374,AV PROFESSOR LUIZ FREIRE,,EM FRENTE A ESCOLA TECNICA,SEMAFORO 374,CIDADE UNIVERSITÁRIA,,,COLISÃO,SEM VITIMAS,VEÍCULOS NA VIA SEM CONDIÇÕES DE SER REMOVIDOS,1,,,,,1,,,,0,,,,,,,,,,,,,,,
2018-07-28,11:26:00,SEM VÍTIMA,FINALIZADA,AFOGADOS,RUA SAO MIGUEL,,,SEMÁFORO 053,RUA SAO MIGUEL,,SEMÁFORO 053,AFOGADOS,,,COLISÃO,SEM VÍTIMA,1,,,,,,1,,,0,,,,,,,,,,,,,,,,,,
2018-07-28,12:35:00,COM VÍTIMA,FINALIZADA,IPSEP,AV RECIFE,,,PROX. AO SEMÁFORO 055, SENTIDO BOA VIAGEM,AV RECIFE,,PROX. AO SEMÁFORO 055, SENTIDO BOA VIAGEM,IPSEP,,,COLISÃO,COLISÃO COM VITIMA,1,2,,,,,,,,1,,,,,,,,,,,,,,,,
2018-07-28,12:35:00,SEM VÍTIMA,PENDENTE,BOA VIAGEM,AV CONSELHEIRO AGUIAR,4834,,EM FRENTE AO MERCADO DE BOA VIAGEM,AV CONSELHEIRO AGUIAR,4834,EM FRENTE AO MERCADO DE BOA VIAGEM,BOA VIAGEM,,,COLISÃO,DOIS AUTOS,2,,,,,,,,,0,,,,,,,,,,,,,,,,,,
2018-07-28,12:48:00,COM VÍTIMA,CANCELADA,CABANGA,VDO PAPA JOAO PAULO II,S/N,,SUBIDA DO VDO LOGO APOS O CABANGA IATE CLUB,VDO PAPA JOAO PAULO II,S/N,SUBIDA DO VDO LOGO APOS O CABANGA IATE CLUB,CABANGA,,,COLISÃO,COLISÃO COM VITMA ENTRE AUTO E MOTO,,,,,,,,,,1,,,,,,,,,,,,,,,,,,
2018-07-28,12:50:00,SEM VÍTIMA,FINALIZADA,AFOGADOS,RUA SAO MIGUEL,432,,PROX. AO BANCO DO BRASIL,RUA SAO MIGUEL,432,PROX. AO BANCO DO BRASIL,AFOGADOS,,,COLISÃO,ONIBUS E AUTO,1,,,,,1,,,,0,,,,,,,,,,,,,,,,,,
2018-07-28,13:18:00,SEM VÍTIMA,CANCELADA,ESPINHEIRO,RUA CONS PORTELA,644,,EM FRENTE A GALERIA CONS. PORTELA,RUA CONS PORTELA,644,EM FRENTE A GALERIA CONS. PORTELA,ESPINHEIRO,,,COLISÃO,DOIS AUTOS,2,,,,,,,,,0,,,,,,,,,,,,,,,,,,
2018-07-28,13:42:00,SEM VÍTIMA,FINALIZADA,DERBY,AV GOVERNADOR AGAMENON MAGALHAES,,,WALL MART, SENTIDO OLINDA,AV GOVERNADOR AGAMENON MAGALHAES,,WALL MART, SENTIDO OLINDA,DERBY,,,COLISÃO,COLISÃO SEM VITIMAS,3,,,,,,,,,0,,,,,,,,,,,,,,,,
2018-07-28,14:01:00,SEM VÍTIMA,FINALIZADA,BOA VIAGEM,RUA BALTAZAR PASSOS,310,,EM FRENTE A PADARIA PAN JOVEM,RUA BALTAZAR PASSOS,310,EM FRENTE A PADARIA PAN JOVEM,BOA VIAGEM,,,COLISÃO,COLISÃO SEM VÍTIMA,2,,,,,,,,,0,,,,,,,,,,,,,,,,,,
2018-07-28,14:43:00,COM VÍTIMA,FINALIZADA,BOA VIAGEM,RUA DES JOAO PAES,590,,EM FRENTE AO EDF. FORTE DE SANTA CATARINA,RUA DES JOAO PAES,590,EM FRENTE AO EDF. FORTE DE SANTA CATARINA,BOA VIAGEM,,,COLISÃO,DOIS AUTOS,2,,,,,,,,,1,,,,,,,,,,,,,,,,,,
2018-07-28,15:09:00,SEM VÍTIMA,FINALIZADA,TORRE,AV DOIS RIOS,,,NO FINAL DA PONTE DA TORRE, SENTIDO CARREFOR JUNTO AO SEMÁFORO 630,AV DOIS RIOS,,NO FINAL DA PONTE DA TORRE, SENTIDO CARREFOR JUNTO AO SEMÁFORO 630,TORRE,,,COLISÃO,COLISÃO SEM VITIMAS,2,,,,,,,,,0,,,,,,,,,,,,,,,,
2018-07-28,15:55:00,SEM VÍTIMA,FINALIZADA,AFOGADOS,EST DOS REMEDIOS,1848,,DEPPOIS DA CONCESSIONARIA NISSAN,EST DOS REMEDIOS,1848,DEPPOIS DA CONCESSIONARIA NISSAN,AFOGADOS,,,COLISÃO,COLISAO SEM VITIMA ENVOLVENDO ENVOLVENDO AUTO E ONIBUS,1,,,,,1,,,,0,,,,,,,,,,,,,,,,,,
2018-07-28,17:44:00,COM VÍTIMA,FINALIZADA,IMBIRIBEIRA,RUA ARQUITETO LUIZ NUNES,375,,,RUA ARQUITETO LUIZ NUNES,375,,IMBIRIBEIRA,,,COLISÃO,COLISÃO COM VÍTIMA, ENVOLVENDO 2 MOTOCICLETAS.,,2,,,,,,,,1,,,,,,,,,,,,,,,,,
2018-07-28,20:40:00,COM VÍTIMA,CANCELADA,IPUTINGA,RUA ODETE MONTEIRO,,,PRÓX AO POSTO PETROCAL E MARTELO DE OURO / SEMÁFORO 589,RUA ODETE MONTEIRO,,PRÓX AO POSTO PETROCAL E MARTELO DE OURO / SEMÁFORO 589,IPUTINGA,,,COLISÃO,ENTRE AUTO E MOTO. C/V,1,1,,,,,,,,2,,,,,,,,,,,,,,,,,,
2018-07-28,22:26:00,SEM VÍTIMA,FINALIZADA,CABANGA,RUA NOVA DA CABANGA,,,NA DESCIDA DO VIADUTO DO CABANGA/S/TBOA VIAGEM,RUA NOVA DA CABANGA,,NA DESCIDA DO VIADUTO DO CABANGA/S/TBOA VIAGEM,CABANGA,,,COLISÃO,MOTO E AUTO S/V,1,1,,,,,,,,0,,,,,,,,,,,,,,,,,,
2018-07-29,01:49:00,SEM VÍTIMA,FINALIZADA,MADALENA,RUA JOSE OSORIO,,,E/F AO POSTO BR E RM EXPRESS / PRÓX A ALDOCAR E IGREJA DA MADALENA,RUA JOSE OSORIO,,E/F AO POSTO BR E RM EXPRESS / PRÓX A ALDOCAR E IGREJA DA MADALENA,MADALENA,,,CHOQUE,ENTRE AUTO E PRISMA DE CONCRETO. S/V,1,,,,,,,,,0,,,,,,,,,,,,,,,,,,
2018-07-29,03:57:00,SEM VÍTIMA,FINALIZADA,APIPUCOS,RUA DE APIPUCOS,,,EM FRENTE AO ARCADIA RECEPÇÕES,RUA DE APIPUCOS,,EM FRENTE AO ARCADIA RECEPÇÕES,APIPUCOS,,,CHOQUE,CONDUTOR PERDEU O CONTROLE DO VEÍCULO, E CHOCOU-SE CONTRA UM VEÍCULO ESTACIONADO,2,,,,,,,,,0,,,,,,,,,,,,,,,,,
2018-07-29,10:01:00,SEM VÍTIMA,FINALIZADA,ROSARINHO,AV NORTE,,,PRAÇA DO ROSARINHO,AV NORTE,,PRAÇA DO ROSARINHO,ROSARINHO,,,COLISÃO,DUAS MOTOS SEM VITIMA,,2,,,,,,,,0,,,,,,,,,,,,,,,,,,
2018-07-29,13:11:00,COM VÍTIMA,FINALIZADA,VASCO DA GAMA,RUA ALTO DO EUCALIPTO,202,,PROXIMO AO SUPERMECADO RENDE MAIS,RUA ALTO DO EUCALIPTO,202,PROXIMO AO SUPERMECADO RENDE MAIS,VASCO DA GAMA,,,COLISÃO COM CICLISTA,COM VÍTIMA,1,,,1,,,,,,1,,,,,,,,,,,,,,,,,,
2018-07-29,13:58:00,SEM VÍTIMA,FINALIZADA,IPUTINGA,RUA ANTONIO DE SANTA,91,,PROXIMO A ESCOLA MUNICIPAL EBENEZER GUEIROS,RUA ANTONIO DE SANTA,91,PROXIMO A ESCOLA MUNICIPAL EBENEZER GUEIROS,IPUTINGA,,,COLISÃO,COLISÃO SEM VÍTIMA,2,,,,,,,,,0,,,,,,,,,,,,,,,,,,
2018-07-29,14:05:00,SEM VÍTIMA,FINALIZADA,AREIAS,AV DR JOSE RUFINO,29,,EM FRENTE AUTOMOTIVO SÃO PEDRO/ SENTIDO JABOATÃO,AV DR JOSE RUFINO,29,EM FRENTE AUTOMOTIVO SÃO PEDRO/ SENTIDO JABOATÃO,AREIAS,,,COLISÃO,COLISÃO SEM VÍTIMA,2,,,,,,,,,0,,,,,,,,,,,,,,,,,,
2018-07-29,18:36:00,SEM VÍTIMA,FINALIZADA,VASCO DA GAMA,RUA VASCO DA GAMA,1498,,NA DECIDA DO VISGUEIRO SENTIDO CIDADE,RUA VASCO DA GAMA,1498,NA DECIDA DO VISGUEIRO SENTIDO CIDADE,VASCO DA GAMA,,,COLISÃO,ONIBUS PEDROSA X FOX,1,,,,,1,,,,0,,,,,,,,,,,,,,,,,,
2018-07-29,20:57:00,COM VÍTIMA,FINALIZADA,BAIRRO DO RECIFE,CAIS DO APOLO,,,EM FRENTE AO PREDIO DA POLICIA FEDERAL,CAIS DO APOLO,,EM FRENTE AO PREDIO DA POLICIA FEDERAL,BAIRRO DO RECIFE,,,CHOQUE,CHOQUE, SEGUIDO DE TOMBAMENTO, C/VITIMA,1,,,,,,,,,1,,,,,,,,,,,,,,,,
2018-07-29,23:54:00,SEM VÍTIMA,CANCELADA,PINA,RUA CAPITAO REBELINHO,,RUA VICENCIA,CRUZAMENTO COM A RUA VICENCIA,RUA CAPITAO REBELINHO,,CRUZAMENTO COM A RUA VICENCIA,PINA,,,CHOQUE,FIAT ESTILO X POSTO OBS:: MOTORISTA ABANDONOU O VEICULO NO MEIO DA VIA,1,,,,,,,,,0,,,,,,,,,,,,,,,,,,
2018-07-30,01:26:00,SEM VÍTIMA,FINALIZADA,BOA VIAGEM,AV ENGENHEIRO DOMINGOS FERREIRA,,RUA FELIX DE BRITO E MELO,CRUZAMENTO COM A FELIX DE BRITO,AV ENGENHEIRO DOMINGOS FERREIRA,,CRUZAMENTO COM A FELIX DE BRITO,BOA VIAGEM,,,CHOQUE,VEICULO CHOCOU-SE COM O POSTE DO SEMAFORO DE N. 545,1,,,,,,,,,0,,,,,,,,,,,,,,,,,,
2018-07-30,01:39:00,VÍTIMA FATAL,FINALIZADA,BOA VIAGEM,AV BOA VIAGEM,,,ENF AO CLUBE OFICIAIS DA AERONAUTICA,AV BOA VIAGEM,,ENF AO CLUBE OFICIAIS DA AERONAUTICA,BOA VIAGEM,,,COLISÃO,TITAN 150 X ONIX PRETO,1,1,,,,,,,,1,1,,,,,,,,,,,,,,,,,
2018-07-30,02:30:00,COM VÍTIMA,FINALIZADA,BAIRRO DO RECIFE,CAIS DO APOLO,321,,EM FRENTE AO POSTO BRT DO CAIS DO APOLO // PRÓX AO BANCO DO BRASIL,CAIS DO APOLO,321,EM FRENTE AO POSTO BRT DO CAIS DO APOLO // PRÓX AO BANCO DO BRASIL,BAIRRO DO RECIFE,,,CHOQUE,VEÍCULO CHOCOU-SE CONTRA O POSTE,1,,,,,,,,,1,,,,,,,,,,,,,,,,,,
2018-07-30,07:06:00,COM VÍTIMA,FINALIZADA,DERBY,AV GOVERNADOR AGAMENON MAGALHAES,,,E/F AO HOSPITAL PORTUGUES S/T OLNDA,AV GOVERNADOR AGAMENON MAGALHAES,,E/F AO HOSPITAL PORTUGUES S/T OLNDA,DERBY,,,ATROPELAMENTO,ATROPELAMENTO DE MOTO COM PEDESTRE,,1,,,1,,,,,1,,,,,,,,,,,,,,,,,,
2018-07-30,08:11:00,COM VÍTIMA,FINALIZADA,BAIRRO DO RECIFE,AV ALFREDO LISBOA,,,E/F AO MUSEU CAIS DO SERTÃO,AV ALFREDO LISBOA,,E/F AO MUSEU CAIS DO SERTÃO,BAIRRO DO RECIFE,,,COLISÃO,COM UMA VÍTIMA,1,1,,,,,,,,1,,,,,,,,,,,,,,,,,,
2018-07-30,08:34:00,SEM VÍTIMA,FINALIZADA,NOVA DESCOBERTA,RUA NOVA DESCOBERTA,642,,PROX. A PANIFICADORA KELLY,RUA NOVA DESCOBERTA,642,PROX. A PANIFICADORA KELLY,NOVA DESCOBERTA,,,COLISÃO,COMPLEMENTAR E AUTO,1,,,,,1,,,,0,,,,,,,,,,,,,,,,,,
2018-07-30,10:21:00,SEM VÍTIMA,FINALIZADA,CORDEIRO,AV CAXANGA,2555,,E/F A AUTO PEÇAS SÃO JOÃO,AV CAXANGA,2555,E/F A AUTO PEÇAS SÃO JOÃO,CORDEIRO,,,COLISÃO,SEM VÍTIMAS,3,,,,,,,,,0,,,,,,,,,,,,,,,,,,
2018-07-30,10:28:00,COM VÍTIMA,FINALIZADA,PINA,AV HERCULANO BANDEIRA,,,SEMÁFORO 137,AV HERCULANO BANDEIRA,,SEMÁFORO 137,PINA,,,COLISÃO,COM VÍTIMA,1,1,,,,,,,,1,,,,,,,,,,,,,,,,,,
2018-07-30,11:45:00,SEM VÍTIMA,FINALIZADA,GRAÇAS,PRC DO ENTRONCAMENTO,,,E/F A O COLEGIO VERA CRUZ,PRC DO ENTRONCAMENTO,,E/F A O COLEGIO VERA CRUZ,GRAÇAS,,,COLISÃO,COLISAO ENTRE DOIS AUTOS /V,2,,,,,,,,,0,,,,,,,,,,,,,,,,,,
2018-07-30,11:57:00,SEM VÍTIMA,FINALIZADA,BOA VIAGEM,AV ENGENHEIRO DOMINGOS FERREIRA,2574,,EM FRENTE AO CONJUNTO RESIDENCIAL JK,AV ENGENHEIRO DOMINGOS FERREIRA,2574,EM FRENTE AO CONJUNTO RESIDENCIAL JK,BOA VIAGEM,,,COLISÃO,COLISÃO SEM VÍTIMA,2,,,,,,,,,0,,,,,,,,,,,,,,,,,,
2018-07-30,12:17:00,COM VÍTIMA,FINALIZADA,JAQUEIRA,RUA LEONARDO BEZERRA CAVALCANTE,300,,EM FRENTE AO EDIFICIO ESTAÇÃO JAQUEIRA,RUA LEONARDO BEZERRA CAVALCANTE,300,EM FRENTE AO EDIFICIO ESTAÇÃO JAQUEIRA,JAQUEIRA,,,COLISÃO,COLISÃO COM VÍTIMA,1,1,,,,,,,,1,,,,,,,,,,,,,,,,,,