data,hora,natureza_acidente,situacao,bairro,endereco,numero,detalhe_endereco_acidente,complemento,endereco_cruzamento,numero_cruzamento,referencia_cruzamento,bairro_cruzamento,num_semaforo,sentido_via,tipo,descricao,auto,moto,ciclom,ciclista,pedestre,onibus,caminhao,viatura,outros,vitimas,vitimasfatais,acidente_verificado,tempo_clima,situacao_semaforo,sinalizacao,condicao_via,conservacao_via,ponto_controle,situacao_placa,velocidade_max_via,mao_direcao,divisao_via1,divisao_via2,divisao_via3,,,,
2018-07-30,13:57:00,SEM VÍTIMA,FINALIZADA,PINA,AV REPUBLICA DO LIBANO,,,DENTRO DO TUNEL DO SHOPPING RIOMAR,AV REPUBLICA DO LIBANO,,DENTRO DO TUNEL DO SHOPPING RIOMAR,PINA,,,COLISÃO,COLISAO ENTRE DOIS AUTOS S/V,2,,,,,,,,,0,,,,,,,,,,,,,,,,,,
2018-07-30,14:13:00,SEM VÍTIMA,FINALIZADA,ILHA JOANA BEZERRA,AV ENGENHEIRO JOSE ESTELITA,,,PROX. NO FINAL DO VIADUTO CAPITÃO TEMUDO, SENTIDO RIO MAR,AV ENGENHEIRO JOSE ESTELITA,,PROX. NO FINAL DO VIADUTO CAPITÃO TEMUDO, SENTIDO RIO MAR,ILHA JOANA BEZERRA,,,COLISÃO,COLISÃO SEM VÍTIMA,2,,,,,,,,,0,,,,,,,,,,,,,,,,
2018-07-30,14:14:00,SEM VÍTIMA,FINALIZADA,BOA VIAGEM,RUA SETUBAL,914,,EM FRENTE AO EDIFICIO LUCA,RUA SETUBAL,914,EM FRENTE AO EDIFICIO LUCA,BOA VIAGEM,,,COLISÃO,COLISÃO SEM VÍTIMA,2,,,,,,,,,0,,,,,,,,,,,,,,,,,,
2018-07-30,14:41:00,SEM VÍTIMA,FINALIZADA,IBURA,AV CAMPO VERDE,112,,PROXIMO A GRAJA FRANGO BRILHANTE E AO TERMINAL DE TRÊS CARNEIROS BAIXO,AV CAMPO VERDE,112,PROXIMO A GRAJA FRANGO BRILHANTE E AO TERMINAL DE TRÊS CARNEIROS BAIXO,IBURA,,,COLISÃO,COLISÃO SEM VÍTIMA,1,,,,,1,,,,0,,,,,,,,,,,,,,,,,,
2018-07-30,14:46:00,COM VÍTIMA,FINALIZADA,ILHA DO LEITE,AV LINS PETIT,,,EM FRENTE AO HOSPITAL ILHA DO LEITE,AV LINS PETIT,,EM FRENTE AO HOSPITAL ILHA DO LEITE,ILHA DO LEITE,,,COLISÃO,COLISAO COM VITIMA ENTRE AUTO E MOTO,1,1,,,,,,,,1,,,,,,,,,,,,,,,,,,
2018-07-30,15:14:00,SEM VÍTIMA,FINALIZADA,SÃO JOSÉ,AV DANTAS BARRETO,,,E/F AO IMPERIO DOS FOGOES S/T PRAÇA SEGIO LORETO,AV DANTAS BARRETO,,E/F AO IMPERIO DOS FOGOES S/T PRAÇA SEGIO LORETO,SÃO JOSÉ,,,COLISÃO,COLISAO ENTRE DOIS AUTOS S/V,2,,,,,,,,,0,,,,,,,,,,,,,,,,,,
2018-07-30,15:37:00,SEM VÍTIMA,FINALIZADA,CASA AMARELA,AV NORTE,,,PROX. SESC , SENTIDO SUBURBIO CIDADE,AV NORTE,,PROX. SESC , SENTIDO SUBURBIO CIDADE,CASA AMARELA,,,COLISÃO,COLISÃO SEM VITIMA,,,,,,1,1,,,0,,,,,,,,,,,,,,,,
2018-07-30,15:40:00,SEM VÍTIMA,FINALIZADA,ILHA DO LEITE,RUA ANTONIO GOMES DE FREITAS,,,E/F AO HOSPITAL ESPERANÇA,RUA ANTONIO GOMES DE FREITAS,,E/F AO HOSPITAL ESPERANÇA,ILHA DO LEITE,,,COLISÃO,COLISAO ENTRE ONIBUS E AUTO S/V,1,,,,,1,,,,0,,,,,,,,,,,,,,,,,,
2018-07-30,16:50:00,SEM VÍTIMA,CANCELADA,BOA VISTA,AV CONDE DA BOA VISTA,,,E/F AO POLITEC S/T DERBY,AV CONDE DA BOA VISTA,,E/F AO POLITEC S/T DERBY,BOA VISTA,,,COLISÃO,COLISAO ENTRE DOIS AUTOS S/V,2,,,,,,,,,0,,,,,,,,,,,,,,,,,,
2018-07-30,17:28:00,SEM VÍTIMA,FINALIZADA,ESPINHEIRO,RUA DA HORA,786,,EM FRENTE AO EDIFICIO AMSTERDAM,RUA DA HORA,786,EM FRENTE AO EDIFICIO AMSTERDAM,ESPINHEIRO,,,COLISÃO,COLISÃO SEM VÍTIMA,2,,,,,,,,,0,,,,,,,,,,,,,,,,,,
2018-07-30,17:55:00,SEM VÍTIMA,FINALIZADA,BOA VIAGEM,AV CONSELHEIRO AGUIAR,,RUA PADRE CARAPUCEIRO,CRUZAMENTO DA PADRE CARAPUCEIRO/ SEMAFORO 115,AV CONSELHEIRO AGUIAR,,CRUZAMENTO DA PADRE CARAPUCEIRO/ SEMAFORO 115,BOA VIAGEM,,,COLISÃO,DOIS AUTOS S/V,2,,,,,,,,,0,,,,,,,,,,,,,,,,,,
2018-07-30,18:04:00,COM VÍTIMA,FINALIZADA,BOA VIAGEM,AV BOA VIAGEM,4530,,EM FRENTE AO CASTELINHO,AV BOA VIAGEM,4530,EM FRENTE AO CASTELINHO,BOA VIAGEM,,,ATROPELAMENTO,A VT31 ESTAVA EM FISCALIZAÇÃO QUANDO SE DEPAROU COM UM ATROPELAMENTO. A MESMA INICIOU O ATENDIMENTO.,,,,,1,,,,,1,,,,,,,,,,,,,,,,,,
2018-07-30,18:06:00,SEM VÍTIMA,FINALIZADA,VÁRZEA,AV AFONSO OLINDENSE,,,PONTE DA UPA DA AV CAXANGA / POSTO SHELL,AV AFONSO OLINDENSE,,PONTE DA UPA DA AV CAXANGA / POSTO SHELL,VÁRZEA,,,ENGAVETAMENTO,COLISÃO ENTRE CARRO, MOTO E CAMINHONETE,2,1,,,,,,,,0,,,,,,,,,,,,,,,,,
2018-07-30,18:19:00,SEM VÍTIMA,FINALIZADA,SAN MARTIN,AV GENERAL SAN MARTIN,,,EM FRENTE AO IPA,AV GENERAL SAN MARTIN,,EM FRENTE AO IPA,SAN MARTIN,,,COLISÃO,TRES AUTOS S/V,3,,,,,,,,,0,,,,,,,,,,,,,,,,,,
2018-07-30,19:07:00,SEM VÍTIMA,CANCELADA,CASA FORTE,AV DEZESSETE DE AGOSTO,1722,,EM FRENTE A FAMACIA EXTRA FARMA SEMAFORO 469,AV DEZESSETE DE AGOSTO,1722,EM FRENTE A FAMACIA EXTRA FARMA SEMAFORO 469,CASA FORTE,,,COLISÃO,DOIS AUTOS S/V,2,,,,,,,,,0,,,,,,,,,,,,,,,,,,
2018-07-30,19:12:00,SEM VÍTIMA,FINALIZADA,MACAXEIRA,AV NORTE,,,EM FRENTE A MATERNIDADE BARROS LIMA,AV NORTE,,EM FRENTE A MATERNIDADE BARROS LIMA,MACAXEIRA,,,COLISÃO,DUAS MOTOS S/V,,2,,,,,,,,0,,,,,,,,,,,,,,,,,,
2018-07-30,19:54:00,SEM VÍTIMA,FINALIZADA,IPUTINGA,RUA BOM PASTOR,30,RUA COMENDADOS ALVARES DE CARVALHO,CRUZAMENTO COM A RUA COMENDADOR ALVARES DE CARVALHO,RUA BOM PASTOR,30,CRUZAMENTO COM A RUA COMENDADOR ALVARES DE CARVALHO,IPUTINGA,,,COLISÃO,SANDERO X HB 20,2,,,,,,,,,0,,,,,,,,,,,,,,,,,,
2018-07-30,20:14:00,SEM VÍTIMA,CANCELADA,JARDIM SÃO PAULO,AV LIBERDADE,110,,ENF AO EDF VILA JARDINS PROX A ANTIGA DELEGACIA DE ROUBO E FURTO,AV LIBERDADE,110,ENF AO EDF VILA JARDINS PROX A ANTIGA DELEGACIA DE ROUBO E FURTO,JARDIM SÃO PAULO,,,COLISÃO,MOTO X PALIO,1,1,,,,,,,,0,,,,,,,,,,,,,,,,,,
2018-07-30,20:20:00,SEM VÍTIMA,FINALIZADA,CORDEIRO,AV INACIO MONTEIRO,,AV CAXANGA,CRUZAMENTO COM AV CAXANGA PROX AOS POSTO FEDERAL,AV INACIO MONTEIRO,,CRUZAMENTO COM AV CAXANGA PROX AOS POSTO FEDERAL,CORDEIRO,,,COLISÃO,FIAT UNO X AUTO,2,,,,,,,,,0,,,,,,,,,,,,,,,,,,
2018-07-30,21:05:00,SEM VÍTIMA,FINALIZADA,ROSARINHO,AV NORTE,,,PROX A PADARIA ROSARINHO E POSTO SHELL,AV NORTE,,PROX A PADARIA ROSARINHO E POSTO SHELL,ROSARINHO,,,CHOQUE,AUTO E GELO BAHIANO,1,,,,,,,,1,0,,,,,,,,,,,,,,,,,,
2018-07-30,23:03:00,COM VÍTIMA,FINALIZADA,CORDEIRO,AV ENGENHEIRO ABDIAS DE CARVALHO,,,EM FRENTE A DROGA MARIA/SEMAFORO 422,AV ENGENHEIRO ABDIAS DE CARVALHO,,EM FRENTE A DROGA MARIA/SEMAFORO 422,CORDEIRO,,,COLISÃO,DOIS AUTOS C/V,2,,,,,,,,,1,,,,,,,,,,,,,,,,,,
2018-07-30,23:17:00,SEM VÍTIMA,FINALIZADA,BOA VIAGEM,RUA DES JOAO PAES,,,EM FRENTE A FERREIRA PINTO, ANTES DA ENTRADA DO TUNEL QUE DA ASCESSO AO SHOPING RECIFE/SEMAFORO 567,RUA DES JOAO PAES,,EM FRENTE A FERREIRA PINTO, ANTES DA ENTRADA DO TUNEL QUE DA ASCESSO AO SHOPING RECIFE/SEMAFORO 567,BOA VIAGEM,,,COLISÃO,UM CAMINHAO E AUTO S/V,1,,,,,,1,,,0,,,,,,,,,,,,,,,,
2018-07-31,00:10:00,COM VÍTIMA,FINALIZADA,SÃO JOSÉ,RUA DA CONCORDIA,S/N,,RUA SÃO JOÃO,RUA DA CONCORDIA,S/N,RUA SÃO JOÃO,SÃO JOSÉ,,,COLISÃO,NO CRUZAMENTO,2,,,,,,,,,1,,,,,,,,,,,,,,,,,,
2018-07-31,07:55:00,SEM VÍTIMA,PENDENTE,NOVA DESCOBERTA,AV CHAGAS FERREIRA,,,EM FRENTE AO CAMPO SANTA TERESA E AO LADO DO MERCADINHO DO ROGERIO,AV CHAGAS FERREIRA,,EM FRENTE AO CAMPO SANTA TERESA E AO LADO DO MERCADINHO DO ROGERIO,NOVA DESCOBERTA,,,COLISÃO,SEM VITIMAS,,,,,,1,1,,,0,,,,,,,,,,,,,,,,,,
2018-07-31,07:55:00,COM VÍTIMA,FINALIZADA,SANTO AMARO,AV CRUZ CABUGA,,,EM FRENTE A 7 DIVISÃO DO EXERCITO- 21 CSM,AV CRUZ CABUGA,,EM FRENTE A 7 DIVISÃO DO EXERCITO- 21 CSM,SANTO AMARO,,,COLISÃO,COLISÃO COM VITIMA,1,1,,,,,,,,1,,,,,,,,,,,,,,,,,,
2018-07-31,08:15:00,SEM VÍTIMA,FINALIZADA,BOA VIAGEM,AV DES JOSE NEVES,380,,EM FRENTE AO ANTIGO CARREFOUR SENTIDO VIA MANGUE NA ENTRADA DO TUNEL AUGUSTO LUCENA,AV DES JOSE NEVES,380,EM FRENTE AO ANTIGO CARREFOUR SENTIDO VIA MANGUE NA ENTRADA DO TUNEL AUGUSTO LUCENA,BOA VIAGEM,,,COLISÃO,COLISÃO SEM VITIMAS,3,,,,,,,,,0,,,,,,,,,,,,,,,,,,
2018-07-31,09:42:00,SEM VÍTIMA,FINALIZADA,BOA VIAGEM,AV BOA VIAGEM,58,,EM FRENTE EDIFICIO RIO BEIRA MAR RESIDENCE,AV BOA VIAGEM,58,EM FRENTE EDIFICIO RIO BEIRA MAR RESIDENCE,BOA VIAGEM,,,COLISÃO,COLISÃO SEM VITIMAS,1,1,,,,,,,,0,,,,,,,,,,,,,,,,,,
2018-07-31,09:57:00,SEM VÍTIMA,FINALIZADA,PARNAMIRIM,RUA PADRE ROMA,652,,POR TRÁS DO SUPERMERCADO PÃO DE AÇUCAR,RUA PADRE ROMA,652,POR TRÁS DO SUPERMERCADO PÃO DE AÇUCAR,PARNAMIRIM,,,COLISÃO,SEM VITIMAs,2,,,,,,,,,0,,,,,,,,,,,,,,,,,,
2018-07-31,10:36:00,SEM VÍTIMA,FINALIZADA,AFOGADOS,RUA IMPERIAL,1281,,COLISÃO ENTRE DOIS AUTOS,RUA IMPERIAL,1281,COLISÃO ENTRE DOIS AUTOS,AFOGADOS,,,COLISÃO,VW GOL / FIAT FIORINO,2,,,,,,,,,0,,,,,,,,,,,,,,,,,,
2018-07-31,11:03:00,SEM VÍTIMA,FINALIZADA,BAIRRO DO RECIFE,AV ALFREDO LISBOA,,,NO ESTACIONAMENTO DO PRIMEIRO GALPÃO EM FRENTE A O CIMENTO NASSAU,AV ALFREDO LISBOA,,,BAIRRO DO RECIFE,,,COLISÃO,SEM VITIMAS,1,,,,,,1,,,0,,,,,,,,,,,,,,,,,,
2018-07-31,11:06:00,SEM VÍTIMA,FINALIZADA,SÃO JOSÉ,RUA DA CONCORDIA,,,C RUA SÃO JOÃO,RUA DA CONCORDIA,,C RUA SÃO JOÃO,SÃO JOSÉ,,,CHOQUE,VEÍCULO FOI ABANDONADO APÓS O ACIDENTE,1,,,,,,,,,0,,,,,,,,,,,,,,,,,,
2018-07-31,11:33:00,COM VÍTIMA,FINALIZADA,AFOGADOS,RUA SAO MIGUEL,,,AO LADO DA IGREJA DA SÉ, PROX. A MATERNIDADE BANDEIRA FILHO,RUA SAO MIGUEL,,AO LADO DA IGREJA DA SÉ, PROX. A MATERNIDADE BANDEIRA FILHO,AFOGADOS,,,COLISÃO COM CICLISTA,ONIBUS E CILISTA,,,,1,,1,,,,1,,,,,,,,,,,,,,,,
2018-07-31,14:07:00,SEM VÍTIMA,FINALIZADA,ESPINHEIRO,RUA QUARENTA E OITO,213,,PROX. A ANTIGA FARMACIA BIG BEM,RUA QUARENTA E OITO,213,PROX. A ANTIGA FARMACIA BIG BEM,ESPINHEIRO,,,COLISÃO,COLISÃO SEM VITIMAS,1,1,,,,,,,,0,,,,,,,,,,,,,,,,,,
2018-07-31,14:31:00,COM VÍTIMA,FINALIZADA,SAN MARTIN,AV GENERAL SAN MARTIN,,,PROX. A PRAÇA DE SAN MARTIN,AV GENERAL SAN MARTIN,,PROX. A PRAÇA DE SAN MARTIN,SAN MARTIN,,,COLISÃO COM CICLISTA,O PEDESTRE ESTAVA DE BICICLETA,1,,,1,,,,,,1,,,,,,,,,,,,,,,,,,
2018-07-31,15:07:00,SEM VÍTIMA,FINALIZADA,IPUTINGA,AV CAXANGA,3010,,EM FRENTE AO EXTRA/ SENTIDO BR,AV CAXANGA,3010,EM FRENTE AO EXTRA/ SENTIDO BR,IPUTINGA,,,COLISÃO,COLISÃO SEM VÍTIMA,3,,,,,,,,,0,,,,,,,,,,,,,,,,,,
2018-07-31,15:11:00,SEM VÍTIMA,CANCELADA,BOA VIAGEM,AV CONSELHEIRO AGUIAR,2034,,EM FRENTE AO MINUTO PÃO DE AÇÚCAR,AV CONSELHEIRO AGUIAR,2034,EM FRENTE AO MINUTO PÃO DE AÇÚCAR,BOA VIAGEM,,,COLISÃO,COLISÃO SEM VÍTIMA,1,,,,,1,,,,0,,,,,,,,,,,,,,,,,,
2018-07-31,15:36:00,COM VÍTIMA,FINALIZADA,SAN MARTIN,RUA VINTE E DOIS DE ABRIL,,,PROX. A IMPRELL, SENTIDO DO TERMINAL DE ONIBUS PARA A IMPRELL,RUA VINTE E DOIS DE ABRIL,,PROX. A IMPRELL, SENTIDO DO TERMINAL DE ONIBUS PARA A IMPRELL,SAN MARTIN,,,ATROPELAMENTO,VITIMA ESTAVA A PÉ, UMA SENHORA,,,1,,1,,,,,1,,,,,,,,,,,,,,,
2018-07-31,16:21:00,SEM VÍTIMA,FINALIZADA,PARNAMIRIM,AV PARNAMIRIM,294,,EM FRENTE A AUTO BRAGA,AV PARNAMIRIM,294,EM FRENTE A AUTO BRAGA,PARNAMIRIM,,,COLISÃO,COLISÃO SEM VÍTIMA,2,,,,,,,,,0,,,,,,,,,,,,,,,,,,
2018-07-31,16:23:00,SEM VÍTIMA,FINALIZADA,MADALENA,RUA JOSE BONIFACIO,,,NA FRENTE DA HONDA,RUA JOSE BONIFACIO,,NA FRENTE DA HONDA,MADALENA,,,COLISÃO,COLISÃO SEM VÍTIMA,2,,,,,,,,,0,,,,,,,,,,,,,,,,,,
2018-07-31,16:43:00,SEM VÍTIMA,FINALIZADA,IPSEP,AV RECIFE,,,AO LADO DO NUCLEO DA POLICIA, SENTIDO IBURA,AV RECIFE,,AO LADO DO NUCLEO DA POLICIA, SENTIDO IBURA,IPSEP,,,COLISÃO,COLISÃO SEM VÍTIMA,1,,,,,1,,,,0,,,,,,,,,,,,,,,,
2018-07-31,16:49:00,SEM VÍTIMA,CANCELADA,BOA VIAGEM,AV ENGENHEIRO DOMINGOS FERREIRA,,,APOS O CARREFOUR PRIMEIRA PARADA DO SHOPPING,AV ENGENHEIRO DOMINGOS FERREIRA,,APOS O CARREFOUR PRIMEIRA PARADA DO SHOPPING,BOA VIAGEM,,,COLISÃO,COLISAO ENTRE ONIBUS E AUTO S/V,1,,,,,1,,,,0,,,,,,,,,,,,,,,,,,
2018-07-31,16:53:00,SEM VÍTIMA,FINALIZADA,IPUTINGA,EST DO BARBALHO,,AV MAURICIO DE NASSAU,CRUZ COM MAURICIO DE NASSAU,EST DO BARBALHO,,CRUZ COM MAURICIO DE NASSAU,IPUTINGA,,,COLISÃO,COLISÃO ENTRE AUTO E MOTO SEM VÍTIMA,1,1,,,,,,,,0,,,,,,,,,,,,,,,,,,
2018-07-31,17:00:00,SEM VÍTIMA,FINALIZADA,CAXANGÁ,AV CAXANGA,,,PROX AO BRADESCO S/T CID,AV CAXANGA,,PROX AO BRADESCO S/T CID,CAXANGÁ,,,COLISÃO,COLISAO ENTRE AUTO E BRT S/V,1,,,,,1,,,,0,,,,,,,,,,,,,,,,,,
2018-07-31,18:26:00,SEM VÍTIMA,CANCELADA,BOA VISTA,RUA GERVASIO PIRES,280,,EM FRENTE LIVFARMA, ESQUINA DO SHOPPING BOA VISTA,RUA GERVASIO PIRES,280,EM FRENTE LIVFARMA, ESQUINA DO SHOPPING BOA VISTA,BOA VISTA,,,COLISÃO,COLISÃO ENTRE DOIS AUTOS S/V,2,,,,,,,,,0,,,,,,,,,,,,,,,,
2018-07-31,19:05:00,COM VÍTIMA,CANCELADA,ILHA DO RETIRO,AV ENGENHEIRO ABDIAS DE CARVALHO,,RUA COMENDADOR BENTO AGUIAR,CRUZAMENTO COM A RUA COMENDADOR BENTO AGUIAR SENTIDO BR,AV ENGENHEIRO ABDIAS DE CARVALHO,,CRUZAMENTO COM A RUA COMENDADOR BENTO AGUIAR SENTIDO BR,ILHA DO RETIRO,,,COLISÃO,DUAS MOTOS,,2,,,,,,,,2,,,,,,,,,,,,,,,,,,
2018-07-31,19:12:00,SEM VÍTIMA,FINALIZADA,SANTO AMARO,AV NORTE,,RUA DA AURORA,CRUZAMENTO COM A RUA DA AURORA, SEMAFORO 243,AV NORTE,,CRUZAMENTO COM A RUA DA AURORA, SEMAFORO 243,SANTO AMARO,,,COLISÃO,COLISÃO ENTRE DOIS AUTOS S/V,2,,,,,,,,,0,,,,,,,,,,,,,,,,
2018-07-31,19:30:00,COM VÍTIMA,CANCELADA,SANTO AMARO,AV GOVERNADOR AGAMENON MAGALHAES,,,EM FRENTE A UNICORDIS NO SENTIDO BOA VIAGEM,AV GOVERNADOR AGAMENON MAGALHAES,,EM FRENTE A UNICORDIS NO SENTIDO BOA VIAGEM,SANTO AMARO,,,COLISÃO,COLISAO ENTRE AUTOMOVEL PASSEIO E MOTO,1,1,,,,,,,,1,,,,,,,,,,,,,,,,,,
2018-07-31,19:47:00,SEM VÍTIMA,FINALIZADA,ESPINHEIRO,RUA JOSE LUIZ DA SILVEIRA BARROS,,AV GOV AGAMENON MAGALHAES,ESQUINA COM A AV. GOV. AGAMENON MAGALHÃES,RUA JOSE LUIZ DA SILVEIRA BARROS,,ESQUINA COM A AV. GOV. AGAMENON MAGALHÃES,ESPINHEIRO,,,COLISÃO,COLISÃO ENTRE DOIS AUTOS S/V,2,,,,,,,,,0,,,,,,,,,,,,,,,,,,
2018-07-31,21:04:00,SEM VÍTIMA,FINALIZADA,CASA AMARELA,AV NORTE,6061,,ENF AO DESKONTAO SENTIDO RECIIFE,AV NORTE,6061,ENF AO DESKONTAO SENTIDO RECIIFE,CASA AMARELA,,,COLISÃO,BROSS X CORSA CLASSIC,1,1,,,,,,,,0,,,,,,,,,,,,,,,,,,
2018-08-01,07:00:00,SEM VÍTIMA,FINALIZADA,ESPINHEIRO,RUA QUARENTA E OITO,,,EM FRENTE A FARMARCIA PERMANENTE,RUA QUARENTA E OITO,,EM FRENTE A FARMARCIA PERMANENTE,ESPINHEIRO,,,COLISÃO,COLISAO SEM VITIMAS,1,,,,,1,,,,0,,,,,,,,,,,,,,,,,,
2018-08-01,07:05:00,COM VÍTIMA,FINALIZADA,MADALENA,AV VISCONDE DE ALBUQUERQUE,836,,PRAÇA EÇA DE QUEIROZ,AV VISCONDE DE ALBUQUERQUE,836,PRAÇA EÇA DE QUEIROZ,MADALENA,,,COLISÃO,COLISÃO COM VÍTIMA,1,1,,,,,,,,1,,,,,,,,,,,,,,,,,,
2018-08-01,08:08:00,SEM VÍTIMA,FINALIZADA,BOA VIAGEM,AV DES JOSE NEVES,567,,EM FRENTE A PADARIA DONA ROSA, SENTIDO BOA VIAGEM,AV DES JOSE NEVES,567,EM FRENTE A PADARIA DONA ROSA, SENTIDO BOA VIAGEM,BOA VIAGEM,,,COLISÃO,COLISAO SM VITIMAS,2,,,,,,,,,0,,,,,,,,,,,,,,,,
2018-08-01,08:12:00,SEM VÍTIMA,FINALIZADA,PINA,AV ANTONIO DE GOES,,,EM BAIXO DO SEMAFORO 538,AV ANTONIO DE GOES,,EM BAIXO DO SEMAFORO 538,PINA,,,COLISÃO,COLISAO SEM VITIMAS GM QTH,1,,,,,1,,,,0,,,,,,,,,,,,,,,,,,
2018-08-01,08:14:00,SEM VÍTIMA,FINALIZADA,BOA VISTA,RUA DOM BOSCO,,,AO LADO DO EXTRA,RUA DOM BOSCO,,AO LADO DO EXTRA,BOA VISTA,,,COLISÃO,COLISAO ENTRE AUTO E ONIBUS S/V,1,,,,,1,,,,0,,,,,,,,,,,,,,,,,,
2018-08-01,10:26:00,SEM VÍTIMA,CANCELADA,CIDADE UNIVERSITÁRIA,RUA MAURICEIA,,,AO LADO DO PREDIO DA SUDENE ESQUINA DA EMPRESA TRATOR BR,RUA MAURICEIA,,AO LADO DO PREDIO DA SUDENE ESQUINA DA EMPRESA TRATOR BR,CIDADE UNIVERSITÁRIA,,,COLISÃO,COLISAO ENTRE DOIS AUTOS S/V,2,,,,,,,,,0,,,,,,,,,,,,,,,,,,
2018-08-01,10:38:00,SEM VÍTIMA,FINALIZADA,IMBIRIBEIRA,RUA ITALIA,,,AO LADO DO AÇAI,RUA ITALIA,,AO LADO DO AÇAI,IMBIRIBEIRA,,,COLISÃO,COLISÃO SEM VITIMAS,1,,,,,,1,,,0,,,,,,,,,,,,,,,,,,
2018-08-01,12:09:00,SEM VÍTIMA,FINALIZADA,IMBIRIBEIRA,AV MARECHAL MASCARENHAS DE MORAES,,,,AV MARECHAL MASCARENHAS DE MORAES,,,IMBIRIBEIRA,,,COLISÃO,COLISÃO SEM VITIMA,2,,,,,,,,,0,,,,,,,,,,,,,,,,,,
2018-08-01,12:12:00,SEM VÍTIMA,FINALIZADA,ESPINHEIRO,RUA DO ESPINHEIRO,643,,EM FRENTE A DROGASIL,RUA DO ESPINHEIRO,643,EM FRENTE A DROGASIL,ESPINHEIRO,,,COLISÃO,COLISÃO SEM VÍTIMA,1,,,,,1,,,,0,,,,,,,,,,,,,,,,,,
2018-08-01,12:18:00,SEM VÍTIMA,FINALIZADA,IMBIRIBEIRA,RUA DANCING DAYS,10,,PROXIMO A COMPESA E A FARMACIA SAUDE DO TRABALHADOR,RUA DANCING DAYS,10,PROXIMO A COMPESA E A FARMACIA SAUDE DO TRABALHADOR,IMBIRIBEIRA,,,COLISÃO,COLISÃO SEM VÍTIMA,1,,,,,,1,,,0,,,,,,,,,,,,,,,,,,
2018-08-01,13:25:00,SEM VÍTIMA,FINALIZADA,BOA VIAGEM,AV ENGENHEIRO DOMINGOS FERREIRA,,,APOS O CARREFUR, ANTES DO SEMÁFORO 545,AV ENGENHEIRO DOMINGOS FERREIRA,,APOS O CARREFUR, ANTES DO SEMÁFORO 545,BOA VIAGEM,,,COLISÃO,COLISÃO SEM VÍTIMAS,1,1,,,,,,,,0,,,,,,,,,,,,,,,,
2018-08-01,13:52:00,SEM VÍTIMA,FINALIZADA,MADALENA,AV CAXANGA,,,MUSEU DA ABOLIÇÃO,AV CAXANGA,,MUSEU DA ABOLIÇÃO,MADALENA,,,COLISÃO,COLISÃO ENVOLVENDO A VT- 11 DA CTTU E UM VW/GOL,2,,,,,,,,,0,,,,,,,,,,,,,,,,,,
2018-08-01,14:01:00,SEM VÍTIMA,FINALIZADA,BOA VISTA,RUA DR LEOPOLDO LINS,100,,EM FRENTE A EMPRESA GUSMÃO,RUA DR LEOPOLDO LINS,100,EM FRENTE A EMPRESA GUSMÃO,BOA VISTA,,,COLISÃO,COLISÃO SEM VÍTIMA,2,,,,,,,,,0,,,,,,,,,,,,,,,,,,
2018-08-01,14:25:00,SEM VÍTIMA,CANCELADA,PAISSANDU,RUA EPAMINONDAS DE MELO,177,,EM FRENTE A CLINICA HAPIVIDA,RUA EPAMINONDAS DE MELO,177,EM FRENTE A CLINICA HAPIVIDA,PAISSANDU,,,COLISÃO,DOIS AUTOS,2,,,,,,,,,0,,,,,,,,,,,,,,,,,,
2018-08-01,14:26:00,SEM VÍTIMA,FINALIZADA,PAISSANDU,RUA PAISSANDU,567,,ENFRENTE AO BRADESCO,RUA PAISSANDU,567,ENFRENTE AO BRADESCO,PAISSANDU,,,COLISÃO,COLISÃO SEM VITIMA,2,,,,,,,,,0,,,,,,,,,,,,,,,,,,
2018-08-01,14:38:00,SEM VÍTIMA,FINALIZADA,CAMPO GRANDE,AV CORREIA DE BRITO,536,,EM FRENTE A ACADEMIA UNIVERSO,AV CORREIA DE BRITO,536,EM FRENTE A ACADEMIA UNIVERSO,CAMPO GRANDE,,,COLISÃO,COLISÃO SEM VÍTIMA,1,,,,,,1,,,0,,,,,,,,,,,,,,,,,,
2018-08-01,15:45:00,SEM VÍTIMA,FINALIZADA,AFOGADOS,RUA COSME VIANA,721,,POSTO SETTA,RUA COSME VIANA,721,POSTO SETTA,AFOGADOS,,,COLISÃO,COLISÃO SEM VITIMA,1,1,,,,,,,,0,,,,,,,,,,,,,,,,,,
2018-08-01,15:57:00,SEM VÍTIMA,FINALIZADA,BEBERIBE,PRC DA CONVENCAO,45,,EM FRENTE AO POSTO BR E A ESPONSEDE,PRC DA CONVENCAO,45,EM FRENTE AO POSTO BR E A ESPONSEDE,BEBERIBE,,,COLISÃO,COLISÃO SEM VÍTMA,1,,,,,1,,,,0,,,,,,,,,,,,,,,,,,
2018-08-01,16:09:00,SEM VÍTIMA,FINALIZADA,BEBERIBE,AV BEBERIBE,3025,,LADO OPOSTO DO NUMERAL INFORMADO,, SENTIDO BEBERIBE,AV BEBERIBE,3025,LADO OPOSTO DO NUMERAL INFORMADO,, SENTIDO BEBERIBE,BEBERIBE,,,COLISÃO,COLISÃO SEM VITIMA,1,,,,,1,,,,0,,,,,,,,,,,,,,
2018-08-01,16:12:00,SEM VÍTIMA,FINALIZADA,BOA VISTA,RUA CORREDOR DO BISPO,,,EM FRENTE A ESUDA,RUA CORREDOR DO BISPO,,EM FRENTE A ESUDA,BOA VISTA,,,COLISÃO,COLISÃO SEM VÍTIMA,1,,,,,,1,,,0,,,,,,,,,,,,,,,,,,
2018-08-01,18:13:00,SEM VÍTIMA,FINALIZADA,BOA VISTA,RUA DOM BOSCO,S/N,AV MANOEL BORBA,CRUZAMENTO COM AV MANOEL BORBA ENF AO SAMU,RUA DOM BOSCO,S/N,CRUZAMENTO COM AV MANOEL BORBA ENF AO SAMU,BOA VISTA,,,COLISÃO,DOIS FIAT UNO,2,,,,,,,,,0,,,,,,,,,,,,,,,,,,