data,hora,natureza_acidente,situacao,bairro,endereco,numero,detalhe_endereco_acidente,complemento,endereco_cruzamento,numero_cruzamento,referencia_cruzamento,bairro_cruzamento,num_semaforo,sentido_via,tipo,descricao,auto,moto,ciclom,ciclista,pedestre,onibus,caminhao,viatura,outros,vitimas,vitimasfatais,acidente_verificado,tempo_clima,situacao_semaforo,sinalizacao,condicao_via,conservacao_via,ponto_controle,situacao_placa,velocidade_max_via,mao_direcao,divisao_via1,divisao_via2,divisao_via3,,,,
2018-08-01,18:30:00,COM VÍTIMA,FINALIZADA,BAIRRO DO RECIFE,AV MILITAR,,,ENTRE A PREFEITURA E O POSTO SHELL, SNT SUB / ANTES DA PTE DO LIMOEIRO,AV MILITAR,,ENTRE A PREFEITURA E O POSTO SHELL, SNT SUB / ANTES DA PTE DO LIMOEIRO,BAIRRO DO RECIFE,,,COLISÃO,ENTRE AUTO E MOTO. C/V,1,1,,,,,,,,1,,,,,,,,,,,,,,,,
2018-08-01,19:17:00,SEM VÍTIMA,FINALIZADA,BAIRRO DO RECIFE,C SANTA RITA,,,AO LADO DOS ARMAZEM 16,C SANTA RITA,,AO LADO DOS ARMAZEM 16,BAIRRO DO RECIFE,,,COLISÃO,CARRETA E PALIO OBS:: DOIS BATEDORES 08 X 02,1,,,,,,1,,,0,,,,,,,,,,,,,,,,,,
2018-08-01,19:27:00,SEM VÍTIMA,FINALIZADA,CASA FORTE,PRC DE CASA FORTE,,,E/F A PRC VITORIA REGIA E COLÉGIO CASA FORTE,PRC DE CASA FORTE,,E/F A PRC VITORIA REGIA E COLÉGIO CASA FORTE,CASA FORTE,,,ENGAVETAMENTO,ENTRE 2 AUTOS E MOTO. C/V,2,1,,,,,,,,0,,,,,,,,,,,,,,,,,,
2018-08-01,20:03:00,SEM VÍTIMA,FINALIZADA,IBURA,AV ENGENHO MURIBARA,299,,E/F A IGREJA EVANGÉLICA MISSIONÁRIA DA RESTAURAÇÃO EM CRISTO,AV ENGENHO MURIBARA,299,E/F A IGREJA EVANGÉLICA MISSIONÁRIA DA RESTAURAÇÃO EM CRISTO,IBURA,,,COLISÃO,ENTRE AUTO E MOTO. C/V,2,,,,,,,,,0,,,,,,,,,,,,,,,,,,
2018-08-01,21:11:00,SEM VÍTIMA,CANCELADA,VASCO DA GAMA,RUA VASCO DA GAMA,106,,NA ENTRADA DO VASCO DA GAMA / PRÓX AO SESI DO VASCO DA GAMA,RUA VASCO DA GAMA,106,NA ENTRADA DO VASCO DA GAMA / PRÓX AO SESI DO VASCO DA GAMA,VASCO DA GAMA,,,COLISÃO,ENTRE 2 AUTOS. S/V,2,,,,,,,,,0,,,,,,,,,,,,,,,,,,
2018-08-02,01:45:00,SEM VÍTIMA,FINALIZADA,CASA AMARELA,RUA ALEXANDRINO,64,AV MALACO,PROX A IGREJA BATISTA, ESQUINA COM A AV MALACÓ,RUA ALEXANDRINO,64,PROX A IGREJA BATISTA, ESQUINA COM A AV MALACÓ,CASA AMARELA,,,COLISÃO,COLISÃO ENTRE AUTO E MOTO S/V,1,1,,,,,,,,0,,,,,,,,,,,,,,,,
2018-08-02,07:54:00,SEM VÍTIMA,FINALIZADA,MADALENA,RUA JOSE OSORIO,100,,PROX. A FUNDAÇAO CECOSNE,RUA JOSE OSORIO,100,PROX. A FUNDAÇAO CECOSNE,MADALENA,,,COLISÃO,4 AUTOS,4,,,,,,,,,0,,,,,,,,,,,,,,,,,,
2018-08-02,11:02:00,SEM VÍTIMA,FINALIZADA,CASA AMARELA,PRC DO TRABALHO,53,,EM FRENTE A UPINHA,PRC DO TRABALHO,53,EM FRENTE A UPINHA,CASA AMARELA,,,COLISÃO,DOIS AUTOS,2,,,,,,,,,0,,,,,,,,,,,,,,,,,,
2018-08-02,11:13:00,SEM VÍTIMA,FINALIZADA,IPSEP,RUA PINTOR ANTONIO ALBUQUERQUE,2586,,EM FRENTE AO POSTO DE GASOLINA SHELL,RUA PINTOR ANTONIO ALBUQUERQUE,2586,EM FRENTE AO POSTO DE GASOLINA SHELL,IPSEP,,,COLISÃO,AUTO E CAMINHÃO,1,,,,,,1,,,0,,,,,,,,,,,,,,,,,,
2018-08-02,11:22:00,COM VÍTIMA,FINALIZADA,BAIRRO DO RECIFE,AV MILITAR,,,PONTE DO LIMOEIRO,AV MILITAR,,PONTE DO LIMOEIRO,BAIRRO DO RECIFE,,,COLISÃO,,1,1,,,,,,,,1,,,,,,,,,,,,,,,,,,
2018-08-02,11:28:00,COM VÍTIMA,FINALIZADA,ESPINHEIRO,RUA MUNIZ TAVARES,,,ONIBUS PER1746 EMPRESA TRANSCOL,RUA MUNIZ TAVARES,,ONIBUS PER1746 EMPRESA TRANSCOL,ESPINHEIRO,,,ATROPELAMENTO,ONIBUS E PEDESTRE,,,,,,1,,,,1,,,,,,,,,,,,,,,,,,
2018-08-02,12:12:00,COM VÍTIMA,FINALIZADA,PARNAMIRIM,AV FLOR DE SANTANA,,RUA AMARO LAFAIETE,CRUZ COM RUA AMARO LAFAIETE,AV FLOR DE SANTANA,,CRUZ COM RUA AMARO LAFAIETE,PARNAMIRIM,,,COLISÃO,COLISA~ENTRE AUTO E MOTO,,,,,,,,,,1,,,,,,,,,,,,,,,,,,
2018-08-02,12:11:00,SEM VÍTIMA,FINALIZADA,DERBY,AV GOVERNADOR AGAMENON MAGALHAES,2294,,AO LADO DO HOSPITAL MEMORIAL SÃO JOSÉ,AV GOVERNADOR AGAMENON MAGALHAES,2294,AO LADO DO HOSPITAL MEMORIAL SÃO JOSÉ,DERBY,,,COLISÃO,COLISÃO SEM VITIMA,2,,,,,,,,,0,,,,,,,,,,,,,,,,,,
2018-08-02,12:21:00,SEM VÍTIMA,FINALIZADA,BOA VIAGEM,AV CONDE DA BOA VISTA,,AV CDE DA BOA VISTA,CONDE DA BOA VISTA COM A DOM BOSCO/O LADO OPOSTO DO POSTO BR,AV CONDE DA BOA VISTA,,CONDE DA BOA VISTA COM A DOM BOSCO/O LADO OPOSTO DO POSTO BR,BOA VIAGEM,,,COLISÃO,ONIBUS E AUTO S/V,1,,,,,1,,,,0,,,,,,,,,,,,,,,,,,
2018-08-02,12:59:00,COM VÍTIMA,FINALIZADA,BOA VISTA,RUA DO RIACHUELO,,RUA GERVASIO PIRES,CRUZAMENTO DO HOSPITAL DO EXERCITO/SEMAFORO 175,RUA DO RIACHUELO,,CRUZAMENTO DO HOSPITAL DO EXERCITO/SEMAFORO 175,BOA VISTA,,,COLISÃO,MOTO E AUTOS C/V,,,,,,,,,,1,,,,,,,,,,,,,,,,,,
2018-08-02,13:23:00,SEM VÍTIMA,FINALIZADA,MUSTARDINHA,AV MANOEL GONCALVES DA LUZ,,,NA ESQUINA COM O POSTO TOTAL, E A DELEGACIA,AV MANOEL GONCALVES DA LUZ,,NA ESQUINA COM O POSTO TOTAL, E A DELEGACIA,MUSTARDINHA,,,COLISÃO,COLISÃO SEM VITIMA,2,,,,,,,,,0,,,,,,,,,,,,,,,,
2018-08-02,13:27:00,COM VÍTIMA,FINALIZADA,ESTÂNCIA,RUA JOAO TEIXEIRA,137,,PROX. AO COLEGIO VISÃO, SENTIDO CIDADE,RUA JOAO TEIXEIRA,137,PROX. AO COLEGIO VISÃO, SENTIDO CIDADE,ESTÂNCIA,,,COLISÃO COM CICLISTA,COLISÃO COM VITIMA,1,,,1,,,,,,1,,,,,,,,,,,,,,,,
2018-08-02,13:53:00,SEM VÍTIMA,FINALIZADA,VÁRZEA,RUA PROFESSOR ANTONIO COELHO,495,,E/F AO COLEGIO PONTUAL,RUA PROFESSOR ANTONIO COELHO,495,E/F AO COLEGIO PONTUAL,VÁRZEA,,,COLISÃO,COLISAO ENTRE DOIS AUTOS S/V,2,,,,,,,,,0,,,,,,,,,,,,,,,,,,
2018-08-02,14:10:00,COM VÍTIMA,FINALIZADA,BOA VIAGEM,AV FERNANDO SIMOES BARBOSA,,,EM FRENTE AO EDIFICIL SAINTPAUL 348/PROX A CADEMIA BOYTECH,AV FERNANDO SIMOES BARBOSA,,EM FRENTE AO EDIFICIL SAINTPAUL 348/PROX A CADEMIA BOYTECH,BOA VIAGEM,,,COLISÃO,MOTO E DOIS AUTOS C/V,2,1,,,,,,,,1,,,,,,,,,,,,,,,,,,
2018-08-02,14:12:00,SEM VÍTIMA,FINALIZADA,SANTO AMARO,RUA FREI CASSIMIRO,,RUA TREZE DE MAIO,COM A RUA 13 DE MAIO,RUA FREI CASSIMIRO,,COM A RUA 13 DE MAIO,SANTO AMARO,,,COLISÃO,COLISÃO COM VITIMA,1,1,,,,,,,,0,,,,,,,,,,,,,,,,,,
2018-08-02,14:15:00,SEM VÍTIMA,FINALIZADA,PAISSANDU,RUA PAISSANDU,567,,ENFRENTE AO MANIDERMA FARMACIA DE MANIPULAÇÃO,RUA PAISSANDU,567,ENFRENTE AO MANIDERMA FARMACIA DE MANIPULAÇÃO,PAISSANDU,,,COLISÃO,COLISÃO SEM VITIMA,1,,,,,,1,,,0,,,,,,,,,,,,,,,,,,
2018-08-02,14:22:00,SEM VÍTIMA,FINALIZADA,SÃO JOSÉ,AV SUL,,,EM FRENTE AO QUARTEL DO EXERCITO QUE DA ENTRADA P BOA VIAGEM/SEMAFORO 260 S/T CAIS DE SANTA RITA,AV SUL,,EM FRENTE AO QUARTEL DO EXERCITO QUE DA ENTRADA P BOA VIAGEM/SEMAFORO 260 S/T CAIS DE SANTA RITA,SÃO JOSÉ,,,ENGAVETAMENTO,TRES AUTOS S/V,3,,,,,,,,,0,,,,,,,,,,,,,,,,,,
2018-08-02,14:54:00,SEM VÍTIMA,FINALIZADA,BOA VIAGEM,AV MARECHAL JUAREZ TAVORA,,,ESCOLA GRANDE PASSO,AV MARECHAL JUAREZ TAVORA,,ESCOLA GRANDE PASSO,BOA VIAGEM,,,COLISÃO,COLISÃO SEM VITIMA,2,,,,,,,,,0,,,,,,,,,,,,,,,,,,
2018-08-02,14:57:00,SEM VÍTIMA,FINALIZADA,ZUMBI,RUA FIDELIS MOLITERNO,215,,APOS A CAIXA ECONOMICA SEGUNDA A DIREITA,RUA FIDELIS MOLITERNO,215,APOS A CAIXA ECONOMICA SEGUNDA A DIREITA,ZUMBI,,,COLISÃO,COLISAO ENTRE DOIS AUTOS S/V,2,,,,,,,,,0,,,,,,,,,,,,,,,,,,
2018-08-02,14:59:00,SEM VÍTIMA,FINALIZADA,CASA AMARELA,RUA GOMES COUTINHO,,,PROX AO SESC DE CASA AMARELA/SEMAFORO 643,RUA GOMES COUTINHO,,PROX AO SESC DE CASA AMARELA/SEMAFORO 643,CASA AMARELA,,,COLISÃO,AUTO E CAMINHAO S/V,1,,,,,,1,,,0,,,,,,,,,,,,,,,,,,
2018-08-02,15:06:00,,CANCELADA,PARNAMIRIM,RUA GOMES COUTINHO,,,APO LADO DO POSTO BR,RUA GOMES COUTINHO,,APO LADO DO POSTO BR,PARNAMIRIM,,,COLISÃO,COLISÃO SEM VITIMA,1,,,,,,1,,,0,,,,,,,,,,,,,,,,,,
2018-08-02,16:31:00,COM VÍTIMA,CANCELADA,SAN MARTIN,AV GENERAL SAN MARTIN,,,PROX. AO PET SHOP AMOR DE BICHO,AV GENERAL SAN MARTIN,,PROX. AO PET SHOP AMOR DE BICHO,SAN MARTIN,,,COLISÃO,COLISÃO COM VITIMA,1,1,,,,,,,,1,,,,,,,,,,,,,,,,,,
2018-08-02,18:25:00,SEM VÍTIMA,FINALIZADA,MADALENA,RUA BENFICA,,,PROX AO POSTO PETROBRA E AO LADO DA PRACA DO INTERNACIONAL SENTIDO CAXANGA,RUA BENFICA,,PROX AO POSTO PETROBRA E AO LADO DA PRACA DO INTERNACIONAL SENTIDO CAXANGA,MADALENA,,,COLISÃO,HB 20 X FIESTA,2,,,,,,,,,0,,,,,,,,,,,,,,,,,,
2018-08-02,18:40:00,SEM VÍTIMA,FINALIZADA,BOA VIAGEM,AV CONSELHEIRO AGUIAR,4741,,PROX AO POSTO IPIRANGA ENF AO BANCO ITAU // SENTIDO CIDADE,AV CONSELHEIRO AGUIAR,4741,PROX AO POSTO IPIRANGA ENF AO BANCO ITAU // SENTIDO CIDADE,BOA VIAGEM,,,COLISÃO,ONIBUS X AUTO,1,,,,,1,,,,0,,,,,,,,,,,,,,,,,,
2018-08-02,20:48:00,COM VÍTIMA,FINALIZADA,CASA FORTE,AV DEZESSETE DE AGOSTO,,,SEMÁFORO 646 / E/F A FUNDAÇÃO JOAQUIM NABUCO,AV DEZESSETE DE AGOSTO,,SEMÁFORO 646 / E/F A FUNDAÇÃO JOAQUIM NABUCO,CASA FORTE,,,COLISÃO,ENTRE AUTO E MOTO. C/V,1,1,,,,,,,,1,,,,,,,,,,,,,,,,,,
2018-08-03,05:53:00,SEM VÍTIMA,CANCELADA,AREIAS,AV DR JOSE RUFINO,1495,,EM FRENTE A IGREJA PRESBITERIANA DE AREIAS, SEMAFORO 044,AV DR JOSE RUFINO,1495,EM FRENTE A IGREJA PRESBITERIANA DE AREIAS, SEMAFORO 044,AREIAS,,,COLISÃO,COLISÃO ENTRE ÔNIBUS E AUTO S/V,1,,,,,1,,,,0,,,,,,,,,,,,,,,,
2018-08-03,07:24:00,COM VÍTIMA,FINALIZADA,IPUTINGA,AV CAXANGA,,,E/F AO SUPERMERCADO EXTRA,AV CAXANGA,,E/F AO SUPERMERCADO EXTRA,IPUTINGA,,,CHOQUE,ACIDENTE DE PERCURSO SEGUIDO DE CHOQUE. COM UMA VÍTIMA. VEÍCULO FOI TRANCADO POR UM VEÍCULO NA VIA, QUE EVADIU-SE EM SEGUIDA- MOTOQUEIRO PERDEU O CONTROLE CAINDO E CHOCANDO CONTRA O CANTEIRO CENTRAL.,,1,,,,,,,,1,,,,,,,,,,,,,,,,,
2018-08-03,07:25:00,SEM VÍTIMA,FINALIZADA,BOA VIAGEM,RUA JOAO CARDOSO AIRES,2074,,EM FRENTE AO EDF. ADRIANA, ANTES DO COLEGIO MADRE DE DEUS,RUA JOAO CARDOSO AIRES,2074,EM FRENTE AO EDF. ADRIANA, ANTES DO COLEGIO MADRE DE DEUS,BOA VIAGEM,,,COLISÃO,AUTO E ONIBUS,1,,,,,1,,,,0,,,,,,,,,,,,,,,,
2018-08-03,07:43:00,SEM VÍTIMA,CANCELADA,ESPINHEIRO,RUA QUARENTA E OITO,462,RUA QUARENTA E OITO,CRUZ COM A RUA QUARENTA E OITO EM FRENTE AO EDIFICIO COLONIAL,RUA QUARENTA E OITO,462,CRUZ COM A RUA QUARENTA E OITO EM FRENTE AO EDIFICIO COLONIAL,ESPINHEIRO,,,COLISÃO,COLISÃO SEM VITIMAS,1,,,,,1,,,,0,,,,,,,,,,,,,,,,,,
2018-08-03,07:56:00,SEM VÍTIMA,FINALIZADA,BOA VIAGEM,AV ANTONIO DE GOES,549,,APOS O SEMAFORO 538, EM FRENTE A SUL AMERICA,AV ANTONIO DE GOES,549,APOS O SEMAFORO 538, EM FRENTE A SUL AMERICA,BOA VIAGEM,,,COLISÃO,DOIS AUTOS PONTO FIXO GM,2,,,,,,,,,0,,,,,,,,,,,,,,,,
2018-08-03,08:29:00,COM VÍTIMA,FINALIZADA,SÃO JOSÉ,RUA IMPERIAL,,RUA DO PEIXOTO,COM A RUA DO PEIXOTO, EM FRENTE A IGREJA MATRIZ DE SAO JOSE,RUA IMPERIAL,,COM A RUA DO PEIXOTO, EM FRENTE A IGREJA MATRIZ DE SAO JOSE,SÃO JOSÉ,,,COLISÃO,DOIS AUTOS,2,,,,,,,,,1,,,,,,,,,,,,,,,,
2018-08-03,09:06:00,SEM VÍTIMA,CANCELADA,MADALENA,RUA JOAO IVO DA SILVA,177,,EM FRENTE A SANLIFE,RUA JOAO IVO DA SILVA,177,EM FRENTE A SANLIFE,MADALENA,,,COLISÃO,DOIS AUTOS,2,,,,,,,,,0,,,,,,,,,,,,,,,,,,
2018-08-03,09:33:00,SEM VÍTIMA,FINALIZADA,DERBY,AV GOVERNADOR AGAMENON MAGALHAES,,,EM BAIXO DO SEMAFORO 174 EM FRENTE AO HOSPITAL DA RESTAURAÇÃO SENTIDO MADALENA,AV GOVERNADOR AGAMENON MAGALHAES,,EM BAIXO DO SEMAFORO 174 EM FRENTE AO HOSPITAL DA RESTAURAÇÃO SENTIDO MADALENA,DERBY,,,COLISÃO,COLISÃO SEM VITIMAS,2,,,,,,,,,0,,,,,,,,,,,,,,,,,,
2018-08-03,09:38:00,SEM VÍTIMA,FINALIZADA,SANTANA,RUA ASTERIO RUFINO ALVES,,,EM FRENTE AO CPRH,RUA ASTERIO RUFINO ALVES,,EM FRENTE AO CPRH,SANTANA,,,COLISÃO,COLISÃO SEM VITIMAS VT 09 QTH,2,,,,,,,,,0,,,,,,,,,,,,,,,,,,
2018-08-03,09:59:00,SEM VÍTIMA,FINALIZADA,SAN MARTIN,RUA APULCRO DE ASSUNCAO,515,,RESIDENCIA PROX A PRAÇA DE SAN MARTIN,RUA APULCRO DE ASSUNCAO,515,RESIDENCIA PROX A PRAÇA DE SAN MARTIN,SAN MARTIN,,,COLISÃO,COLISÃO SEM VITIMAS,1,,,,,,1,,,0,,,,,,,,,,,,,,,,,,
2018-08-03,10:52:00,SEM VÍTIMA,FINALIZADA,BOA VISTA,RUA CARLOS PORTO CARREIRO,122,,EM FRENTE AO CENTRO ODONTOLOGICO SAUDE DENTAL,RUA CARLOS PORTO CARREIRO,122,EM FRENTE AO CENTRO ODONTOLOGICO SAUDE DENTAL,BOA VISTA,,,COLISÃO,COLISÃO SEM VITIMAS,2,,,,,,,,,0,,,,,,,,,,,,,,,,,,
2018-08-03,11:40:00,COM VÍTIMA,FINALIZADA,DERBY,AV GOVERNADOR AGAMENON MAGALHAES,,,AO LADO DA EMERGENCIA PEDIATRICA DA UNIMED, SENT. BOA VIAGEM,AV GOVERNADOR AGAMENON MAGALHAES,,AO LADO DA EMERGENCIA PEDIATRICA DA UNIMED, SENT. BOA VIAGEM,DERBY,,,COLISÃO,DUAS MOTOS,,2,,,,,,,,1,,,,,,,,,,,,,,,,
2018-08-03,12:05:00,SEM VÍTIMA,FINALIZADA,ENCRUZILHADA,RUA CASTRO ALVES,143,,PROX. A CAIXA ECONOMICA,RUA CASTRO ALVES,143,PROX. A CAIXA ECONOMICA,ENCRUZILHADA,,,COLISÃO,DOIS AUTOS,2,,,,,,,,,0,,,,,,,,,,,,,,,,,,
2018-08-03,12:14:00,SEM VÍTIMA,FINALIZADA,CAMPO GRANDE,RUA JERONIMO VILELA,100,RUA ODORICO MENDES,EM FRENTE AO LAVA JATO PORTAL REGIONAL, NO FINAL DA ESTRADA DE BELEM COM A OUDORICO MENDES, ESTA VESTINDO CAMISA AZUL,RUA JERONIMO VILELA,100,EM FRENTE AO LAVA JATO PORTAL REGIONAL, NO FINAL DA ESTRADA DE BELEM COM A OUDORICO MENDES, ESTA VESTINDO CAMISA AZUL,CAMPO GRANDE,,,COLISÃO,COLISÃO SEM VÍTIMA,1,1,,,,,,,,0,,,,,,,,,,,,,,
2018-08-03,12:15:00,COM VÍTIMA,FINALIZADA,ESPINHEIRO,RUA SAO SALVADOR,24,,,RUA SAO SALVADOR,24,,ESPINHEIRO,,,COLISÃO,COM VÍTIMA,,2,,,,,,,,1,,,,,,,,,,,,,,,,,,
2018-08-03,12:19:00,COM VÍTIMA,FINALIZADA,GRAÇAS,RUA ESMERALDINO BANDEIRA,178,,RUA AMELIA PRIMEIRA A DIREITA PROX A CASA DOS FRIOS,RUA ESMERALDINO BANDEIRA,178,RUA AMELIA PRIMEIRA A DIREITA PROX A CASA DOS FRIOS,GRAÇAS,,,COLISÃO,COLISAO ENTRE AUTO E MOTO COM UMA VITIMA,1,1,,,,,,,,1,,,,,,,,,,,,,,,,,,
2018-08-03,13:03:00,SEM VÍTIMA,CANCELADA,BOA VIAGEM,AV CONSELHEIRO AGUIAR,477,,EM FRENTE AO BRADESCO,AV CONSELHEIRO AGUIAR,477,EM FRENTE AO BRADESCO,BOA VIAGEM,,,COLISÃO,COLISÃO SEM VÍTIMA,2,,,,,,,,,0,,,,,,,,,,,,,,,,,,
2018-08-03,13:21:00,COM VÍTIMA,FINALIZADA,ENCRUZILHADA,AV NORTE,2829,,SENTIDO CIDADE , EM FRENTE AO HOSPITAL JORGE MEDEIROS,AV NORTE,2829,SENTIDO CIDADE , EM FRENTE AO HOSPITAL JORGE MEDEIROS,ENCRUZILHADA,,,COLISÃO,COM VÍTIMA,1,1,,,,,,,,1,,,,,,,,,,,,,,,,
2018-08-03,13:51:00,SEM VÍTIMA,FINALIZADA,SANTO AMARO,RUA PRINCESA IZABEL,,,E/F AO TREZE DE MAIO,RUA PRINCESA IZABEL,,E/F AO TREZE DE MAIO,SANTO AMARO,,,COLISÃO,COLISA ENTRE ONIBUS E AUTO S/V,1,,,,,1,,,,0,,,,,,,,,,,,,,,,,,
2018-08-03,14:09:00,SEM VÍTIMA,FINALIZADA,IMBIRIBEIRA,RUA GRASIELA,10,,ENFRENTE A TEMAKERIA COIN AIKON,RUA GRASIELA,10,ENFRENTE A TEMAKERIA COIN AIKON,IMBIRIBEIRA,,,COLISÃO,COLISÃO SEM VITIMAS,2,,,,,,,,,0,,,,,,,,,,,,,,,,,,
2018-08-03,16:10:00,SEM VÍTIMA,FINALIZADA,IMBIRIBEIRA,AV MARECHAL MASCARENHAS DE MORAES,2785,,EM FRENTE AO MEDCENTER E AO BRADESCO / SENTIDO CIDADE NO POSTO SHELL AO LADO DA FACULDADE UNIVERSO,AV MARECHAL MASCARENHAS DE MORAES,2785,EM FRENTE AO MEDCENTER E AO BRADESCO / SENTIDO CIDADE NO POSTO SHELL AO LADO DA FACULDADE UNIVERSO,IMBIRIBEIRA,,,COLISÃO,COLISÃO SEM VÍTIMA,3,,,,,,,,,0,,,,,,,,,,,,,,,,,,
2018-08-03,17:30:00,SEM VÍTIMA,FINALIZADA,TAMARINEIRA,RUA CONEGO BARATA,,,EM FRENTE A FERREIRA COSTA,RUA CONEGO BARATA,,EM FRENTE A FERREIRA COSTA,TAMARINEIRA,,,COLISÃO,COLISÃO SEM VÍTIMA,2,,,,,,,,,0,,,,,,,,,,,,,,,,,,
2018-08-03,17:43:00,SEM VÍTIMA,FINALIZADA,CASA AMARELA,EST DO ENCANAMENTO,649,RUA BARBALHO,ESQUINA DO BAR DO ESCRITORIO E COM R BARBALHO,EST DO ENCANAMENTO,649,ESQUINA DO BAR DO ESCRITORIO E COM R BARBALHO,CASA AMARELA,,,COLISÃO,ENTRE 2 AUTOS. S/V / VT 13 NO LOCAL,2,,,,,,,,,0,,,,,,,,,,,,,,,,,,
2018-08-03,19:38:00,SEM VÍTIMA,FINALIZADA,DERBY,RUA HENRIQUE DIAS,,,NA RUA DO COLÉGIO DA POLICIA MILITAR / ESQUINA COM O SPETTUS,RUA HENRIQUE DIAS,,NA RUA DO COLÉGIO DA POLICIA MILITAR / ESQUINA COM O SPETTUS,DERBY,,,COLISÃO,ENTRE 2 AUTOS. S/V,2,,,,,,,,,0,,,,,,,,,,,,,,,,,,
2018-08-03,20:14:00,COM VÍTIMA,FINALIZADA,TORRÕES,RUA OCIDENTAL,,,PRÓX AO TERMINAL DE ÔNIBUS SITIO DAS PALMEIRAS / E/F AO ARMAZÉM JC,RUA OCIDENTAL,,PRÓX AO TERMINAL DE ÔNIBUS SITIO DAS PALMEIRAS / E/F AO ARMAZÉM JC,TORRÕES,,,COLISÃO,ENTRE AUTO E MOTO. C/V,1,1,,,,,,,,2,,,,,,,,,,,,,,,,,,
2018-08-03,23:54:00,COM VÍTIMA,FINALIZADA,AFLITOS,AV CONS ROSA E SILVA,1749,,SEMAFORO 522 EM FRENTE AO PONTO DO AÇAI,AV CONS ROSA E SILVA,1749,SEMAFORO 522 EM FRENTE AO PONTO DO AÇAI,AFLITOS,,,CHOQUE,AUTO E SEMAFORO 522,1,,,,,,,,,1,,,,,,,,,,,,,,,,,,
2018-08-04,00:08:00,SEM VÍTIMA,FINALIZADA,ESPINHEIRO,RUA DO ESPINHEIRO,,RUA QUARENTA E OITO,CRUZAMENTO COM A RUA QUARENTAE OITO,RUA DO ESPINHEIRO,,CRUZAMENTO COM A RUA QUARENTAE OITO,ESPINHEIRO,,,CHOQUE,VEÍCULO CHOCOU-SE EM DOIS AUTOS QUE ESTAVAM ESTACIONADOS,3,,,,,,,,,0,,,,,,,,,,,,,,,,,,
2018-08-04,07:45:00,SEM VÍTIMA,FINALIZADA,PORTO DA MADEIRA,AV ANIBAL BENEVOLO,184,,TERMINAL DOS ONIBUS DO ALTO SANTA TERESINHA,AV ANIBAL BENEVOLO,184,TERMINAL DOS ONIBUS DO ALTO SANTA TERESINHA,PORTO DA MADEIRA,,,COLISÃO,SEM VITIMAS,1,,,,,1,,,,0,,,,,,,,,,,,,,,,,,
2018-08-04,08:02:00,COM VÍTIMA,FINALIZADA,VÁRZEA,RUA ISAAC BURIL,24,RUA BRG ANTONIO DE SAMPAIO,COM A RUA BRG. ANTONIO DE SAMPAIO, PROX. AO INSTITUTO BRENNAND,RUA ISAAC BURIL,24,COM A RUA BRG. ANTONIO DE SAMPAIO, PROX. AO INSTITUTO BRENNAND,VÁRZEA,,,COLISÃO,AUTO E MOTO,1,1,,,,,,,,1,,,,,,,,,,,,,,,,
2018-08-04,09:08:00,SEM VÍTIMA,CANCELADA,CAXANGÁ,AV JOAQUIM RIBEIRO,,,EM FRENTE A UPA DA CAXANGA, NO SEMAFORO 281,AV JOAQUIM RIBEIRO,,EM FRENTE A UPA DA CAXANGA, NO SEMAFORO 281,CAXANGÁ,,,COLISÃO,DOIS AUTOS,2,,,,,,,,,0,,,,,,,,,,,,,,,,
2018-08-04,10:08:00,SEM VÍTIMA,FINALIZADA,CASA AMARELA,AV NORTE,6999,,EM FRENTE AO ARMAZEM DE CONSTRUÇÃO MIC,SENT/CIDADE,AV NORTE,6999,EM FRENTE AO ARMAZEM DE CONSTRUÇÃO MIC,SENT/CIDADE,CASA AMARELA,,,COLISÃO,SEM VITIMAS,1,,,,,,1,,,0,,,,,,,,,,,,,,,,
2018-08-04,10:13:00,SEM VÍTIMA,FINALIZADA,CAXANGÁ,AV JOAQUIM RIBEIRO,,,EM FRENTE A UPA, SENT. CIDADE,AV JOAQUIM RIBEIRO,,EM FRENTE A UPA, SENT. CIDADE,CAXANGÁ,,,COLISÃO,DOIS AUTOS,2,,,,,,,,,0,,,,,,,,,,,,,,,,
2018-08-04,10:15:00,COM VÍTIMA,FINALIZADA,BOA VIAGEM,RUA DOS NAVEGANTES,,RUA CEL BENEDITO CHAVES,COM A RUA CORONEL BENEDITO CHAVES,RUA DOS NAVEGANTES,,COM A RUA CORONEL BENEDITO CHAVES,BOA VIAGEM,,,COLISÃO,DOIS AUTOS,2,,,,,,,,,1,,,,,,,,,,,,,,,,,,
2018-08-04,11:05:00,SEM VÍTIMA,FINALIZADA,PINA,AV CONSELHEIRO AGUIAR,,,SENTIDO CIDADE EM FRENTE AO RESTAURANTE SÓ CALDINHO,AV CONSELHEIRO AGUIAR,,SENTIDO CIDADE EM FRENTE AO RESTAURANTE SÓ CALDINHO,PINA,,,COLISÃO,COLISÃO SEM VITIMAS,3,,,,,,,,,0,,,,,,,,,,,,,,,,,,
2018-08-04,11:11:00,SEM VÍTIMA,FINALIZADA,ILHA DO LEITE,RUA ESTADO DE ISRAEL,262,,EM FRENTE AO HAP VIDA,RUA ESTADO DE ISRAEL,262,EM FRENTE AO HAP VIDA,ILHA DO LEITE,,,COLISÃO,DOIS AUTOS,2,,,,,,,,,0,,,,,,,,,,,,,,,,,,
2018-08-04,11:20:00,SEM VÍTIMA,FINALIZADA,ENCRUZILHADA,RUA CASTRO ALVES,104,,EM FRENTE A COMATEC REFRIGERAÇÃO,RUA CASTRO ALVES,104,EM FRENTE A COMATEC REFRIGERAÇÃO,ENCRUZILHADA,,,COLISÃO,DOIS AUTOS,2,,,,,,,,,0,,,,,,,,,,,,,,,,,,
2018-08-04,11:39:00,COM VÍTIMA,FINALIZADA,AFOGADOS,RUA SAO MIGUEL,,,EM FRENTE AO RESTAURANTE BODE DO NÔ,RUA SAO MIGUEL,,EM FRENTE AO RESTAURANTE BODE DO NÔ,AFOGADOS,,,ACID. DE PERCURSO,COLISÃO COM VÍTIMA (DE ACORDO COM O CONDUTOR DA MOTOCICLETA, O CONDUTOR DO SEGUNDO VEÍCULO ENVOLVIDO, EVADIU-SE).,,1,,,,,,,,1,,,,,,,,,,,,,,,,