data,hora,natureza_acidente,situacao,bairro,endereco,numero,detalhe_endereco_acidente,complemento,endereco_cruzamento,numero_cruzamento,referencia_cruzamento,bairro_cruzamento,num_semaforo,sentido_via,tipo,descricao,auto,moto,ciclom,ciclista,pedestre,onibus,caminhao,viatura,outros,vitimas,vitimasfatais,acidente_verificado,tempo_clima,situacao_semaforo,sinalizacao,condicao_via,conservacao_via,ponto_controle,situacao_placa,velocidade_max_via,mao_direcao,divisao_via1,divisao_via2,divisao_via3,,,,
2018-08-07,08:34:00,SEM VÍTIMA,FINALIZADA,BOA VIAGEM,RUA BRUNO VELOSO,232,,AO LADO DO SHOPPING RECIFE,RUA BRUNO VELOSO,232,AO LADO DO SHOPPING RECIFE,BOA VIAGEM,,,COLISÃO,ONIBUS E CAMINHAO,,,,,,1,1,,,0,,,,,,,,,,,,,,,,,,
2018-08-07,08:43:00,SEM VÍTIMA,FINALIZADA,ESPINHEIRO,RUA QUARENTA E OITO,347,,EM FRENTE AO EDF MARIA TEREZA,RUA QUARENTA E OITO,347,EM FRENTE AO EDF MARIA TEREZA,ESPINHEIRO,,,COLISÃO,DOIS AUTOS / VT 04 NO QTH,2,,,,,,,,,0,,,,,,,,,,,,,,,,,,
2018-08-07,09:17:00,COM VÍTIMA,FINALIZADA,PRADO,RUA CARLOS GOMES,,,AO LADO DO BAILE PERFUMADO,RUA CARLOS GOMES,,AO LADO DO BAILE PERFUMADO,PRADO,,,COLISÃO,COM UMA VITIMA,CTTU NO LOCAL VT 24 VAI FAZER O B.O,1,1,,,,,,,,1,,,,,,,,,,,,,,,,,
2018-08-07,08:54:00,SEM VÍTIMA,FINALIZADA,ENCRUZILHADA,RUA AMARO COUTINHO,202,,E/F A PRAÇA DOS CAMINHONEIROS.,RUA AMARO COUTINHO,202,E/F A PRAÇA DOS CAMINHONEIROS.,ENCRUZILHADA,,,COLISÃO,SEM VÍTIMAS,1,,,,,1,,,,0,,,,,,,,,,,,,,,,,,
2018-08-07,08:57:00,SEM VÍTIMA,CANCELADA,CASA AMARELA,RUA COSTA LIMA,,AV NORTE,CRUZAMENTO COM A AV NORTE,RUA EM FRENTE A O POSTO BR,RUA COSTA LIMA,,CRUZAMENTO COM A AV NORTE,RUA EM FRENTE A O POSTO BR,CASA AMARELA,,,COLISÃO,SEM VITIMAS,2,,,,,,,,,0,,,,,,,,,,,,,,,,
2018-08-07,08:57:00,SEM VÍTIMA,FINALIZADA,AREIAS,,1040,,EM FRENTE A HM,,1040,EM FRENTE A HM,AREIAS,,,ACID. DE PERCURSO,,,1,,,,,,,,0,,,,,,,,,,,,,,,,,,
2018-08-07,09:02:00,COM VÍTIMA,FINALIZADA,BOA VISTA,AV CONDE DA BOA VISTA,,,ENM FRENTE A FACULDADE SAO MIGUEL / SENT SUB,AV CONDE DA BOA VISTA,,ENM FRENTE A FACULDADE SAO MIGUEL / SENT SUB,BOA VISTA,,,ATROPELAMENTO,ONIIBUS E PEDESTRE,,,,,1,1,,,,1,,,,,,,,,,,,,,,,,,
2018-08-07,09:09:00,,CANCELADA,PRADO,RUA CARLOS GOMES,,,RICARDO SALAZAR,RUA CARLOS GOMES,,RICARDO SALAZAR,PRADO,,,COLISÃO,VW/GOL E MOTO,1,1,,,,,,,,1,,,,,,,,,,,,,,,,,,
2018-08-07,09:28:00,SEM VÍTIMA,FINALIZADA,VÁRZEA,RUA AZEREDO COUTINHO,153,RUA MARIO CAMPELO,TRANSVERSAL COM A RUA MARIO CAMPELO ,EM FRENTE A PADARIA PRAÇA DOS PÃES,RUA AZEREDO COUTINHO,153,TRANSVERSAL COM A RUA MARIO CAMPELO ,EM FRENTE A PADARIA PRAÇA DOS PÃES,VÁRZEA,,,COLISÃO,SEM VITIMAS,2,,,,,,,,,0,,,,,,,,,,,,,,,,
2018-08-07,09:46:00,SEM VÍTIMA,FINALIZADA,IMBIRIBEIRA,AV MARECHAL MASCARENHAS DE MORAES,,,EM FRENTE A LOCALIZA / SENT SUB AFOGADOS / EM FRENTE AO AEROPORTO,AV MARECHAL MASCARENHAS DE MORAES,,EM FRENTE A LOCALIZA / SENT SUB AFOGADOS / EM FRENTE AO AEROPORTO,IMBIRIBEIRA,,,COLISÃO,MOTO E TRÊS AUTOS,3,1,,,,,,,,0,,,,,,,,,,,,,,,,,,
2018-08-07,09:57:00,SEM VÍTIMA,FINALIZADA,ESPINHEIRO,RUA DO ESPINHEIRO,151,,EM FRENTE AO EDIFICIO ETIENE,RUA DO ESPINHEIRO,151,EM FRENTE AO EDIFICIO ETIENE,ESPINHEIRO,,,COLISÃO,COLISÃO SEM VÍTIMA,2,,,,,,,,,0,,,,,,,,,,,,,,,,,,
2018-08-07,09:59:00,SEM VÍTIMA,FINALIZADA,GRAÇAS,AV RUI BARBOSA,,,RUA DAS CREOULAS - SEMÁFORO 102,AV RUI BARBOSA,,RUA DAS CREOULAS - SEMÁFORO 102,GRAÇAS,,,COLISÃO,SEM VÍTIMAS,2,,,,,,,,,0,,,,,,,,,,,,,,,,,,
2018-08-07,11:05:00,SEM VÍTIMA,FINALIZADA,PORTO DA MADEIRA,AV BEBERIBE,3530,,EM FRENTE AO CONDOMINIO JOÃO PAULO SEGUNDO,AV BEBERIBE,3530,EM FRENTE AO CONDOMINIO JOÃO PAULO SEGUNDO,PORTO DA MADEIRA,,,COLISÃO,SEM VITIMAS,1,,,,,1,,,,0,,,,,,,,,,,,,,,,,,
2018-08-07,11:12:00,SEM VÍTIMA,CANCELADA,CAXANGÁ,AV JOAQUIM RIBEIRO,,,EM FRENTE A UPA SEMAFORO 281,AV JOAQUIM RIBEIRO,,EM FRENTE A UPA SEMAFORO 281,CAXANGÁ,,,COLISÃO,MOTO E AUTO,1,1,,,,,,,,0,,,,,,,,,,,,,,,,,,
2018-08-07,11:50:00,SEM VÍTIMA,FINALIZADA,SANTO AMARO,AV VISCONDE DE SUASSUNA,273,,EM FRENTE A PADARIA DELICIAS DO TRIGO,AV VISCONDE DE SUASSUNA,273,EM FRENTE A PADARIA DELICIAS DO TRIGO,SANTO AMARO,,,COLISÃO,COLISÃO SEM VÍTIMA,1,,,,,,1,,,0,,,,,,,,,,,,,,,,,,
2018-08-07,11:53:00,SEM VÍTIMA,FINALIZADA,IMBIRIBEIRA,RUA PAMPULHA,159,,EM FRENTE DA PADARIA VALE DO RIO DOCE,RUA PAMPULHA,159,EM FRENTE DA PADARIA VALE DO RIO DOCE,IMBIRIBEIRA,,,COLISÃO,SEM VITIMAS,2,,,,,,,,,0,,,,,,,,,,,,,,,,,,
2018-08-07,12:19:00,SEM VÍTIMA,FINALIZADA,IBURA,AV DOIS RIOS,430,,E/F A IGREJA DOS MORMOS IBURA DE BAIXO,AV DOIS RIOS,430,E/F A IGREJA DOS MORMOS IBURA DE BAIXO,IBURA,,,COLISÃO,COLISAO ONIBUS E DOIS AUTO S/V,2,,,,,1,,,,0,,,,,,,,,,,,,,,,,,
2018-08-07,12:28:00,SEM VÍTIMA,FINALIZADA,DERBY,AV GOVERNADOR AGAMENON MAGALHAES,75,,EM FRENTE A ODONTOCAPE/ SENTIDO BOA VIAGEM,AV GOVERNADOR AGAMENON MAGALHAES,75,EM FRENTE A ODONTOCAPE/ SENTIDO BOA VIAGEM,DERBY,,,COLISÃO,COLISÃO SEM VÍTIMA,1,1,,,,,,,,0,,,,,,,,,,,,,,,,,,
2018-08-07,12:40:00,SEM VÍTIMA,FINALIZADA,IBURA,RUA RIO PARANAIBA,588,,POR TRAS DO IBURA AUYO PEÇAS,RUA RIO PARANAIBA,588,POR TRAS DO IBURA AUYO PEÇAS,IBURA,,,COLISÃO,COLISAO ENTRE ONIBUS E AUTO S/V,1,,,,,1,,,,0,,,,,,,,,,,,,,,,,,
2018-08-07,13:46:00,SEM VÍTIMA,FINALIZADA,IMBIRIBEIRA,AV MARECHAL MASCARENHAS DE MORAES,,,E/F A PRAÇA DO AEROPORTO GM HYAGO E GM ANGELICA NO LOCAL,AV MARECHAL MASCARENHAS DE MORAES,,E/F A PRAÇA DO AEROPORTO GM HYAGO E GM ANGELICA NO LOCAL,IMBIRIBEIRA,,,COLISÃO,COLISAO ENTRE DOIS AUTOS S/V,3,,,,,,,,,0,,,,,,,,,,,,,,,,,,
2018-08-07,13:58:00,SEM VÍTIMA,FINALIZADA,ÁGUA FRIA,AV BEBERIBE,2249,,EM FRENTE A SOBERANO,AV BEBERIBE,2249,EM FRENTE A SOBERANO,ÁGUA FRIA,,,COLISÃO,COLISÃO SEM VÍTIMA,1,1,,,,,,,,0,,,,,,,,,,,,,,,,,,
2018-08-07,14:07:00,COM VÍTIMA,FINALIZADA,VÁRZEA,RUA VALE DO SIRIJI,2050,RUA DODRIGO DELAMARE,CRUZAMENTO COM A RUA RODRIGO DELAMARE,RUA VALE DO SIRIJI,2050,CRUZAMENTO COM A RUA RODRIGO DELAMARE,VÁRZEA,,,COLISÃO COM CICLISTA,COM VÍTIMA,1,,,1,,,,,,1,,,,,,,,,,,,,,,,,,
2018-08-07,14:38:00,SEM VÍTIMA,FINALIZADA,IPSEP,AV RECIFE,,,PROX. A PONTE D CAÇOTE, JUNTO AO SEMAFORO 212,AV RECIFE,,PROX. A PONTE D CAÇOTE, JUNTO AO SEMAFORO 212,IPSEP,,,COLISÃO,COLISÃO SEM VÍTIMA,3,,,,,,,,,0,,,,,,,,,,,,,,,,
2018-08-07,16:03:00,SEM VÍTIMA,FINALIZADA,TEJIPIÓ,RUA FALCAO DE LACERDA,10,,APOS A ESTAÇÃO, SENTIDO JABOATÃO,RUA FALCAO DE LACERDA,10,APOS A ESTAÇÃO, SENTIDO JABOATÃO,TEJIPIÓ,,,COLISÃO,COLISÃO SEM VITIMA,2,,,,,,,,,0,,,,,,,,,,,,,,,,
2018-08-07,16:24:00,SEM VÍTIMA,FINALIZADA,BOA VIAGEM,RUA DR JOSE PACIFICO PEREIRA,,,ESQUINA DA PADARIA DANIELLY,RUA DR JOSE PACIFICO PEREIRA,,ESQUINA DA PADARIA DANIELLY,BOA VIAGEM,,,COLISÃO,COLISÃO SEM VITMA,2,,,,,,,,,0,,,,,,,,,,,,,,,,,,
2018-08-07,16:29:00,SEM VÍTIMA,FINALIZADA,CORDEIRO,RUA GOMES TABORDA,1237,,EM FRENTE A CLAU ÓTICA,RUA GOMES TABORDA,1237,EM FRENTE A CLAU ÓTICA,CORDEIRO,,,COLISÃO,COLISÃO SEM VÍTIMA,2,,,,,,,,,0,,,,,,,,,,,,,,,,,,
2018-08-07,17:40:00,SEM VÍTIMA,FINALIZADA,DERBY,RUA JOAQUIM NABUCO,344,,E/F A FARMACIA QUATRO CANTOS,RUA JOAQUIM NABUCO,344,E/F A FARMACIA QUATRO CANTOS,DERBY,,,COLISÃO,ENTRE 2 AUTOS. S/V / BATEDORES NO LOCAL,2,,,,,,,,,0,,,,,,,,,,,,,,,,,,
2018-08-07,17:49:00,COM VÍTIMA,FINALIZADA,IPUTINGA,RUA BARAO DA SOLEDADE,42,,POR TRÁS DO CONDOMÍNIO ABENÇOADA POR DEUS / AO LADO DA COBAL DO CARDOSO,RUA BARAO DA SOLEDADE,42,POR TRÁS DO CONDOMÍNIO ABENÇOADA POR DEUS / AO LADO DA COBAL DO CARDOSO,IPUTINGA,,,COLISÃO,ENTRE AUTO E MOTO ( CONDUTOR DA MOTO EM QUESTÃO, APRESENTA EMBRIAGUEZ E SEGUNDO AS INFO, O MESMO TENTOU SEM SUCESSO SE INVADIR DO LOCAL ) C/V,1,1,,,,,,,,1,,,,,,,,,,,,,,,,
2018-08-07,18:06:00,SEM VÍTIMA,FINALIZADA,PINA,AV REPUBLICA DO LIBANO,,,NA VIA QUE DA NA ENTRADA DO SHOPPING RIO MAR,AV REPUBLICA DO LIBANO,,NA VIA QUE DA NA ENTRADA DO SHOPPING RIO MAR,PINA,,,COLISÃO,ENTRE 2 AUTOS. S/V,2,,,,,,,,,0,,,,,,,,,,,,,,,,,,
2018-08-07,18:42:00,SEM VÍTIMA,FINALIZADA,ESPINHEIRO,AV GOVERNADOR AGAMENON MAGALHAES,2939,,ENF AO MINISTERIO DO TRABALHO SENTIDO BOA VIAGEM,AV GOVERNADOR AGAMENON MAGALHAES,2939,ENF AO MINISTERIO DO TRABALHO SENTIDO BOA VIAGEM,ESPINHEIRO,,,COLISÃO,CAMINHAO X 4 AUTO :: OBS SUSPEITA DE EMBRIAGUEZ,4,,,,,,1,,,0,,,,,,,,,,,,,,,,,,
2018-08-07,19:11:00,SEM VÍTIMA,FINALIZADA,MADALENA,RUA BENFICA,72,,ACESSO A ABDIAS DE CARVALHO / E/F A PRC DA BANDEIRA,RUA BENFICA,72,ACESSO A ABDIAS DE CARVALHO / E/F A PRC DA BANDEIRA,MADALENA,,,COLISÃO,ENTRE AUTO E ÔNIBUS. S/V,1,,,,,1,,,,0,,,,,,,,,,,,,,,,,,
2018-08-07,19:19:00,SEM VÍTIMA,CANCELADA,VASCO DA GAMA,RUA VASCO DA GAMA,,,E/F A DELEGACIA DO VASCO DA GAMA,RUA VASCO DA GAMA,,E/F A DELEGACIA DO VASCO DA GAMA,VASCO DA GAMA,,,COLISÃO,ENTRE AUTO E ÔNIBUS. S/V,1,,,,,1,,,,0,,,,,,,,,,,,,,,,,,
2018-08-07,19:50:00,SEM VÍTIMA,CANCELADA,VÁRZEA,RUA PROFESSOR CHAVES BATISTA,112,RUA EMILIANO BRAGA,CRUZAMENTO COM A RUA EMILIANO BRAGA,RUA PROFESSOR CHAVES BATISTA,112,CRUZAMENTO COM A RUA EMILIANO BRAGA,VÁRZEA,,,COLISÃO,,2,,,,,,,,,0,,,,,,,,,,,,,,,,,,
2018-08-07,21:20:00,SEM VÍTIMA,FINALIZADA,SANTO AMARO,AV CRUZ CABUGA,,,ENF A HONDA OBS:: VT 13 DA CTTU ESTA NO LOCAL,AV CRUZ CABUGA,,ENF A HONDA OBS:: VT 13 DA CTTU ESTA NO LOCAL,SANTO AMARO,,,COLISÃO,ONIBUS E UM BRT MAS AUTO,1,,,,,2,,,,0,,,,,,,,,,,,,,,,,,
2018-08-07,23:26:00,SEM VÍTIMA,FINALIZADA,CAXANGÁ,AV CAXANGA,,,ENF AO PERNAMBUCO DA SORTE // SENTIDO CENTRO PROX AO POSTO FEDERAL,AV CAXANGA,,ENF AO PERNAMBUCO DA SORTE // SENTIDO CENTRO PROX AO POSTO FEDERAL,CAXANGÁ,,,COLISÃO,COROLA X PALIO,2,,,,,,,,,0,,,,,,,,,,,,,,,,,,
2018-08-08,08:04:00,SEM VÍTIMA,CANCELADA,TORRE,RUA CONDE DE IRAJA,140,,EM FRENTE AO EDF ENGENHO DA TORRE,RUA CONDE DE IRAJA,140,EM FRENTE AO EDF ENGENHO DA TORRE,TORRE,,,COLISÃO,SEM VITIMAS,1,1,,,,,,,,0,,,,,,,,,,,,,,,,,,
2018-08-08,08:08:00,SEM VÍTIMA,FINALIZADA,ILHA DO RETIRO,AV ENGENHEIRO ABDIAS DE CARVALHO,,,EM FRENTE AO CLUBE SPORT,AV ENGENHEIRO ABDIAS DE CARVALHO,,EM FRENTE AO CLUBE SPORT,ILHA DO RETIRO,,,COLISÃO,DOIS AUTO E UMA MOTO,2,1,,,,,,,,0,,,,,,,,,,,,,,,,,,
2018-08-08,08:15:00,COM VÍTIMA,FINALIZADA,IMBIRIBEIRA,AV MARECHAL MASCARENHAS DE MORAES,,,EM FRENTE A GRILLO FLORES,AV MARECHAL MASCARENHAS DE MORAES,,EM FRENTE A GRILLO FLORES,IMBIRIBEIRA,,,COLISÃO,DUAS MOTOCICLETAS, COM VÍTIMA.,,,,,,,,,,1,,,,,,,,,,,,,,,,,
2018-08-08,08:16:00,SEM VÍTIMA,FINALIZADA,SANTO AMARO,AV GOVERNADOR AGAMENON MAGALHAES,,,EM FRENTE AO BOMPREÇO, SENT. OLINDA,AV GOVERNADOR AGAMENON MAGALHAES,,EM FRENTE AO BOMPREÇO, SENT. OLINDA,SANTO AMARO,,,COLISÃO,ONIBUS E AUTO,1,,,,,1,,,,0,,,,,,,,,,,,,,,,
2018-08-08,08:52:00,COM VÍTIMA,FINALIZADA,CAXANGÁ,AV CAXANGA,,,EM FRENTE AO TERMINAL INTEGRADO, SOB O SEMÁFORO 262.,AV CAXANGA,,EM FRENTE AO TERMINAL INTEGRADO, SOB O SEMÁFORO 262.,CAXANGÁ,,,ACID. DE PERCURSO,MOTOCICLISTA CAIU DA MOTO.,,1,,,,,,,,1,,,,,,,,,,,,,,,,
2018-08-08,10:08:00,SEM VÍTIMA,FINALIZADA,GRAÇAS,AV GOVERNADOR AGAMENON MAGALHAES,,,EM FRENTE A EMBRATEL ,SENT/BOA VIAGEM,AV GOVERNADOR AGAMENON MAGALHAES,,EM FRENTE A EMBRATEL ,SENT/BOA VIAGEM,GRAÇAS,,,COLISÃO,SEM VITIMAS CTTU NO LOCAL,2,,,,,,,,,0,,,,,,,,,,,,,,,,
2018-08-08,10:50:00,SEM VÍTIMA,FINALIZADA,IMBIRIBEIRA,AV MARECHAL MASCARENHAS DE MORAES,,,PROX AO POSTO IPIRANGA / SENT CIDADE /,AV MARECHAL MASCARENHAS DE MORAES,,PROX AO POSTO IPIRANGA / SENT CIDADE /,IMBIRIBEIRA,,,COLISÃO,DOIS AUTOS,2,,,,,,,,,0,,,,,,,,,,,,,,,,,,
2018-08-08,10:55:00,SEM VÍTIMA,FINALIZADA,ILHA DO RETIRO,RUA JOAO ELISIO RAMOS,,,AO LADO DO ESTÁDIO DA ILHA DO RETIRO,RUA JOAO ELISIO RAMOS,,AO LADO DO ESTÁDIO DA ILHA DO RETIRO,ILHA DO RETIRO,,,COLISÃO,COLISÃO ENTRE AUTO E MOTO SEM VÍTIMA,1,1,,,,,,,,0,,,,,,,,,,,,,,,,,,
2018-08-08,10:57:00,SEM VÍTIMA,FINALIZADA,ROSARINHO,AV NORTE,,RUA TREZE DE JULHO,COM A RUA TREZE DE JULHO SEMAFORO 456,AV NORTE,,COM A RUA TREZE DE JULHO SEMAFORO 456,ROSARINHO,,,COLISÃO,MOTO E AUTO,1,1,,,,,,,,0,,,,,,,,,,,,,,,,,,
2018-08-08,11:10:00,SEM VÍTIMA,FINALIZADA,IPUTINGA,AV CAXANGA,,,SEMAFORO 268 / SENT CIDADE,AV CAXANGA,,SEMAFORO 268 / SENT CIDADE,IPUTINGA,,,COLISÃO,TRES AUTOS,3,,,,,,,,,0,,,,,,,,,,,,,,,,,,
2018-08-08,11:44:00,COM VÍTIMA,FINALIZADA,COELHOS,LGO DOS COELHOS,84,,,LGO DOS COELHOS,84,,COELHOS,,,ATROPELAMENTO,ATROPELAMENTO / CRIANÇA,1,,,,1,,,,,1,,,,,,,,,,,,,,,,,,
2018-08-08,11:47:00,COM VÍTIMA,CANCELADA,IPSEP,RUA SILVEIRA NETO,54,,RUA AO LADO DA DELEGACIa,RUA SILVEIRA NETO,54,RUA AO LADO DA DELEGACIa,IPSEP,,,COLISÃO,AUTO E MOTO,1,1,,,,,,,,1,,,,,,,,,,,,,,,,,,
2018-08-08,12:38:00,SEM VÍTIMA,FINALIZADA,BOA VIAGEM,AV CONSELHEIRO AGUIAR,3500,,EM FRENTE AO HOTEL ARCADIA,AV CONSELHEIRO AGUIAR,3500,EM FRENTE AO HOTEL ARCADIA,BOA VIAGEM,,,COLISÃO,SEM VITIMAS,1,1,,,,,,,,0,,,,,,,,,,,,,,,,,,
2018-08-08,13:31:00,SEM VÍTIMA,FINALIZADA,CASA FORTE,AV DEZESSETE DE AGOSTO,,,EM FRENTE AOI POSTO DE SAUDE .. CENTRO MEDICO DA PREFEITURA/JOSE ERMIRIO DE MORAES/SEMAFORO 251,AV DEZESSETE DE AGOSTO,,EM FRENTE AOI POSTO DE SAUDE .. CENTRO MEDICO DA PREFEITURA/JOSE ERMIRIO DE MORAES/SEMAFORO 251,CASA FORTE,,,COLISÃO,AUTO E CAMINHAO S/V,1,,,,,,1,,,0,,,,,,,,,,,,,,,,,,
2018-08-08,13:50:00,SEM VÍTIMA,FINALIZADA,MADALENA,RUA ARLINDO GOUVEIA,,,EM FRENTE A ESCOLA POLITECNICA,RUA ARLINDO GOUVEIA,,EM FRENTE A ESCOLA POLITECNICA,MADALENA,,,COLISÃO,SEM VITIMAS CTTU NO LOCAL VAI FAZER B.O,2,,,,,,,,,0,,,,,,,,,,,,,,,,,,
2018-08-08,14:09:00,SEM VÍTIMA,FINALIZADA,CASA AMARELA,AV NORTE,,,NA FRENTE DO ARMAZEM CORAL ACHA A QUI, SENTIDO SUBURBIO CIDADE,AV NORTE,,NA FRENTE DO ARMAZEM CORAL ACHA A QUI, SENTIDO SUBURBIO CIDADE,CASA AMARELA,,,COLISÃO,COLISÃO SEM VÍTIMA,1,,,,,,1,,,0,,,,,,,,,,,,,,,,
2018-08-08,14:22:00,SEM VÍTIMA,FINALIZADA,ESTÂNCIA,AV DR JOSE RUFINO,489,,APOS O VIADULTO, ANTES DO COLGIO DECISÃO,AV DR JOSE RUFINO,489,APOS O VIADULTO, ANTES DO COLGIO DECISÃO,ESTÂNCIA,,,COLISÃO,COLISÃO SEM VÍTIMA,2,,,,,,,,,0,,,,,,,,,,,,,,,,
2018-08-08,14:32:00,SEM VÍTIMA,FINALIZADA,SAN MARTIN,RUA VINTE E UM DE ABRIL,,,NO TERMINAL DE SAN MARTIN/EM FRENTE A EMPREL,RUA VINTE E UM DE ABRIL,,NO TERMINAL DE SAN MARTIN/EM FRENTE A EMPREL,SAN MARTIN,,,COLISÃO,ONIBUS E AUTO S/V,2,,,,,,,,,0,,,,,,,,,,,,,,,,,,
2018-08-08,14:56:00,SEM VÍTIMA,FINALIZADA,IMBIRIBEIRA,AV ANTONIO TORRES GALVAO,,,EM FRENTE A MADEREIRA CONFORTO,AV ANTONIO TORRES GALVAO,,EM FRENTE A MADEREIRA CONFORTO,IMBIRIBEIRA,,,COLISÃO,SEM VITIMAS,1,1,,,,,1,,,0,,,,,,,,,,,,,,,,,,
2018-08-08,15:12:00,SEM VÍTIMA,FINALIZADA,BOA VIAGEM,AV CONSELHEIRO AGUIAR,,,EM FRENTE A GOLDMED/LIVRARIA DO MEC( SEMAFORO 549),AV CONSELHEIRO AGUIAR,,EM FRENTE A GOLDMED/LIVRARIA DO MEC( SEMAFORO 549),BOA VIAGEM,,,COLISÃO,DOIS AUTOS/S/V,2,,,,,,,,,0,,,,,,,,,,,,,,,,,,
2018-08-08,15:17:00,SEM VÍTIMA,FINALIZADA,ENCRUZILHADA,AV NORTE,,AV JOAO DE BARROS,EM FRENTE AO BANCO SANTANDER NA AV.NORTE COM JOAO DE BARROS,AV NORTE,,EM FRENTE AO BANCO SANTANDER NA AV.NORTE COM JOAO DE BARROS,ENCRUZILHADA,,,COLISÃO,COLISAO ENTRE AUTO E MOTO,1,1,,,,,,,,0,,,,,,,,,,,,,,,,,,
2018-08-08,15:21:00,SEM VÍTIMA,FINALIZADA,MADALENA,RUA BENFICA,,,EM FRENTE AO BATALHÃO DE CHOQUE,RUA BENFICA,,EM FRENTE AO BATALHÃO DE CHOQUE,MADALENA,,,COLISÃO,SEM VITIMA,2,,,,,,,,,0,,,,,,,,,,,,,,,,,,
2018-08-08,15:42:00,SEM VÍTIMA,FINALIZADA,BOA VISTA,RUA BARAO DE SAO BORJA,,RUA GOUVEIA DE BARROS,NA ESQUINA DO GOVEIA DE BARRO/CRUZAMENTO,RUA BARAO DE SAO BORJA,,NA ESQUINA DO GOVEIA DE BARRO/CRUZAMENTO,BOA VISTA,,,COLISÃO,ONIBUS E AUTO S/V,2,,,,,,,,,0,,,,,,,,,,,,,,,,,,
2018-08-08,15:49:00,,CANCELADA,BOA VISTA,RUA JOSE DE ALENCAR,264,,EM FRENTE AO EDF JOSE DE ALENCAR,RUA JOSE DE ALENCAR,264,EM FRENTE AO EDF JOSE DE ALENCAR,BOA VISTA,,,COLISÃO,SEM VITIMAS,1,,,,,1,,,,0,,,,,,,,,,,,,,,,,,
2018-08-08,15:50:00,SEM VÍTIMA,FINALIZADA,APIPUCOS,AV DEZESSETE DE AGOSTO,,,NA FRENTE DO COLEGIO MOTIVO,AV DEZESSETE DE AGOSTO,,NA FRENTE DO COLEGIO MOTIVO,APIPUCOS,,,CHOQUE,VEICULO FOI DE ENCONTRO COM O POSTE, SEGUNDO O CONDUTOR OS FREIOS FALHARAM,1,,,,,,,,,0,,,,,,,,,,,,,,,,,
2018-08-08,16:00:00,SEM VÍTIMA,FINALIZADA,CAXANGÁ,AV CAXANGA,1335,,EM FRENTE AO SUPERMERCADO STYLO,SENT/ CIDADE,AV CAXANGA,1335,EM FRENTE AO SUPERMERCADO STYLO,SENT/ CIDADE,CAXANGÁ,,,COLISÃO,SEM VITIMAS,2,,,,,,,,,0,,,,,,,,,,,,,,,,
2018-08-08,16:54:00,SEM VÍTIMA,FINALIZADA,ILHA DO LEITE,AV GOVERNADOR AGAMENON MAGALHAES,,,TERRENO BALDIO AO LADO DA CAIXA ECONOMICA,AV GOVERNADOR AGAMENON MAGALHAES,,TERRENO BALDIO AO LADO DA CAIXA ECONOMICA,ILHA DO LEITE,,,COLISÃO,SEM VITIMAS,2,,,,,,,,,0,,,,,,,,,,,,,,,,,,
2018-08-08,17:11:00,SEM VÍTIMA,FINALIZADA,BOA VIAGEM,AV ENGENHEIRO DOMINGOS FERREIRA,,,NA FRENTE A ESCOLA MUNICIPAL OSWALDO LIMA FILHO,AV ENGENHEIRO DOMINGOS FERREIRA,,NA FRENTE A ESCOLA MUNICIPAL OSWALDO LIMA FILHO,BOA VIAGEM,,,COLISÃO,COLISÃO SEM VÍTIMA,2,,,,,,,,,0,,,,,,,,,,,,,,,,,,
2018-08-08,18:56:00,SEM VÍTIMA,FINALIZADA,BOA VIAGEM,AV DOM JOAO VI,,,ANTES DA PADRE CARAPUCEIRO PROX AO CENTRO EMPRESARIAL QUEIROZ GALVAO,AV DOM JOAO VI,,ANTES DA PADRE CARAPUCEIRO PROX AO CENTRO EMPRESARIAL QUEIROZ GALVAO,BOA VIAGEM,,,COLISÃO,GOL X CARRETA DA MERCEDE BENZ,1,,,,,,1,,,0,,,,,,,,,,,,,,,,,,
2018-08-08,19:14:00,SEM VÍTIMA,FINALIZADA,BOA VIAGEM,AV CONSELHEIRO AGUIAR,,,ENF AO HOLIDAY E BANCO DO BRASIL E ITAU SENTIDO CENTRO,AV CONSELHEIRO AGUIAR,,ENF AO HOLIDAY E BANCO DO BRASIL E ITAU SENTIDO CENTRO,BOA VIAGEM,,,COLISÃO,HB 20 X FORD K,2,,,,,,,,,0,,,,,,,,,,,,,,,,,,
2018-08-08,19:22:00,SEM VÍTIMA,CANCELADA,IPSEP,AV RECIFE,,,E/F A AUTO SPORT VEÍCULOS / PRÓX AO MERCADO ECONÔMICO, SNT BR - SEMÁFORO 212,AV RECIFE,,E/F A AUTO SPORT VEÍCULOS / PRÓX AO MERCADO ECONÔMICO, SNT BR - SEMÁFORO 212,IPSEP,,,COLISÃO,ENTRE 2 AUTOS, S/V,2,,,,,,,,,0,,,,,,,,,,,,,,,
2018-08-08,19:38:00,SEM VÍTIMA,FINALIZADA,BOA VIAGEM,AV ENGENHEIRO DOMINGOS FERREIRA,,ANTONIO FALCAO,DE ESQUINA DOM ANTONIO FALCAO NO BANCO SANTANDER,AV ENGENHEIRO DOMINGOS FERREIRA,,DE ESQUINA DOM ANTONIO FALCAO NO BANCO SANTANDER,BOA VIAGEM,,,COLISÃO,PALIO X ONIX,2,,,,,,,,,0,,,,,,,,,,,,,,,,,,
2018-08-08,20:02:00,SEM VÍTIMA,FINALIZADA,TORRÕES,AV BICENTENARIO DA REVOLUCAO FRANCESA,84,,ENF ASSEMBLEIA DE DEUS NO TERMINAL DE ONIBUS DE RODA DE FOGO,AV BICENTENARIO DA REVOLUCAO FRANCESA,84,ENF ASSEMBLEIA DE DEUS NO TERMINAL DE ONIBUS DE RODA DE FOGO,TORRÕES,,,COLISÃO,ONIBUS X PALIO,1,,,,,1,,,,0,,,,,,,,,,,,,,,,,,