data,hora,natureza_acidente,situacao,bairro,endereco,numero,detalhe_endereco_acidente,complemento,endereco_cruzamento,numero_cruzamento,referencia_cruzamento,bairro_cruzamento,num_semaforo,sentido_via,tipo,descricao,auto,moto,ciclom,ciclista,pedestre,onibus,caminhao,viatura,outros,vitimas,vitimasfatais,acidente_verificado,tempo_clima,situacao_semaforo,sinalizacao,condicao_via,conservacao_via,ponto_controle,situacao_placa,velocidade_max_via,mao_direcao,divisao_via1,divisao_via2,divisao_via3,,,,
2018-08-08,20:29:00,SEM VÍTIMA,CANCELADA,CASA FORTE,RUA AFONSO DE ALBUQUERQUE MELO,,,E/F AO WALLMART E A PRC JORN FRANCISCO PESSOA QUEIROZ JR,RUA AFONSO DE ALBUQUERQUE MELO,,E/F AO WALLMART E A PRC JORN FRANCISCO PESSOA QUEIROZ JR,CASA FORTE,,,COLISÃO,ENTRE 2 AUTOS, S/V,2,,,,,,,,,0,,,,,,,,,,,,,,,,,
2018-08-08,20:39:00,COM VÍTIMA,FINALIZADA,PRADO,AV ENGENHEIRO ABDIAS DE CARVALHO,,,PRÓX À HABBIBS // SEMÁFORO 132,AV ENGENHEIRO ABDIAS DE CARVALHO,,PRÓX À HABBIBS // SEMÁFORO 132,PRADO,,,COLISÃO,ENTRE AUTO E MOTO. C/V,1,1,,,,,,,,1,,,,,,,,,,,,,,,,,,
2018-08-08,22:53:00,SEM VÍTIMA,FINALIZADA,IMBIRIBEIRA,AV MARECHAL MASCARENHAS DE MORAES,,,PRÓX A LOMBADA ELETRÔNICA E AEROPORTO , SNT CENTRO DA CIDADE,AV MARECHAL MASCARENHAS DE MORAES,,PRÓX A LOMBADA ELETRÔNICA E AEROPORTO , SNT CENTRO DA CIDADE,IMBIRIBEIRA,,,COLISÃO,ENTRE 2 AUTOS, S/V / VT 32 NO LOCAL,2,,,,,,,,,0,,,,,,,,,,,,,,,
2018-08-08,23:00:00,SEM VÍTIMA,FINALIZADA,JARDIM SÃO PAULO,PRC DO JARDIM SAO PAULO,,,ENF A LANCHONETE SUBWAY NO GIRADOURO DE JARDIM SAO PAULO,PRC DO JARDIM SAO PAULO,,ENF A LANCHONETE SUBWAY NO GIRADOURO DE JARDIM SAO PAULO,JARDIM SÃO PAULO,,,COLISÃO,FORD K PRETO X ONIX BRANCO,2,,,,,,,,,0,,,,,,,,,,,,,,,,,,
2018-08-09,07:16:00,SEM VÍTIMA,CANCELADA,IMBIRIBEIRA,AV DOM JOAO VI,20,,ESQ DO COLEGIO GGE,AV DOM JOAO VI,20,ESQ DO COLEGIO GGE,IMBIRIBEIRA,,,COLISÃO,DOIS AUTOS,2,,,,,,,,,0,,,,,,,,,,,,,,,,,,
2018-08-09,07:17:00,SEM VÍTIMA,FINALIZADA,PINA,RUA JOSE MARIANO FILHO,,,EM BAIXO DO SEMAFORO 538,RUA JOSE MARIANO FILHO,,EM BAIXO DO SEMAFORO 538,PINA,,,COLISÃO,COLISÃO SEM VITIMA GM QTH,1,,,,,1,,,,0,,,,,,,,,,,,,,,,,,
2018-08-09,07:54:00,COM VÍTIMA,FINALIZADA,IMBIRIBEIRA,AV MARECHAL MASCARENHAS DE MORAES,417,,SENTIDO AFOGADOS EM FRENTE A LOJA FLOR ARTE,AV MARECHAL MASCARENHAS DE MORAES,417,SENTIDO AFOGADOS EM FRENTE A LOJA FLOR ARTE,IMBIRIBEIRA,,,COLISÃO,COLISÃO COM VITIMA A ESPERA DO SAMU,,1,,,,,1,,,1,,,,,,,,,,,,,,,,,,
2018-08-09,08:03:00,SEM VÍTIMA,CANCELADA,PINA,AV HERCULANO BANDEIRA,,,EM BAIXO DO SEMAFORO 660,AV HERCULANO BANDEIRA,,EM BAIXO DO SEMAFORO 660,PINA,,,COLISÃO,COLISÃO SEM VITIMAS GM QTH,2,,,,,,,,,0,,,,,,,,,,,,,,,,,,
2018-08-09,08:04:00,SEM VÍTIMA,FINALIZADA,GRAÇAS,AV RUI BARBOSA,1599,,SEMAFORO 037 AO LADO TRE NO SENTIDO AV GOVERNADOR AGAMENON MAGALHÃES,AV RUI BARBOSA,1599,SEMAFORO 037 AO LADO TRE NO SENTIDO AV GOVERNADOR AGAMENON MAGALHÃES,GRAÇAS,,,COLISÃO,SEM VITIMAS,1,1,,,,,,,,0,,,,,,,,,,,,,,,,,,
2018-08-09,08:14:00,COM VÍTIMA,FINALIZADA,ENCRUZILHADA,AV NORTE,,,SENTIDO CIDADE EM FRENTE A LOJA JACAUNA,AV NORTE,,SENTIDO CIDADE EM FRENTE A LOJA JACAUNA,ENCRUZILHADA,,,COLISÃO,COLISÃO COM VITIMA,1,1,,,,,,,,1,,,,,,,,,,,,,,,,,,
2018-08-09,08:31:00,SEM VÍTIMA,FINALIZADA,ESPINHEIRO,RUA MARQUES DO PARANA,209,RUA ALFREDO DE CARVALHO,em frente ao martelinho de ouro, CRUZAMENTO COM RUA ALFREDO DE CARVALHO,RUA MARQUES DO PARANA,209,em frente ao martelinho de ouro, CRUZAMENTO COM RUA ALFREDO DE CARVALHO,ESPINHEIRO,,,COLISÃO,SEM VITIMAS ,IDOSA A CAMINHO DE CONSULTA MEDICA.,2,,,,,,,,,0,,,,,,,,,,,,,,,
2018-08-09,08:35:00,SEM VÍTIMA,FINALIZADA,ÁGUA FRIA,RUA JULIO RAMOS,109,,E/F A FEIRA PÚBLICA DE ÁGUA FRIA,RUA JULIO RAMOS,109,E/F A FEIRA PÚBLICA DE ÁGUA FRIA,ÁGUA FRIA,,,COLISÃO,SEM VÍTIMAS,1,,,,,,1,,,0,,,,,,,,,,,,,,,,,,
2018-08-09,09:31:00,SEM VÍTIMA,CANCELADA,ARRUDA,AV PROFESSOR JOSE DOS ANJOS,,,SEMAFORO 131 EM FRENTE AO CAMPO DO SANTA CRUZ,AV PROFESSOR JOSE DOS ANJOS,,SEMAFORO 131 EM FRENTE AO CAMPO DO SANTA CRUZ,ARRUDA,,,COLISÃO,SEM VITIMAS,2,,,,,,,,,0,,,,,,,,,,,,,,,,,,
2018-08-09,09:55:00,COM VÍTIMA,FINALIZADA,SANTO AMARO,AV GOVERNADOR AGAMENON MAGALHAES,,,SENTIDO OLINDA EM FRENTE A REITORIA DA UPE,AV GOVERNADOR AGAMENON MAGALHAES,,SENTIDO OLINDA EM FRENTE A REITORIA DA UPE,SANTO AMARO,,,COLISÃO,COLISÃO COM VITIMA A ESPERA DO SAMU,1,1,,,,,,,,1,,,,,,,,,,,,,,,,,,
2018-08-09,10:55:00,SEM VÍTIMA,FINALIZADA,SANCHO,AV LIBERDADE,,,PRÓXIMO AO PARQUE DAS FLORES,AV LIBERDADE,,PRÓXIMO AO PARQUE DAS FLORES,SANCHO,,,COLISÃO,DOIS AUTOMÓVEIS,2,,,,,,,,,0,,,,,,,,,,,,,,,,,,
2018-08-09,10:59:00,SEM VÍTIMA,FINALIZADA,IMBIRIBEIRA,AV MARECHAL MASCARENHAS DE MORAES,4773,,EM FRENTE AS LOJAS MOURA / SENT CIDADE,AV MARECHAL MASCARENHAS DE MORAES,4773,EM FRENTE AS LOJAS MOURA / SENT CIDADE,IMBIRIBEIRA,,,COLISÃO,DOIS AUTOS,2,,,,,,,,,0,,,,,,,,,,,,,,,,,,
2018-08-09,11:43:00,SEM VÍTIMA,FINALIZADA,BOA VISTA,AV VISCONDE DE SUASSUNA,783,,APÓ O CEFAPP 50 METROS,AV VISCONDE DE SUASSUNA,783,APÓ O CEFAPP 50 METROS,BOA VISTA,,,COLISÃO,COLISÃO SEM VITIMAS,2,,,,,,,,,0,,,,,,,,,,,,,,,,,,
2018-08-09,12:59:00,SEM VÍTIMA,FINALIZADA,PRADO,AV ENGENHEIRO ABDIAS DE CARVALHO,,,JUNTO A BOBS, SENTIDO CIDADE,AV ENGENHEIRO ABDIAS DE CARVALHO,,JUNTO A BOBS, SENTIDO CIDADE,PRADO,,,COLISÃO,COLISÃO SEM VITIMAS,2,,,,,,,,,0,,,,,,,,,,,,,,,,
2018-08-09,13:10:00,SEM VÍTIMA,FINALIZADA,BOA VISTA,AV CONDE DA BOA VISTA,,,PROX A LOJAS RIACHUELO,AV CONDE DA BOA VISTA,,PROX A LOJAS RIACHUELO,BOA VISTA,,,COLISÃO,COLISAO ENTRE AUTO E MOTO S/V BATEDOR DA MOTO 25 ESTA NO LOCAL,1,1,,,,,,,,0,,,,,,,,,,,,,,,,,,
2018-08-09,14:28:00,SEM VÍTIMA,FINALIZADA,BOA VISTA,AV JOAO DE BARROS,,,EMPRESARIAL BURLE MARX,AV JOAO DE BARROS,,EMPRESARIAL BURLE MARX,BOA VISTA,,,COLISÃO,SANDERO X MOTO,1,1,,,,,,,,0,,,,,,,,,,,,,,,,,,
2018-08-09,15:08:00,SEM VÍTIMA,FINALIZADA,BAIRRO DO RECIFE,CAIS DO APOLO,,,AO ALDO DO FORTE DO BRUM,CAIS DO APOLO,,AO ALDO DO FORTE DO BRUM,BAIRRO DO RECIFE,,,COLISÃO,COLISÃO SEM VÍTIMA,1,,,,,1,,,,0,,,,,,,,,,,,,,,,,,
2018-08-09,16:15:00,COM VÍTIMA,FINALIZADA,CIDADE UNIVERSITÁRIA,RUA GENERAL POLIDORO,422,,PROX A PADARIA DELICATESSEN,RUA GENERAL POLIDORO,422,PROX A PADARIA DELICATESSEN,CIDADE UNIVERSITÁRIA,,,COLISÃO,COLISAO ENTRE AUTO E MOTO COM VITIMA,1,1,,,,,,,,1,,,,,,,,,,,,,,,,,,
2018-08-09,16:18:00,SEM VÍTIMA,FINALIZADA,CORDEIRO,RUA GOMES TABORDA,1582,,PROX. AO ATACAREJO IDEAL,RUA GOMES TABORDA,1582,PROX. AO ATACAREJO IDEAL,CORDEIRO,,,COLISÃO,AUTO E MOTO,1,1,,,,,,,,0,,,,,,,,,,,,,,,,,,
2018-08-09,17:07:00,SEM VÍTIMA,FINALIZADA,SÍTIO DOS PINTOS,RUA VEREADOR PETRUS CAMARA,176,,PROXIMO AO TERMINAL DE DOIS IRMÃOS,RUA VEREADOR PETRUS CAMARA,176,PROXIMO AO TERMINAL DE DOIS IRMÃOS,SÍTIO DOS PINTOS,,,COLISÃO,COLISÃO SEM VÍTIMA,1,,,,,,1,,,0,,,,,,,,,,,,,,,,,,
2018-08-09,17:50:00,SEM VÍTIMA,CANCELADA,IMBIRIBEIRA,AV MARECHAL MASCARENHAS DE MORAES,,RUA ARQ FERNANDO ALMEIDA,SEMÁFORO 286 - CRUZ COM A RUA ARQ. FERNANDO ALMEIDA / APÓS A PONTE MOTOCOLOMBÓ, SNT AEROPORTO,AV MARECHAL MASCARENHAS DE MORAES,,SEMÁFORO 286 - CRUZ COM A RUA ARQ. FERNANDO ALMEIDA / APÓS A PONTE MOTOCOLOMBÓ, SNT AEROPORTO,IMBIRIBEIRA,,,COLISÃO,ENTRE ÔNIBUS E AUTO PASSEIO. S/V,1,,,,,1,,,,0,,,,,,,,,,,,,,,,
2018-08-09,17:57:00,SEM VÍTIMA,CANCELADA,BOA VIAGEM,RUA CAPITAO ZUZINHA,,,PROX PIZZARIA DOMINOS/ NA ESQUINA TEM A GALERIA SETUBAL CENTER,RUA CAPITAO ZUZINHA,,PROX PIZZARIA DOMINOS/ NA ESQUINA TEM A GALERIA SETUBAL CENTER,BOA VIAGEM,,,COLISÃO,ONIBUS E AUTO S/V,1,,,,,1,,,,0,,,,,,,,,,,,,,,,,,
2018-08-09,18:34:00,SEM VÍTIMA,FINALIZADA,ARRUDA,AV BEBERIBE,,,AUTO ESCOLA ARCO IRIS/DEPOIS DO BOMPREÇO DO ARRUDA/ST CIDADE SUBURBIO,AV BEBERIBE,,AUTO ESCOLA ARCO IRIS/DEPOIS DO BOMPREÇO DO ARRUDA/ST CIDADE SUBURBIO,ARRUDA,,,COLISÃO,ONIBUS E AUTO S/V,1,,,,,1,,,,0,,,,,,,,,,,,,,,,,,
2018-08-09,19:08:00,SEM VÍTIMA,FINALIZADA,CORDEIRO,AV CAXANGA,,,EM FRENTE AO BANCO DO BRASIL / SEMÁFORO 235,AV CAXANGA,,EM FRENTE AO BANCO DO BRASIL / SEMÁFORO 235,CORDEIRO,,,COLISÃO,DOIS AUTOS S/V,2,,,,,,,,,0,,,,,,,,,,,,,,,,,,
2018-08-09,19:10:00,SEM VÍTIMA,FINALIZADA,AFLITOS,RUA DO FUTURO,,RUA DO FUTURO,CRUZAMENTO DA RUA DO FUTURO COM A SANTOS DUMONT,RUA DO FUTURO,,CRUZAMENTO DA RUA DO FUTURO COM A SANTOS DUMONT,AFLITOS,,,COLISÃO,MOTO E AUTOS S/V,1,,1,,,,,,,0,,,,,,,,,,,,,,,,,,
2018-08-09,19:30:00,SEM VÍTIMA,FINALIZADA,CAMPO GRANDE,RUA PROFESSOR FRANCISCO DA TRINDADE,,,RUA DO CLUBE DAS PAZ,RUA PROFESSOR FRANCISCO DA TRINDADE,,RUA DO CLUBE DAS PAZ,CAMPO GRANDE,,,COLISÃO,MOTO E AUTO S/V,1,1,,,,,,,,0,,,,,,,,,,,,,,,,,,
2018-08-09,20:02:00,SEM VÍTIMA,FINALIZADA,BOA VIAGEM,RUA DOS NAVEGANTES,,,EM FRENTE AO PREDIO PALADIUM 3196,RUA DOS NAVEGANTES,,EM FRENTE AO PREDIO PALADIUM 3196,BOA VIAGEM,,,COLISÃO,MOTO E AUTO S/V,1,1,,,,,,,,0,,,,,,,,,,,,,,,,,,
2018-08-09,20:33:00,SEM VÍTIMA,FINALIZADA,JIQUIÁ,RUA SAO MIGUEL,,,EM FRENTE AO POSTO IPIRANGA E PROX DO COLEGIO VISAO,RUA SAO MIGUEL,,EM FRENTE AO POSTO IPIRANGA E PROX DO COLEGIO VISAO,JIQUIÁ,,,COLISÃO,MOTO E AUTO S/V,1,1,,,,,,,,0,,,,,,,,,,,,,,,,,,
2018-08-09,20:49:00,SEM VÍTIMA,FINALIZADA,AFLITOS,AV CONS ROSA E SILVA,,AV SANTOS DUMONT,E/F AO SHOPPING ETC / DE ESQUINA COM A AV SANTOS DUMONT,AV CONS ROSA E SILVA,,E/F AO SHOPPING ETC / DE ESQUINA COM A AV SANTOS DUMONT,AFLITOS,,,COLISÃO,ENTRE 2 AUTOS. S/V,2,,,,,,,,,0,,,,,,,,,,,,,,,,,,
2018-08-09,22:18:00,SEM VÍTIMA,FINALIZADA,IBURA,AV DOIS RIOS,,,E/F AO MERCADO MR / SEMÁFORO 325,AV DOIS RIOS,,E/F AO MERCADO MR / SEMÁFORO 325,IBURA,,,COLISÃO,ENTRE AUTO E CAMINHÃO. S/V,1,,,,,,1,,,0,,,,,,,,,,,,,,,,,,
2018-08-09,22:30:00,COM VÍTIMA,FINALIZADA,BOA VIAGEM,AV DOM JOAO VI,,,PROX SHOPING RECIFE E O BOMBREÇO WAL MARKINTIG(VIA MANGUE),AV DOM JOAO VI,,PROX SHOPING RECIFE E O BOMBREÇO WAL MARKINTIG(VIA MANGUE),BOA VIAGEM,,,COLISÃO,AUTO E MOTO C/V,1,1,,,,,,,,1,,,,,,,,,,,,,,,,,,
2018-08-09,23:33:00,SEM VÍTIMA,FINALIZADA,GUABIRABA,AV DA RECUPERACAO,,,AO LADO DA GARAGEM DA EMPRESA GLOBO / E/F AO ARMAZÉM ENILDO CONSTRUÇÕES,AV DA RECUPERACAO,,AO LADO DA GARAGEM DA EMPRESA GLOBO / E/F AO ARMAZÉM ENILDO CONSTRUÇÕES,GUABIRABA,,,COLISÃO,ENTRE ÔNIBUS E AUTO, S/V,1,,,,,1,,,,0,,,,,,,,,,,,,,,,,
2018-08-10,00:32:00,SEM VÍTIMA,FINALIZADA,JORDÃO,RUA CATOLE DO ROCHA,,,PRÓX AO TERMINAL DE ÔNIBUS DO JORDÃO ALTO // APÓS A PRAÇA DO JORDÃO ALTO, SEGUNDA RUA À DIREITA // UMA RUA ANTES DA PANIFICADORA JANAINA,RUA CATOLE DO ROCHA,,PRÓX AO TERMINAL DE ÔNIBUS DO JORDÃO ALTO // APÓS A PRAÇA DO JORDÃO ALTO, SEGUNDA RUA À DIREITA // UMA RUA ANTES DA PANIFICADORA JANAINA,JORDÃO,,,COLISÃO,COLISÃO ENTRE TRÊS AUTOS S/V,3,,,,,,,,,0,,,,,,,,,,,,,,,,
2018-08-10,06:38:00,SEM VÍTIMA,FINALIZADA,SANTO AMARO,AV JOAO DE BARROS,800,,EM FRENTE A CENTRAL DE ALERGOLOGIA DA PREFEITURA DO RECIFE,AV JOAO DE BARROS,800,EM FRENTE A CENTRAL DE ALERGOLOGIA DA PREFEITURA DO RECIFE,SANTO AMARO,,,ACID. DE PERCURSO,QUEDA DE MOTOCICLETA ENVOLOVENDO BATEDOR CTTU,,1,,,,,,,,0,,,,,,,,,,,,,,,,,,
2018-08-10,07:22:00,SEM VÍTIMA,FINALIZADA,SANTO AMARO,AV GOVERNADOR AGAMENON MAGALHAES,,,SENTIDO JOANA BEZERRA EM FRENTE AO CREA,AV GOVERNADOR AGAMENON MAGALHAES,,SENTIDO JOANA BEZERRA EM FRENTE AO CREA,SANTO AMARO,,,COLISÃO,COLISÃO SEM VITIMAS,1,,,,,1,,,,0,,,,,,,,,,,,,,,,,,
2018-08-10,07:41:00,SEM VÍTIMA,FINALIZADA,TAMARINEIRA,AV NORTE,3989,,SENTIDO CIDADE DENTRO DO POSTO DE GASOLINA AUTO POSTO NORTE,AV NORTE,3989,SENTIDO CIDADE DENTRO DO POSTO DE GASOLINA AUTO POSTO NORTE,TAMARINEIRA,,,COLISÃO,COLISÃO SEM VITIMAS,1,1,,,,,,,,0,,,,,,,,,,,,,,,,,,
2018-08-10,08:02:00,COM VÍTIMA,FINALIZADA,IBURA,LAD DA COHAB,S/N,,LADEIRA DA UR - 1,LAD DA COHAB,S/N,LADEIRA DA UR - 1,IBURA,,,ATROPELAMENTO,,,1,,,1,,,,,1,,,,,,,,,,,,,,,,,,
2018-08-10,08:52:00,SEM VÍTIMA,CANCELADA,APIPUCOS,RUA DE APIPUCOS,,,APOS O 11° DE POLICIA MILITAR, SENT. CASA FORTE,RUA DE APIPUCOS,,APOS O 11° DE POLICIA MILITAR, SENT. CASA FORTE,APIPUCOS,,,COLISÃO,AUTO E MOTO,1,1,,,,,,,,0,,,,,,,,,,,,,,,,
2018-08-10,09:07:00,SEM VÍTIMA,FINALIZADA,BOA VIAGEM,RUA FELIX DE BRITO E MELO,168,,E/F AO BRADESCO,RUA FELIX DE BRITO E MELO,168,E/F AO BRADESCO,BOA VIAGEM,,,COLISÃO,COLISAO ENTRE DOIS AUTOS S/V,2,,,,,,,,,0,,,,,,,,,,,,,,,,,,
2018-08-10,09:57:00,SEM VÍTIMA,CANCELADA,BOA VIAGEM,AV DOM JOAO VI,,,BEIRA CANAL POR TRAS DO SHOPPING RECIFE PROX A LOMBADA ELETRONICA,AV DOM JOAO VI,,BEIRA CANAL POR TRAS DO SHOPPING RECIFE PROX A LOMBADA ELETRONICA,BOA VIAGEM,,,COLISÃO,COLISAO ENTRE DOIS AUTOS S/V,2,,,,,,,,,0,,,,,,,,,,,,,,,,,,
2018-08-10,10:05:00,SEM VÍTIMA,FINALIZADA,AFOGADOS,RUA MOTOCOLOMBO,,,E/F AO TROCÃO, SENTIDO LARGO DA PAZ. NA DESCIDA DA PONTE,RUA MOTOCOLOMBO,,E/F AO TROCÃO, SENTIDO LARGO DA PAZ. NA DESCIDA DA PONTE,AFOGADOS,,,COLISÃO,SEM VÍTIMAS,2,,,,,,,,,0,,,,,,,,,,,,,,,,
2018-08-10,10:06:00,SEM VÍTIMA,FINALIZADA,IBURA,LAD DA COHAB,,,NA LADEIRA DA UR1 NA SUBIDA DO IBURA,LAD DA COHAB,,NA LADEIRA DA UR1 NA SUBIDA DO IBURA,IBURA,,,COLISÃO,COLISAO ENTRE DOIS AUTOS S/V,2,,,,,,,,,0,,,,,,,,,,,,,,,,,,
2018-08-10,10:16:00,SEM VÍTIMA,FINALIZADA,VÁRZEA,AV AFONSO OLINDENSE,709,,PROX A LOMBADA ELETRONICA EM FRENTE AO CONDOMINIO PRAÇA DAS ARAUCARIAS,AV AFONSO OLINDENSE,709,PROX A LOMBADA ELETRONICA EM FRENTE AO CONDOMINIO PRAÇA DAS ARAUCARIAS,VÁRZEA,,,COLISÃO,COLISÃO SEM VITIMAS,1,1,,,,,,,,0,,,,,,,,,,,,,,,,,,
2018-08-10,10:18:00,SEM VÍTIMA,FINALIZADA,MADALENA,EST DOS REMEDIOS,1988,,E/F A HC PNEUS,EST DOS REMEDIOS,1988,E/F A HC PNEUS,MADALENA,,,COLISÃO,SEM VÍTIMAS. VT 17 NO LOCAL,2,,,,,,,,,0,,,,,,,,,,,,,,,,,,
2018-08-10,10:47:00,SEM VÍTIMA,FINALIZADA,PAISSANDU,AV GOVERNADOR AGAMENON MAGALHAES,4318,,EMPRESARIAL RENATO DIAS,AV GOVERNADOR AGAMENON MAGALHAES,4318,EMPRESARIAL RENATO DIAS,PAISSANDU,,,ENGAVETAMENTO,OCORRÊNCIA ENVOLVENDO 03 VEÍCULOS,3,,,,,,,,,0,,,,,,,,,,,,,,,,,,
2018-08-10,11:13:00,SEM VÍTIMA,FINALIZADA,CASA AMARELA,RUA DA HARMONIA,599,,RESIDENCIA AO LADO DO POSTO DO INSS,RUA DA HARMONIA,599,RESIDENCIA AO LADO DO POSTO DO INSS,CASA AMARELA,,,COLISÃO,COLISÃO SEM VITIMAS,1,1,,,,,,,,0,,,,,,,,,,,,,,,,,,
2018-08-10,11:16:00,SEM VÍTIMA,FINALIZADA,PINA,AV ENGENHEIRO DOMINGOS FERREIRA,1195,,ANTES DO POSTO SHELL, NO SEMAFORO 324,AV ENGENHEIRO DOMINGOS FERREIRA,1195,ANTES DO POSTO SHELL, NO SEMAFORO 324,PINA,,,COLISÃO,DOIS AUTOS,2,,,,,,,,,0,,,,,,,,,,,,,,,,
2018-08-10,11:51:00,SEM VÍTIMA,FINALIZADA,BOA VIAGEM,AV BOA VIAGEM,3650,,EM FRENTE AO EDIFICIO AMBROSIO TRAJANO,AV BOA VIAGEM,3650,EM FRENTE AO EDIFICIO AMBROSIO TRAJANO,BOA VIAGEM,,,COLISÃO,COLISÃO SEM VÍTIMA,1,,,,,,,,,0,,,,,,,,,,,,,,,,,,
2018-08-10,12:00:00,SEM VÍTIMA,FINALIZADA,ESPINHEIRO,RUA AMELIA,,,NO SEMÁFORO 195,RUA AMELIA,,NO SEMÁFORO 195,ESPINHEIRO,,,COLISÃO,COLISÃO SEM VÍTIMA,1,,,,,1,,,,0,,,,,,,,,,,,,,,,,,
2018-08-10,12:31:00,SEM VÍTIMA,FINALIZADA,PINA,AV HERCULANO BANDEIRA,640,,EM FRENTE A TOP VEICULOS,AV HERCULANO BANDEIRA,640,EM FRENTE A TOP VEICULOS,PINA,,,COLISÃO,DOIS AUTOS,2,,,,,,,,,0,,,,,,,,,,,,,,,,,,
2018-08-10,12:37:00,SEM VÍTIMA,FINALIZADA,ROSARINHO,RUA AMARO COUTINHO,395,,AO LADO DO BOBS BAR,RUA AMARO COUTINHO,395,AO LADO DO BOBS BAR,ROSARINHO,,,COLISÃO,DOIS AUTOS,2,,,,,,,,,0,,,,,,,,,,,,,,,,,,
2018-08-10,12:37:00,SEM VÍTIMA,FINALIZADA,CORDEIRO,AV CAXANGA,,,NO SEMÁFORO 080/ SENTIDO CIDADE,AV CAXANGA,,NO SEMÁFORO 080/ SENTIDO CIDADE,CORDEIRO,,,COLISÃO,COLISÃO SEM VÍTIMA,1,1,,,,,,,,0,,,,,,,,,,,,,,,,,,
2018-08-10,12:54:00,COM VÍTIMA,FINALIZADA,CAMPO GRANDE,RUA PROFESSOR ANDRADE BEZERRA,,,EM FRENTE A IGREJA BATISTA DE CAMPO GRANDE,RUA PROFESSOR ANDRADE BEZERRA,,EM FRENTE A IGREJA BATISTA DE CAMPO GRANDE,CAMPO GRANDE,,,COLISÃO,COLISÃO COM VÍTIMA,1,1,,,,,,,,1,,,,,,,,,,,,,,,,,,
2018-08-10,13:39:00,SEM VÍTIMA,FINALIZADA,BOA VISTA,AV GOVERNADOR AGAMENON MAGALHAES,,,PISTA LOCAL S/T BOA VIAGEM/OLINDA EM FRENTE EMPRESARIAL TOMAS EDSON,AV GOVERNADOR AGAMENON MAGALHAES,,PISTA LOCAL S/T BOA VIAGEM/OLINDA EM FRENTE EMPRESARIAL TOMAS EDSON,BOA VISTA,,,COLISÃO,DOIS AUTOS S/V,2,,,,,,,,,0,,,,,,,,,,,,,,,,,,
2018-08-10,14:18:00,SEM VÍTIMA,FINALIZADA,APIPUCOS,AV DEZESSETE DE AGOSTO,,,SEMAFORO 500,AV DEZESSETE DE AGOSTO,,SEMAFORO 500,APIPUCOS,,,COLISÃO,ONIBUS ESCOLAR E MOTO,,1,,,,1,,,,0,,,,,,,,,,,,,,,,,,
2018-08-10,14:50:00,SEM VÍTIMA,FINALIZADA,VÁRZEA,AV AFONSO OLINDENSE,690,,RUA DO ARMAZEM,AV AFONSO OLINDENSE,690,RUA DO ARMAZEM,VÁRZEA,,,COLISÃO,,1,1,,,,,,,,0,,,,,,,,,,,,,,,,,,
2018-08-10,15:14:00,SEM VÍTIMA,FINALIZADA,MADALENA,AV ENGENHEIRO ABDIAS DE CARVALHO,,,EM FRENTE A FACULDADE ESTACIO,AV ENGENHEIRO ABDIAS DE CARVALHO,,EM FRENTE A FACULDADE ESTACIO,MADALENA,,,COLISÃO,DOIS AUTOS S/V,2,,,,,,,,,0,,,,,,,,,,,,,,,,,,
2018-08-10,15:24:00,COM VÍTIMA,FINALIZADA,BOA VIAGEM,RUA BRUNO VELOSO,,AV CONS AGUIAR,NO CRUZAMENTO DA BRUNO VELOSO COM CONSELHEIRO AGUIAR, EM FRENTE A FARMACIA BIG BEN,RUA BRUNO VELOSO,,NO CRUZAMENTO DA BRUNO VELOSO COM CONSELHEIRO AGUIAR, EM FRENTE A FARMACIA BIG BEN,BOA VIAGEM,,,ATROPELAMENTO,ATROPELAMENTO ENTRE AUTO E PEDESTRE,1,,,,1,,,,,1,,,,,,,,,,,,,,,,
2018-08-10,15:27:00,SEM VÍTIMA,FINALIZADA,BOA VIAGEM,AV CONSELHEIRO AGUIAR,,RUA ANTONI FALCAO,DO LADO LABORATORIO AMAIS/SEMAFORO 006 /CRUZAMENTO ANTONIO FALCAO,AV CONSELHEIRO AGUIAR,,DO LADO LABORATORIO AMAIS/SEMAFORO 006 /CRUZAMENTO ANTONIO FALCAO,BOA VIAGEM,,,COLISÃO,AUTO /MOTO S/V,1,1,,,,,,,,0,,,,,,,,,,,,,,,,,,
2018-08-10,15:37:00,COM VÍTIMA,FINALIZADA,CASA FORTE,RUA VITORIANO PALHARES,,,POR TRAZ DO ATACADO DOS PRESENTES,RUA VITORIANO PALHARES,,POR TRAZ DO ATACADO DOS PRESENTES,CASA FORTE,,,COLISÃO,AUTO E MOTO C/V,1,1,,,,,,,,1,,,,,,,,,,,,,,,,,,
2018-08-10,16:11:00,SEM VÍTIMA,FINALIZADA,BOA VIAGEM,RUA PADRE CARAPUCEIRO,,,EM FRENTE A GALERIA SANTO ANTONIO,RUA PADRE CARAPUCEIRO,,EM FRENTE A GALERIA SANTO ANTONIO,BOA VIAGEM,,,COLISÃO COM CICLISTA,SEM VÍTIMA,1,,,1,,,,,,0,,,,,,,,,,,,,,,,,,
2018-08-10,16:11:00,SEM VÍTIMA,FINALIZADA,VÁRZEA,AV PROFESSOR MORAES REGO,,,ESTA NO POSTO IPIRANGA/DEPOIS DO POSTO BR S/T BR 101,AV PROFESSOR MORAES REGO,,ESTA NO POSTO IPIRANGA/DEPOIS DO POSTO BR S/T BR 101,VÁRZEA,,,COLISÃO,DOIS AUTO S/V,2,,,,,,,,,0,,,,,,,,,,,,,,,,,,
2018-08-10,16:14:00,SEM VÍTIMA,FINALIZADA,BEBERIBE,PRC DA CONVENCAO,,,EM FRENTE A PRAÇA / SENT SUB,PRC DA CONVENCAO,,EM FRENTE A PRAÇA / SENT SUB,BEBERIBE,,,COLISÃO,,1,,,,,1,,,,0,,,,,,,,,,,,,,,,,,
2018-08-10,16:15:00,SEM VÍTIMA,FINALIZADA,BOA VIAGEM,RUA JOAO CARDOSO AIRES,239,,/ NA RUA DO SUPERMERCADO EXTRA /EM FRENTE(EDIFICIO)S/T BOA VIAGEM /PIEDADE,RUA JOAO CARDOSO AIRES,239,/ NA RUA DO SUPERMERCADO EXTRA /EM FRENTE(EDIFICIO)S/T BOA VIAGEM /PIEDADE,BOA VIAGEM,,,COLISÃO,DOIS AUTOS S/V,2,,,,,,,,,0,,,,,,,,,,,,,,,,,,