data,hora,natureza_acidente,situacao,bairro,endereco,numero,detalhe_endereco_acidente,complemento,endereco_cruzamento,numero_cruzamento,referencia_cruzamento,bairro_cruzamento,num_semaforo,sentido_via,tipo,descricao,auto,moto,ciclom,ciclista,pedestre,onibus,caminhao,viatura,outros,vitimas,vitimasfatais,acidente_verificado,tempo_clima,situacao_semaforo,sinalizacao,condicao_via,conservacao_via,ponto_controle,situacao_placa,velocidade_max_via,mao_direcao,divisao_via1,divisao_via2,divisao_via3,,,,
2018-08-15,14:20:00,COM VÍTIMA,FINALIZADA,ROSARINHO,RUA GENERAL ABREU E LIMA,144,,POR TRAZ DO HOSPITAL DA TAMARINEIRA,RUA GENERAL ABREU E LIMA,144,POR TRAZ DO HOSPITAL DA TAMARINEIRA,ROSARINHO,,,COLISÃO,COLISÃO COM VITIMA, VITIMA NO LOCAL,1,1,,,,,,,,1,,,,,,,,,,,,,,,,,
2018-08-15,14:40:00,SEM VÍTIMA,FINALIZADA,LINHA DO TIRO,RUA URIEL DE HOLANDA,417,,PROX. A UPINHA,RUA URIEL DE HOLANDA,417,PROX. A UPINHA,LINHA DO TIRO,,,COLISÃO,AUTO E MOTO,1,1,,,,,,,,0,,,,,,,,,,,,,,,,,,
2018-08-15,14:56:00,SEM VÍTIMA,FINALIZADA,JORDÃO,AV DONA CARENTINA,,,NA SUBIDA DA LADEIRA DO JORDÃO ALTO, JUNTO A PRAÇA DO JORDÃO,AV DONA CARENTINA,,NA SUBIDA DA LADEIRA DO JORDÃO ALTO, JUNTO A PRAÇA DO JORDÃO,JORDÃO,,,COLISÃO,COLISÃO SEM VÍTIMA,1,1,,,,,,,,0,,,,,,,,,,,,,,,,
2018-08-15,15:49:00,SEM VÍTIMA,FINALIZADA,BOA VIAGEM,RUA DOS NAVEGANTES,1235,,EDIF. DHALIA,RUA DOS NAVEGANTES,1235,EDIF. DHALIA,BOA VIAGEM,,,COLISÃO,COLISÃO SEM VITIMAS,2,,,,,,,,,0,,,,,,,,,,,,,,,,,,
2018-08-15,16:03:00,SEM VÍTIMA,FINALIZADA,CASA AMARELA,AV NORTE,5407,,PROX. A UPINHA, SENT. CIDADE EM FRENTE AO BAR DA BRANCA,AV NORTE,5407,PROX. A UPINHA, SENT. CIDADE EM FRENTE AO BAR DA BRANCA,CASA AMARELA,,,COLISÃO,CAMINHÃO E AUTO,1,,,,,,1,,,0,,,,,,,,,,,,,,,,
2018-08-15,17:14:00,SEM VÍTIMA,FINALIZADA,BOA VIAGEM,RUA JOSE MARIA DE MIRANDA,275,,PROX. AO HOSPITAL BOA VIAGEM,RUA JOSE MARIA DE MIRANDA,275,PROX. AO HOSPITAL BOA VIAGEM,BOA VIAGEM,,,COLISÃO,DOIS AUTOS,2,,,,,,,,,0,,,,,,,,,,,,,,,,,,
2018-08-15,17:28:00,COM VÍTIMA,FINALIZADA,CAMPO GRANDE,RUA PROFESSOR FRANCISCO DA TRINDADE,,RUA SÃO CAETANO,NA ESQUINA COM A RUA SÃO CAETANO, APOS O CLUB DAS PÃES,RUA PROFESSOR FRANCISCO DA TRINDADE,,NA ESQUINA COM A RUA SÃO CAETANO, APOS O CLUB DAS PÃES,CAMPO GRANDE,,,COLISÃO,COLISÃO COM VITIMA/ MOTOCICLISTA,1,1,,,,,,,,1,,,,,,,,,,,,,,,,
2018-08-15,17:30:00,SEM VÍTIMA,FINALIZADA,BOA VISTA,AV CONDE DA BOA VISTA,1255,,EM FRENTE AO GRAU TECNICO, SENT. CENTRO,AV CONDE DA BOA VISTA,1255,EM FRENTE AO GRAU TECNICO, SENT. CENTRO,BOA VISTA,,,COLISÃO,ONIBUS E AUTO,1,,,,,1,,,,0,,,,,,,,,,,,,,,,
2018-08-15,17:36:00,SEM VÍTIMA,FINALIZADA,IBURA,AV DOZE DE JUNHO,1485,,NÚMERO DE RESIDÊNCIA,AV DOZE DE JUNHO,1485,NÚMERO DE RESIDÊNCIA,IBURA,,,COLISÃO,COLISÃO SEM VÍTIMA,2,,,,,,,,,0,,,,,,,,,,,,,,,,,,
2018-08-15,18:19:00,COM VÍTIMA,CANCELADA,ESPINHEIRO,RUA CONS PORTELA,1716,AV JOAO DE BARROS,COM A JOÃO DE BARROS / APÓS O CARTÓRIO,RUA CONS PORTELA,1716,COM A JOÃO DE BARROS / APÓS O CARTÓRIO,ESPINHEIRO,,,COLISÃO COM CICLISTA,AUTO E CICLISTA. C/V,1,,,1,,,,,,1,,,,,,,,,,,,,,,,,,
2018-08-15,18:21:00,COM VÍTIMA,FINALIZADA,CORDEIRO,AV CAXANGA,,,EM FRENTE A ENTRADA DA EXPOSIÇAO DE ANIMAIS/S/T CIDADE SUB,AV CAXANGA,,EM FRENTE A ENTRADA DA EXPOSIÇAO DE ANIMAIS/S/T CIDADE SUB,CORDEIRO,,,ATROPELAMENTO,HAMBULANCIA,,,,,,,,,1,1,,,,,,,,,,,,,,,,,,
2018-08-15,18:27:00,COM VÍTIMA,FINALIZADA,SÃO JOSÉ,RUA IMPERIAL,,TRV RAPOSO,SEMÁFORO 510 - COM A TRAVESSA DO RAPOSO,RUA IMPERIAL,,SEMÁFORO 510 - COM A TRAVESSA DO RAPOSO,SÃO JOSÉ,,,COLISÃO,ENTRE AUTO E MOTO. C/V,1,1,,,,,,,,1,,,,,,,,,,,,,,,,,,
2018-08-15,19:59:00,SEM VÍTIMA,FINALIZADA,SANTO ANTÔNIO,RUA NOSSA SRA DO CARMO,,,E FRENTE A LOJA NARCISO,RUA NOSSA SRA DO CARMO,,E FRENTE A LOJA NARCISO,SANTO ANTÔNIO,,,COLISÃO,ONIBUS/AUTO,1,,,,,1,,,,0,,,,,,,,,,,,,,,,,,
2018-08-15,20:29:00,SEM VÍTIMA,CANCELADA,CAMPO GRANDE,EST DE BELEM,,,ENTRE COLÉGIO JESUS CRUCIFICADO E POSTO IPIRANGA,EST DE BELEM,,ENTRE COLÉGIO JESUS CRUCIFICADO E POSTO IPIRANGA,CAMPO GRANDE,,,COLISÃO,ENTRE AUTO E MOTO. S/V,1,1,,,,,,,,0,,,,,,,,,,,,,,,,,,
2018-08-15,21:30:00,COM VÍTIMA,CANCELADA,ENGENHO DO MEIO,RUA DR MIGUEL VIEIRA FERREIRA,1013,RUA OCIDENTAL,PRÓX AO CLUBE DA SUDENE / ESQUINA COM A R OCIDENTAL,RUA DR MIGUEL VIEIRA FERREIRA,1013,PRÓX AO CLUBE DA SUDENE / ESQUINA COM A R OCIDENTAL,ENGENHO DO MEIO,,,COLISÃO,ENTRE 2 MOTOS. C/V,,1,1,,,,,,,2,,,,,,,,,,,,,,,,,,
2018-08-15,21:29:00,SEM VÍTIMA,FINALIZADA,ROSARINHO,AV NORTE,,,EM FRENTE AO POSTO BR MANIA ( SEMAFORO 456) PROX AO CHINA CABELEREIRO,AV NORTE,,EM FRENTE AO POSTO BR MANIA ( SEMAFORO 456) PROX AO CHINA CABELEREIRO,ROSARINHO,,,COLISÃO,ONIBUS /AUTO S/V,1,,,,,1,,,,0,,,,,,,,,,,,,,,,,,
2018-08-15,22:09:00,SEM VÍTIMA,FINALIZADA,BOA VIAGEM,AV CONSELHEIRO AGUIAR,,,EM FRENTE DA DELTA EXPRESSO/PROX DO HOLLYDAY( ENTRE A RIBEIRO DE BRITO E BRUNO VELOZON,AV CONSELHEIRO AGUIAR,,EM FRENTE DA DELTA EXPRESSO/PROX DO HOLLYDAY( ENTRE A RIBEIRO DE BRITO E BRUNO VELOZON,BOA VIAGEM,,,COLISÃO,DOIS AUTOS S/V,2,,,,,,,,,0,,,,,,,,,,,,,,,,,,
2018-08-16,05:31:00,SEM VÍTIMA,FINALIZADA,PRADO,AV ENGENHEIRO ABDIAS DE CARVALHO,S/N,,JOÃO IVO DA SILVA,AV ENGENHEIRO ABDIAS DE CARVALHO,S/N,JOÃO IVO DA SILVA,PRADO,,,CHOQUE,VEÍCULOS CHOCOU-SE COM UM POSTE,,,,,,,,,,0,,,,,,,,,,,,,,,,,,
2018-08-16,06:39:00,SEM VÍTIMA,FINALIZADA,PRADO,AV ENGENHEIRO ABDIAS DE CARVALHO,,,APOS A ENGEFRIO S/T BR,AV ENGENHEIRO ABDIAS DE CARVALHO,,APOS A ENGEFRIO S/T BR,PRADO,,,COLISÃO,COLISAO ENTRE DOIS AUTOS S/V,2,,,,,,,,,0,,,,,,,,,,,,,,,,,,
2018-08-16,07:07:00,SEM VÍTIMA,FINALIZADA,AFOGADOS,AV SUL,,,EM FRENTE A ESTAÇÃO DO METRO LARGO DA PAZ E POLICLINICA AGAMENON MAGALHAES,AV SUL,,EM FRENTE A ESTAÇÃO DO METRO LARGO DA PAZ E POLICLINICA AGAMENON MAGALHAES,AFOGADOS,,,COLISÃO,DOIS AUTOS,2,,,,,,,,,0,,,,,,,,,,,,,,,,,,
2018-08-16,07:08:00,SEM VÍTIMA,FINALIZADA,ESTÂNCIA,AV RECIFE,,,NO SENTIDO BOA VIAGEM EM FRENTE AO HOSPITAL GERAL DE AREIAS,AV RECIFE,,NO SENTIDO BOA VIAGEM EM FRENTE AO HOSPITAL GERAL DE AREIAS,ESTÂNCIA,,,COLISÃO,COLISÃO SEM VITIMAS,5,,,,,,,,,0,,,,,,,,,,,,,,,,,,
2018-08-16,07:12:00,SEM VÍTIMA,CANCELADA,AFLITOS,AV CONS ROSA E SILVA,,,E/F AO COLEGIO ABA,AV CONS ROSA E SILVA,,E/F AO COLEGIO ABA,AFLITOS,,,COLISÃO,COLISAOP ENTRE AUTO E MOTO S/V,1,1,,,,,,,,0,,,,,,,,,,,,,,,,,,
2018-08-16,07:13:00,SEM VÍTIMA,FINALIZADA,BOA VIAGEM,RUA ANTONIO FALCAO,1559,,EM FRENTE AO RESIDENCIAL LE PARC,RUA ANTONIO FALCAO,1559,EM FRENTE AO RESIDENCIAL LE PARC,BOA VIAGEM,,,COLISÃO,DOIS AUTOS,2,,,,,,,,,0,,,,,,,,,,,,,,,,,,
2018-08-16,07:18:00,SEM VÍTIMA,FINALIZADA,SÃO JOSÉ,AV SUL,1485,,SEMAFORO 205/ SENT CIDADE,AV SUL,1485,SEMAFORO 205/ SENT CIDADE,SÃO JOSÉ,,,COLISÃO,DOIS AUTOS,2,,,,,,,,,0,,,,,,,,,,,,,,,,,,
2018-08-16,07:23:00,SEM VÍTIMA,FINALIZADA,BOA VIAGEM,RUA JOSE MARIA DE MIRANDA,,,EM FRENTE AO HOSPITAL DE BOA VIAGEM,RUA JOSE MARIA DE MIRANDA,,EM FRENTE AO HOSPITAL DE BOA VIAGEM,BOA VIAGEM,,,COLISÃO,DOIS AUTOS,2,,,,,,,,,0,,,,,,,,,,,,,,,,,,
2018-08-16,07:32:00,SEM VÍTIMA,FINALIZADA,TORRÕES,AV ENGENHEIRO ABDIAS DE CARVALHO,,,SENT CIDADE / EM FRENTE AO POSTO BR,AV ENGENHEIRO ABDIAS DE CARVALHO,,SENT CIDADE / EM FRENTE AO POSTO BR,TORRÕES,,,COLISÃO,DOIS AUTOS,2,,,,,,,,,0,,,,,,,,,,,,,,,,,,
2018-08-16,08:11:00,SEM VÍTIMA,FINALIZADA,PRADO,AV ENGENHEIRO ABDIAS DE CARVALHO,2990,,RESIDENCIA AO LADO DA CHESF EM FRENTE A ESCOLA SONHO REAL,AV ENGENHEIRO ABDIAS DE CARVALHO,2990,RESIDENCIA AO LADO DA CHESF EM FRENTE A ESCOLA SONHO REAL,PRADO,,,COLISÃO,COLISÃO SEM VITIMAS,2,,,,,,,,,0,,,,,,,,,,,,,,,,,,
2018-08-16,08:23:00,COM VÍTIMA,FINALIZADA,MADALENA,AV VISCONDE DE ALBUQUERQUE,217,,,AV VISCONDE DE ALBUQUERQUE,217,,MADALENA,,,ACID. DE PERCURSO,MOTOCICLISTA CAIU DA MOTO.,,1,,,,,,,,1,,,,,,,,,,,,,,,,,,
2018-08-16,09:30:00,SEM VÍTIMA,FINALIZADA,CORDEIRO,RUA MAURICIO DE NASSAU,209,,PROX AO POSTO PETROCAL,RUA MAURICIO DE NASSAU,209,PROX AO POSTO PETROCAL,CORDEIRO,,,COLISÃO,COLISAO ENTRE TRES AUTO S/V,3,,,,,,,,,0,,,,,,,,,,,,,,,,,,
2018-08-16,11:01:00,SEM VÍTIMA,FINALIZADA,BOA VIAGEM,AV ENGENHEIRO DOMINGOS FERREIRA,,,NO SEMAFORO 217, PROX. A FARMACIA EXTRA FARMA,AV ENGENHEIRO DOMINGOS FERREIRA,,NO SEMAFORO 217, PROX. A FARMACIA EXTRA FARMA,BOA VIAGEM,,,COLISÃO,ONIBUS E AUTO,1,,,,,1,,,,0,,,,,,,,,,,,,,,,
2018-08-16,11:20:00,COM VÍTIMA,FINALIZADA,SANCHO,AV LIBERDADE,623,,,AV LIBERDADE,623,,SANCHO,,,COLISÃO,COLISÃO ENTRE MOTOCICLETA E AUTO PASSEIO,1,1,,,,,,,,1,,,,,,,,,,,,,,,,,,
2018-08-16,11:26:00,SEM VÍTIMA,FINALIZADA,AFOGADOS,RUA SAO MIGUEL,496,,EM FRENTE AOS CORREIOS,RUA SAO MIGUEL,496,EM FRENTE AOS CORREIOS,AFOGADOS,,,COLISÃO,COLISÃO SEM VITIMAS,2,,,,,,,,,0,,,,,,,,,,,,,,,,,,
2018-08-16,11:27:00,SEM VÍTIMA,FINALIZADA,MUSTARDINHA,AV MANOEL GONCALVES DA LUZ,704,,PROX. A IGREJA EVANGELICA PENTECOSTAL DO BRASIL,AV MANOEL GONCALVES DA LUZ,704,PROX. A IGREJA EVANGELICA PENTECOSTAL DO BRASIL,MUSTARDINHA,,,COLISÃO,DOIS AUTOS,2,,,,,,,,,0,,,,,,,,,,,,,,,,,,
2018-08-16,12:08:00,SEM VÍTIMA,FINALIZADA,IPUTINGA,RUA MAURICIO DE NASSAU,95,RUA FILADELFIA,CRUZAMENTO RUA COM A FILADELFIA,RUA MAURICIO DE NASSAU,95,CRUZAMENTO RUA COM A FILADELFIA,IPUTINGA,,,COLISÃO,COLISÃO SEM VÍTIMA,1,1,,,,,,,,0,,,,,,,,,,,,,,,,,,
2018-08-16,12:17:00,SEM VÍTIMA,FINALIZADA,DERBY,AV GOVERNADOR AGAMENON MAGALHAES,,,SEMAFORO 174 SENT/OLINDA /BOA VIAGEM,AV GOVERNADOR AGAMENON MAGALHAES,,SEMAFORO 174 SENT/OLINDA /BOA VIAGEM,DERBY,,,COLISÃO,SEM VITIMAS,CTTU NO LOCAL ,2,,,,,,,,,0,,,,,,,,,,,,,,,,,
2018-08-16,12:38:00,SEM VÍTIMA,CANCELADA,ILHA DO LEITE,RUA FRANCISCO ALVES,542,,PROXIMO AO HOSPITAL ESPERANÇA,RUA FRANCISCO ALVES,542,PROXIMO AO HOSPITAL ESPERANÇA,ILHA DO LEITE,,,COLISÃO,COLISÃO SEM VÍTIMA,2,,,,,,,,,0,,,,,,,,,,,,,,,,,,
2018-08-16,13:48:00,SEM VÍTIMA,CANCELADA,SANTO AMARO,AV CRUZ CABUGA,,,EM FRENTE AO CEMITERIO DOS INGLESES/ SENTIDO CIDADE,AV CRUZ CABUGA,,EM FRENTE AO CEMITERIO DOS INGLESES/ SENTIDO CIDADE,SANTO AMARO,,,COLISÃO,COLISÃO SEM VÍTIMA,2,,,,,,,,,0,,,,,,,,,,,,,,,,,,
2018-08-16,15:58:00,SEM VÍTIMA,FINALIZADA,TOTÓ,AV LIBERDADE,,,EM FRENTE AO PARQUE DAS FLORES,AV LIBERDADE,,EM FRENTE AO PARQUE DAS FLORES,TOTÓ,,,ACID. DE PERCURSO,MOTO,,1,,,,,,,,0,,,,,,,,,,,,,,,,,,
2018-08-16,15:58:00,SEM VÍTIMA,FINALIZADA,IBURA,AV RECIFE,,,AV RECIFE E AV DOM HELDER CAMARA/SEMAFORO 016,AV RECIFE,,AV RECIFE E AV DOM HELDER CAMARA/SEMAFORO 016,IBURA,,,COLISÃO,AUTO E MOTO S/V,1,1,,,,,,,,0,,,,,,,,,,,,,,,,,,
2018-08-16,16:47:00,COM VÍTIMA,FINALIZADA,PINA,AVENIDA CELSO FURTADO (VIA MANGUE),,,SENTIDO SUBÚBIO, AO LADO DO SHOPPING RIO MAR,AVENIDA CELSO FURTADO (VIA MANGUE),,SENTIDO SUBÚBIO, AO LADO DO SHOPPING RIO MAR,PINA,,,ATROPELAMENTO,ATROPELAMENTO ENTRE AUTO E PEDRESTRE,1,,,,1,,,,,1,,,,,,,,,,,,,,,,
2018-08-16,17:28:00,COM VÍTIMA,CANCELADA,ÁGUA FRIA,RUA DO MACHADO,827,,EM FRENTE AO CALDINHO DO PORTUGA,RUA DO MACHADO,827,EM FRENTE AO CALDINHO DO PORTUGA,ÁGUA FRIA,,,ATROPELAMENTO,COM UMA VITIMA,1,,,,1,,,,,1,,,,,,,,,,,,,,,,,,
2018-08-16,17:50:00,SEM VÍTIMA,FINALIZADA,AFOGADOS,AV SUL,,,EM FRENTE A ESTACAO LARGO DA PAZ,AV SUL,,EM FRENTE A ESTACAO LARGO DA PAZ,AFOGADOS,,,COLISÃO,CAMINHAO E AUTO S/V,1,,,,,,1,,,0,,,,,,,,,,,,,,,,,,
2018-08-16,18:55:00,SEM VÍTIMA,FINALIZADA,MADALENA,RUA MONSENHOR JULIO MARIA,180,RUA NOBRE DE LACERDA,CRUZAMENTO COM A RUA NOBRE DE LACERDA,RUA MONSENHOR JULIO MARIA,180,CRUZAMENTO COM A RUA NOBRE DE LACERDA,MADALENA,,,COLISÃO,FORD K X FIAT ESTILO,2,,,,,,,,,0,,,,,,,,,,,,,,,,,,
2018-08-16,18:57:00,SEM VÍTIMA,FINALIZADA,AFOGADOS,AV SUL,,,EM FRENTE AO TERMINAL DO LARGO DA PAZ/EM FRENTE AO TROCÃO,AV SUL,,EM FRENTE AO TERMINAL DO LARGO DA PAZ/EM FRENTE AO TROCÃO,AFOGADOS,,,COLISÃO,CAMINHAO E AUTO S/V,1,,,,,,1,,,0,,,,,,,,,,,,,,,,,,
2018-08-16,19:06:00,SEM VÍTIMA,FINALIZADA,IMBIRIBEIRA,AV MARECHAL MASCARENHAS DE MORAES,,,EM FRENTE A AGENCIA ITAU S/T BOA VIAGEM/APOS A UNIVERSO,AV MARECHAL MASCARENHAS DE MORAES,,EM FRENTE A AGENCIA ITAU S/T BOA VIAGEM/APOS A UNIVERSO,IMBIRIBEIRA,,,COLISÃO,DOIS AUTOS S/V,2,,,,,,,,,0,,,,,,,,,,,,,,,,,,
2018-08-16,19:07:00,SEM VÍTIMA,FINALIZADA,ENCRUZILHADA,AV NORTE,,,SEMAFORO 043,AV NORTE,,SEMAFORO 043,ENCRUZILHADA,,,COLISÃO,PALIO X HILUX AGENTE DA CTTU ESTA NO LOCAL,2,,,,,,,,,0,,,,,,,,,,,,,,,,,,
2018-08-16,19:19:00,SEM VÍTIMA,CANCELADA,BOA VIAGEM,RUA ERNESTO DE PAULA SANTOS,,,EM FRENTE A EXTRA FARMA,RUA ERNESTO DE PAULA SANTOS,,EM FRENTE A EXTRA FARMA,BOA VIAGEM,,,COLISÃO,COLISAO ENTRE DOIS AUTOS SEM VITIMA,2,,,,,,,,,0,,,,,,,,,,,,,,,,,,
2018-08-16,21:46:00,SEM VÍTIMA,FINALIZADA,ESPINHEIRO,RUA DR VICENTE MEIRA,,,EM FRNTE AO ESPINHEIRO SHOPING E GALETO AMELIA,RUA DR VICENTE MEIRA,,EM FRNTE AO ESPINHEIRO SHOPING E GALETO AMELIA,ESPINHEIRO,,,COLISÃO,DOIS AUTOS S/V,2,,,,,,,,,0,,,,,,,,,,,,,,,,,,
2018-08-16,21:56:00,SEM VÍTIMA,FINALIZADA,MADALENA,EST DOS REMEDIOS,2416,,NO POSTO SHELL // AO LADO DO BOMPREÇO,EST DOS REMEDIOS,2416,NO POSTO SHELL // AO LADO DO BOMPREÇO,MADALENA,,,COLISÃO,ETIOS X HRZ,2,,,,,,,,,0,,,,,,,,,,,,,,,,,,
2018-08-16,22:01:00,SEM VÍTIMA,FINALIZADA,VÁRZEA,RUA VALE DO SIRIJI,,,EM FRENTE A PIZARIA PAULINE S/T UR 7 VARZEA,RUA VALE DO SIRIJI,,EM FRENTE A PIZARIA PAULINE S/T UR 7 VARZEA,VÁRZEA,,,COLISÃO,MOTO E BICICLETA S/V,,1,,,,,,,,0,,,,,,,,,,,,,,,,,,
2018-08-16,23:01:00,SEM VÍTIMA,FINALIZADA,JORDÃO,AV CENTENARIO ALBERTO SANTOS DUMONT,,,NO TUNEL DO JORDAO,AV CENTENARIO ALBERTO SANTOS DUMONT,,NO TUNEL DO JORDAO,JORDÃO,,,COLISÃO,CORSA X AUTO,2,,,,,,,,,0,,,,,,,,,,,,,,,,,,
2018-08-16,23:11:00,COM VÍTIMA,FINALIZADA,JARDIM SÃO PAULO,AV DR JOSE RUFINO,,RUA IPOJUCA,CRUZAMENTO COM A RUA IPOJUCA // SEMAFORO 044,AV DR JOSE RUFINO,,CRUZAMENTO COM A RUA IPOJUCA // SEMAFORO 044,JARDIM SÃO PAULO,,,COLISÃO,MOTO X FOX,1,1,,,,,,,,1,,,,,,,,,,,,,,,,,,
2018-08-16,23:17:00,SEM VÍTIMA,FINALIZADA,ARRUDA,AV PROFESSOR JOSE DOS ANJOS,,,PROX AO BOMPREÇO E O ESTADIO DO SANTA CRUZ,AV PROFESSOR JOSE DOS ANJOS,,PROX AO BOMPREÇO E O ESTADIO DO SANTA CRUZ,ARRUDA,,,COLISÃO,DOIS AUTOS,2,,,,,,,,,0,,,,,,,,,,,,,,,,,,
2018-08-16,23:34:00,COM VÍTIMA,FINALIZADA,SANTO AMARO,AV DR JAYME DA FONTE,,,PROX AO CAMPO DO 11,AV DR JAYME DA FONTE,,PROX AO CAMPO DO 11,SANTO AMARO,,,COLISÃO,MOTO X GRANDE SIENA,1,1,,,,,,,,1,,,,,,,,,,,,,,,,,,
2018-08-17,07:21:00,SEM VÍTIMA,FINALIZADA,BOA VIAGEM,RUA TENENTE JOAO CICERO,,,NA RUA DO COLEGIO SANTA MARIA,RUA TENENTE JOAO CICERO,,NA RUA DO COLEGIO SANTA MARIA,BOA VIAGEM,,,COLISÃO,COLISAO ENTRE DOIS AUTOS SEM VITIMA,2,,,,,,,,,0,,,,,,,,,,,,,,,,,,
2018-08-17,07:38:00,SEM VÍTIMA,FINALIZADA,ESPINHEIRO,AV GOVERNADOR AGAMENON MAGALHAES,2764,,AO LADO DO EMPRESARIAL ANTONIO DE ALBUQUERQUE GALVÃO, SENT. BOA VIAGEM,AV GOVERNADOR AGAMENON MAGALHAES,2764,AO LADO DO EMPRESARIAL ANTONIO DE ALBUQUERQUE GALVÃO, SENT. BOA VIAGEM,ESPINHEIRO,,,COLISÃO,AUTO E MOTO S/V,1,1,,,,,,,,0,,,,,,,,,,,,,,,,
2018-08-17,07:42:00,SEM VÍTIMA,FINALIZADA,ENCRUZILHADA,AV NORTE,1226,,SENTIDO CIDADE EM FRENTE A BATERIAS MOURA E A BETO AUTO ELETRICA,AV NORTE,1226,SENTIDO CIDADE EM FRENTE A BATERIAS MOURA E A BETO AUTO ELETRICA,ENCRUZILHADA,,,COLISÃO,COLISÃO SEM VITIMAS,2,,,,,,,,,0,,,,,,,,,,,,,,,,,,
2018-08-17,07:46:00,SEM VÍTIMA,FINALIZADA,ILHA JOANA BEZERRA,AV DES GUERRA BARRETO,,,EM CIMA DO VIADULTO , SENT. BOA VIAGEM,AV DES GUERRA BARRETO,,EM CIMA DO VIADULTO , SENT. BOA VIAGEM,ILHA JOANA BEZERRA,,,COLISÃO,TRES AUTOS,3,,,,,,,,,0,,,,,,,,,,,,,,,,
2018-08-17,08:08:00,SEM VÍTIMA,FINALIZADA,CASA AMARELA,EST DO ARRAIAL,3344,,E/F AO EMPRESARIAL SÍTIO DA TRINDADE,EST DO ARRAIAL,3344,E/F AO EMPRESARIAL SÍTIO DA TRINDADE,CASA AMARELA,,,COLISÃO,SEM VÍTIMAS.,2,,,,,,,,,0,,,,,,,,,,,,,,,,,,
2018-08-17,08:20:00,SEM VÍTIMA,FINALIZADA,ENCRUZILHADA,AV NORTE,,,NO SEMAFORO 045, EM FRENTE AO EXTRA BOM SENT. CIDADE,AV NORTE,,NO SEMAFORO 045, EM FRENTE AO EXTRA BOM SENT. CIDADE,ENCRUZILHADA,,,COLISÃO,ONIBUS E AUTO,1,,,,,1,,,,0,,,,,,,,,,,,,,,,
2018-08-17,08:50:00,,CANCELADA,ENCRUZILHADA,AV NORTE,,,SENTIDO SUBURBIO CIDADE EM FRENTE AO EXTRA BOM,AV NORTE,,SENTIDO SUBURBIO CIDADE EM FRENTE AO EXTRA BOM,ENCRUZILHADA,,,COLISÃO,COLISÃO SEM VITIMAS VT 08 QTH,1,,,,,1,,,,0,,,,,,,,,,,,,,,,,,
2018-08-17,09:01:00,SEM VÍTIMA,FINALIZADA,AREIAS,AV DR JOSE RUFINO,889,,EM FRENTE A HONDA,AV DR JOSE RUFINO,889,EM FRENTE A HONDA,AREIAS,,,COLISÃO,CAMINHÃO E AUTO (ROLO DE FIO CAIU DE CAMINHÃO SOBRE VEICULO),1,,,,,,1,,,0,,,,,,,,,,,,,,,,,,
2018-08-17,10:11:00,SEM VÍTIMA,FINALIZADA,BOA VIAGEM,AV CHARLES DARWIN,235,,E/F AO HOTEL ENSEADAS,AV CHARLES DARWIN,235,E/F AO HOTEL ENSEADAS,BOA VIAGEM,,,COLISÃO,SEM VÍTIMAS.,2,,,,,,,,,0,,,,,,,,,,,,,,,,,,
2018-08-17,10:21:00,SEM VÍTIMA,FINALIZADA,CAJUEIRO,AV BEBERIBE,,,NA ENTRADA DE CAJUEIRO EM FRENTE A GALERIA CAJUEIRO,AV BEBERIBE,,NA ENTRADA DE CAJUEIRO EM FRENTE A GALERIA CAJUEIRO,CAJUEIRO,,,COLISÃO,COLISÃO SEM VITIMAS,2,,,,,1,,,,0,,,,,,,,,,,,,,,,,,
2018-08-17,11:18:00,SEM VÍTIMA,FINALIZADA,BAIRRO DO RECIFE,CAIS DO APOLO,,,NO SEMAFORO 019 E/F AO BANCO DO BRASIL GM GILSON NO LOCAL,CAIS DO APOLO,,NO SEMAFORO 019 E/F AO BANCO DO BRASIL GM GILSON NO LOCAL,BAIRRO DO RECIFE,,,COLISÃO,COLISAO ENTRE VT DA POLICIA E AUTO S/V,2,,,,,,,,,0,,,,,,,,,,,,,,,,,,
2018-08-17,11:23:00,SEM VÍTIMA,FINALIZADA,IPSEP,AV RECIFE,3448,,EM FRENTE A LOJA AÇO RECIFE SENTIDO BOA VIAGEM,AV RECIFE,3448,EM FRENTE A LOJA AÇO RECIFE SENTIDO BOA VIAGEM,IPSEP,,,COLISÃO,COLISÃO SEM VITIMAS,1,,,,,1,,,,0,,,,,,,,,,,,,,,,,,
2018-08-17,11:27:00,SEM VÍTIMA,FINALIZADA,AFOGADOS,RUA SAO MIGUEL,,,E/F AO DEPATRI, SENTIDO AREIAS,RUA SAO MIGUEL,,E/F AO DEPATRI, SENTIDO AREIAS,AFOGADOS,,,COLISÃO,SEM VÍTIMAS.,1,,,,,,1,,,0,,,,,,,,,,,,,,,,
2018-08-17,11:27:00,COM VÍTIMA,FINALIZADA,BOA VISTA,AV ENGENHEIRO AGAMENON DE MAGALHAES MELO,,,SOBRE O VIADUTO INDEPENDÊNCIA SENTIDO OLINDA,AV ENGENHEIRO AGAMENON DE MAGALHAES MELO,,SOBRE O VIADUTO INDEPENDÊNCIA SENTIDO OLINDA,BOA VISTA,,,ACID. DE PERCURSO,MOTOCICLISTA CAIU NA VIA,,1,,,,,,,,1,,,,,,,,,,,,,,,,,,
2018-08-17,11:41:00,SEM VÍTIMA,FINALIZADA,PINA,RUA JEMIL ASFORA,1,,POR TRAS DO SHOPPING RIOMAR AO LADO DO MERCADINHO BEIRA RIO,RUA JEMIL ASFORA,1,POR TRAS DO SHOPPING RIOMAR AO LADO DO MERCADINHO BEIRA RIO,PINA,,,COLISÃO,COLISAO ENTRE CAMINHAO E AUTO S/V,1,,,,,,1,,,0,,,,,,,,,,,,,,,,,,
2018-08-17,12:17:00,SEM VÍTIMA,FINALIZADA,BOA VIAGEM,RUA BARAO DE SOUZA LEAO,,,AV BOA VIAGEM / EM FRENTE A PRACINHA DE BOA VIAGEM,RUA BARAO DE SOUZA LEAO,,AV BOA VIAGEM / EM FRENTE A PRACINHA DE BOA VIAGEM,BOA VIAGEM,,,COLISÃO,ONIBUS E AUTO PASSEIO,1,,,,,1,,,,0,,,,,,,,,,,,,,,,,,