data,hora,natureza_acidente,situacao,bairro,endereco,numero,detalhe_endereco_acidente,complemento,endereco_cruzamento,numero_cruzamento,referencia_cruzamento,bairro_cruzamento,num_semaforo,sentido_via,tipo,descricao,auto,moto,ciclom,ciclista,pedestre,onibus,caminhao,viatura,outros,vitimas,vitimasfatais,acidente_verificado,tempo_clima,situacao_semaforo,sinalizacao,condicao_via,conservacao_via,ponto_controle,situacao_placa,velocidade_max_via,mao_direcao,divisao_via1,divisao_via2,divisao_via3,,,,
2018-08-17,12:29:00,COM VÍTIMA,FINALIZADA,CAXANGÁ,AV CAXANGA,2117,,EM FRENTE A CAXANGA ACESSORIOS / SENT CIDADE,AV CAXANGA,2117,EM FRENTE A CAXANGA ACESSORIOS / SENT CIDADE,CAXANGÁ,,,ATROPELAMENTO,PEDESTRE E AUTO,1,,,,1,,,,,1,,,,,,,,,,,,,,,,,,
2018-08-17,12:50:00,COM VÍTIMA,FINALIZADA,AFOGADOS,RUA VINTE E UM DE ABRIL,628,,EM FRENTE AO RESTAURANTE RERCANTO VINTE E UM,RUA VINTE E UM DE ABRIL,628,EM FRENTE AO RESTAURANTE RERCANTO VINTE E UM,AFOGADOS,,,COLISÃO,COM UMA VITIMA,BOMBEIROS NO LOCAL,1,1,,,,,,,,1,,,,,,,,,,,,,,,,,
2018-08-17,12:53:00,SEM VÍTIMA,FINALIZADA,AFOGADOS,RUA NICOLAU PEREIRA,,,EM FRENTE AO AUDERICO RODAS/ PROXIMO AO SEMÁFORO 073,RUA NICOLAU PEREIRA,,EM FRENTE AO AUDERICO RODAS/ PROXIMO AO SEMÁFORO 073,AFOGADOS,,,COLISÃO,COLISÃO SEM VÍTIMA,1,,,,,1,,,,0,,,,,,,,,,,,,,,,,,
2018-08-17,13:21:00,SEM VÍTIMA,FINALIZADA,BOA VISTA,RUA JOAO FERNANDES VIEIRA,356,,RUA DO POSTTO SHELL,RUA JOAO FERNANDES VIEIRA,356,RUA DO POSTTO SHELL,BOA VISTA,,,COLISÃO COM CICLISTA,CICLISTA E AUTO,1,,,1,,,,,,0,,,,,,,,,,,,,,,,,,
2018-08-17,14:01:00,SEM VÍTIMA,FINALIZADA,CORDEIRO,AV CAXANGA,2083,,EM FRENTE AO RESTAURANTE REI DO JABA/ SENTIDO CIDADE,AV CAXANGA,2083,EM FRENTE AO RESTAURANTE REI DO JABA/ SENTIDO CIDADE,CORDEIRO,,,COLISÃO,COLISÃO SEM VÍTIMA,1,1,,,,,,,,0,,,,,,,,,,,,,,,,,,
2018-08-17,15:04:00,COM VÍTIMA,FINALIZADA,ILHA DO RETIRO,AV JOSE GONCALVES DE MEDEIROS,107,,EM FRENTE AO EXTRA DA BENFICA,SENT/SPORT CRUB,AV JOSE GONCALVES DE MEDEIROS,107,EM FRENTE AO EXTRA DA BENFICA,SENT/SPORT CRUB,ILHA DO RETIRO,,,COLISÃO,COM UMA VITIMA AGUARDANDO O SAMU,INSPETOR FAZENDO B.O,1,1,,,,,,,,1,,,,,,,,,,,,,,,
2018-08-17,15:13:00,SEM VÍTIMA,FINALIZADA,BOA VIAGEM,RUA ERNESTO DE PAULA SANTOS,451,,ESQ DA FARMACIA DROGAGIL AO LADO DA FARMCIA,RUA ERNESTO DE PAULA SANTOS,451,ESQ DA FARMACIA DROGAGIL AO LADO DA FARMCIA,BOA VIAGEM,,,COLISÃO,DOIS AUTOS,2,,,,,,,,,0,,,,,,,,,,,,,,,,,,
2018-08-17,15:25:00,SEM VÍTIMA,FINALIZADA,BOA VIAGEM,RUA PROFESSOR JOSE BRANDAO,180,,EM FRENTE A EXTRAFARMA,RUA PROFESSOR JOSE BRANDAO,180,EM FRENTE A EXTRAFARMA,BOA VIAGEM,,,COLISÃO,COLISÃO SEM VÍTIMA,2,,,,,,,,,0,,,,,,,,,,,,,,,,,,
2018-08-17,15:26:00,SEM VÍTIMA,FINALIZADA,MADALENA,AV ENGENHEIRO ABDIAS DE CARVALHO,,,RUA JOAO IVO DA SILVA /,AV ENGENHEIRO ABDIAS DE CARVALHO,,RUA JOAO IVO DA SILVA /,MADALENA,,,COLISÃO,DOIS AUTOS,1,,,,,,1,,,0,,,,,,,,,,,,,,,,,,
2018-08-17,16:04:00,SEM VÍTIMA,FINALIZADA,BOA VISTA,RUA AFONSO PENA,233,,EM FRENTE A BARBEARIA MERCADO BARBEIRO,RUA AFONSO PENA,233,EM FRENTE A BARBEARIA MERCADO BARBEIRO,BOA VISTA,,,COLISÃO,TRES AUTOS,3,,,,,,,,,0,,,,,,,,,,,,,,,,,,
2018-08-17,17:46:00,SEM VÍTIMA,FINALIZADA,ILHA DO LEITE,RUA PAISSANDU,,,EM FRENTE AS PRAÇA CHORA MENINO,RUA PAISSANDU,,EM FRENTE AS PRAÇA CHORA MENINO,ILHA DO LEITE,,,ENGAVETAMENTO,TRES AUTOS S/V,3,,,,,,,,,0,,,,,,,,,,,,,,,,,,
2018-08-17,18:00:00,SEM VÍTIMA,FINALIZADA,CAXANGÁ,RUA RIBEIRO PESSOA,,,EM FRENTRE A UPA/ OS MESMOS ESTAO AGUARDANDO NO POSTO DE GASOLINA SHELL,RUA RIBEIRO PESSOA,,EM FRENTRE A UPA/ OS MESMOS ESTAO AGUARDANDO NO POSTO DE GASOLINA SHELL,CAXANGÁ,,,COLISÃO,MOTO E AUTO S/V,1,1,,,,,,,,0,,,,,,,,,,,,,,,,,,
2018-08-17,18:02:00,SEM VÍTIMA,FINALIZADA,BOA VISTA,AV CONDE DA BOA VISTA,,,ENF AO MUSTANGUE SENTIDO CIDADE,AV CONDE DA BOA VISTA,,ENF AO MUSTANGUE SENTIDO CIDADE,BOA VISTA,,,COLISÃO,ONIBUS X FORD K,1,,,,,1,,,,0,,,,,,,,,,,,,,,,,,
2018-08-17,18:29:00,COM VÍTIMA,FINALIZADA,CAXANGÁ,RUA PROFESSOR ANTONIO COELHO,,AV GAL POLIDORO,CRUZAMENTO COM COLEGIO PONTUAL SENTIDO AV GENERAL POLIDORO,RUA PROFESSOR ANTONIO COELHO,,CRUZAMENTO COM COLEGIO PONTUAL SENTIDO AV GENERAL POLIDORO,CAXANGÁ,,,COLISÃO,MOTO X DOBLO,1,1,,,,,,,,1,,,,,,,,,,,,,,,,,,
2018-08-17,19:29:00,SEM VÍTIMA,FINALIZADA,SANTO ANTÔNIO,PTE PRINCESA IZABEL,S/N,,SOBRE A PONTE,PTE PRINCESA IZABEL,S/N,SOBRE A PONTE,SANTO ANTÔNIO,,,COLISÃO,,2,,,,,,,,,0,,,,,,,,,,,,,,,,,,
2018-08-17,19:34:00,SEM VÍTIMA,CANCELADA,CASA AMARELA,RUA PADRE LEMOS,,RUA PEDRO ALLAIN,CRUZAMENTO COM A PEDRO ALLAIN / PROX AO SUPERMERCADO CANELAS,RUA PADRE LEMOS,,CRUZAMENTO COM A PEDRO ALLAIN / PROX AO SUPERMERCADO CANELAS,CASA AMARELA,,,COLISÃO,OBS:: SUSPEITA DE EMBRIAGUEZ // TAXI X AUTO (VT DA POLICIA NO LOCAL),2,,,,,,,,,0,,,,,,,,,,,,,,,,,,
2018-08-17,19:51:00,SEM VÍTIMA,FINALIZADA,AFOGADOS,EST DOS REMEDIOS,,,EM FRENTE AO POSTO BR/ANTES DA JEEP AGENCIA,EST DOS REMEDIOS,,EM FRENTE AO POSTO BR/ANTES DA JEEP AGENCIA,AFOGADOS,,,COLISÃO,AUTO E UMA CARROÇA S/V,1,,,,,,,,1,0,,,,,,,,,,,,,,,,,,
2018-08-17,19:52:00,SEM VÍTIMA,FINALIZADA,BOA VIAGEM,RUA RIBEIRO DE BRITO,404,,PROX AO CRUZAMENTO DA AV ENG DOMINGOS FERREIRA,RUA RIBEIRO DE BRITO,404,PROX AO CRUZAMENTO DA AV ENG DOMINGOS FERREIRA,BOA VIAGEM,,,COLISÃO,ONIBUS X,1,,,,,1,,,,0,,,,,,,,,,,,,,,,,,
2018-08-17,20:09:00,SEM VÍTIMA,FINALIZADA,MADALENA,RUA MENEZES DRUMOND,,RUA GALVAO RAPOSO,POR TRAZ DO MERCADO DA MADALENA/CRUZAMENTO COM GALVAO RAPOSO/EM FRENTE AO LAVA JATO VENEZA,RUA MENEZES DRUMOND,,POR TRAZ DO MERCADO DA MADALENA/CRUZAMENTO COM GALVAO RAPOSO/EM FRENTE AO LAVA JATO VENEZA,MADALENA,,,COLISÃO,DOIS AUTOS S/V,2,,,,,,,,,0,,,,,,,,,,,,,,,,,,
2018-08-17,20:27:00,SEM VÍTIMA,FINALIZADA,PINA,AV HERCULANO BANDEIRA,,,EM FRENTE A MERCEDES BEN/SEMAFORO 657,AV HERCULANO BANDEIRA,,EM FRENTE A MERCEDES BEN/SEMAFORO 657,PINA,,,COLISÃO,DOIS AUTOS S/V,2,,,,,,,,,0,,,,,,,,,,,,,,,,,,
2018-08-17,21:09:00,SEM VÍTIMA,FINALIZADA,ESPINHEIRO,AV JOAO DE BARROS,1200,,ENF A FARMACIA SANTO ANTAO // PROX AO POSTO BR SENTIDO SUBURBIO,AV JOAO DE BARROS,1200,ENF A FARMACIA SANTO ANTAO // PROX AO POSTO BR SENTIDO SUBURBIO,ESPINHEIRO,,,COLISÃO,ONIBUS X AUTO,1,,,,,1,,,,0,,,,,,,,,,,,,,,,,,
2018-08-17,21:54:00,SEM VÍTIMA,FINALIZADA,BOA VISTA,RUA BARAO DE SAO BORJA,,RUA JOSE DE ALENCAR,CRUZAMENTO COM A RUA JOSE DE ALENCAR // ENF AO HOTEL BOA VISTA,RUA BARAO DE SAO BORJA,,CRUZAMENTO COM A RUA JOSE DE ALENCAR // ENF AO HOTEL BOA VISTA,BOA VISTA,,,COLISÃO,DOIS AUTOS S/V,2,,,,,,,,,0,,,,,,,,,,,,,,,,,,
2018-08-17,23:50:00,SEM VÍTIMA,FINALIZADA,BOA VIAGEM,AV ENGENHEIRO DOMINGOS FERREIRA,,,ENF AO SPETTUS E O EXTRA DA DOMINGOS FERREIRA,AV ENGENHEIRO DOMINGOS FERREIRA,,ENF AO SPETTUS E O EXTRA DA DOMINGOS FERREIRA,BOA VIAGEM,,,COLISÃO,TAXI X MERIVA,2,,,,,,,,,0,,,,,,,,,,,,,,,,,,
2018-08-18,00:26:00,SEM VÍTIMA,FINALIZADA,BOA VIAGEM,AV CONSELHEIRO AGUIAR,4599,RUA DOM JOSE LOPES,ENF A FARMACIA PAGUE MENOS // CRUZAMENTO COM A RUA DOM JOSE LOPES,AV CONSELHEIRO AGUIAR,4599,ENF A FARMACIA PAGUE MENOS // CRUZAMENTO COM A RUA DOM JOSE LOPES,BOA VIAGEM,,,COLISÃO,AUDI X LAND ROVER,2,,,,,,,,,0,,,,,,,,,,,,,,,,,,
2018-08-18,04:17:00,SEM VÍTIMA,FINALIZADA,BOA VIAGEM,AV BOA VIAGEM,1020,,EDF SAN REMO SEGUNDO JARDIM,AV BOA VIAGEM,1020,EDF SAN REMO SEGUNDO JARDIM,BOA VIAGEM,,,COLISÃO,FORD K X PALIO,2,,,,,,,,,0,,,,,,,,,,,,,,,,,,
2018-08-18,04:24:00,COM VÍTIMA,FINALIZADA,BOA VIAGEM,RUA RIBEIRO DE BRITO,,,ENF A IGREJA PRESBITERIANA PROX A ENTRADA DO SHOPPING RECIFE,RUA RIBEIRO DE BRITO,,ENF A IGREJA PRESBITERIANA PROX A ENTRADA DO SHOPPING RECIFE,BOA VIAGEM,,,CHOQUE,HB 20 X POSTE OBS: PERSEGUIÇAO VIATURA DA POLICIA NO LOCAL,1,,,,,,,,,3,,,,,,,,,,,,,,,,,,
2018-08-18,07:47:00,SEM VÍTIMA,FINALIZADA,BARRO,AV DR JOSE RUFINO,2009,,PROX AO RESTAURANTE CASTELO DA PICANHA EM FRENTE AO POSTO DE GASOLINA IMPERIO,AV DR JOSE RUFINO,2009,PROX AO RESTAURANTE CASTELO DA PICANHA EM FRENTE AO POSTO DE GASOLINA IMPERIO,BARRO,,,COLISÃO,COLISÃO SEM VITIMAS,1,1,,,,,,,,0,,,,,,,,,,,,,,,,,,
2018-08-18,08:30:00,SEM VÍTIMA,FINALIZADA,IMBIRIBEIRA,RUA ARQUITETO LUIZ NUNES,331,,POR TRAS DO ASSAI,RUA ARQUITETO LUIZ NUNES,331,POR TRAS DO ASSAI,IMBIRIBEIRA,,,COLISÃO,DOIS AUTOS,2,,,,,,,,,0,,,,,,,,,,,,,,,,,,
2018-08-18,08:58:00,SEM VÍTIMA,FINALIZADA,JAQUEIRA,RUA PADRE ROMA,291,RUA CONEGO BARATA,CRUZ COM RUA DA CONEGO BARATA EM FRENTE AO EDIFICIO JARDIM,RUA PADRE ROMA,291,CRUZ COM RUA DA CONEGO BARATA EM FRENTE AO EDIFICIO JARDIM,JAQUEIRA,,,COLISÃO,COLISÃO SEM VITIMAS,1,,,,,1,,,,0,,,,,,,,,,,,,,,,,,
2018-08-18,09:14:00,SEM VÍTIMA,FINALIZADA,TEJIPIÓ,AV DR JOSE RUFINO,,,E/F AO BATALHÃO DO EXÉRCITO, SEMÁFORO 208. SENTIDO SUBÚRBIO,AV DR JOSE RUFINO,,E/F AO BATALHÃO DO EXÉRCITO, SEMÁFORO 208. SENTIDO SUBÚRBIO,TEJIPIÓ,,,COLISÃO,SE MVÍTIMAS,1,1,,,,,,,,0,,,,,,,,,,,,,,,,
2018-08-18,09:58:00,SEM VÍTIMA,FINALIZADA,IMBIRIBEIRA,AV MARECHAL MASCARENHAS DE MORAES,,,SEMÁFORO 287, E/F A ENCRUZILHADA PNEUS,AV MARECHAL MASCARENHAS DE MORAES,,SEMÁFORO 287, E/F A ENCRUZILHADA PNEUS,IMBIRIBEIRA,,,COLISÃO,SEM VÍTIMAS. VT 09 NO LOCAL.,2,,,,,,,,,0,,,,,,,,,,,,,,,,
2018-08-18,10:52:00,SEM VÍTIMA,FINALIZADA,SANTO AMARO,AV GOVERNADOR AGAMENON MAGALHAES,,,NO SEMAFORO 049,AV GOVERNADOR AGAMENON MAGALHAES,,NO SEMAFORO 049,SANTO AMARO,,,COLISÃO,TRES AUTOS,3,,,,,,,,,0,,,,,,,,,,,,,,,,,,
2018-08-18,10:59:00,SEM VÍTIMA,FINALIZADA,PINA,AV ANTONIO DE GOES,,,EM FRENTE AO POSTO DE GASOLINA BR,AV ANTONIO DE GOES,,EM FRENTE AO POSTO DE GASOLINA BR,PINA,,,COLISÃO,DOIS AUTOS,2,,,,,,,,,0,,,,,,,,,,,,,,,,,,
2018-08-18,11:23:00,SEM VÍTIMA,FINALIZADA,BOA VIAGEM,AV BOA VIAGEM,3356,,NO SEMAFORO 547, EM FRENTE AO EDF. ANTONIO MONTE,AV BOA VIAGEM,3356,NO SEMAFORO 547, EM FRENTE AO EDF. ANTONIO MONTE,BOA VIAGEM,,,COLISÃO,CAMINHÃO E AUTO,1,,,,,,1,,,0,,,,,,,,,,,,,,,,
2018-08-18,11:32:00,COM VÍTIMA,CANCELADA,IBURA,AV DOIS RIOS,277,,SENTIDO IPSEP PROX AO NUCLEO,AV DOIS RIOS,277,SENTIDO IPSEP PROX AO NUCLEO,IBURA,,,COLISÃO,COLISÃO COM VITIMA,1,1,,,,,,,,1,,,,,,,,,,,,,,,,,,
2018-08-18,12:27:00,SEM VÍTIMA,CANCELADA,ENGENHO DO MEIO,RUA MANUEL ALVES DEUSDARA,561,,EM FRENTE A UNIDADE DA FAMILIA DE SAÚDE DE ENGENHO DO MEIO,RUA MANUEL ALVES DEUSDARA,561,EM FRENTE A UNIDADE DA FAMILIA DE SAÚDE DE ENGENHO DO MEIO,ENGENHO DO MEIO,,,COLISÃO,COLISÃO SEM VÍTIMA,1,,,,,,1,,,0,,,,,,,,,,,,,,,,,,
2018-08-18,13:27:00,SEM VÍTIMA,FINALIZADA,IBURA,RUA PINTOR AGENOR DE ALBUQUERQUE CESAR,195,,IBURA DE BAIXO NA LADEIRA DO SESI,RUA PINTOR AGENOR DE ALBUQUERQUE CESAR,195,IBURA DE BAIXO NA LADEIRA DO SESI,IBURA,,,COLISÃO,COLISAO ENTRE CAMINHAO E MOTO,,1,,,,,1,,,0,,,,,,,,,,,,,,,,,,
2018-08-18,14:29:00,SEM VÍTIMA,CANCELADA,IMBIRIBEIRA,AV MARECHAL MASCARENHAS DE MORAES,,,LOGO NA ENTRADA DA MASCARENHA DE MORAES/SAINDO DA AV RECIFE CRUZANDO A MASCARENHA /,AV MARECHAL MASCARENHAS DE MORAES,,LOGO NA ENTRADA DA MASCARENHA DE MORAES/SAINDO DA AV RECIFE CRUZANDO A MASCARENHA /,IMBIRIBEIRA,,,COLISÃO,ONIBUS E AUTO S/V,1,,,,,1,,,,0,,,,,,,,,,,,,,,,,,
2018-08-18,15:29:00,COM VÍTIMA,FINALIZADA,IPSEP,AV RECIFE,,,SAÍDA DO IBURA,AV RECIFE,,SAÍDA DO IBURA,IPSEP,,,COLISÃO,HONDA CG150 FAN- MBENS 710,,1,,,,,1,,,1,,,,,,,,,,,,,,,,,,
2018-08-18,19:11:00,SEM VÍTIMA,FINALIZADA,SÃO JOSÉ,RUA IMPERIAL,,RUA CABO EUTRÓPIO,SEMÁFORO 352 - CRUZ COM A RUA CABO EUTRÓPIO / E/F A NENO SERVIÇOS DE FUNILARIA / POR BAIXO DO VIADUTO,RUA IMPERIAL,,SEMÁFORO 352 - CRUZ COM A RUA CABO EUTRÓPIO / E/F A NENO SERVIÇOS DE FUNILARIA / POR BAIXO DO VIADUTO,SÃO JOSÉ,,,COLISÃO,ENTRE 2 AUTOS. S/V,2,,,,,,,,,0,,,,,,,,,,,,,,,,,,
2018-08-18,19:20:00,SEM VÍTIMA,FINALIZADA,GRAÇAS,RUA DAS PERNAMBUCANAS,,RUA CARDEAL ARCOVERDE,CRUZAMENTO COM A RUA CARDIAL ARCOVERDE // ENF A PANIFICADORA PAO E VINHO,RUA DAS PERNAMBUCANAS,,CRUZAMENTO COM A RUA CARDIAL ARCOVERDE // ENF A PANIFICADORA PAO E VINHO,GRAÇAS,,,COLISÃO,ETIOS X HB 20,2,,,,,,,,,0,,,,,,,,,,,,,,,,,,
2018-08-18,21:03:00,SEM VÍTIMA,CANCELADA,COHAB,RUA VALE DO ITAJAI,4,,PROX DA UPA DA LAGOA ENCANTADA,RUA VALE DO ITAJAI,4,PROX DA UPA DA LAGOA ENCANTADA,COHAB,,,COLISÃO,DOBLO X PALIO,2,,,,,,,,,0,,,,,,,,,,,,,,,,,,
2018-08-20,06:43:00,,CANCELADA,SANTO AMARO,SANTO AMARO,91,,LINHA CANCELADA - CAMPO ENDEREÇO E NATUREZA PERMITEM SOMENTE ADICIONAR BAIRROS,SANTO AMARO,91,LINHA CANCELADA - CAMPO ENDEREÇO E NATUREZA PERMITEM SOMENTE ADICIONAR BAIRROS,SANTO AMARO,,,SANTO AMARO,LINHA CANCELADA - CAMPO ENDEREÇO E NATUREZA PERMITEM SOMENTE ADICIONAR BAIRROS,,,,,,,,,,,,,,,,,,,,,,,,,,,,
2018-08-18,22:49:00,COM VÍTIMA,FINALIZADA,IBURA,RUA GONCALO LEITAO,,,PROXIMO A QUADRA DA UR 04 E EM FRENTE A ASSEMBLEIA DE DEUS,RUA GONCALO LEITAO,,PROXIMO A QUADRA DA UR 04 E EM FRENTE A ASSEMBLEIA DE DEUS,IBURA,,,COLISÃO,DUAS MOTOS,2,,,,,,,,,3,,,,,,,,,,,,,,,,,,
2018-08-18,23:21:00,SEM VÍTIMA,FINALIZADA,PINA,AV ENGENHEIRO DOMINGOS FERREIRA,10,,E/F AO ARMAZÉM BEIRA MAR, PROXIMIDADES DO POSTO TOTAL,AV ENGENHEIRO DOMINGOS FERREIRA,10,E/F AO ARMAZÉM BEIRA MAR, PROXIMIDADES DO POSTO TOTAL,PINA,,,COLISÃO,ENTRE 2 AUTOS. S/V,2,,,,,,,,,0,,,,,,,,,,,,,,,,
2018-08-19,00:43:00,COM VÍTIMA,CANCELADA,BEBERIBE,RUA URIEL DE HOLANDA,,,NA ENTRADA DE DOIS UNIDOS,RUA URIEL DE HOLANDA,,NA ENTRADA DE DOIS UNIDOS,BEBERIBE,,,COLISÃO,ENTRE 2 MOTOS. C/V,,2,,,,,,,,1,,,,,,,,,,,,,,,,,,
2018-08-19,03:42:00,COM VÍTIMA,FINALIZADA,BAIRRO DO RECIFE,RUA DO BRUM,,,POR TRÁS DA ANTIGA FÁBRICA DA PILLAR // ANTES DO FORTE DO BRUM, ÚLTIMA RUA À ESQUERDA,RUA DO BRUM,,POR TRÁS DA ANTIGA FÁBRICA DA PILLAR // ANTES DO FORTE DO BRUM, ÚLTIMA RUA À ESQUERDA,BAIRRO DO RECIFE,,,CHOQUE,CONDUTOR, PERSEGUIDO POR AGENTES DA LEI SECA, PERDEU O CONTROLE DO VEÍCULO, COLIDINDO-O CONTRA UM POSTE. CONDUTOR CHOCOU A CABEÇA CONTRA O PROPRIO VEICULO E FOI SOCORRIDO PELA VIATURA DA PMPE.,1,,,,,,,,,1,,,,,,,,,,,,,
2018-08-19,07:38:00,SEM VÍTIMA,FINALIZADA,IBURA,RUA SOLDADO VIRGILIO LUCIO,104,,E/F A ESCOLA ORLANDO PARAHYM,RUA SOLDADO VIRGILIO LUCIO,104,E/F A ESCOLA ORLANDO PARAHYM,IBURA,,,COLISÃO,SEM VÍTIMAS,2,,,,,,,,,0,,,,,,,,,,,,,,,,,,
2018-08-19,08:33:00,SEM VÍTIMA,FINALIZADA,JOANA BEZERRA,VIADUTO CAPITAO TEMUDO,,,SENTIDO AV AGAMENON MAGALHÃES,VIADUTO CAPITAO TEMUDO,,SENTIDO AV AGAMENON MAGALHÃES,JOANA BEZERRA,,,COLISÃO,SEM VITIMAS,2,,,,,,,,,0,,,,,,,,,,,,,,,,,,
2018-08-19,09:59:00,SEM VÍTIMA,FINALIZADA,IPSEP,RUA JEAN EMILE FAVRE,,,SEMAFORO 574,RUA JEAN EMILE FAVRE,,SEMAFORO 574,IPSEP,,,COLISÃO,DOIS AUTOS,2,,,,,,,,,0,,,,,,,,,,,,,,,,,,
2018-08-19,11:24:00,SEM VÍTIMA,FINALIZADA,NOVA DESCOBERTA,RUA ALTO DA QUEIMADA,409,,NO LARGO DA QUEIMADA E/F A IGREJA ASSEMBLÉIA DE DEUS,RUA ALTO DA QUEIMADA,409,NO LARGO DA QUEIMADA E/F A IGREJA ASSEMBLÉIA DE DEUS,NOVA DESCOBERTA,,,COLISÃO,SEM VÍTIMAS,1,,,,,1,,,,0,,,,,,,,,,,,,,,,,,
2018-08-19,11:29:00,SEM VÍTIMA,FINALIZADA,DERBY,AV GOVERNADOR AGAMENON MAGALHAES,,,COLISÃO SEM VITIMAS,AV GOVERNADOR AGAMENON MAGALHAES,,COLISÃO SEM VITIMAS,DERBY,,,COLISÃO,COLISÃO SEM VITIMAS VT 02 QTH,2,,,,,,,,,0,,,,,,,,,,,,,,,,,,
2018-08-19,13:05:00,SEM VÍTIMA,FINALIZADA,TOTÓ,RUA PAULINO DE FARIAS,640,,EM FRENTE AO SALÃO RAIZES, PROX DA IGREJA EVANGELICA COGREGACIONAL//EM FRENTE A TELMA MÓVEIS,RUA PAULINO DE FARIAS,640,EM FRENTE AO SALÃO RAIZES, PROX DA IGREJA EVANGELICA COGREGACIONAL//EM FRENTE A TELMA MÓVEIS,TOTÓ,,,COLISÃO,COLISÃO ENTRE AUTO E MOTO S/V,1,1,,,,,,,,0,,,,,,,,,,,,,,,,
2018-08-19,13:28:00,SEM VÍTIMA,FINALIZADA,BOA VIAGEM,AV BOA VIAGEM,1590,,NO SEGUNDO JARDIM DE BOA VIAGEM, EM FRENTE AO EDIFICIO PRINCESA ISABEL,AV BOA VIAGEM,1590,NO SEGUNDO JARDIM DE BOA VIAGEM, EM FRENTE AO EDIFICIO PRINCESA ISABEL,BOA VIAGEM,,,COLISÃO,COLISÃO ENTRE AUTO E MOTO C/V,1,1,,,,,,,,0,,,,,,,,,,,,,,,,
2018-08-19,13:51:00,COM VÍTIMA,FINALIZADA,ALTO JOSÉ BONIFÁCIO,RUA ALTO BRASIL,736,,EM FRENTE A PAN LUCAS, EM FRENTE AO TERMINAL DE ÔNIBUS DO ALTO JOSÉ BONIFACIO,RUA ALTO BRASIL,736,EM FRENTE A PAN LUCAS, EM FRENTE AO TERMINAL DE ÔNIBUS DO ALTO JOSÉ BONIFACIO,ALTO JOSÉ BONIFÁCIO,,,COLISÃO,COLISÃO ENTRE AUTO E MOTO C/V,1,1,,,,,,,,1,,,,,,,,,,,,,,,,
2018-08-19,14:48:00,SEM VÍTIMA,FINALIZADA,CASA AMARELA,RUA ARNOLDO MAGALHAES,,EST ARRAIAL,ESQUINA COM A ESTR DO ARRAIAL, EM FRENTE AO AMERICA FUTEBOL CLUBE,RUA ARNOLDO MAGALHAES,,ESQUINA COM A ESTR DO ARRAIAL, EM FRENTE AO AMERICA FUTEBOL CLUBE,CASA AMARELA,,,COLISÃO,COLISÃO ENTRE DOIS AUTOS S/V,2,,,,,,,,,0,,,,,,,,,,,,,,,,
2018-08-19,17:16:00,SEM VÍTIMA,FINALIZADA,CASA FORTE,AV DEZESSETE DE AGOSTO,1916,,SEMAFORO 410, EM FRENTE AO AO BARCHEF,AV DEZESSETE DE AGOSTO,1916,SEMAFORO 410, EM FRENTE AO AO BARCHEF,CASA FORTE,,,COLISÃO,COLISÃO ENTRE AUTO E MOTO S/V,1,1,,,,,,,,0,,,,,,,,,,,,,,,,
2018-08-19,17:35:00,SEM VÍTIMA,FINALIZADA,CASA AMARELA,RUA DA HARMONIA,,EST ARRAIAL,CRUZAMENTO COM A ESTR DO ARRAIAL, EM FRENTE A IGREJA CATOLICA, SEMAFORO 074,RUA DA HARMONIA,,CRUZAMENTO COM A ESTR DO ARRAIAL, EM FRENTE A IGREJA CATOLICA, SEMAFORO 074,CASA AMARELA,,,COLISÃO,COLISÃO ENTRE DOIS E UMA MOTO C/V,2,1,,,,,,,,0,,,,,,,,,,,,,,
2018-08-19,17:47:00,SEM VÍTIMA,FINALIZADA,CAMPO GRANDE,RUA ODORICO MENDES,,,EM FRENTE AO CLUBE DAS PÁS,RUA ODORICO MENDES,,EM FRENTE AO CLUBE DAS PÁS,CAMPO GRANDE,,,COLISÃO COM CICLISTA,COLISÃO ENVOLVENDO CICLITA S/V,1,,,,,,,,,0,,,,,,,,,,,,,,,,,,
2018-08-19,19:17:00,COM VÍTIMA,FINALIZADA,AREIAS,AV DR JOSE RUFINO,634,,AO LADO DA EMPRESA TRANSVAL E E/F AO COLÉGIO INDEPENDÊNCIA, SNT SUB,AV DR JOSE RUFINO,634,AO LADO DA EMPRESA TRANSVAL E E/F AO COLÉGIO INDEPENDÊNCIA, SNT SUB,AREIAS,,,COLISÃO,ENTRE 2 AUTOS. C/V,2,,,,,,,,,1,,,,,,,,,,,,,,,,
2018-08-19,19:38:00,SEM VÍTIMA,FINALIZADA,SANTO AMARO,AV CRUZ CABUGA,,,EM FRENTE AO HOSPITAL DO CÂNCER, SENTIDO OLINDA,AV CRUZ CABUGA,,EM FRENTE AO HOSPITAL DO CÂNCER, SENTIDO OLINDA,SANTO AMARO,,,COLISÃO,COLISÃO ENTRE AUTO E ÔNIBUS BRT S/V,1,,,,,1,,,,0,,,,,,,,,,,,,,,,
2018-08-19,20:18:00,SEM VÍTIMA,FINALIZADA,JARDIM SÃO PAULO,AV JOAO CABRAL DE MELO NETO,,,SEMÁFORO 259,AV JOAO CABRAL DE MELO NETO,,SEMÁFORO 259,JARDIM SÃO PAULO,,,COLISÃO,ENTRE AMBULÂNCIA E AUTO. S/V,2,,,,,,,,,0,,,,,,,,,,,,,,,,,,
2018-08-19,22:47:00,SEM VÍTIMA,FINALIZADA,JORDÃO,TUNEL FELIPE CAMARAO,,,NA SAÍDE DO TUNEL FELIPE CAMARÃO,TUNEL FELIPE CAMARAO,,NA SAÍDE DO TUNEL FELIPE CAMARÃO,JORDÃO,,,COLISÃO,ENTRE 2 AUTOS. S/V,2,,,,,,,,,0,,,,,,,,,,,,,,,,,,
2018-08-20,07:02:00,SEM VÍTIMA,FINALIZADA,DERBY,PRC DO DERBY,417,,E/F A ODONTO CAPE,PRC DO DERBY,417,E/F A ODONTO CAPE,DERBY,,,COLISÃO,,1,,,,,1,,,,0,,,,,,,,,,,,,,,,,,