data,hora,natureza_acidente,situacao,bairro,endereco,numero,detalhe_endereco_acidente,complemento,endereco_cruzamento,numero_cruzamento,referencia_cruzamento,bairro_cruzamento,num_semaforo,sentido_via,tipo,descricao,auto,moto,ciclom,ciclista,pedestre,onibus,caminhao,viatura,outros,vitimas,vitimasfatais,acidente_verificado,tempo_clima,situacao_semaforo,sinalizacao,condicao_via,conservacao_via,ponto_controle,situacao_placa,velocidade_max_via,mao_direcao,divisao_via1,divisao_via2,divisao_via3,,,,
2018-08-20,07:09:00,SEM VÍTIMA,FINALIZADA,CAXANGÁ,AV CAXANGA,,,EMBAIXO DO VIADUTO / SEN SUB,AV CAXANGA,,EMBAIXO DO VIADUTO / SEN SUB,CAXANGÁ,,,COLISÃO,MOTO E AUTO,1,1,,,,,,,,0,,,,,,,,,,,,,,,,,,
2018-08-20,07:10:00,SEM VÍTIMA,FINALIZADA,JARDIM SÃO PAULO,RUA LEANDRO BARRETO,604,,E/F AO CONSULTORIO ANNE MOURA, NO LADO DIREITO DA VIA, SENTIDO BR,RUA LEANDRO BARRETO,604,E/F AO CONSULTORIO ANNE MOURA, NO LADO DIREITO DA VIA, SENTIDO BR,JARDIM SÃO PAULO,,,COLISÃO,SEM VÍTIMAS,2,,,,,,,,,0,,,,,,,,,,,,,,
2018-08-20,07:40:00,SEM VÍTIMA,FINALIZADA,ILHA DO RETIRO,AV ENGENHEIRO ABDIAS DE CARVALHO,2056,,EM FRENTE AO RESTAURANTE CABLOCO DE LANÇA,AV ENGENHEIRO ABDIAS DE CARVALHO,2056,EM FRENTE AO RESTAURANTE CABLOCO DE LANÇA,ILHA DO RETIRO,,,COLISÃO,DOIS AUTOS,2,,,,,,,,,0,,,,,,,,,,,,,,,,,,
2018-08-20,08:36:00,SEM VÍTIMA,FINALIZADA,MADALENA,RUA DEMOCRITO DE SOUZA FILHO,405,,EM FRENTE A CLINICA FISIOTERAPIA E SAUDE,RUA DEMOCRITO DE SOUZA FILHO,405,EM FRENTE A CLINICA FISIOTERAPIA E SAUDE,MADALENA,,,COLISÃO,DOIS AUTOS,2,,,,,,,,,0,,,,,,,,,,,,,,,,,,
2018-08-20,08:57:00,SEM VÍTIMA,FINALIZADA,AFLITOS,AV CONS ROSA E SILVA,,,EM FRNTE AO POSTO IPIRANGA,AV CONS ROSA E SILVA,,EM FRNTE AO POSTO IPIRANGA,AFLITOS,,,COLISÃO,CAMINHAO E AUTO,1,,,,,,1,,,0,,,,,,,,,,,,,,,,,,
2018-08-20,08:57:00,SEM VÍTIMA,FINALIZADA,ENCRUZILHADA,AV NORTE,,,E/F AO BANCO SANTANDER, SENTIDO CIDADE. SEMÁFORO 043,AV NORTE,,E/F AO BANCO SANTANDER, SENTIDO CIDADE. SEMÁFORO 043,ENCRUZILHADA,,,COLISÃO,SE MVÍTIMAS,1,,,,,1,,,,0,,,,,,,,,,,,,,,,
2018-08-20,08:59:00,SEM VÍTIMA,FINALIZADA,ESPINHEIRO,RUA LAURO MONTENEGRO,379,,PROX. A IGREJA DO ESPINHEIRO,RUA LAURO MONTENEGRO,379,PROX. A IGREJA DO ESPINHEIRO,ESPINHEIRO,,,COLISÃO,DOIS AUTOS,2,,,,,,,,,0,,,,,,,,,,,,,,,,,,
2018-08-20,09:53:00,SEM VÍTIMA,FINALIZADA,PINA,AV HERCULANO BANDEIRA,587,,PROX. A FARMACIA DO TRABALHADOR,AV HERCULANO BANDEIRA,587,PROX. A FARMACIA DO TRABALHADOR,PINA,,,COLISÃO,DOIS AUTOS BATEDORES NO LOCAL, GM-S. SANTOS,2,,,,,,,,,0,,,,,,,,,,,,,,,,,
2018-08-20,10:02:00,SEM VÍTIMA,FINALIZADA,IBURA,AV DOIS RIOS,515,,E/F AO DEPOSITO DE BEBIDAS DOIS RIOS,AV DOIS RIOS,515,E/F AO DEPOSITO DE BEBIDAS DOIS RIOS,IBURA,,,COLISÃO,SEM VÍTIMAS,2,,,,,,,,,0,,,,,,,,,,,,,,,,,,
2018-08-20,12:16:00,,CANCELADA,AFOGADOS,LARGO DA PAZ,,,,LARGO DA PAZ,,,AFOGADOS,,,COLISÃO,COLISÃO SEM VITIMA,1,1,,,,,,,,0,,,,,,,,,,,,,,,,,,
2018-08-20,12:17:00,SEM VÍTIMA,FINALIZADA,AFOGADOS,AV SUL,,,EM FRENTE A ESTAÇÃO DO METRO LARGO DA PAZ,AV SUL,,EM FRENTE A ESTAÇÃO DO METRO LARGO DA PAZ,AFOGADOS,,,COLISÃO,SEM VITIMAS,1,1,,,,,,,,0,,,,,,,,,,,,,,,,,,
2018-08-20,12:23:00,SEM VÍTIMA,FINALIZADA,IMBIRIBEIRA,RUA ARQUITETO FERNANDO ALMEIDA,280,RUA MOACIR DE ALBUQUERQUE,CRUZAMENTO COM A RUA MOACIR DE ALBUQUERQUE,EDF SIDERAL,RUA ARQUITETO FERNANDO ALMEIDA,280,CRUZAMENTO COM A RUA MOACIR DE ALBUQUERQUE,EDF SIDERAL,IMBIRIBEIRA,,,COLISÃO,SEM VITIMAS,1,,,,,,1,,,0,,,,,,,,,,,,,,,,
2018-08-20,12:55:00,SEM VÍTIMA,FINALIZADA,CAXANGÁ,RUA MAURICIO DE NASSAU,,,ESCOLA MUNICIPAL DARCI RIBEIRO, SENTIDO SUBURBIO,RUA MAURICIO DE NASSAU,,ESCOLA MUNICIPAL DARCI RIBEIRO, SENTIDO SUBURBIO,CAXANGÁ,,,COLISÃO,COLISÃO SEM VITIMA,2,,,,,,,,,0,,,,,,,,,,,,,,,,
2018-08-20,13:16:00,SEM VÍTIMA,FINALIZADA,CAMPO GRANDE,RUA PROFESSOR ANDRADE BEZERRA,1395,,EM FRENTE A SOLL SERVIÇOS E LOCAÇÕES,RUA PROFESSOR ANDRADE BEZERRA,1395,EM FRENTE A SOLL SERVIÇOS E LOCAÇÕES,CAMPO GRANDE,,,COLISÃO,SEM VITIMAS,,,,,,1,1,,,0,,,,,,,,,,,,,,,,,,
2018-08-20,13:23:00,COM VÍTIMA,FINALIZADA,DERBY,AV GOVERNADOR AGAMENON MAGALHAES,,,NA PRAÇA DO DERBY , SENTIDO BOA VIAGEM,AV GOVERNADOR AGAMENON MAGALHAES,,NA PRAÇA DO DERBY , SENTIDO BOA VIAGEM,DERBY,,,COLISÃO,COLISÃO COM VÍTIMA, MOTO E CARRO,1,1,,,,,,,,1,,,,,,,,,,,,,,,
2018-08-20,13:57:00,SEM VÍTIMA,FINALIZADA,CASA FORTE,RUA LEONARDO BEZERRA CAVALCANTE,,,AO LADO DO WALLMART,RUA LEONARDO BEZERRA CAVALCANTE,,AO LADO DO WALLMART,CASA FORTE,,,ENGAVETAMENTO,4 VEICULOS ENVOLVIDOS, SEM VITIMAS,4,,,,,,,,,0,,,,,,,,,,,,,,,,,
2018-08-20,14:34:00,COM VÍTIMA,FINALIZADA,CAMPO GRANDE,RUA ODORICO MENDES,,,EM FRENTE AO IC,RUA ODORICO MENDES,,EM FRENTE AO IC,CAMPO GRANDE,,,COLISÃO,,1,1,,,,,,,,1,,,,,,,,,,,,,,,,,,
2018-08-20,14:38:00,SEM VÍTIMA,FINALIZADA,MADALENA,AV ENGENHEIRO ABDIAS DE CARVALHO,175,,EM FRENTE CARGLASS ,VIDROS AUTOMOTIVOS,SENT /CIDADE,AV ENGENHEIRO ABDIAS DE CARVALHO,175,EM FRENTE CARGLASS ,VIDROS AUTOMOTIVOS,SENT /CIDADE,MADALENA,,,COLISÃO,SEM VITIMAS,2,,,,,,,,,0,,,,,,,,,,,,,,
2018-08-20,15:07:00,SEM VÍTIMA,FINALIZADA,SANTO AMARO,AV JOAO DE BARROS,,,JUNTO AO SANTANDER, SOB O SEMÁFORO 043,AV JOAO DE BARROS,,JUNTO AO SANTANDER, SOB O SEMÁFORO 043,SANTO AMARO,,,COLISÃO,COLISÃO SEM VÍTIMAS,1,1,,,,,,,,0,,,,,,,,,,,,,,,,
2018-08-20,15:45:00,SEM VÍTIMA,FINALIZADA,ILHA DO RETIRO,AV ENGENHEIRO ABDIAS DE CARVALHO,175,,CAR BLER, SENTIDO CENTRO,AV ENGENHEIRO ABDIAS DE CARVALHO,175,CAR BLER, SENTIDO CENTRO,ILHA DO RETIRO,,,COLISÃO,COLISÃO SEM VITIMAS,2,,,,,,,,,0,,,,,,,,,,,,,,,,
2018-08-20,17:00:00,SEM VÍTIMA,FINALIZADA,TAMARINEIRA,AV CONS ROSA E SILVA,,,NA FRENTE DO HOSPITAL LUIZ PERNAMBUCANO,AV CONS ROSA E SILVA,,NA FRENTE DO HOSPITAL LUIZ PERNAMBUCANO,TAMARINEIRA,,,COLISÃO,COLISÃO SEM VITIMAS,1,,,,,1,,,,0,,,,,,,,,,,,,,,,,,
2018-08-20,17:53:00,COM VÍTIMA,FINALIZADA,TORRÕES,AV CAXANGA,,,C /RUA INÁCIO MONTEIRO,AV CAXANGA,,C /RUA INÁCIO MONTEIRO,TORRÕES,,,COLISÃO COM CICLISTA,MOTOCICLETA E BICICLETA,,1,,1,,,,,,1,,,,,,,,,,,,,,,,,,
2018-08-20,17:55:00,SEM VÍTIMA,FINALIZADA,ILHA DO LEITE,RUA MINAS GERAIS,,,EMPRESARIAL ILHA DO LEITE NO PORTAO DE SAIDA,RUA MINAS GERAIS,,EMPRESARIAL ILHA DO LEITE NO PORTAO DE SAIDA,ILHA DO LEITE,,,COLISÃO,FORD K X PAILO OBS: BATEDORES NO LOCAL MOTO 28 X 15,2,,,,,,,,,0,,,,,,,,,,,,,,,,,,
2018-08-20,18:11:00,SEM VÍTIMA,FINALIZADA,GRAÇAS,AV GOVERNADOR AGAMENON MAGALHAES,,,ENF AO ESTACIONAMENTO DO WALMART PARQUE AMIRIM PISTA LOCAL,AV GOVERNADOR AGAMENON MAGALHAES,,ENF AO ESTACIONAMENTO DO WALMART PARQUE AMIRIM PISTA LOCAL,GRAÇAS,,,COLISÃO,HONDA CIT X CAMINHAO OBS: AGENTE DA CTTU NO LOCAL,1,,,,,,1,,,0,,,,,,,,,,,,,,,,,,
2018-08-20,18:28:00,COM VÍTIMA,FINALIZADA,PORTO DA MADEIRA,AV BEBERIBE,3530,,PROXIMO AO CONJUNTO JOÃO PAULO II,AV BEBERIBE,3530,PROXIMO AO CONJUNTO JOÃO PAULO II,PORTO DA MADEIRA,,,COLISÃO,DOIS AUTOS E UMA MOTO,2,1,,,,,,,,1,,,,,,,,,,,,,,,,,,
2018-08-20,18:36:00,SEM VÍTIMA,FINALIZADA,TORRE,RUA ALBERTO PAIVA,,,POR CIMA DA PONTE, SNT PRC TORRE / PROX AO POSTO SHELL,RUA ALBERTO PAIVA,,POR CIMA DA PONTE, SNT PRC TORRE / PROX AO POSTO SHELL,TORRE,,,COLISÃO,ENTRE 2 AUTOS. S/V,2,,,,,,,,,0,,,,,,,,,,,,,,,,
2018-08-20,18:31:00,SEM VÍTIMA,FINALIZADA,ENCRUZILHADA,AV NORTE,2530,,E/F A JACAUNA E DEFENSORIA PÚBLICA, SNT SUB / PRÓX AO SANTANDER,AV NORTE,2530,E/F A JACAUNA E DEFENSORIA PÚBLICA, SNT SUB / PRÓX AO SANTANDER,ENCRUZILHADA,,,COLISÃO,ENTRE AUTO E CAMINHÃO. S/V / AGENTE NO LOCAL,1,,,,,,1,,,0,,,,,,,,,,,,,,,,
2018-08-20,18:47:00,SEM VÍTIMA,FINALIZADA,CASA AMARELA,RUA FERREIRA LOPES,249,,EDF. TRIAMELLO POR TRAS DO SITIO DA TRINDADE,RUA FERREIRA LOPES,249,EDF. TRIAMELLO POR TRAS DO SITIO DA TRINDADE,CASA AMARELA,,,COLISÃO,MOTO X CITROEEN,1,1,,,,,,,,0,,,,,,,,,,,,,,,,,,
2018-08-20,19:23:00,SEM VÍTIMA,FINALIZADA,AFOGADOS,EST DOS REMEDIOS,582,,ENF A DEFENSORIA DO ESTADO // PROX AO PONTAL DA PESCA,EST DOS REMEDIOS,582,ENF A DEFENSORIA DO ESTADO // PROX AO PONTAL DA PESCA,AFOGADOS,,,COLISÃO,CAMINHAO X TAXI,1,,,,,,1,,,0,,,,,,,,,,,,,,,,,,
2018-08-20,19:41:00,COM VÍTIMA,FINALIZADA,BOA VIAGEM,VIADUTO TANCREDO NEVES,,,POR CIMA DO VIADUTO TANCREDO NEVES, SNT BR 101 / PRÓX AO SAL E BRAZA,VIADUTO TANCREDO NEVES,,POR CIMA DO VIADUTO TANCREDO NEVES, SNT BR 101 / PRÓX AO SAL E BRAZA,BOA VIAGEM,,,ENGAVETAMENTO,ENTRE 3 AUTOS E MOTO. C/V,3,1,,,,,,,,1,,,,,,,,,,,,,,,,
2018-08-20,20:24:00,SEM VÍTIMA,FINALIZADA,AFOGADOS,RUA EMILIA TORREAO,135,,ENF AO EDF DESTRITO SANITARIO 5 // PROX AO HOSPITAL PEDIATRICO MARIA GRAVO GRAMA,RUA EMILIA TORREAO,135,ENF AO EDF DESTRITO SANITARIO 5 // PROX AO HOSPITAL PEDIATRICO MARIA GRAVO GRAMA,AFOGADOS,,,COLISÃO,VT DA POLICIA X VEICULO DA PREFEITURA,,,,,,,,2,,0,,,,,,,,,,,,,,,,,,
2018-08-20,20:27:00,SEM VÍTIMA,FINALIZADA,ENCRUZILHADA,AV NORTE,,AV JOAO DE BARROS,CRUZ COM A AV JOÃO DE BARROS,AV NORTE,,CRUZ COM A AV JOÃO DE BARROS,ENCRUZILHADA,,,COLISÃO,ENTRE AUTO E ÕNIBUS. S/V // VT 02 NO LOCAL,1,,,,,1,,,,0,,,,,,,,,,,,,,,,,,
2018-08-20,22:28:00,SEM VÍTIMA,FINALIZADA,SANTO AMARO,AV CRUZ CABUGA,,,NA ENTRADA DO SHOPPING TACARUNA E AREA MILITAR, SNT OLINDA,AV CRUZ CABUGA,,NA ENTRADA DO SHOPPING TACARUNA E AREA MILITAR, SNT OLINDA,SANTO AMARO,,,ENGAVETAMENTO,ENTRE 3 AUTOS. S/V,3,,,,,,,,,0,,,,,,,,,,,,,,,,
2018-08-20,23:46:00,SEM VÍTIMA,FINALIZADA,AFOGADOS,RUA IMPERIAL,1600,RUA LOURENCO DA SE,ENF A JUCEPE /CRUZAMENTO COM A RUA LOURENÇO DA SE,RUA IMPERIAL,1600,ENF A JUCEPE /CRUZAMENTO COM A RUA LOURENÇO DA SE,AFOGADOS,,,COLISÃO,gol x sandero,2,,,,,,,,,0,,,,,,,,,,,,,,,,,,
2018-08-21,06:57:00,COM VÍTIMA,FINALIZADA,CABANGA,PTE AGAMENON MAGALHAES,,,APÓS A PONTE PRÓXIMO DO CABANGA IATE CLUBE,PTE AGAMENON MAGALHAES,,APÓS A PONTE PRÓXIMO DO CABANGA IATE CLUBE,CABANGA,,,CHOQUE,VEÍCULO CHOCOU-SE COM POSTE,,,,,,,,,,1,,,,,,,,,,,,,,,,,,
2018-08-21,07:41:00,SEM VÍTIMA,CANCELADA,IBURA,PTE DO CACOTE,,,,PTE DO CACOTE,,,IBURA,,,COLISÃO,AUTO X MOTO,,,,,,,,,,0,,,,,,,,,,,,,,,,,,
2018-08-21,08:05:00,SEM VÍTIMA,FINALIZADA,ARRUDA,RUA DA REGENERACAO,1179,,E/F A RESIDENCIA.,RUA DA REGENERACAO,1179,E/F A RESIDENCIA.,ARRUDA,,,COLISÃO,SEM VÍTIMAS,2,,,,,,,,,0,,,,,,,,,,,,,,,,,,
2018-08-21,08:06:00,SEM VÍTIMA,FINALIZADA,IPUTINGA,RUA AMBROSIO MACHADO,105,RUA GOMES TABORDA,RESIDENCIA DE ESQUINA COM A RUA GOMES TABORDA,RUA AMBROSIO MACHADO,105,RESIDENCIA DE ESQUINA COM A RUA GOMES TABORDA,IPUTINGA,,,COLISÃO,COLISÃO SEM VITIMAS,2,,,,,,,,,0,,,,,,,,,,,,,,,,,,
2018-08-21,08:15:00,SEM VÍTIMA,FINALIZADA,CAÇOTE,AV RECIFE,1010,,,AV RECIFE,1010,,CAÇOTE,,,ACID. DE PERCURSO,,,,,,,,,,,0,,,,,,,,,,,,,,,,,,
2018-08-21,08:22:00,,CANCELADA,CORDEIRO,RUA AMBROSIO MACHADO,,,CRUZ COM O CANAL DO CAVOCO NA RUA DA AUTO ESCOLA PILOTO,RUA AMBROSIO MACHADO,,CRUZ COM O CANAL DO CAVOCO NA RUA DA AUTO ESCOLA PILOTO,CORDEIRO,,,COLISÃO,COLISÃO SEM VITIMAS GM QTH,2,,,,,,,,,0,,,,,,,,,,,,,,,,,,
2018-08-21,08:35:00,SEM VÍTIMA,FINALIZADA,APIPUCOS,RUA DOIS IRMAOS,,,PROX. AO HOTEL SENZALA,RUA DOIS IRMAOS,,PROX. AO HOTEL SENZALA,APIPUCOS,,,COLISÃO,DOIS AUTO VT- 07 NO LOCAL,2,,,,,,,,,0,,,,,,,,,,,,,,,,,,
2018-08-21,08:57:00,SEM VÍTIMA,FINALIZADA,AFOGADOS,EST DOS REMEDIOS,1918,,,EST DOS REMEDIOS,1918,,AFOGADOS,,,COLISÃO,,2,,,,,,,,,0,,,,,,,,,,,,,,,,,,
2018-08-21,09:32:00,SEM VÍTIMA,CANCELADA,PINA,AV REPUBLICA DO LIBANO,,,NA ENTRADA DO SHOPPING RIO MAR,AV REPUBLICA DO LIBANO,,NA ENTRADA DO SHOPPING RIO MAR,PINA,,,COLISÃO,COLISÃO SEM VITIMAS,2,,,,,,,,,0,,,,,,,,,,,,,,,,,,
2018-08-21,09:22:00,SEM VÍTIMA,FINALIZADA,ESPINHEIRO,RUA BARAO DE ITAMARACA,397,,E/F A CULTURA INGLESA,RUA BARAO DE ITAMARACA,397,E/F A CULTURA INGLESA,ESPINHEIRO,,,COLISÃO,COLISAO ENTRE DOIS AUTOS S/V,2,,,,,,,,,0,,,,,,,,,,,,,,,,,,
2018-08-21,09:42:00,SEM VÍTIMA,FINALIZADA,BOA VIAGEM,AV CONSELHEIRO AGUIAR,2770,,E/F A LOJA ORGANNO,AV CONSELHEIRO AGUIAR,2770,E/F A LOJA ORGANNO,BOA VIAGEM,,,COLISÃO,SEM VÍTIMAS,,,,,,,,,,0,,,,,,,,,,,,,,,,,,
2018-08-21,09:49:00,SEM VÍTIMA,FINALIZADA,SÃO JOSÉ,AV SUL,,,E/F AS TORRES GÊMEAS. SENTIDO MARCO ZERO,AV SUL,,E/F AS TORRES GÊMEAS. SENTIDO MARCO ZERO,SÃO JOSÉ,,,COLISÃO,SEM VÍTIMAS,2,,,,,,,,,0,,,,,,,,,,,,,,,,,,
2018-08-21,09:50:00,SEM VÍTIMA,FINALIZADA,AFOGADOS,RUA IMPERIAL,1800,,E/F A GRANDE ORIENTE PERNAMBUCO,RUA IMPERIAL,1800,E/F A GRANDE ORIENTE PERNAMBUCO,AFOGADOS,,,COLISÃO,COLISAO ENTRE AUTO E CAMINHAO S/V,1,,,,,,1,,,0,,,,,,,,,,,,,,,,,,
2018-08-21,10:05:00,SEM VÍTIMA,FINALIZADA,BOA VIAGEM,AV ENGENHEIRO DOMINGOS FERREIRA,2600,,E/F AO POSTO PETROBRAS,AV ENGENHEIRO DOMINGOS FERREIRA,2600,E/F AO POSTO PETROBRAS,BOA VIAGEM,,,COLISÃO,COLISAO ENTRE TRES AUTOS S/V,3,,,,,,,,,0,,,,,,,,,,,,,,,,,,
2018-08-21,10:11:00,COM VÍTIMA,FINALIZADA,SANTO ANTÔNIO,RUA FLORIANO PEIXOTO,,,EM FRENTE A ESTAÇÃO RECIFE EM BAIXO DO SEMAFORO 012,RUA FLORIANO PEIXOTO,,EM FRENTE A ESTAÇÃO RECIFE EM BAIXO DO SEMAFORO 012,SANTO ANTÔNIO,,,COLISÃO,COLISÃO COM VITIMA A ESPERA DO SAMU,,1,,,,1,,,,1,,,,,,,,,,,,,,,,,,
2018-08-21,10:23:00,SEM VÍTIMA,FINALIZADA,CAJUEIRO,AV CIDADE DE MONTEIRO,,,E/F AO ARMAZEM CORAL,AV CIDADE DE MONTEIRO,,E/F AO ARMAZEM CORAL,CAJUEIRO,,,COLISÃO,COLISAO ENTRE DOIS AUTOS S/V,2,,,,,,,,,0,,,,,,,,,,,,,,,,,,
2018-08-21,10:26:00,SEM VÍTIMA,FINALIZADA,DERBY,AV ENGENHEIRO AGAMENON DE MAGALHAES MELO,,,SEM. 075,AV ENGENHEIRO AGAMENON DE MAGALHAES MELO,,SEM. 075,DERBY,,,COLISÃO,SEM VÍTIMA,1,1,,,,,,,,0,,,,,,,,,,,,,,,,,,
2018-08-21,12:01:00,SEM VÍTIMA,FINALIZADA,VASCO DA GAMA,RUA VASCO DA GAMA,,,MERCADINHO DOIS IRMÃOS,RUA VASCO DA GAMA,,MERCADINHO DOIS IRMÃOS,VASCO DA GAMA,,,COLISÃO,COLISÃO SEM VÍTIMA,3,,,,,,,,,0,,,,,,,,,,,,,,,,,,
2018-08-21,12:11:00,SEM VÍTIMA,FINALIZADA,GRAÇAS,RUA JOAQUIM NABUCO,,,NA FRENTE AO DERBY CENTER,RUA JOAQUIM NABUCO,,NA FRENTE AO DERBY CENTER,GRAÇAS,,,COLISÃO,COLISÃO SEM VÍTIMA,2,,,,,,,,,0,,,,,,,,,,,,,,,,,,
2018-08-21,12:14:00,SEM VÍTIMA,FINALIZADA,ENCRUZILHADA,RUA AMARO COUTINHO,315,,EM FRENTE AO BAR DO TONHÃO,RUA AMARO COUTINHO,315,EM FRENTE AO BAR DO TONHÃO,ENCRUZILHADA,,,CHOQUE,VEÍCULO CHOCOU-SE NO MEIO FIO / SEM VÍTIMA,1,,,,,,,,,0,,,,,,,,,,,,,,,,,,
2018-08-21,12:38:00,SEM VÍTIMA,FINALIZADA,BOA VISTA,AV GOVERNADOR AGAMENON MAGALHAES,,,JUNTO AO SEMÁFORO 174,AV GOVERNADOR AGAMENON MAGALHAES,,JUNTO AO SEMÁFORO 174,BOA VISTA,,,COLISÃO,COLISÃO SEM VÍTIMA,2,,,,,,,,,0,,,,,,,,,,,,,,,,,,
2018-08-21,13:02:00,SEM VÍTIMA,FINALIZADA,GRAÇAS,AV GOVERNADOR AGAMENON MAGALHAES,,,EM FRENTE A MCDONALD/ SENTIDO BOA VIAGEM,AV GOVERNADOR AGAMENON MAGALHAES,,EM FRENTE A MCDONALD/ SENTIDO BOA VIAGEM,GRAÇAS,,,COLISÃO,COLISÃO SEM VÍTIMA,1,,,,,,,,1,0,,,,,,,,,,,,,,,,,,
2018-08-21,13:20:00,SEM VÍTIMA,FINALIZADA,BOA VISTA,RUA DO HOSPICIO,,,PRÓXIMO DA CÂMARA DOS VEREADORES,RUA DO HOSPICIO,,PRÓXIMO DA CÂMARA DOS VEREADORES,BOA VISTA,,,ACID. DE PERCURSO,,,,,,,,,,,0,,,,,,,,,,,,,,,,,,
2018-08-21,13:50:00,COM VÍTIMA,FINALIZADA,ESPINHEIRO,RUA AMELIA,,,ESQUINA DO ESPINHEIRO SHOPPING,RUA AMELIA,,ESQUINA DO ESPINHEIRO SHOPPING,ESPINHEIRO,,,COLISÃO,COLISÃO COM VITIMA, AGUARDANDO O SAMU,1,1,,,,,,,,1,,,,,,,,,,,,,,,,,
2018-08-21,14:02:00,SEM VÍTIMA,FINALIZADA,AFOGADOS,RUA SAO MIGUEL,,,NA FRENTE DO SENO CONSTRUÇÕES, SENTIDO CIDADE,RUA SAO MIGUEL,,NA FRENTE DO SENO CONSTRUÇÕES, SENTIDO CIDADE,AFOGADOS,,,COLISÃO,COLISÃO SEM VITIMA,1,,,,,1,,,,0,,,,,,,,,,,,,,,,
2018-08-21,14:15:00,COM VÍTIMA,FINALIZADA,AFOGADOS,EST DOS REMEDIOS,,,EM FRENTE AO POSTO IPIRANGA / SENT CIDADE,EST DOS REMEDIOS,,EM FRENTE AO POSTO IPIRANGA / SENT CIDADE,AFOGADOS,,,COLISÃO,DUAS MOTOS,,2,,,,,,,,2,,,,,,,,,,,,,,,,,,
2018-08-21,14:45:00,COM VÍTIMA,FINALIZADA,ARRUDA,EST VELHA DE AGUA FRIA,,,PROX. AO CANAL, JUNTO AO SEMAFORO 306,EST VELHA DE AGUA FRIA,,PROX. AO CANAL, JUNTO AO SEMAFORO 306,ARRUDA,,,COLISÃO,COLISÃO COM VITIMAS, VITIMA NO LOCAL AGUARDANDO ATENDIMENTO,,2,,,,,,,,2,,,,,,,,,,,,,,,
2018-08-21,15:24:00,COM VÍTIMA,FINALIZADA,BOA VISTA,AV CONDE DA BOA VISTA,,,EM FRENTE A FAFIRE/ SENTIDO CENTRO,AV CONDE DA BOA VISTA,,EM FRENTE A FAFIRE/ SENTIDO CENTRO,BOA VISTA,,,COLISÃO,COLISÃO COM VÍTIMA,1,1,,,,,,,,2,,,,,,,,,,,,,,,,,,
2018-08-21,15:48:00,SEM VÍTIMA,FINALIZADA,BOA VISTA,RUA DOM BOSCO,,,AO LADO DO COLEGIO SALESIANO,RUA DOM BOSCO,,AO LADO DO COLEGIO SALESIANO,BOA VISTA,,,COLISÃO,SEM VITIMAS ,CTTU NO LOCAL,2,,,,,,,,,0,,,,,,,,,,,,,,,,,
2018-08-21,16:09:00,SEM VÍTIMA,FINALIZADA,BOA VIAGEM,AVENIDA CELSO FURTADO (VIA MANGUE),,,NA VIA MANGUE NO FINAL , SENTIDO SHOPPING RECIFE,AVENIDA CELSO FURTADO (VIA MANGUE),,NA VIA MANGUE NO FINAL , SENTIDO SHOPPING RECIFE,BOA VIAGEM,,,COLISÃO,COLISÃO SEM VÍTIMA,3,,,,,,,,,0,,,,,,,,,,,,,,,,
2018-08-21,16:20:00,SEM VÍTIMA,CANCELADA,BOA VIAGEM,RUA PROFESSOR JOSE BRANDAO,,,EM FRENTE AO RESTAURANTE GIRO PRAIA,RUA PROFESSOR JOSE BRANDAO,,EM FRENTE AO RESTAURANTE GIRO PRAIA,BOA VIAGEM,,,COLISÃO,COLISÃO SEM VÍTIMA,2,,,,,,,,,0,,,,,,,,,,,,,,,,,,
2018-08-21,16:35:00,SEM VÍTIMA,CANCELADA,CAMPO GRANDE,AV GOVERNADOR AGAMENON MAGALHAES,,RUA ODORICO MENDES,ESQUINA COM A RUA ODORICO MENDES,AV GOVERNADOR AGAMENON MAGALHAES,,ESQUINA COM A RUA ODORICO MENDES,CAMPO GRANDE,,,COLISÃO,SEM VITIMAS.,2,,,,,,,,,0,,,,,,,,,,,,,,,,,,
2018-08-21,16:37:00,SEM VÍTIMA,FINALIZADA,CASA FORTE,RUA OLIVEIRA GOES,80,,RUA EM FRENTE A PRAÇA DE CASA FORTE,RUA OLIVEIRA GOES,80,RUA EM FRENTE A PRAÇA DE CASA FORTE,CASA FORTE,,,COLISÃO,COLISÃO SEM VÍTIMA,2,,,,,,,,,0,,,,,,,,,,,,,,,,,,
2018-08-21,16:57:00,SEM VÍTIMA,FINALIZADA,FUNDÃO,RUA CORONEL URBANO RIBEIRO DE SENA,426,,EM FRENTE DO MERCADINHO,RUA CORONEL URBANO RIBEIRO DE SENA,426,EM FRENTE DO MERCADINHO,FUNDÃO,,,COLISÃO,DOIS AUTOS,2,,,,,,,,,0,,,,,,,,,,,,,,,,,,
2018-08-21,17:53:00,SEM VÍTIMA,FINALIZADA,ILHA DO LEITE,RUA GENERAL JOAQUIM INACIO,545,,E/F A FARMACIA BIG BEN, FARMACIA INDEPENDENTE E EDF D'PLAZA,RUA GENERAL JOAQUIM INACIO,545,E/F A FARMACIA BIG BEN, FARMACIA INDEPENDENTE E EDF D'PLAZA,ILHA DO LEITE,,,ENGAVETAMENTO,ENTRE 3 AUTOS ( UM DOS ENVOLVIDOS, O QUE CAUSOU O ENGAVETAMENTO, SAIU DO LOCAL) S/V,3,,,,,,,,,0,,,,,,,,,,,,,,
2018-08-21,18:02:00,SEM VÍTIMA,FINALIZADA,TAMARINEIRA,EST VELHA DE AGUA FRIA,,,E/F A BEER GRILL / PRÓX A FERREIRA COSTA,EST VELHA DE AGUA FRIA,,E/F A BEER GRILL / PRÓX A FERREIRA COSTA,TAMARINEIRA,,,COLISÃO,ENTRE AUTO E AUTO. S/V,1,1,,,,,,,,0,,,,,,,,,,,,,,,,,,
2018-08-21,18:25:00,SEM VÍTIMA,CANCELADA,BOA VIAGEM,RUA SETUBAL,682,RUA MARIO DE CASTRO,CRUZ COM A R MARIO DE CASTRO / AO LADO DO EDF MARIA BEATRIZ,RUA SETUBAL,682,CRUZ COM A R MARIO DE CASTRO / AO LADO DO EDF MARIA BEATRIZ,BOA VIAGEM,,,COLISÃO,ENTRE 2 AUTOS . S/V,2,,,,,,,,,0,,,,,,,,,,,,,,,,,,