data,hora,natureza_acidente,situacao,bairro,endereco,numero,detalhe_endereco_acidente,complemento,endereco_cruzamento,numero_cruzamento,referencia_cruzamento,bairro_cruzamento,num_semaforo,sentido_via,tipo,descricao,auto,moto,ciclom,ciclista,pedestre,onibus,caminhao,viatura,outros,vitimas,vitimasfatais,acidente_verificado,tempo_clima,situacao_semaforo,sinalizacao,condicao_via,conservacao_via,ponto_controle,situacao_placa,velocidade_max_via,mao_direcao,divisao_via1,divisao_via2,divisao_via3,,,,
2018-08-21,19:21:00,SEM VÍTIMA,FINALIZADA,ENCRUZILHADA,AV NORTE,,,E/F A ALBUQUERQUE PNEUS / AO LADO DO POSTO SHELL/ SNT CID-CASA AMARELA,AV NORTE,,E/F A ALBUQUERQUE PNEUS / AO LADO DO POSTO SHELL/ SNT CID-CASA AMARELA,ENCRUZILHADA,,,COLISÃO,ENTRE ÔNIBUS E AUTO. S/V // VT 04 NO LOCAL,1,,,,,1,,,,0,,,,,,,,,,,,,,,,,,
2018-08-21,23:24:00,SEM VÍTIMA,FINALIZADA,CAMPO GRANDE,RUA MARQUES DE BAIPENDI,50,,APÓS A COCA COLA / AO LADO DO CAMPO DO SANTA CRZ,RUA MARQUES DE BAIPENDI,50,APÓS A COCA COLA / AO LADO DO CAMPO DO SANTA CRZ,CAMPO GRANDE,,,COLISÃO,ENTRE 2 AUTOS . S/V,2,,,,,,,,,0,,,,,,,,,,,,,,,,,,
2018-08-22,06:09:00,COM VÍTIMA,FINALIZADA,BOA VISTA,AV CONDE DA BOA VISTA,514,,PROXIMO A CIA E ATACADAO DOS PRESENTES,AV CONDE DA BOA VISTA,514,PROXIMO A CIA E ATACADAO DOS PRESENTES,BOA VISTA,,,ATROPELAMENTO,ATROPELAMENTOS DE PEDESTRE NO CORREDOR DE ÔNIBUS,,,,,1,1,,,,1,,,,,,,,,,,,,,,,,,
2018-08-22,07:06:00,SEM VÍTIMA,FINALIZADA,CORDEIRO,AV CAXANGA,,,SENTIDO CENTRO EM FRENTE AO RESTAURANTE MASSARELLA E A ACADEMIA DA CIDADE,AV CAXANGA,,SENTIDO CENTRO EM FRENTE AO RESTAURANTE MASSARELLA E A ACADEMIA DA CIDADE,CORDEIRO,,,COLISÃO,COLISÃO SEM VITIMAS,3,,,,,,,,,0,,,,,,,,,,,,,,,,,,
2018-08-22,07:08:00,SEM VÍTIMA,FINALIZADA,SANTO AMARO,AV CRUZ CABUGA,,,EM FRENTE A ASSEMBLEIA / SENT CIDADE /EM FRENTE AO BRT,AV CRUZ CABUGA,,EM FRENTE A ASSEMBLEIA / SENT CIDADE /EM FRENTE AO BRT,SANTO AMARO,,,COLISÃO,ONIBUS E AUTO,1,,,,,1,,,,0,,,,,,,,,,,,,,,,,,
2018-08-22,07:52:00,SEM VÍTIMA,CANCELADA,SANTO AMARO,AV CRUZ CABUGA,,,NO SEMAFORO 344, SENT. OLINDA,AV CRUZ CABUGA,,NO SEMAFORO 344, SENT. OLINDA,SANTO AMARO,,,COLISÃO,CAMINHÃO E AUTO,1,,,,,,1,,,0,,,,,,,,,,,,,,,,
2018-08-22,08:30:00,SEM VÍTIMA,FINALIZADA,ESPINHEIRO,RUA QUARENTA E OITO,181,,,RUA QUARENTA E OITO,181,,ESPINHEIRO,,,COLISÃO,4 AUTOS,4,,,,,,,,,0,,,,,,,,,,,,,,,,,,
2018-08-22,08:34:00,SEM VÍTIMA,CANCELADA,IPSEP,AV RECIFE,,,SENTIDO BOA VIAGEM EM FRENTE WK AUTO MOTIVAS,AV RECIFE,,SENTIDO BOA VIAGEM EM FRENTE WK AUTO MOTIVAS,IPSEP,,,COLISÃO,COLISÃO SEM VITIMAS,2,,,,,,,,,0,,,,,,,,,,,,,,,,,,
2018-08-22,08:35:00,SEM VÍTIMA,FINALIZADA,CAÇOTE,RUA IPOJUCA,275,,PROX AO INSS,RUA IPOJUCA,275,PROX AO INSS,CAÇOTE,,,COLISÃO,COLISAO ENTRE DOIS AUTOS S/V,2,,,,,,,,,0,,,,,,,,,,,,,,,,,,
2018-08-22,08:36:00,SEM VÍTIMA,FINALIZADA,MADALENA,RUA COMENDADOR BENTO AGUIAR,61,,AO LADO DO EXTRA,RUA COMENDADOR BENTO AGUIAR,61,AO LADO DO EXTRA,MADALENA,,,COLISÃO,ONIBUS E AUTO,1,,,,,1,,,,0,,,,,,,,,,,,,,,,,,
2018-08-22,08:49:00,SEM VÍTIMA,FINALIZADA,BOA VIAGEM,AV ENGENHEIRO DOMINGOS FERREIRA,2640,,POSTO BR , PISTA DO LADO DIREITO,AV ENGENHEIRO DOMINGOS FERREIRA,2640,POSTO BR , PISTA DO LADO DIREITO,BOA VIAGEM,,,COLISÃO,COLISÃO ENTRE AUTO CAMINHÃO SEM VÍTIMAS,1,,,,,,1,,,0,,,,,,,,,,,,,,,,
2018-08-22,09:00:00,SEM VÍTIMA,FINALIZADA,IMBIRIBEIRA,RUA ARQUITETO LUIZ NUNES,341,,POR TRAS DO ARMAZEM CORAL,RUA ARQUITETO LUIZ NUNES,341,POR TRAS DO ARMAZEM CORAL,IMBIRIBEIRA,,,COLISÃO,COLISÃO SEM VITIMAS,2,2,,,,,1,,,0,,,,,,,,,,,,,,,,,,
2018-08-22,09:16:00,,CANCELADA,IMBIRIBEIRA,RUA ENGENHEIRO JOSE APOLINARIO,,,RUA POR TRAS DO ARMAAZEM CORAL,RUA ENGENHEIRO JOSE APOLINARIO,,RUA POR TRAS DO ARMAAZEM CORAL,IMBIRIBEIRA,,,COLISÃO,CAMINHÃO, MOTO E AUTO,2,2,,,,,1,,,0,,,,,,,,,,,,,,,,,
2018-08-22,09:31:00,SEM VÍTIMA,FINALIZADA,JORDÃO,AV MARIA IRENE,,,EM FRENTE A UNIDADE DA FAMILIA DE JARDIM JORDAO,AV MARIA IRENE,,EM FRENTE A UNIDADE DA FAMILIA DE JARDIM JORDAO,JORDÃO,,,COLISÃO,,2,,,,,,,,,0,,,,,,,,,,,,,,,,,,
2018-08-22,10:09:00,SEM VÍTIMA,FINALIZADA,AFOGADOS,EST DOS REMEDIOS,1918,RUA DR JOAO MARQUES,COM A RUA DR JOAO MARQUES,EST DOS REMEDIOS,1918,COM A RUA DR JOAO MARQUES,AFOGADOS,,,COLISÃO,DOIS AUTOS / VT 24 NO QTH,2,,,,,,,,,0,,,,,,,,,,,,,,,,,,
2018-08-22,10:34:00,SEM VÍTIMA,FINALIZADA,PINA,AV ENGENHEIRO DOMINGOS FERREIRA,636,,EM FRENTE AO CLINICAL CENTER,AV ENGENHEIRO DOMINGOS FERREIRA,636,EM FRENTE AO CLINICAL CENTER,PINA,,,COLISÃO,COLISÃO SEM VITIMAS,1,,,,,1,,,,0,,,,,,,,,,,,,,,,,,
2018-08-22,11:02:00,SEM VÍTIMA,FINALIZADA,ENCRUZILHADA,AV JOAO DE BARROS,1622,,PROX. AO BANCO ITAU,AV JOAO DE BARROS,1622,PROX. AO BANCO ITAU,ENCRUZILHADA,,,COLISÃO,MOTO E AUTO,1,1,,,,,,,,0,,,,,,,,,,,,,,,,,,
2018-08-22,11:19:00,COM VÍTIMA,FINALIZADA,VASCO DA GAMA,AV NORTE,,,EM FRENTE AO REI DA PICANHA,AV NORTE,,EM FRENTE AO REI DA PICANHA,VASCO DA GAMA,,,ATROPELAMENTO,COLISÃO COM UMA VÍTIMA,1,,,,1,,,,,1,,,,,,,,,,,,,,,,,,
2018-08-22,11:31:00,SEM VÍTIMA,FINALIZADA,BOA VIAGEM,AV CONSELHEIRO AGUIAR,,,EM FRENTE A PRACINHA DE BOA VIAGEM NO SENTIDO JOANA BEZERRA,AV CONSELHEIRO AGUIAR,,EM FRENTE A PRACINHA DE BOA VIAGEM NO SENTIDO JOANA BEZERRA,BOA VIAGEM,,,COLISÃO,COLISÃO SEM VITIMAS,1,,,,,1,,,,0,,,,,,,,,,,,,,,,,,
2018-08-22,11:49:00,SEM VÍTIMA,FINALIZADA,DERBY,AV GOVERNADOR AGAMENON MAGALHAES,,,SOB O SEMÁFORO 426,AV GOVERNADOR AGAMENON MAGALHAES,,SOB O SEMÁFORO 426,DERBY,,,COLISÃO,COLISÃO ENTRE DOIS AUTOS,2,,,,,,,,,0,,,,,,,,,,,,,,,,,,
2018-08-22,11:55:00,SEM VÍTIMA,FINALIZADA,TAMARINEIRA,RUA JOSE CARVALHEIRA,129,,POR TRAS DA FERREIRA COSTA,RUA JOSE CARVALHEIRA,129,POR TRAS DA FERREIRA COSTA,TAMARINEIRA,,,COLISÃO,COLISAO ENTRE DOIS AUTOS S/V,3,,,,,,,,,0,,,,,,,,,,,,,,,,,,
2018-08-22,12:29:00,SEM VÍTIMA,CANCELADA,SANTO ANTÔNIO,PRC DA REPUBLICA,,,EM FRENTE AO TRIBUNAL DE JUSTIÇA PE,PRC DA REPUBLICA,,EM FRENTE AO TRIBUNAL DE JUSTIÇA PE,SANTO ANTÔNIO,,,COLISÃO,COLISÃO SEM VÍTIMA,2,,,,,,,,,0,,,,,,,,,,,,,,,,,,
2018-08-22,12:52:00,SEM VÍTIMA,FINALIZADA,IBURA,AV DOIS RIOS,1272,,EM FRNTE A FARMACIA PAGUE MENOS,AV DOIS RIOS,1272,EM FRNTE A FARMACIA PAGUE MENOS,IBURA,,,COLISÃO,SEM VITIMAS,1,,,,,,2,,,0,,,,,,,,,,,,,,,,,,
2018-08-22,15:34:00,SEM VÍTIMA,FINALIZADA,GRAÇAS,RUA GUILHERME PINTO,265,,EM FRENTE AO EDIFICIO PEREIRA BORGES,RUA GUILHERME PINTO,265,EM FRENTE AO EDIFICIO PEREIRA BORGES,GRAÇAS,,,COLISÃO,COLISÃO SEM VÍTIMA,2,,,,,,,,,0,,,,,,,,,,,,,,,,,,
2018-08-22,18:33:00,SEM VÍTIMA,CANCELADA,PAISSANDU,RUA PAISSANDU,419,AV GOV AGAMENON MAGALHAES,NO CRUZANDO COM A AV GOV AGAMENON MAGALHÃES / PROXIMIDADES DO INSTITUTO CERVANTES/ ESQUINA COM A MORADA DA PAZ / AO LADO DA UNIMED,RUA PAISSANDU,419,NO CRUZANDO COM A AV GOV AGAMENON MAGALHÃES / PROXIMIDADES DO INSTITUTO CERVANTES/ ESQUINA COM A MORADA DA PAZ / AO LADO DA UNIMED,PAISSANDU,,,COLISÃO,ENTRE 2 AUTOS. S/V,2,,,,,,,,,0,,,,,,,,,,,,,,,,,,
2018-08-22,18:41:00,SEM VÍTIMA,CANCELADA,BOA VIAGEM,RUA BALTAZAR PASSOS,53,RUA SETUBAL,CRUZANDO COM A R SETUBAL / AO LADO DO ED LAFAYETTE,RUA BALTAZAR PASSOS,53,CRUZANDO COM A R SETUBAL / AO LADO DO ED LAFAYETTE,BOA VIAGEM,,,COLISÃO,ENTRE 2 AUTOS. S/V,2,,,,,,,,,0,,,,,,,,,,,,,,,,,,
2018-08-22,19:48:00,COM VÍTIMA,FINALIZADA,CAJUEIRO,AV BEBERIBE,3433,,PROX AO CONJUNTO RESIDENCIAL JOAO 23 // ENF ARENA SHOW,AV BEBERIBE,3433,PROX AO CONJUNTO RESIDENCIAL JOAO 23 // ENF ARENA SHOW,CAJUEIRO,,,COLISÃO,HB 20 X MOTO,2,,,,,,,,,1,,,,,,,,,,,,,,,,,,
2018-08-22,19:55:00,COM VÍTIMA,FINALIZADA,VÁRZEA,RUA MARIO CAMPELO,,RUA FRANCISCO LISBOA,CRUZ COM A FRANCISCO LISBOA / PRÓX A PRC DA VÁRZEA,RUA MARIO CAMPELO,,CRUZ COM A FRANCISCO LISBOA / PRÓX A PRC DA VÁRZEA,VÁRZEA,,,COLISÃO,ENTRE AUTO E MOTO. C/V,1,1,,,,,,,,1,,,,,,,,,,,,,,,,,,
2018-08-22,20:58:00,SEM VÍTIMA,CANCELADA,CASA FORTE,EST DO ENCANAMENTO,459,,E/F A ORTHO E AUTO ESCOLA PILOTO / POR TRÁS DO SITIO DA TRINDADE / PROXIMIDADES DA GALERIA SITIO DA TRINDADE,EST DO ENCANAMENTO,459,E/F A ORTHO E AUTO ESCOLA PILOTO / POR TRÁS DO SITIO DA TRINDADE / PROXIMIDADES DA GALERIA SITIO DA TRINDADE,CASA FORTE,,,ENGAVETAMENTO,ENTRE 3 AUTOS. S/V,3,,,,,,,,,0,,,,,,,,,,,,,,,,,,
2018-08-22,22:11:00,SEM VÍTIMA,FINALIZADA,PRADO,AV ENGENHEIRO ABDIAS DE CARVALHO,,,E/F A FACULDADE ESTACIO,AV ENGENHEIRO ABDIAS DE CARVALHO,,E/F A FACULDADE ESTACIO,PRADO,,,COLISÃO,ENTRE 2 AUTOS. S/V,2,,,,,,,,,0,,,,,,,,,,,,,,,,,,
2018-08-22,22:14:00,SEM VÍTIMA,FINALIZADA,DERBY,AV GOVERNADOR AGAMENON MAGALHAES,,,E/F PARADA DE ÔNIBUS, PROX AO CRUZAMENTO C/AV GOV C.LIMA CAVALCANTE, SENTIDO OLINDA, PISTA PRINCIPAL,AV GOVERNADOR AGAMENON MAGALHAES,,E/F PARADA DE ÔNIBUS, PROX AO CRUZAMENTO C/AV GOV C.LIMA CAVALCANTE, SENTIDO OLINDA, PISTA PRINCIPAL,DERBY,,,COLISÃO,COLISÃO ONIBUS X AUTO PASSEIO - S/VITIMA,1,,,,,1,,,,0,,,,,,,,,,,,
2018-08-22,23:36:00,SEM VÍTIMA,FINALIZADA,BOA VIAGEM,AV ENGENHEIRO DOMINGOS FERREIRA,,RUA PROF EDUARDO WANDERLEY FILHO,CRUZAMENTO COM A RUA PROFESSOR EDUARDO WANDERLEY FILHO // PRÓX A ADROALDO TAPETES,AV ENGENHEIRO DOMINGOS FERREIRA,,CRUZAMENTO COM A RUA PROFESSOR EDUARDO WANDERLEY FILHO // PRÓX A ADROALDO TAPETES,BOA VIAGEM,,,COLISÃO,COLISÃO ENTRE CAMINHÃO E AUTO SEM VÍTIMAS,1,,,,,,1,,,0,,,,,,,,,,,,,,,,,,
2018-08-23,00:07:00,SEM VÍTIMA,FINALIZADA,IPSEP,AV RECIFE,,,NA ENTRADA DO IBURA // EM FRENTE AO MARTELINHO DE OURO RR,AV RECIFE,,NA ENTRADA DO IBURA // EM FRENTE AO MARTELINHO DE OURO RR,IPSEP,,,COLISÃO,COLISÃO ENTRE AUTO E CAMINHÃO SEM VÍTIMAS,1,,,,,,1,,,0,,,,,,,,,,,,,,,,,,
2018-08-23,07:18:00,SEM VÍTIMA,FINALIZADA,ILHA DO RETIRO,RUA ASTORGA,,,PROX. AO RESTAURANTE O MINEIRO,RUA ASTORGA,,PROX. AO RESTAURANTE O MINEIRO,ILHA DO RETIRO,,,COLISÃO,DOIS AUTOS,2,,,,,,,,,0,,,,,,,,,,,,,,,,,,
2018-08-23,07:39:00,SEM VÍTIMA,FINALIZADA,AFOGADOS,RUA VINTE E UM DE ABRIL,1693,,RESIDENCIA AO LADO DA FARMACIA BRASIL,RUA VINTE E UM DE ABRIL,1693,RESIDENCIA AO LADO DA FARMACIA BRASIL,AFOGADOS,,,COLISÃO,COLISÃO SEM VITIMAS,1,1,,,,,,,,0,,,,,,,,,,,,,,,,,,
2018-08-23,07:52:00,COM VÍTIMA,FINALIZADA,ÁGUA FRIA,AV BEBERIBE,,,SEMÁFORO 405,AV BEBERIBE,,SEMÁFORO 405,ÁGUA FRIA,,,ATROPELAMENTO ANIMAL,,,1,,,,,,,,1,,,,,,,,,,,,,,,,,,
2018-08-23,08:44:00,SEM VÍTIMA,FINALIZADA,DERBY,RUA JORNALISTA PAULO BITTENCOURT,,,AO LADO DA RESTAURAÇÃO,RUA JORNALISTA PAULO BITTENCOURT,,AO LADO DA RESTAURAÇÃO,DERBY,,,COLISÃO,DOIS AUTOS,2,,,,,,,,,0,,,,,,,,,,,,,,,,,,
2018-08-23,09:04:00,SEM VÍTIMA,FINALIZADA,CAXANGÁ,AV CAXANGA,,,EM FRENTE A UPA, SENT. CIDADE,AV CAXANGA,,EM FRENTE A UPA, SENT. CIDADE,CAXANGÁ,,,COLISÃO,DOIS AUTOS,2,,,,,,,,,0,,,,,,,,,,,,,,,,
2018-08-23,09:20:00,SEM VÍTIMA,FINALIZADA,CASA AMARELA,RUA XAVANTES,150,RUA OSCAR DE BARROS,COM A RUA OSCAR DE BARROS, PROX. AO DISTRITO SANITARIO,RUA XAVANTES,150,COM A RUA OSCAR DE BARROS, PROX. AO DISTRITO SANITARIO,CASA AMARELA,,,COLISÃO,CAMINHÃO E AUTO,1,,,,,,1,,,0,,,,,,,,,,,,,,,,
2018-08-23,09:22:00,SEM VÍTIMA,CANCELADA,CAXANGÁ,RUA RIBEIRO PESSOA,,,SENTIDO CAMARAGIBE EM FRENTE AO POSTO DE GASOLINA SHELL,RUA RIBEIRO PESSOA,,SENTIDO CAMARAGIBE EM FRENTE AO POSTO DE GASOLINA SHELL,CAXANGÁ,,,COLISÃO,COLISÃO SEM VITIMAS,1,,,,,1,,,,0,,,,,,,,,,,,,,,,,,
2018-08-23,09:29:00,SEM VÍTIMA,FINALIZADA,ÁGUA FRIA,AV BEBERIBE,1628,,PROX AO ARMAZEM CANAL DA CONSTRUÇÃO,AV BEBERIBE,1628,PROX AO ARMAZEM CANAL DA CONSTRUÇÃO,ÁGUA FRIA,,,COLISÃO,COLISÃO SEM VITIMAS,1,,,,,1,,,,0,,,,,,,,,,,,,,,,,,
2018-08-23,09:34:00,SEM VÍTIMA,FINALIZADA,SANTO AMARO,AV NORTE,243,,PROX. A PONTE DO LIMOEIRO,AV NORTE,243,PROX. A PONTE DO LIMOEIRO,SANTO AMARO,,,COLISÃO,SEM VÍTIMAS.,1,1,,,,,,,,0,,,,,,,,,,,,,,,,,,
2018-08-23,10:31:00,SEM VÍTIMA,PENDENTE,ILHA JOANA BEZERRA,AV GOVERNADOR AGAMENON MAGALHAES,,,SENTIDO DERBY EM CIMA DO VIADUTO JOSE DE BARROS LIMA,AV GOVERNADOR AGAMENON MAGALHAES,,SENTIDO DERBY EM CIMA DO VIADUTO JOSE DE BARROS LIMA,ILHA JOANA BEZERRA,,,COLISÃO,COLISÃO SEM VITIMAS,2,,,,,,,,,0,,,,,,,,,,,,,,,,,,
2018-08-23,10:35:00,SEM VÍTIMA,FINALIZADA,ENGENHO DO MEIO,RUA MANOEL DE ALMEIDA,209,,RUA DO RESTAURANTE GOTA SERENA,RUA MANOEL DE ALMEIDA,209,RUA DO RESTAURANTE GOTA SERENA,ENGENHO DO MEIO,,,COLISÃO,DOIS AUTOS,2,,,,,,,,,0,,,,,,,,,,,,,,,,,,
2018-08-23,10:42:00,SEM VÍTIMA,FINALIZADA,SANTO ANTÔNIO,RUA IMPERADOR PEDRO SEGUNDO,,,POR TRAS DO MINISTERIO PUBLICO DE ESQUINA COM A PRAÇA 17,RUA IMPERADOR PEDRO SEGUNDO,,POR TRAS DO MINISTERIO PUBLICO DE ESQUINA COM A PRAÇA 17,SANTO ANTÔNIO,,,COLISÃO,COLISÃO SEM VITIMAS,2,,,,,,,,,0,,,,,,,,,,,,,,,,,,
2018-08-23,10:49:00,SEM VÍTIMA,FINALIZADA,CASA AMARELA,RUA PADRE LEMOS,,,EM FRENTE A KINITOS,RUA PADRE LEMOS,,EM FRENTE A KINITOS,CASA AMARELA,,,COLISÃO,DOIS AUTOS,2,,,,,,,,,0,,,,,,,,,,,,,,,,,,
2018-08-23,11:01:00,,CANCELADA,IPUTINGA,RUA MANOEL JOAQUIM DE ALMEIDA,380,,EM FRENTE AO RESTAURANTE GOTA SERENA SENTIDO CAXANGA,RUA MANOEL JOAQUIM DE ALMEIDA,380,EM FRENTE AO RESTAURANTE GOTA SERENA SENTIDO CAXANGA,IPUTINGA,,,COLISÃO,COLISÃO SEM VITIMAS,2,,,,,,,,,0,,,,,,,,,,,,,,,,,,
2018-08-23,11:07:00,SEM VÍTIMA,CANCELADA,BOA VIAGEM,RUA TENENTE JOAO CICERO,638,,EM FRENTE A ACADEMIA CORPO LIVRE,RUA TENENTE JOAO CICERO,638,EM FRENTE A ACADEMIA CORPO LIVRE,BOA VIAGEM,,,COLISÃO,DOIS AUTOS,2,,,,,,,,,0,,,,,,,,,,,,,,,,,,
2018-08-23,11:08:00,COM VÍTIMA,FINALIZADA,BOA VISTA,RUA NUNES MACHADO,58,,E/F A ESCOLA DE IDIOMAS ESPECIAL. AO LDO DA UNICAP,RUA NUNES MACHADO,58,E/F A ESCOLA DE IDIOMAS ESPECIAL. AO LDO DA UNICAP,BOA VISTA,,,COLISÃO,SEM VÍTIMAS. BATEDORES NO LOCAL.,1,1,,,,,,,,1,,,,,,,,,,,,,,,,,,
2018-08-23,11:54:00,SEM VÍTIMA,FINALIZADA,CASA AMARELA,RUA DES MOTTA JUNIOR,54,,E/F AO EDF. ANGEL,RUA DES MOTTA JUNIOR,54,E/F AO EDF. ANGEL,CASA AMARELA,,,COLISÃO,SEM VÍTIMAS,1,,,,,,1,,,0,,,,,,,,,,,,,,,,,,
2018-08-23,12:05:00,SEM VÍTIMA,FINALIZADA,BOA VIAGEM,RUA SA E SOUZA,803,,EM FRENTE AO EDIFICIO EDVANA,RUA SA E SOUZA,803,EM FRENTE AO EDIFICIO EDVANA,BOA VIAGEM,,,COLISÃO,COLISÃO SEM VÍTIMA,1,,,,,,,,1,0,,,,,,,,,,,,,,,,,,
2018-08-23,12:17:00,SEM VÍTIMA,FINALIZADA,CIDADE UNIVERSITÁRIA,RUA GENERAL POLIDORO,,RUA ABATIA,NO SEMAFORO 577,CRUZAMENTO COM A RUA ABATIA,RUA GENERAL POLIDORO,,NO SEMAFORO 577,CRUZAMENTO COM A RUA ABATIA,CIDADE UNIVERSITÁRIA,,,COLISÃO,SEM VITIMAS,1,,,,,,,1,,0,,,,,,,,,,,,,,,,
2018-08-23,12:34:00,SEM VÍTIMA,FINALIZADA,SÃO JOSÉ,AV SUL,1487,,NO SEMÁFORO 205,AV SUL,1487,NO SEMÁFORO 205,SÃO JOSÉ,,,COLISÃO,COLISÃO SEM VÍTIMA,1,1,,,,,,,,0,,,,,,,,,,,,,,,,,,
2018-08-23,13:08:00,SEM VÍTIMA,CANCELADA,SANTO AMARO,AV CRUZ CABUGA,,AV VISCONDE DE SUASSUNA,CRUZEMENTO COM A VISCONDE DE SUASSUNA/ NO SEMÁFORO 032,AV CRUZ CABUGA,,CRUZEMENTO COM A VISCONDE DE SUASSUNA/ NO SEMÁFORO 032,SANTO AMARO,,,COLISÃO,COLISÃO SEM VÍTIMA,2,,,,,,,,,0,,,,,,,,,,,,,,,,,,
2018-08-23,13:39:00,SEM VÍTIMA,FINALIZADA,CORDEIRO,AV CAXANGA,1335,,AO LADO DO BRADESCO/ SENTIDO MADALENA,AV CAXANGA,1335,AO LADO DO BRADESCO/ SENTIDO MADALENA,CORDEIRO,,,COLISÃO,COLISÃO SEM VÍTIMA,2,,,,,,,,,0,,,,,,,,,,,,,,,,,,
2018-08-23,13:43:00,SEM VÍTIMA,FINALIZADA,BOA VIAGEM,RUA ANTONIO FALCAO,,RUA ITAJUBA,CRUZAMENTO COM RUA ITAJUBA APOS A ESTAÇAO DO METRO,RUA ANTONIO FALCAO,,CRUZAMENTO COM RUA ITAJUBA APOS A ESTAÇAO DO METRO,BOA VIAGEM,,,COLISÃO,COLISAO ENTRE DOIS AUTOS S/V,2,,,,,,,,,0,,,,,,,,,,,,,,,,,,
2018-08-23,14:21:00,SEM VÍTIMA,FINALIZADA,SÃO JOSÉ,RUA IMPERIAL,987,,PROX AO VIADUTO EA OFICINA PONTUAL NO SEMAFORO 510,RUA IMPERIAL,987,PROX AO VIADUTO EA OFICINA PONTUAL NO SEMAFORO 510,SÃO JOSÉ,,,COLISÃO,COLISAO ENTRE DOIS AUTOS S/V,2,,,,,,,,,0,,,,,,,,,,,,,,,,,,
2018-08-23,14:23:00,SEM VÍTIMA,FINALIZADA,ROSARINHO,AV NORTE,3029,,SENTIDO CIDADE, APÓS PASSAR A PADARIA ROSARINHO, NO POSTO SHELL,AV NORTE,3029,SENTIDO CIDADE, APÓS PASSAR A PADARIA ROSARINHO, NO POSTO SHELL,ROSARINHO,,,COLISÃO,SEM VITIMA,1,,,,,1,,,,0,,,,,,,,,,,,,,
2018-08-23,14:35:00,COM VÍTIMA,FINALIZADA,BOA VISTA,AV CONDE DA BOA VISTA,770,,EM FRENTE A LOJA LEADER,AV CONDE DA BOA VISTA,770,EM FRENTE A LOJA LEADER,BOA VISTA,,,COLISÃO,COLISÃO COM UMA VITIMA,SOCORRIDA PELO SAMU,GM NO LOCAL,1,1,,,,,,,,1,,,,,,,,,,,,,,,,
2018-08-23,15:28:00,SEM VÍTIMA,FINALIZADA,BOA VIAGEM,RUA BARAO DE SOUZA LEAO,400,,EM FRENTE AO HOTEL ESCLUSIVE IN,RUA BARAO DE SOUZA LEAO,400,EM FRENTE AO HOTEL ESCLUSIVE IN,BOA VIAGEM,,,COLISÃO,SEM VITIMAS,2,,,,,,,,,0,,,,,,,,,,,,,,,,,,
2018-08-23,15:59:00,SEM VÍTIMA,FINALIZADA,AFOGADOS,RUA DA PAZ,396,,EM FRENTE AO BANCO ITAU,RUA DA PAZ,396,EM FRENTE AO BANCO ITAU,AFOGADOS,,,COLISÃO,SEM VITIMAS,2,,,,,,1,,,0,,,,,,,,,,,,,,,,,,
2018-08-23,16:31:00,SEM VÍTIMA,FINALIZADA,VÁRZEA,RUA GASTAO VIDIGAL,,,E/F AO MOTEL COSTA AZUL,RUA GASTAO VIDIGAL,,E/F AO MOTEL COSTA AZUL,VÁRZEA,,,COLISÃO,COLISAO ENTRE AUTO E MOTO S/V,1,1,,,,,,,,0,,,,,,,,,,,,,,,,,,
2018-08-23,16:34:00,SEM VÍTIMA,CANCELADA,IPSEP,RUA JEAN EMILE FAVRE,,,NO SEMÁFORO 101,RUA JEAN EMILE FAVRE,,NO SEMÁFORO 101,IPSEP,,,COLISÃO,COLISÃO SEM VÍTIMA,1,1,,,,,,,,0,,,,,,,,,,,,,,,,,,
2018-08-23,16:52:00,SEM VÍTIMA,FINALIZADA,DOIS IRMÃOS,RUA MANOEL DE MORAIS,91,,A UNS 200M DO COLEGIO LIONS,RUA MANOEL DE MORAIS,91,A UNS 200M DO COLEGIO LIONS,DOIS IRMÃOS,,,COLISÃO,COLISÃO SEM VÍTIMA,3,,,,,,,,,0,,,,,,,,,,,,,,,,,,
2018-08-23,17:03:00,SEM VÍTIMA,FINALIZADA,DERBY,RUA JORNALISTA PAULO BITTENCOURT,147,,AO LADO DO HOSPITAL DA RESTAURAÇÃO,RUA JORNALISTA PAULO BITTENCOURT,147,AO LADO DO HOSPITAL DA RESTAURAÇÃO,DERBY,,,COLISÃO,SEM VITIMAS,2,,,,,,,,,0,,,,,,,,,,,,,,,,,,
2018-08-23,17:56:00,SEM VÍTIMA,CANCELADA,ENCRUZILHADA,AV NORTE,2215,,EM FRENTE A RENAULT/ SENTIDO SUBURBIO,AV NORTE,2215,EM FRENTE A RENAULT/ SENTIDO SUBURBIO,ENCRUZILHADA,,,COLISÃO,COLISÃO SEM VÍTIMA,1,1,,,,,,,,0,,,,,,,,,,,,,,,,,,
2018-08-23,18:16:00,COM VÍTIMA,FINALIZADA,JOANA BEZERRA,AV DES GUERRA BARRETO,,,ENF AO FORUM NA ENTRADA PRINCIPAL,AV DES GUERRA BARRETO,,ENF AO FORUM NA ENTRADA PRINCIPAL,JOANA BEZERRA,,,COLISÃO,VT DA POLICIA x MOTO,1,1,,,,,,,,1,,,,,,,,,,,,,,,,,,
2018-08-23,18:22:00,SEM VÍTIMA,FINALIZADA,MADALENA,AV BEIRA RIO,1313,RUA JOSE DE HOLANDA,BEIRANDO O CANAL DE´POIS DO SEMAFORO 630 ENF AO MARTELINHO DE OURO CRUZAMENTO COM A RUA JOSE DE HOLANDA,AV BEIRA RIO,1313,BEIRANDO O CANAL DE´POIS DO SEMAFORO 630 ENF AO MARTELINHO DE OURO CRUZAMENTO COM A RUA JOSE DE HOLANDA,MADALENA,,,COLISÃO,MOTO CAMINHAO,1,,,,,,1,,,0,,,,,,,,,,,,,,,,,,