data,hora,natureza_acidente,situacao,bairro,endereco,numero,detalhe_endereco_acidente,complemento,endereco_cruzamento,numero_cruzamento,referencia_cruzamento,bairro_cruzamento,num_semaforo,sentido_via,tipo,descricao,auto,moto,ciclom,ciclista,pedestre,onibus,caminhao,viatura,outros,vitimas,vitimasfatais,acidente_verificado,tempo_clima,situacao_semaforo,sinalizacao,condicao_via,conservacao_via,ponto_controle,situacao_placa,velocidade_max_via,mao_direcao,divisao_via1,divisao_via2,divisao_via3,,,,
2018-08-31,14:38:00,SEM VÍTIMA,CANCELADA,ÁGUA FRIA,AV BEBERIBE,2090,,PROX. AO MERCADO PUBLICO, NA FEIRA NOVA DE AGUA FRIA,AV BEBERIBE,2090,PROX. AO MERCADO PUBLICO, NA FEIRA NOVA DE AGUA FRIA,ÁGUA FRIA,,,COLISÃO,AUTO E ONIBUS ,1,,,,,1,,,,0,,,,,,,,,,,,,,,,
2018-08-31,14:50:00,SEM VÍTIMA,FINALIZADA,BONGI,RUA SANTA EDWIRGES,295,RUA PADRE TEOFILO TWORZ,EM FRENTE AO CALNAL, CRUZAMENTO COM RUA PADRE TEOFILO TWORZ,RUA SANTA EDWIRGES,295,EM FRENTE AO CALNAL, CRUZAMENTO COM RUA PADRE TEOFILO TWORZ,BONGI,,,COLISÃO,DOIS AUTOS S/V,2,,,,,,,,,0,,,,,,,,,,,,,,,,
2018-08-31,14:58:00,COM VÍTIMA,CANCELADA,CASA AMARELA,RUA PADRE LEMOS,522,,EM FRENTE A FERREIRA PINTO,,RUA PADRE LEMOS,522,EM FRENTE A FERREIRA PINTO,,CASA AMARELA,,,COLISÃO,COM UMA VITIMA SAMU JÁ ACIONAdo,1,1,,,,,,,,1,,,,,,,,,,,,,,,,
2018-08-31,15:17:00,SEM VÍTIMA,FINALIZADA,IMBIRIBEIRA,AV RECIFE,,,EM FRENTE AO SAL E BRASA, SENTIDO BR101,AV RECIFE,,EM FRENTE AO SAL E BRASA, SENTIDO BR101,IMBIRIBEIRA,,,COLISÃO,AUTO E CARRETA S/V,1,,,,,,1,,,0,,,,,,,,,,,,,,,,
2018-08-31,15:55:00,SEM VÍTIMA,CANCELADA,MADALENA,RUA BENFICA,,,EM FRENTE AO DPCA, E AO MARTELINHO DE OURO, SENTIDO DERBY,RUA BENFICA,,EM FRENTE AO DPCA, E AO MARTELINHO DE OURO, SENTIDO DERBY,MADALENA,,,COLISÃO,DOIS AUTOS S/V,2,,,,,,,,,0,,,,,,,,,,,,,,
2018-08-31,16:59:00,SEM VÍTIMA,CANCELADA,BOA VIAGEM,RUA PROFESSOR JOAO MEDEIROS,,,PROX. AO SUBWAY, SEMAFORO 332,RUA PROFESSOR JOAO MEDEIROS,,PROX. AO SUBWAY, SEMAFORO 332,BOA VIAGEM,,,COLISÃO,DOIS AUTOS S/V,2,,,,,,,,,0,,,,,,,,,,,,,,,,
2018-08-31,17:34:00,SEM VÍTIMA,CANCELADA,IPUTINGA,AV PROFESSOR MORAES REGO,749,,EM FRENTE A EMPRESA NECTAR,AV PROFESSOR MORAES REGO,749,EM FRENTE A EMPRESA NECTAR,IPUTINGA,,,COLISÃO,SEM VITIMAS,1,,,,,1,,,,0,,,,,,,,,,,,,,,,,,
2018-08-31,18:37:00,SEM VÍTIMA,FINALIZADA,BAIRRO DO RECIFE,RUA MADRE DEUS,,AV ALFREDO LISBOA,CRUZAMENTO COM ALFREDO LISBOA PROX A PONTE SEMAFORO 477,RUA MADRE DEUS,,CRUZAMENTO COM ALFREDO LISBOA PROX A PONTE SEMAFORO 477,BAIRRO DO RECIFE,,,COLISÃO,HONDA CIVIC X ONIBUS GLOBO,1,,,,,1,,,,0,,,,,,,,,,,,,,,,,,
2018-08-31,18:38:00,SEM VÍTIMA,FINALIZADA,DERBY,AV GOVERNADOR AGAMENON MAGALHAES,,RUA JOQEUIM NABUCO,CRUZ COM A R JOAQUIM NABUCO/ ESQUINA COM O HOSPITAL DA RESTAURAÇÃO,AV GOVERNADOR AGAMENON MAGALHAES,,CRUZ COM A R JOAQUIM NABUCO/ ESQUINA COM O HOSPITAL DA RESTAURAÇÃO,DERBY,,,COLISÃO,ENTRE AUTO E CAMINHÃO. S/V / GMS NO LOCAL PARA FAZER A OCORRÊNCIA,1,,,,,,1,,,0,,,,,,,,,,,,,,,,,,
2018-08-31,20:02:00,SEM VÍTIMA,FINALIZADA,TORRE,RUA JOSE BONIFACIO,,,ENF AO ATACADO DOS PRESENTES,RUA JOSE BONIFACIO,,ENF AO ATACADO DOS PRESENTES,TORRE,,,COLISÃO,HB 20 X AUTO OBS- SUSPEITA DE EMBRIAGUEZ,2,,,,,,,,,0,,,,,,,,,,,,,,,,,,
2018-08-31,20:12:00,COM VÍTIMA,FINALIZADA,PARNAMIRIM,RUA PADRE ROMA,S/N,,XX,RUA PADRE ROMA,S/N,XX,PARNAMIRIM,,,COLISÃO,PROXIMO DO BAR FITEIRO,1,1,,,,,,,,2,,,,,,,,,,,,,,,,,,
2018-08-31,20:31:00,SEM VÍTIMA,FINALIZADA,NOVA DESCOBERTA,RUA NOVA DESCOBERTA,622,,E/F A ASSEMBLÉIA DE DEUS,RUA NOVA DESCOBERTA,622,E/F A ASSEMBLÉIA DE DEUS,NOVA DESCOBERTA,,,COLISÃO,ENTRE AUTO E MOTO. S/V,1,1,,,,,,,,0,,,,,,,,,,,,,,,,,,
2018-08-31,20:36:00,SEM VÍTIMA,CANCELADA,DERBY,RUA PAISSANDU,767,,ENF AO HOSPITAL CAPIBARIBE,RUA PAISSANDU,767,ENF AO HOSPITAL CAPIBARIBE,DERBY,,,COLISÃO,DOIS AUTO,2,,,,,,,,,0,,,,,,,,,,,,,,,,,,
2018-08-31,21:11:00,SEM VÍTIMA,FINALIZADA,SANTO AMARO,AV GOVERNADOR AGAMENON MAGALHAES,S/N,,ENF A IGREJA DOS MORMONS // PROX AO HOSPITAL UNICORDIS PISTA LOCAL,AV GOVERNADOR AGAMENON MAGALHAES,S/N,ENF A IGREJA DOS MORMONS // PROX AO HOSPITAL UNICORDIS PISTA LOCAL,SANTO AMARO,,,COLISÃO,HB 20 X GOL,2,,,,,,,,,0,,,,,,,,,,,,,,,,,,
2018-08-31,21:28:00,SEM VÍTIMA,FINALIZADA,CORDEIRO,RUA CLAUDIO BROTHERHOOD,104,,PRÓX A CLÍNICA VETERINÁRIA VITA / E/F AO AÇAI JANGADEIRO,RUA CLAUDIO BROTHERHOOD,104,PRÓX A CLÍNICA VETERINÁRIA VITA / E/F AO AÇAI JANGADEIRO,CORDEIRO,,,COLISÃO,ENTRE 2 AUTOS. S/V,2,,,,,,,,,0,,,,,,,,,,,,,,,,,,
2018-08-31,21:29:00,SEM VÍTIMA,FINALIZADA,PINA,AVENIDA CELSO FURTADO (VIA MANGUE),,,NA ENTRADA DA RUA PROFESSOR EDUARDO WANDERLEI FILHO,AVENIDA CELSO FURTADO (VIA MANGUE),,NA ENTRADA DA RUA PROFESSOR EDUARDO WANDERLEI FILHO,PINA,,,COLISÃO,ONIX X FOX OS DOIS BRANCOS,2,,,,,,,,,0,,,,,,,,,,,,,,,,,,
2018-09-01,01:42:00,COM VÍTIMA,FINALIZADA,BOA VISTA,RUA DA CONCEICAO,,RUA GERVASIO PIRES,COM GERVASIO PIRES,RUA DA CONCEICAO,,COM GERVASIO PIRES,BOA VISTA,,,COLISÃO,AUTO E MOTO,1,1,,,,,,,,1,,,,,,,,,,,,,,,,,,
2018-09-01,01:34:00,COM VÍTIMA,CANCELADA,ESPINHEIRO,AV JOAO DE BARROS,,,EM FRENTE A FARMÁCIA PAGUE MENOS,AV JOAO DE BARROS,,EM FRENTE A FARMÁCIA PAGUE MENOS,ESPINHEIRO,,,COLISÃO,AUTO FUROU BLOQUEIO DA LEI SECA E COLIDIU COM OUTRO AUTO QUE VEIO A CAPOTAR. C/V,2,,,,,,,,,3,,,,,,,,,,,,,,,,,,
2018-09-01,09:05:00,SEM VÍTIMA,CANCELADA,AFOGADOS,EST DOS REMEDIOS,1238,,EM FRENTE AO POSTO DE GASOLINA BR,EST DOS REMEDIOS,1238,EM FRENTE AO POSTO DE GASOLINA BR,AFOGADOS,,,COLISÃO,DOIS AUTOS,2,,,,,,,,,0,,,,,,,,,,,,,,,,,,
2018-09-01,09:20:00,SEM VÍTIMA,CANCELADA,JORDÃO,RUA DO PROGRESSO,46,,EM FRENTE A LOJA AMAZON TEMPER,RUA DO PROGRESSO,46,EM FRENTE A LOJA AMAZON TEMPER,JORDÃO,,,COLISÃO,DOIS AUTOS,2,,,,,,,,,0,,,,,,,,,,,,,,,,,,
2018-09-01,12:06:00,SEM VÍTIMA,FINALIZADA,MADALENA,RUA ERNANI BRAGA,S/N,,RUA JOÃO COIMBRA (PRÓX. AO MERCADO DA MADALENA),RUA ERNANI BRAGA,S/N,RUA JOÃO COIMBRA (PRÓX. AO MERCADO DA MADALENA),MADALENA,,,COLISÃO,COLISÃO ENTRE AUTOS SEM VÍTIMAS (VIATURA PMPE),1,,,,,,,1,,0,,,,,,,,,,,,,,,,,,
2018-09-01,12:09:00,COM VÍTIMA,FINALIZADA,TORRE,RUA CONDE DE IRAJA,,AV BEIRA RIO,IRAJA COM A BEIRA RIO, NO FINAL DA PONTE,RUA CONDE DE IRAJA,,IRAJA COM A BEIRA RIO, NO FINAL DA PONTE,TORRE,,,COLISÃO,COLISÃO COM VITIMA,1,1,,,,,,,,1,,,,,,,,,,,,,,,,
2018-09-01,12:13:00,SEM VÍTIMA,FINALIZADA,BOA VISTA,RUA DOM BOSCO,1437,,ESCOLA DA BIBLIA ANTES DA RUA GONÇALVES DIAS, SENTIDO CENTRO,RUA DOM BOSCO,1437,ESCOLA DA BIBLIA ANTES DA RUA GONÇALVES DIAS, SENTIDO CENTRO,BOA VISTA,,,COLISÃO,COLISÃO SEM VITIMA,2,,,,,,,,,0,,,,,,,,,,,,,,,,
2018-09-01,12:17:00,SEM VÍTIMA,FINALIZADA,IPSEP,AV RECIFE,,AV SENADOR ROBERT KENNEDY,PROX. A RECIFER, JUNTO A SEMÁFORO 319 VEICULOS ESTAVAM NO CRUZAMENTO DA VIA,AV RECIFE,,PROX. A RECIFER, JUNTO A SEMÁFORO 319 VEICULOS ESTAVAM NO CRUZAMENTO DA VIA,IPSEP,,,COLISÃO,COLISÃO SEM VITIMA,2,,,,,,,,,0,,,,,,,,,,,,,,,,
2018-09-01,12:41:00,SEM VÍTIMA,FINALIZADA,SAN MARTIN,RUA PROFESSOR SILVIO DA CUNHA SANTOS,,,EM FRENTE A IGREJA NOSSA SENHORA DE FATIMA,RUA PROFESSOR SILVIO DA CUNHA SANTOS,,EM FRENTE A IGREJA NOSSA SENHORA DE FATIMA,SAN MARTIN,,,COLISÃO,COLISÃO SEM VÍTIMA,2,,,,,,,,,0,,,,,,,,,,,,,,,,,,
2018-09-01,13:38:00,SEM VÍTIMA,FINALIZADA,SANTO ANTÔNIO,RUA DO FOGO,,,NA FRENTE DA IGREJA NOSSA SENHORA DO CARMO,RUA DO FOGO,,NA FRENTE DA IGREJA NOSSA SENHORA DO CARMO,SANTO ANTÔNIO,,,COLISÃO,COLISÃO SEM VÍTIMA,2,,,,,,,,,0,,,,,,,,,,,,,,,,,,
2018-09-01,15:21:00,SEM VÍTIMA,FINALIZADA,TORRE,RUA VISCONDE DO URUGUAI,600,,POR TRÁS DA IGREJA DA TORRE,RUA VISCONDE DO URUGUAI,600,POR TRÁS DA IGREJA DA TORRE,TORRE,,,COLISÃO,COLISÃO SEM VÍTIMA,1,,,,,,,,1,0,,,,,,,,,,,,,,,,,,
2018-09-01,16:08:00,SEM VÍTIMA,FINALIZADA,BARRO,RUA PADRE NOBREGA,179,,ANTES DA GUADRA DO CANARIO,RUA PADRE NOBREGA,179,ANTES DA GUADRA DO CANARIO,BARRO,,,COLISÃO,COLISÃO SEM VITIMA,2,,,,,,,,,0,,,,,,,,,,,,,,,,,,
2018-09-01,16:10:00,SEM VÍTIMA,CANCELADA,IBURA,RUA RIO XINGU,,,PROX. AO MERCADINHO MAURICIO, ANTES DO CRUZAMENTO COM A DOIS RIOS,RUA RIO XINGU,,PROX. AO MERCADINHO MAURICIO, ANTES DO CRUZAMENTO COM A DOIS RIOS,IBURA,,,COLISÃO,AUTO E MOTO,1,1,,,,,,,,0,,,,,,,,,,,,,,,,
2018-09-01,16:53:00,SEM VÍTIMA,FINALIZADA,ESPINHEIRO,RUA AMELIA,,,PROX. AO PÃO DE AÇUCAR,RUA AMELIA,,PROX. AO PÃO DE AÇUCAR,ESPINHEIRO,,,COLISÃO,COLISÃO COM VITIMA,1,1,,,,,,,,0,,,,,,,,,,,,,,,,,,
2018-09-01,17:11:00,SEM VÍTIMA,FINALIZADA,IMBIRIBEIRA,AV MARECHAL MASCARENHAS DE MORAES,,,SAM´S CLUB/ SENTIDO AEROPORTO,AV MARECHAL MASCARENHAS DE MORAES,,SAM´S CLUB/ SENTIDO AEROPORTO,IMBIRIBEIRA,,,COLISÃO,COLISÃO SEM VÍTIMA,1,,,,,1,,,,0,,,,,,,,,,,,,,,,,,
2018-09-01,18:02:00,COM VÍTIMA,FINALIZADA,PINA,AV ENGENHEIRO DOMINGOS FERREIRA,,,PROX AO WALMART // ENF A FARMACIA PAGUE MENOS,AV ENGENHEIRO DOMINGOS FERREIRA,,PROX AO WALMART // ENF A FARMACIA PAGUE MENOS,PINA,,,ATROPELAMENTO,MOTO X PEDESTRE,,1,,,1,,,,,2,,,,,,,,,,,,,,,,,,
2018-09-01,18:14:00,SEM VÍTIMA,FINALIZADA,IMBIRIBEIRA,AV MARECHAL MASCARENHAS DE MORAES,,,E/F AO EDF GARAGEM / PRÓX AO AEROPORTO,AV MARECHAL MASCARENHAS DE MORAES,,E/F AO EDF GARAGEM / PRÓX AO AEROPORTO,IMBIRIBEIRA,,,COLISÃO,ENTRE 2 AUTOS. S/V,2,,,,,,,,,0,,,,,,,,,,,,,,,,,,
2018-09-01,18:30:00,SEM VÍTIMA,FINALIZADA,TORREÃO,RUA OTHON PARAISO,500,,ENF AO EDF JACYRA // PROX AO CRUZAMENTO COM A RUA MAL.DEODORO,RUA OTHON PARAISO,500,ENF AO EDF JACYRA // PROX AO CRUZAMENTO COM A RUA MAL.DEODORO,TORREÃO,,,CHOQUE,AUTO COM GELO-BAIANO /// DOIS AUTO JA CHOCOU-SE COM GELO-BAIANO QUE ESTA NO MEIO DA VIA,2,,,,,,,,,0,,,,,,,,,,,,,,,,,,
2018-09-01,18:58:00,COM VÍTIMA,FINALIZADA,CAXANGÁ,RUA RIBEIRO PESSOA,,,E/F A UPA E POSTO SHELL, ENTRE OS DOIS / NA ENTRADA DE 2 IRMÕES,RUA RIBEIRO PESSOA,,E/F A UPA E POSTO SHELL, ENTRE OS DOIS / NA ENTRADA DE 2 IRMÕES,CAXANGÁ,,,ENGAVETAMENTO,ENTRE 2 AUTOS E MOTO C/V,2,1,,,,,,,,1,,,,,,,,,,,,,,,,
2018-09-01,19:09:00,SEM VÍTIMA,CANCELADA,NOVA DESCOBERTA,AV VEREADOR OTACILIO AZEVEDO,,,E/F A FABRICA KINITOS / AO LADO DO CAMPO FLUMINENSE,AV VEREADOR OTACILIO AZEVEDO,,E/F A FABRICA KINITOS / AO LADO DO CAMPO FLUMINENSE,NOVA DESCOBERTA,,,ENGAVETAMENTO,ENTRE 2 AUTOS E MOTO S/V,2,1,,,,,,,,0,,,,,,,,,,,,,,,,,,
2018-09-01,19:44:00,SEM VÍTIMA,FINALIZADA,TORREÃO,RUA OTHON PARAISO,500,,ENF AO EDF JACYRA // PROX AO CRUZAMENTO COM A RUA MAL. DEODORO,RUA OTHON PARAISO,500,ENF AO EDF JACYRA // PROX AO CRUZAMENTO COM A RUA MAL. DEODORO,TORREÃO,,,CHOQUE,FOX X GELO-BAIANO,1,,,,,,,,,0,,,,,,,,,,,,,,,,,,
2018-09-01,20:13:00,SEM VÍTIMA,FINALIZADA,DERBY,AV GOVERNADOR AGAMENON MAGALHAES,,,ENF AO DERBY SENTIDO BOA VIAGEM VIA PRINCIPAL,AV GOVERNADOR AGAMENON MAGALHAES,,ENF AO DERBY SENTIDO BOA VIAGEM VIA PRINCIPAL,DERBY,,,COLISÃO,HB 20 X AUTO,2,,,,,,,,,0,,,,,,,,,,,,,,,,,,
2018-09-01,20:48:00,SEM VÍTIMA,FINALIZADA,GRAÇAS,AV RUI BARBOSA,963,,E/F A AUTONUNES, SNT CID / PROXIMIDADES DO POSTO BR E PORTOFIT,AV RUI BARBOSA,963,E/F A AUTONUNES, SNT CID / PROXIMIDADES DO POSTO BR E PORTOFIT,GRAÇAS,,,COLISÃO,ENTRE 2 AUTOS. S/V,2,,,,,,,,,0,,,,,,,,,,,,,,,,
2018-09-01,20:50:00,SEM VÍTIMA,FINALIZADA,BOA VIAGEM,AV ENGENHEIRO DOMINGOS FERREIRA,2188,RUA JOSE MARIA DE MIRANDA,CRUZAMENTO COM RUA JOSE MARIA MIRANDA PROX AO POSTO PETROBRAS,AV ENGENHEIRO DOMINGOS FERREIRA,2188,CRUZAMENTO COM RUA JOSE MARIA MIRANDA PROX AO POSTO PETROBRAS,BOA VIAGEM,,,COLISÃO,TOYOTA X ONIX,2,,,,,,,,,0,,,,,,,,,,,,,,,,,,
2018-09-01,22:02:00,SEM VÍTIMA,CANCELADA,TOTÓ,RUA ONZE DE AGOSTO,,,ENF AO CONJUTO RESIDENCIAL JARDIM BOTANICO,RUA ONZE DE AGOSTO,,ENF AO CONJUTO RESIDENCIAL JARDIM BOTANICO,TOTÓ,,,COLISÃO,FORD KA RET BRANCO X RENAULT SANDERO,2,,,,,,,,,0,,,,,,,,,,,,,,,,,,
2018-09-01,22:17:00,SEM VÍTIMA,FINALIZADA,AREIAS,AV RECIFE,,,NA ENTRADA DO IBURA // ENF A HONDA,AV RECIFE,,NA ENTRADA DO IBURA // ENF A HONDA,AREIAS,,,COLISÃO,ONIBUS SAN REMO X PALIO,1,,,,,1,,,,0,,,,,,,,,,,,,,,,,,
2018-09-01,23:31:00,SEM VÍTIMA,CANCELADA,PRADO,RUA CARLOS GOMES,914,,PRÓX AO POSTO DE SÁUDE E BIG CAR,RUA CARLOS GOMES,914,PRÓX AO POSTO DE SÁUDE E BIG CAR,PRADO,,,COLISÃO,ENTRE 2 AUTOS. S/V,2,,,,,,,,,0,,,,,,,,,,,,,,,,,,
2018-09-02,00:47:00,SEM VÍTIMA,FINALIZADA,ESPINHEIRO,RUA GUADALUPE,,,PRÓX A CARLOS EQUIPADORA,RUA GUADALUPE,,PRÓX A CARLOS EQUIPADORA,ESPINHEIRO,,,COLISÃO,ENTRE DOIS AUTOS S/V,2,,,,,,,,,0,,,,,,,,,,,,,,,,,,
2018-09-02,03:00:00,COM VÍTIMA,FINALIZADA,BOA VIAGEM,AV BOA VIAGEM,4860,,AO LADO DA PRAÇA DE BOA VIAGEM,AV BOA VIAGEM,4860,AO LADO DA PRAÇA DE BOA VIAGEM,BOA VIAGEM,,,CHOQUE,AUTO SE CHOCOU CONTRA O MURO DE UM PRÉDIO. C/V,1,,,,,,,,,1,,,,,,,,,,,,,,,,,,
2018-09-02,07:46:00,SEM VÍTIMA,FINALIZADA,BOMBA DO HEMETÉRIO,EST VELHA DE AGUA FRIA,,,EM FRENTE AO POSTO NORTE BRAZ / SENT CIDADE,EST VELHA DE AGUA FRIA,,EM FRENTE AO POSTO NORTE BRAZ / SENT CIDADE,BOMBA DO HEMETÉRIO,,,COLISÃO,AUTO E ONIBUS,1,,,,,1,,,,0,,,,,,,,,,,,,,,,,,
2018-09-02,08:39:00,SEM VÍTIMA,FINALIZADA,CORDEIRO,AV CAXANGA,1592,,PROX. AO TERMINAL NOCO DA CAXANGA, SENTIDO SUB/CID,AV CAXANGA,1592,PROX. AO TERMINAL NOCO DA CAXANGA, SENTIDO SUB/CID,CORDEIRO,,,COLISÃO,DOIS AUTOS S/V,2,,,,,,,,,0,,,,,,,,,,,,,,,,
2018-09-02,10:14:00,SEM VÍTIMA,FINALIZADA,SANTO AMARO,AV CRUZ CABUGA,,,SENTIDO BOA VISTA EM FRENTE A IGREJA MUNDIAL,AV CRUZ CABUGA,,SENTIDO BOA VISTA EM FRENTE A IGREJA MUNDIAL,SANTO AMARO,,,COLISÃO,COLISÃO SEM VITIMAS,1,,,,,1,,,,0,,,,,,,,,,,,,,,,,,
2018-09-02,10:40:00,SEM VÍTIMA,FINALIZADA,ESPINHEIRO,RUA QUARENTA E OITO,934,,EM FRENTE AO LAVA JATO AUTO 48,RUA QUARENTA E OITO,934,EM FRENTE AO LAVA JATO AUTO 48,ESPINHEIRO,,,COLISÃO,DOIS AUTOS S/V / VT 08 NO QTH,2,,,,,,,,,0,,,,,,,,,,,,,,,,,,
2018-09-02,11:06:00,SEM VÍTIMA,FINALIZADA,COELHOS,RUA DOS COELHOS,,,APOS O IMIP, NA SUBIDA DO VIADUTO,RUA DOS COELHOS,,APOS O IMIP, NA SUBIDA DO VIADUTO,COELHOS,,,COLISÃO,COLISAO ENTRE DOIS AUTOS S/V,2,,,,,,,,,0,,,,,,,,,,,,,,,,
2018-09-02,11:30:00,SEM VÍTIMA,FINALIZADA,CASA AMARELA,AV NORTE,,,SEMAFORO 296,AV NORTE,,SEMAFORO 296,CASA AMARELA,,,ENGAVETAMENTO,TRES AUTOS S/V,3,,,,,,,,,0,,,,,,,,,,,,,,,,,,
2018-09-02,11:55:00,SEM VÍTIMA,FINALIZADA,ARRUDA,RUA DA REGENERACAO,1035,,EM FRENTE A ANTIGA FABRICA DA COCA COLA,RUA DA REGENERACAO,1035,EM FRENTE A ANTIGA FABRICA DA COCA COLA,ARRUDA,,,COLISÃO,DOIS AUTOS S/V,2,,,,,,,,,0,,,,,,,,,,,,,,,,,,
2018-09-02,11:59:00,SEM VÍTIMA,FINALIZADA,,RUA GENERAL ABREU E LIMA,144,,EDF.MIRANTE,RUA GENERAL ABREU E LIMA,144,EDF.MIRANTE,,,,TOMBAMENTO,A ARVORE CAIU SOBRE O VEÍCULO,1,,,,,,,,,0,,,,,,,,,,,,,,,,,,
2018-09-02,12:41:00,SEM VÍTIMA,FINALIZADA,TAMARINEIRA,AV CONS ROSA E SILVA,2129,,EM FRENTE AO HOSPITAL ULYSSES PERNAMBUCANO,AV CONS ROSA E SILVA,2129,EM FRENTE AO HOSPITAL ULYSSES PERNAMBUCANO,TAMARINEIRA,,,COLISÃO,COLISÃO SEM VÍTIMA,2,,,,,,,,,0,,,,,,,,,,,,,,,,,,
2018-09-02,14:32:00,SEM VÍTIMA,FINALIZADA,HIPÓDROMO,EST DE BELEM,,,SEMAFORO 201,EST DE BELEM,,SEMAFORO 201,HIPÓDROMO,,,COLISÃO,DOIS AUTOS S/V,2,,,,,,,,,0,,,,,,,,,,,,,,,,,,
2018-09-02,14:38:00,SEM VÍTIMA,FINALIZADA,TORRE,RUA MARQUES DE MARICA,,,NO SEMAFORO 317, PROX. AO ARMAZEM AGUIAR,RUA MARQUES DE MARICA,,NO SEMAFORO 317, PROX. AO ARMAZEM AGUIAR,TORRE,,,COLISÃO,DOIS AUTOS S/V VT-03 GM NO LOCAL,2,,,,,,,,,0,,,,,,,,,,,,,,,,
2018-09-02,18:25:00,SEM VÍTIMA,FINALIZADA,SÃO JOSÉ,AV CENTRAL,,,E/F AO PORTÃO DE ENTRADA DA INTEGRAÇÃO DE JOANA BEZERRA,AV CENTRAL,,E/F AO PORTÃO DE ENTRADA DA INTEGRAÇÃO DE JOANA BEZERRA,SÃO JOSÉ,,,COLISÃO,ENTRE ÔNIBUS E AUTO PASSEIO. S/V,1,,,,,1,,,,0,,,,,,,,,,,,,,,,,,
2018-09-02,18:58:00,SEM VÍTIMA,FINALIZADA,CASA AMARELA,AV DR EURICO CHAVES,449,,CRAS,AV DR EURICO CHAVES,449,CRAS,CASA AMARELA,,,COLISÃO,COLISÃO SEM VITIMA,1,,,,,1,,,,0,,,,,,,,,,,,,,,,,,
2018-09-02,19:00:00,SEM VÍTIMA,FINALIZADA,MADALENA,RUA BENFICA,,,AO LADO DO MARTELINHO DE OURO E E/F A DPCA,RUA BENFICA,,AO LADO DO MARTELINHO DE OURO E E/F A DPCA,MADALENA,,,COLISÃO,ENTRE 2 AUTOS. S/V,2,,,,,,,,,0,,,,,,,,,,,,,,,,,,
2018-09-03,03:33:00,SEM VÍTIMA,CANCELADA,BOMBA DO HEMETÉRIO,RUA BOMBA DO HEMETERIO,136,,EM FRENTE AO DEPOSITO DE EDVALDO BEBIDAS, EM FRENTE AO BOMBA BURG, EM FRENTE AO POINT DO AÇAI,RUA BOMBA DO HEMETERIO,136,EM FRENTE AO DEPOSITO DE EDVALDO BEBIDAS, EM FRENTE AO BOMBA BURG, EM FRENTE AO POINT DO AÇAI,BOMBA DO HEMETÉRIO,,,COLISÃO,COLISÃO ENTRE DOIS AUTOS S/V,2,,,,,,,,,0,,,,,,,,,,,,,,
2018-09-03,04:55:00,SEM VÍTIMA,FINALIZADA,BEBERIBE,AV BEBERIBE,,,EM FRENTE AO PAGODE DA PRESSÃO, PRÓX AO POSTO BR,AV BEBERIBE,,EM FRENTE AO PAGODE DA PRESSÃO, PRÓX AO POSTO BR,BEBERIBE,,,COLISÃO,COLISÃO ENTRE ÔNIBUS E CARRO S/V,1,,,,,1,,,,0,,,,,,,,,,,,,,,,
2018-09-03,05:50:00,COM VÍTIMA,FINALIZADA,SANTO AMARO,AV CRUZ CABUGA,XX,,PROXIMO A RUA FREI CASSEMIRO,AV CRUZ CABUGA,XX,PROXIMO A RUA FREI CASSEMIRO,SANTO AMARO,,,COLISÃO,COLISÃO AUTO E MOTO COM VITIMAS,1,1,,,,,,,,2,,,,,,,,,,,,,,,,,,
2018-09-03,07:23:00,SEM VÍTIMA,FINALIZADA,BOA VIAGEM,RUA ANTONIO PAES BARRETO,240,,EM FRENTE A EMPRESA SANTISTA,RUA ANTONIO PAES BARRETO,240,EM FRENTE A EMPRESA SANTISTA,BOA VIAGEM,,,COLISÃO,COLISÃO SEM VITIMAS,3,,,,,,,,,0,,,,,,,,,,,,,,,,,,
2018-09-03,07:24:00,SEM VÍTIMA,CANCELADA,BOA VIAGEM,AV BOA VIAGEM,5526,,EM FRENTE AO EDF MARIA ALICE,AV BOA VIAGEM,5526,EM FRENTE AO EDF MARIA ALICE,BOA VIAGEM,,,COLISÃO,DOIS AUTOS,2,,,,,,,,,0,,,,,,,,,,,,,,,,,,
2018-09-03,07:58:00,SEM VÍTIMA,FINALIZADA,BOA VIAGEM,AV BOA VIAGEM,296,,EM FRENTE AO EDIFICIO MARIA VITORIA,AV BOA VIAGEM,296,EM FRENTE AO EDIFICIO MARIA VITORIA,BOA VIAGEM,,,COLISÃO,COLISÃO SEM VÍTIMA,1,1,,,,,,,,0,,,,,,,,,,,,,,,,,,
2018-09-03,08:10:00,SEM VÍTIMA,CANCELADA,MADALENA,RUA GOMES FREIRE,85,RUA ANTONIO VIEIRA,RESIDENCIA CRUZ COM A RUA ANTONIO VIEIRA,RUA GOMES FREIRE,85,RESIDENCIA CRUZ COM A RUA ANTONIO VIEIRA,MADALENA,,,COLISÃO,COLISÃO SEM VITIMAS,1,,,,,,,,,0,,,,,,,,,,,,,,,,,,
2018-09-03,08:34:00,SEM VÍTIMA,FINALIZADA,ENCRUZILHADA,AV NORTE,,,EM FRENTE AO SUPERMERCADO EXTRA, NO SEMAFORO 045,AV NORTE,,EM FRENTE AO SUPERMERCADO EXTRA, NO SEMAFORO 045,ENCRUZILHADA,,,COLISÃO,CAMINHÃO E AUTO,1,,,,,,1,,,0,,,,,,,,,,,,,,,,
2018-09-03,08:52:00,SEM VÍTIMA,FINALIZADA,BOA VIAGEM,AVENIDA CELSO FURTADO (VIA MANGUE),,RUA PROF EDUARDO WANDERLEY FILHO,ESQ COM A RUA PROF EDUARDO WANDERLEY FILHO,AVENIDA CELSO FURTADO (VIA MANGUE),,ESQ COM A RUA PROF EDUARDO WANDERLEY FILHO,BOA VIAGEM,,,COLISÃO,DOIS AUTOS,2,,,,,,,,,0,,,,,,,,,,,,,,,,,,