data,hora,natureza_acidente,situacao,bairro,endereco,numero,detalhe_endereco_acidente,complemento,endereco_cruzamento,numero_cruzamento,referencia_cruzamento,bairro_cruzamento,num_semaforo,sentido_via,tipo,descricao,auto,moto,ciclom,ciclista,pedestre,onibus,caminhao,viatura,outros,vitimas,vitimasfatais,acidente_verificado,tempo_clima,situacao_semaforo,sinalizacao,condicao_via,conservacao_via,ponto_controle,situacao_placa,velocidade_max_via,mao_direcao,divisao_via1,divisao_via2,divisao_via3,,,,
2018-09-09,23:19:00,COM VÍTIMA,FINALIZADA,DERBY,AV GOVERNADOR AGAMENON MAGALHAES,,,PROX. AO SEMAFORO 173,AV GOVERNADOR AGAMENON MAGALHAES,,PROX. AO SEMAFORO 173,DERBY,,,COLISÃO,COLISÃO COM VITIMA/ VITIMA NO LOCAL AGUARDANDO ATENDIMENTO DO SAMU,1,1,,,,,,,,1,,,,,,,,,,,,,,,,,,
2018-09-09,23:56:00,SEM VÍTIMA,FINALIZADA,VASCO DA GAMA,RUA DOIS DE FEVEREIRO,516,,EM FRENTE A AMANDA CONFECÇÕES, AO LADO DE MP INFORMÁTICA,RUA DOIS DE FEVEREIRO,516,EM FRENTE A AMANDA CONFECÇÕES, AO LADO DE MP INFORMÁTICA,VASCO DA GAMA,,,COLISÃO,COLISÃO ENTRE DOIS AUTOS S/V,2,,,,,,,,,0,,,,,,,,,,,,,,,,
2018-09-10,01:07:00,COM VÍTIMA,FINALIZADA,IPSEP,RUA PROFESSOR JOSE VICENTE,626,RUA SÃO NICOLAU,CRUZAMENTO COM A RUA SÃO NICOLAU,RUA PROFESSOR JOSE VICENTE,626,CRUZAMENTO COM A RUA SÃO NICOLAU,IPSEP,,,COLISÃO,COLISÃO ENTRE AUTO E MOTO C/V.,1,1,,,,,,,,1,,,,,,,,,,,,,,,,,,
2018-09-10,01:30:00,SEM VÍTIMA,CANCELADA,IMBIRIBEIRA,AV MARECHAL MASCARENHAS DE MORAES,4728,,SENTIDO AEROPORTO, AO LADO DO HOTEL AEROPORTO, APOS O VIADUTO TANCREDO NEVES,AV MARECHAL MASCARENHAS DE MORAES,4728,SENTIDO AEROPORTO, AO LADO DO HOTEL AEROPORTO, APOS O VIADUTO TANCREDO NEVES,IMBIRIBEIRA,,,COLISÃO,COLISÃO ENTRE DOIS AUTOS,2,,,,,,,,,0,,,,,,,,,,,,,,
2018-09-10,02:03:00,SEM VÍTIMA,FINALIZADA,BAIRRO DO RECIFE,RUA ALVARES CABRAL,,,POR TRÁS DO PORTO DIGITAL.,RUA ALVARES CABRAL,,POR TRÁS DO PORTO DIGITAL.,BAIRRO DO RECIFE,,,COLISÃO,COLISÃO ENTRE DOIS CAMINHÕES S/V.,,,,,,,2,,,0,,,,,,,,,,,,,,,,,,
2018-09-10,06:11:00,COM VÍTIMA,FINALIZADA,BARRO,AV DR JOSE RUFINO,,,E/F POSTO IMPERIO - PROXIMO À IGREJA DO BARRO,AV DR JOSE RUFINO,,E/F POSTO IMPERIO - PROXIMO À IGREJA DO BARRO,BARRO,,,COLISÃO,COLISÃO AUTO X CAMINHÃO C/VITIMA,1,,,,,,1,,,1,,,,,,,,,,,,,,,,,,
2018-09-10,07:33:00,COM VÍTIMA,FINALIZADA,IPUTINGA,RUA SAO MATEUS,1060,,PROX. A FARMACIA DO TRABALHADOR,RUA SAO MATEUS,1060,PROX. A FARMACIA DO TRABALHADOR,IPUTINGA,,,COLISÃO,AUTO E MOTO,1,1,,,,,,,,1,,,,,,,,,,,,,,,,,,
2018-09-10,07:38:00,COM VÍTIMA,FINALIZADA,IMBIRIBEIRA,AV MARECHAL MASCARENHAS DE MORAES,,,EM FRENTE A LASER ELETRO,AV MARECHAL MASCARENHAS DE MORAES,,EM FRENTE A LASER ELETRO,IMBIRIBEIRA,,,COLISÃO,BROS / CB 300,,2,,,,,,,,2,,,,,,,,,,,,,,,,,,
2018-09-10,07:45:00,SEM VÍTIMA,FINALIZADA,BOA VIAGEM,RUA VICENCIA,618,,EM FRENTE AO EDF ICARI,RUA VICENCIA,618,EM FRENTE AO EDF ICARI,BOA VIAGEM,,,COLISÃO,TRES AUTOS,3,,,,,,,,,0,,,,,,,,,,,,,,,,,,
2018-09-10,08:06:00,SEM VÍTIMA,FINALIZADA,CAXANGÁ,AV CAXANGA,,,SEMAFORO 232 / SENT CIDADE,AV CAXANGA,,SEMAFORO 232 / SENT CIDADE,CAXANGÁ,,,COLISÃO,DOIS AUTOS,2,,,,,,,,,0,,,,,,,,,,,,,,,,,,
2018-09-10,08:07:00,SEM VÍTIMA,FINALIZADA,BOA VISTA,AV LINS PETIT,101,,EM FRENTE A UNIMED E PADARIA TRIUNFO,AV LINS PETIT,101,EM FRENTE A UNIMED E PADARIA TRIUNFO,BOA VISTA,,,COLISÃO,TRES AUTOS,3,,,,,,,,,0,,,,,,,,,,,,,,,,,,
2018-09-10,08:11:00,COM VÍTIMA,FINALIZADA,BOA VIAGEM,AV BOA VIAGEM,624,,EM FRENTE AO EDF ALAIDE,AV BOA VIAGEM,624,EM FRENTE AO EDF ALAIDE,BOA VIAGEM,,,COLISÃO,MOTO E AUTO,1,1,,,,,,,,1,,,,,,,,,,,,,,,,,,
2018-09-10,08:14:00,COM VÍTIMA,FINALIZADA,JORDÃO,AV MARIA IRENE,,,EM FRENTE AO AEROPORTO,AV MARIA IRENE,,EM FRENTE AO AEROPORTO,JORDÃO,,,COLISÃO,MOTO X VEÍCULO,1,1,,,,,,,,1,,,,,,,,,,,,,,,,,,
2018-09-10,08:14:00,SEM VÍTIMA,FINALIZADA,CORDEIRO,AV CAXANGA,1443,,EM FRENTE AO TERMINAL DE ONIBUS GETULIO VARGAS, SENT CIDADE,AV CAXANGA,1443,EM FRENTE AO TERMINAL DE ONIBUS GETULIO VARGAS, SENT CIDADE,CORDEIRO,,,COLISÃO,DOIS AUTOS,2,,,,,,,,,0,,,,,,,,,,,,,,,,
2018-09-10,08:28:00,SEM VÍTIMA,FINALIZADA,CORDEIRO,RUA ADELMAR TAVARES,25,,EM FRENTE AO COLEGIO SANTA EMILIA,RUA ADELMAR TAVARES,25,EM FRENTE AO COLEGIO SANTA EMILIA,CORDEIRO,,,COLISÃO,DOIS AUTOS,2,,,,,,,,,0,,,,,,,,,,,,,,,,,,
2018-09-10,08:55:00,SEM VÍTIMA,FINALIZADA,TEJIPIÓ,RUA APRIGIO GUIMARAES,277,,NA RUA DO HOSPITAL OTAVIO DE FREITAS,RUA APRIGIO GUIMARAES,277,NA RUA DO HOSPITAL OTAVIO DE FREITAS,TEJIPIÓ,,,COLISÃO,ONIBUS E AUTO,1,,,,,1,,,,0,,,,,,,,,,,,,,,,,,
2018-09-10,09:21:00,SEM VÍTIMA,FINALIZADA,BOA VISTA,RUA JOSE DE ALENCAR,438,,AO LADO DA DEFENSORIA PUBLICA DO ESTADO,RUA JOSE DE ALENCAR,438,AO LADO DA DEFENSORIA PUBLICA DO ESTADO,BOA VISTA,,,COLISÃO,DOIS AUTOS,2,,,,,,,,,0,,,,,,,,,,,,,,,,,,
2018-09-10,09:45:00,SEM VÍTIMA,FINALIZADA,AFOGADOS,EST DOS REMEDIOS,1534,,EM FRENTE A PIGALLE PEUGEOT,EST DOS REMEDIOS,1534,EM FRENTE A PIGALLE PEUGEOT,AFOGADOS,,,COLISÃO,TRES AUTOS VT-17 NO LOCAL,3,,,,,,,,,0,,,,,,,,,,,,,,,,,,
2018-09-10,09:58:00,SEM VÍTIMA,FINALIZADA,SÃO JOSÉ,AV MARTINS DE BARROS,463,,E/F AO MINISTÉRIO PÚBLICO. SEMÁFORO 194,AV MARTINS DE BARROS,463,E/F AO MINISTÉRIO PÚBLICO. SEMÁFORO 194,SÃO JOSÉ,,,COLISÃO,SEM VÍTIMAS,1,,,,,1,,,,0,,,,,,,,,,,,,,,,,,
2018-09-10,10:08:00,SEM VÍTIMA,FINALIZADA,MADALENA,RUA JOAO IVO DA SILVA,,,AO LADO DO POSTO PETROVIA,RUA JOAO IVO DA SILVA,,AO LADO DO POSTO PETROVIA,MADALENA,,,COLISÃO,DOIS AUTOS,2,,,,,,,,,0,,,,,,,,,,,,,,,,,,
2018-09-10,10:44:00,COM VÍTIMA,FINALIZADA,CAXANGÁ,AV CAXANGA,,,SENTIDO CIDADE EM FRENTE AO RESTAURANTE BOI E BRASA,AV CAXANGA,,SENTIDO CIDADE EM FRENTE AO RESTAURANTE BOI E BRASA,CAXANGÁ,,,ACID. DE PERCURSO,COLISÃO COM VITIMA A ESPERA DO SAMU,1,1,,,,,,,,1,,,,,,,,,,,,,,,,,,
2018-09-10,11:42:00,COM VÍTIMA,FINALIZADA,ARRUDA,RUA DAS MOCAS,951,RUA DA REGENERACAO,COM A RUA DA REGENERAÇÃO, PROX. A QUERO MAIS COMEDORIA,RUA DAS MOCAS,951,COM A RUA DA REGENERAÇÃO, PROX. A QUERO MAIS COMEDORIA,ARRUDA,,,COLISÃO COM CICLISTA,AUTO E CICLISTA,1,,,1,,,,,,1,,,,,,,,,,,,,,,,
2018-09-10,11:43:00,SEM VÍTIMA,FINALIZADA,MACAXEIRA,AV NORTE,,,SENTIDO CIDADE EM FRENTE A ANTIGA FABRICA DA MACAXEIRA,AV NORTE,,SENTIDO CIDADE EM FRENTE A ANTIGA FABRICA DA MACAXEIRA,MACAXEIRA,,,COLISÃO,COLISÃO SEM VÍTIMA,2,,,,,1,,,,0,,,,,,,,,,,,,,,,,,
2018-09-10,12:22:00,SEM VÍTIMA,FINALIZADA,VÁRZEA,AV PROFESSOR ARTUR DE SA,1180,,RUA DO CEMITERIO DA VARZEA,AV PROFESSOR ARTUR DE SA,1180,RUA DO CEMITERIO DA VARZEA,VÁRZEA,,,ENGAVETAMENTO,SEM VITIMAS,4,,,,,,,,,0,,,,,,,,,,,,,,,,,,
2018-09-10,12:40:00,COM VÍTIMA,FINALIZADA,PINA,AV ANTONIO DE GOES,142,,SEMAFORO 656,AV ANTONIO DE GOES,142,SEMAFORO 656,PINA,,,COLISÃO,DOIS AUTOS S/V,2,,,,,,,,,1,,,,,,,,,,,,,,,,,,
2018-09-10,13:03:00,COM VÍTIMA,FINALIZADA,BARRO,RUA CAPITAO PONCIANO,,,EM FRENTE AO CLUBE UMUARAMA,RUA CAPITAO PONCIANO,,EM FRENTE AO CLUBE UMUARAMA,BARRO,,,COLISÃO,COM DUAS VITIMAS AGUARDANDO SAMU,,1,,,,,1,,,2,,,,,,,,,,,,,,,,,,
2018-09-10,13:13:00,SEM VÍTIMA,FINALIZADA,IMBIRIBEIRA,RUA ARQUITETO LUIZ NUNES,167,,POR TRÁS DO ASSAÍ/ SENTIDO IPSEP,RUA ARQUITETO LUIZ NUNES,167,POR TRÁS DO ASSAÍ/ SENTIDO IPSEP,IMBIRIBEIRA,,,COLISÃO,COLISÃO SEM VÍTIMA,2,,,,,,,,,0,,,,,,,,,,,,,,,,,,
2018-09-10,13:33:00,SEM VÍTIMA,FINALIZADA,BOA VIAGEM,AV CONSELHEIRO AGUIAR,3350,,EM FRENTE AO SALÃO DE BELEZA TROIS,AV CONSELHEIRO AGUIAR,3350,EM FRENTE AO SALÃO DE BELEZA TROIS,BOA VIAGEM,,,COLISÃO,SEM VITIMAS,2,,,,,,,,,0,,,,,,,,,,,,,,,,,,
2018-09-10,13:36:00,SEM VÍTIMA,FINALIZADA,JORDÃO,RUA ALBERTO LUNDGREN,,,SEMAFORO 581,RUA ALBERTO LUNDGREN,,SEMAFORO 581,JORDÃO,,,COLISÃO,DOIS AUTOS S/V,2,,,,,,,,,0,,,,,,,,,,,,,,,,,,
2018-09-10,13:49:00,SEM VÍTIMA,FINALIZADA,IMBIRIBEIRA,RUA GENERAL GOES MONTEIRO,764,,RUA POR TRÁS DA HONDA DA MASCARENHAS DE MORAES,RUA GENERAL GOES MONTEIRO,764,RUA POR TRÁS DA HONDA DA MASCARENHAS DE MORAES,IMBIRIBEIRA,,,COLISÃO,SEM VITIMAS,1,,,,,,1,,,0,,,,,,,,,,,,,,,,,,
2018-09-10,14:13:00,SEM VÍTIMA,FINALIZADA,BEBERIBE,AV BEBERIBE,,,EM FRENTE A PIZZARIA ROUCHE,AV BEBERIBE,,EM FRENTE A PIZZARIA ROUCHE,BEBERIBE,,,COLISÃO,DOIS AUTOS S/V,2,,,,,,,,,0,,,,,,,,,,,,,,,,,,
2018-09-10,14:19:00,SEM VÍTIMA,CANCELADA,PINA,AV HERCULANO BANDEIRA,742,,EM FRENTE A CAIXA ECONOMICA,AV HERCULANO BANDEIRA,742,EM FRENTE A CAIXA ECONOMICA,PINA,,,COLISÃO,AUTO E ONIBUS S/V,1,,,,,1,,,,0,,,,,,,,,,,,,,,,,,
2018-09-10,14:47:00,SEM VÍTIMA,FINALIZADA,AREIAS,AV DR JOSE RUFINO,1292,,EM FRENTE A CHURRASCARIA BERRA BOI ,SENT/SUB,AV DR JOSE RUFINO,1292,EM FRENTE A CHURRASCARIA BERRA BOI ,SENT/SUB,AREIAS,,,COLISÃO,SEM VITIMAS,1,1,,,,,,,,0,,,,,,,,,,,,,,,,
2018-09-10,15:34:00,SEM VÍTIMA,FINALIZADA,AFOGADOS,RUA VINTE E UM DE ABRIL,359,,,RUA VINTE E UM DE ABRIL,359,,AFOGADOS,,,COLISÃO,AUTO E MOTO S/V,1,1,,,,,,,,0,,,,,,,,,,,,,,,,,,
2018-09-10,15:39:00,SEM VÍTIMA,FINALIZADA,COHAB,AV SAO PAULO,183,,EM FRENTE A PANIFICADORA MARIANA (TRES CARNEIRO ALTO),AV SAO PAULO,183,EM FRENTE A PANIFICADORA MARIANA (TRES CARNEIRO ALTO),COHAB,,,COLISÃO,SEM VITIMAS,1,,,,,,1,,,0,,,,,,,,,,,,,,,,,,
2018-09-10,15:59:00,SEM VÍTIMA,FINALIZADA,CASA AMARELA,EST DO ARRAIAL,3851,,EM FRENTE AO BANCO BRADESCO,VEICULOS SE DIRIGIRAM PARA O ESTACIONAmento do bradesco,EST DO ARRAIAL,3851,EM FRENTE AO BANCO BRADESCO,VEICULOS SE DIRIGIRAM PARA O ESTACIONAmento do bradesco,CASA AMARELA,,,COLISÃO,SEM VITIMAS,2,,,,,,,,,0,,,,,,,,,,,,,,,,
2018-09-10,16:06:00,SEM VÍTIMA,FINALIZADA,BONGI,EST DO BONGI,555,,EM FRENTE AO EDF PRAÇA DOS CACTUS,EST DO BONGI,555,EM FRENTE AO EDF PRAÇA DOS CACTUS,BONGI,,,COLISÃO,SEM VITIMAS,2,,,,,,,,,0,,,,,,,,,,,,,,,,,,
2018-09-10,16:08:00,SEM VÍTIMA,FINALIZADA,IPSEP,AV RECIFE,,,SEMAFORO 016,AV RECIFE,,SEMAFORO 016,IPSEP,,,COLISÃO,DOIS AUTOS,2,,,,,,,,,0,,,,,,,,,,,,,,,,,,
2018-09-10,16:13:00,SEM VÍTIMA,FINALIZADA,ARRUDA,AV PROFESSOR JOSE DOS ANJOS,,,EM FRENTE A ECO ESTAÇÃO DO ARRUDA/ SENTIDO CAMPO DO ARRUDA,AV PROFESSOR JOSE DOS ANJOS,,EM FRENTE A ECO ESTAÇÃO DO ARRUDA/ SENTIDO CAMPO DO ARRUDA,ARRUDA,,,COLISÃO,COLISÃO SEM VÍTIMA,2,,,,,,,,,0,,,,,,,,,,,,,,,,,,
2018-09-10,16:58:00,SEM VÍTIMA,FINALIZADA,VÁRZEA,RUA CORONEL PACHECO,1969,,EM FRENTE A PAPELARIA DISNEY GRAFICA,RUA CORONEL PACHECO,1969,EM FRENTE A PAPELARIA DISNEY GRAFICA,VÁRZEA,,,COLISÃO,SEM VITIMAS,1,,,,,1,,,,0,,,,,,,,,,,,,,,,,,
2018-09-10,17:33:00,SEM VÍTIMA,FINALIZADA,BOA VISTA,RUA DO HOSPICIO,,,EM FRENTE A ESCOLA LUIZ DELGADO/ SENTIDO CIDADE,RUA DO HOSPICIO,,EM FRENTE A ESCOLA LUIZ DELGADO/ SENTIDO CIDADE,BOA VISTA,,,COLISÃO,COLISÃO SEM VÍTIMA,1,,,,,1,,,,0,,,,,,,,,,,,,,,,,,
2018-09-10,17:38:00,SEM VÍTIMA,FINALIZADA,BOA VISTA,RUA PAISSANDU,245,,EM FRENTE A MACMED,RUA PAISSANDU,245,EM FRENTE A MACMED,BOA VISTA,,,COLISÃO,SEM VITIMAS,2,,,,,,,,,0,,,,,,,,,,,,,,,,,,
2018-09-10,17:42:00,SEM VÍTIMA,FINALIZADA,AFOGADOS,EST DOS REMEDIOS,,,E/F AO POSTO IPIRANGA,EST DOS REMEDIOS,,E/F AO POSTO IPIRANGA,AFOGADOS,,,COLISÃO,HB20 X NISSAN MARCH,2,,,,,,,,,0,,,,,,,,,,,,,,,,,,
2018-09-10,17:57:00,COM VÍTIMA,FINALIZADA,TAMARINEIRA,EST DO ARRAIAL,,RUA GUIMARAES PEIXOTO,CRUZAMENTO COM A RUA GUIMARAES PEIXOTO,EST DO ARRAIAL,,CRUZAMENTO COM A RUA GUIMARAES PEIXOTO,TAMARINEIRA,,,COLISÃO,COLISÃO COM VÍTIMA,1,1,,,,,,,,1,,,,,,,,,,,,,,,,,,
2018-09-10,18:00:00,SEM VÍTIMA,FINALIZADA,SANTO AMARO,AV CRUZ CABUGA,,,EM FRENTE A VICE GOVERNADORIA, E A PARADA DO BRT,AV CRUZ CABUGA,,EM FRENTE A VICE GOVERNADORIA, E A PARADA DO BRT,SANTO AMARO,,,COLISÃO,AUTO E BRT, SENTIDO CENTRO,1,,,,,1,,,,0,,,,,,,,,,,,,,,
2018-09-10,18:08:00,SEM VÍTIMA,FINALIZADA,GRAÇAS,RUA DAS PERNAMBUCANAS,,,NA FRENTE DO HOSPITAL JAYME DA FONTE,RUA DAS PERNAMBUCANAS,,NA FRENTE DO HOSPITAL JAYME DA FONTE,GRAÇAS,,,COLISÃO,COLISÃO SEM VÍTIMAS,2,,,,,,,,,0,,,,,,,,,,,,,,,,,,
2018-09-10,19:11:00,SEM VÍTIMA,FINALIZADA,GRAÇAS,AV CONS ROSA E SILVA,,,PROX AO HOSPITAL DOS SERVIDORES// PROX A SAIDA DA RUA DA HORA,AV CONS ROSA E SILVA,,PROX AO HOSPITAL DOS SERVIDORES// PROX A SAIDA DA RUA DA HORA,GRAÇAS,,,COLISÃO,VOYAGE X ONIBUS GLOBO,1,,,,,1,,,,0,,,,,,,,,,,,,,,,,,
2018-09-10,19:55:00,SEM VÍTIMA,FINALIZADA,IBURA,RUA JOAO CORDEIRO DE SOUZA,782,,NA FRENTE DA IGREJA BATISTA MISSIONARIA LAGOA ENCANTADA,RUA JOAO CORDEIRO DE SOUZA,782,NA FRENTE DA IGREJA BATISTA MISSIONARIA LAGOA ENCANTADA,IBURA,,,COLISÃO,COLISÃO SEM VÍTIMAS,1,,,,,1,,,,0,,,,,,,,,,,,,,,,,,
2018-09-10,21:17:00,SEM VÍTIMA,CANCELADA,ROSARINHO,RUA DR JOSE MARIA,841,,NA FRENTE DA FARMACIA DROGASIL E A LANCHONETE O TAMARINUS,RUA DR JOSE MARIA,841,NA FRENTE DA FARMACIA DROGASIL E A LANCHONETE O TAMARINUS,ROSARINHO,,,CHOQUE,CONDUTOR ESTA APARENTEMENTE ALCOOLIZADO, VARIAS LIGAÇÕES DO LOCAL INFORMANDO QUE O MESMO NÃO SE ENCONTRA EM CONDIÇÕES DE CONDUZIR O VEICULO.,1,,,,,,,,,0,,,,,,,,,,,,,,,,,
2018-09-11,07:11:00,SEM VÍTIMA,FINALIZADA,CASA AMARELA,RUA GUIMARAES PEIXOTO,31,,APOS O COLEGIO SANTA CATARINA,RUA GUIMARAES PEIXOTO,31,APOS O COLEGIO SANTA CATARINA,CASA AMARELA,,,COLISÃO,DOIS AUTOS,2,,,,,,,,,0,,,,,,,,,,,,,,,,,,
2018-09-11,08:26:00,SEM VÍTIMA,FINALIZADA,ILHA JOANA BEZERRA,VIADUTO CAPITAO TEMUDO,,,EM CIMA DO VIADULTO SENT. CIDADE,VIADUTO CAPITAO TEMUDO,,EM CIMA DO VIADULTO SENT. CIDADE,ILHA JOANA BEZERRA,,,COLISÃO,DOIS AUTOS,2,,,,,,,,,0,,,,,,,,,,,,,,,,,,
2018-09-11,08:26:00,SEM VÍTIMA,FINALIZADA,ENGENHO DO MEIO,RUA ANTONIO CURADO,194,,EM FRENTE AO FRIGORIFICO FRIOS ASA BRANCA,RUA ANTONIO CURADO,194,EM FRENTE AO FRIGORIFICO FRIOS ASA BRANCA,ENGENHO DO MEIO,,,COLISÃO,COLISÃO SEM VITIMAS,3,,,,,,,,,0,,,,,,,,,,,,,,,,,,
2018-09-11,08:52:00,SEM VÍTIMA,FINALIZADA,SÃO JOSÉ,AV SUL,504,,EQUIPADORA HIDRAUPEÇAS,AV SUL,504,EQUIPADORA HIDRAUPEÇAS,SÃO JOSÉ,,,COLISÃO,ONIBUS E AUTO (BATEDOR NO LOCAL),1,,,,,1,,,,0,,,,,,,,,,,,,,,,,,
2018-09-11,09:09:00,SEM VÍTIMA,FINALIZADA,JARDIM SÃO PAULO,RUA LEANDRO BARRETO,706 B,,PROX. A PADARIA LA ROQUE,RUA LEANDRO BARRETO,706 B,PROX. A PADARIA LA ROQUE,JARDIM SÃO PAULO,,,COLISÃO,ONIBUS E AUTO,1,,,,,1,,,,0,,,,,,,,,,,,,,,,,,
2018-09-11,09:17:00,SEM VÍTIMA,FINALIZADA,DERBY,RUA AMAURI DE MEDEIROS,200,,EM FRENTE AO MARCELO MAGALHAES,RUA AMAURI DE MEDEIROS,200,EM FRENTE AO MARCELO MAGALHAES,DERBY,,,COLISÃO,DOIS AUTOS,2,,,,,,,,,0,,,,,,,,,,,,,,,,,,
2018-09-11,09:29:00,SEM VÍTIMA,FINALIZADA,ESTÂNCIA,AV RECIFE,272,,EM FRENTE A EQUIPADORA SOUND CAR,AV RECIFE,272,EM FRENTE A EQUIPADORA SOUND CAR,ESTÂNCIA,,,COLISÃO,CAMINHÃO E AUTO,1,,,,,,1,,,0,,,,,,,,,,,,,,,,,,
2018-09-11,10:32:00,SEM VÍTIMA,FINALIZADA,CASA AMARELA,RUA CORREGO DO OURO,352,,EM FRENTE A PADARIA PAM VICTOR,RUA CORREGO DO OURO,352,EM FRENTE A PADARIA PAM VICTOR,CASA AMARELA,,,COLISÃO,COLISÃO SEM VITIMAS,2,,,,,,,,,0,,,,,,,,,,,,,,,,,,
2018-09-11,10:41:00,SEM VÍTIMA,FINALIZADA,GRAÇAS,AV RUI BARBOSA,,RUA ABERTO PAIVA,CRUZ COM A RUA ALBERTO PAIVA,AV RUI BARBOSA,,CRUZ COM A RUA ALBERTO PAIVA,GRAÇAS,,,COLISÃO,COLISÃO SEM VITIMAS,2,,,,,,,,,0,,,,,,,,,,,,,,,,,,
2018-09-11,10:46:00,SEM VÍTIMA,FINALIZADA,AFOGADOS,RUA IMPERIAL,2110,,EM FRENTE A SECRETARIA DA FAZENDA SENTIDO IMBIRIBEIRA,RUA IMPERIAL,2110,EM FRENTE A SECRETARIA DA FAZENDA SENTIDO IMBIRIBEIRA,AFOGADOS,,,COLISÃO,COLISÃO SEM VITIMAS,1,,,,,,1,,,0,,,,,,,,,,,,,,,,,,
2018-09-11,11:06:00,SEM VÍTIMA,FINALIZADA,BOA VIAGEM,AV BOA VIAGEM,1174,,NO PRIMEIRO JARDIM PROX AO RESTAURANTE CAMARAO CAMARADA,AV BOA VIAGEM,1174,NO PRIMEIRO JARDIM PROX AO RESTAURANTE CAMARAO CAMARADA,BOA VIAGEM,,,COLISÃO,COLISAO ENTRE CAMINAHO E AUTO S/V,1,,,,,,1,,,0,,,,,,,,,,,,,,,,,,
2018-09-11,11:32:00,SEM VÍTIMA,FINALIZADA,MANGUEIRA,,80,,EM FRENTE A DROGARIA BONGI E A PADARIA LISBOA,,80,EM FRENTE A DROGARIA BONGI E A PADARIA LISBOA,MANGUEIRA,,,COLISÃO,COLISÃO SEDM VITIMAS,2,,,,,,,,,0,,,,,,,,,,,,,,,,,,
2018-09-11,11:48:00,SEM VÍTIMA,FINALIZADA,BOA VIAGEM,RUA COSMORAMA,,,AO LADO DO COLEGIO MADRE DE DEUS,RUA COSMORAMA,,AO LADO DO COLEGIO MADRE DE DEUS,BOA VIAGEM,,,COLISÃO,DOIS AUTOS,2,,,,,,,,,0,,,,,,,,,,,,,,,,,,
2018-09-11,12:47:00,SEM VÍTIMA,FINALIZADA,SANTO ANTÔNIO,PRC DA REPUBLICA,,,EM FRENTE AO TEATRO SANTA IZABEL,PRC DA REPUBLICA,,EM FRENTE AO TEATRO SANTA IZABEL,SANTO ANTÔNIO,,,COLISÃO,SEM VITIMAS,2,,,,,,,,,0,,,,,,,,,,,,,,,,,,
2018-09-11,13:03:00,SEM VÍTIMA,FINALIZADA,IBURA,AV JORNALISTA COSTA PORTO,1000 B,,EM FRENTE AO ARMAZEM LINS,AV JORNALISTA COSTA PORTO,1000 B,EM FRENTE AO ARMAZEM LINS,IBURA,,,COLISÃO,COLISÃO SEM VÍTIMA,1,,,,,1,,,,0,,,,,,,,,,,,,,,,,,
2018-09-11,13:47:00,SEM VÍTIMA,FINALIZADA,IPSEP,AV RECIFE,,,EM FRENTE AO POSTO IPIRANGA SENT/BOA VIAGEM,AV RECIFE,,EM FRENTE AO POSTO IPIRANGA SENT/BOA VIAGEM,IPSEP,,,COLISÃO,SEM VITIMAS,1,,,,,,1,,,0,,,,,,,,,,,,,,,,,,
2018-09-11,14:05:00,COM VÍTIMA,FINALIZADA,ESPINHEIRO,RUA CARNEIRO VILELA,,RUA QUARENTA E OITO,CRUZAMENTO COM A RUA QUARENTA E OITO,RUA CARNEIRO VILELA,,CRUZAMENTO COM A RUA QUARENTA E OITO,ESPINHEIRO,,,COLISÃO,COM DUAS VITIMAS,1,1,,,,,,,,2,,,,,,,,,,,,,,,,,,
2018-09-11,14:41:00,COM VÍTIMA,FINALIZADA,BONGI,RUA GOMES TABORDA,1507,,PROXIMO AO ATACAREJO IDEAL,RUA GOMES TABORDA,1507,PROXIMO AO ATACAREJO IDEAL,BONGI,,,ATROPELAMENTO,ATROPELAMENTO PEDESTRE,,1,,,1,,,,,1,,,,,,,,,,,,,,,,,,
2018-09-11,14:49:00,SEM VÍTIMA,FINALIZADA,BOA VISTA,RUA DA SOLEDADE,,,EM FRENTE AO POSTO DE ATENDIMENTO DO VEM,RUA DA SOLEDADE,,EM FRENTE AO POSTO DE ATENDIMENTO DO VEM,BOA VISTA,,,COLISÃO,AUTO E MOTO S/V,1,1,,,,,,,,0,,,,,,,,,,,,,,,,,,
2018-09-11,15:04:00,SEM VÍTIMA,CANCELADA,ESTÂNCIA,RUA MORAIS E SILVA,460A,,PROX. A ESTAÇAO SANTA LUZIA,RUA MORAIS E SILVA,460A,PROX. A ESTAÇAO SANTA LUZIA,ESTÂNCIA,,,COLISÃO,AUTO E MOTO S/V,1,1,,,,,,,,0,,,,,,,,,,,,,,,,,,
2018-09-11,16:14:00,SEM VÍTIMA,CANCELADA,BOA VISTA,RUA JOAO FERNANDES VIEIRA,644,,EM FRENTE AO HOSPITAL DE FRATURAS,RUA JOAO FERNANDES VIEIRA,644,EM FRENTE AO HOSPITAL DE FRATURAS,BOA VISTA,,,COLISÃO,AUTO E MOTO S/V,1,1,,,,,,,,0,,,,,,,,,,,,,,,,,,
2018-09-11,16:51:00,SEM VÍTIMA,FINALIZADA,BOA VIAGEM,AV BOA VIAGEM,3778,,COLISÃO ENTRE DOIS AUTOS SEM VÍTIMAS,AV BOA VIAGEM,3778,COLISÃO ENTRE DOIS AUTOS SEM VÍTIMAS,BOA VIAGEM,,,COLISÃO,,,,,,,,,,,0,,,,,,,,,,,,,,,,,,
2018-09-11,18:33:00,SEM VÍTIMA,FINALIZADA,PARNAMIRIM,AV PARNAMIRIM,448,,NA SAÍDA DA PRAÇA DR LULA CABRAL DE MELO / E/F A LIVRARIA IDEIA FIXA / PROXIMIDADES DA DROGASIL E BANCO SANTANDER,AV PARNAMIRIM,448,NA SAÍDA DA PRAÇA DR LULA CABRAL DE MELO / E/F A LIVRARIA IDEIA FIXA / PROXIMIDADES DA DROGASIL E BANCO SANTANDER,PARNAMIRIM,,,COLISÃO,ENTRE AUTO PASSEIO E CAMINHÃO. S/V,1,,,,,,1,,,0,,,,,,,,,,,,,,,,,,