data,hora,natureza_acidente,situacao,bairro,endereco,numero,detalhe_endereco_acidente,complemento,endereco_cruzamento,numero_cruzamento,referencia_cruzamento,bairro_cruzamento,num_semaforo,sentido_via,tipo,descricao,auto,moto,ciclom,ciclista,pedestre,onibus,caminhao,viatura,outros,vitimas,vitimasfatais,acidente_verificado,tempo_clima,situacao_semaforo,sinalizacao,condicao_via,conservacao_via,ponto_controle,situacao_placa,velocidade_max_via,mao_direcao,divisao_via1,divisao_via2,divisao_via3,,,,
2018-09-13,15:43:00,SEM VÍTIMA,FINALIZADA,ESTÂNCIA,AV DR JOSE RUFINO,2027,,E/F AO POSTO PETROISA,AV DR JOSE RUFINO,2027,E/F AO POSTO PETROISA,ESTÂNCIA,,,COLISÃO,COLISAO ENTRE DOIS AUTOS S/V,2,,,,,,,,,0,,,,,,,,,,,,,,,,,,
2018-09-13,15:58:00,SEM VÍTIMA,FINALIZADA,BOA VIAGEM,RUA BELMONTE,116,RUA JOSE DOMINGUES DA SILVA,CRUZAMENTO COM RUA JOSE DOMINGUES DA SILVA,RUA BELMONTE,116,CRUZAMENTO COM RUA JOSE DOMINGUES DA SILVA,BOA VIAGEM,,,COLISÃO,DUAS MOTOS S/V,,2,,,,,,,,0,,,,,,,,,,,,,,,,,,
2018-09-13,15:59:00,SEM VÍTIMA,FINALIZADA,IPSEP,AV RECIFE,,,SEMAFORO 016 / ENTRADA DO IBURA,AV RECIFE,,SEMAFORO 016 / ENTRADA DO IBURA,IPSEP,,,COLISÃO,DOIS AUTOS S/V,2,,,,,,,,,0,,,,,,,,,,,,,,,,,,
2018-09-13,16:40:00,SEM VÍTIMA,FINALIZADA,PARNAMIRIM,RUA DES GOIS CAVALCANTE,68,,E/F A GALERIA VIA ROMA,RUA DES GOIS CAVALCANTE,68,E/F A GALERIA VIA ROMA,PARNAMIRIM,,,COLISÃO,COLISAO ENTRE DOIS AUTS S/V,2,,,,,,,,,0,,,,,,,,,,,,,,,,,,
2018-09-13,16:41:00,COM VÍTIMA,FINALIZADA,SANTO AMARO,AV CRUZ CABUGA,,RUA PEDRO AFONSO,CRUZAMENTO COM A RUA PEDRO AFONSO // NA RUA QUE DA ACESSO AO IML,AV CRUZ CABUGA,,CRUZAMENTO COM A RUA PEDRO AFONSO // NA RUA QUE DA ACESSO AO IML,SANTO AMARO,,,COLISÃO,VT DA CIVIL X CARROÇA,,,,,,,,1,1,1,,,,,,,,,,,,,,,,,,
2018-09-13,16:53:00,SEM VÍTIMA,FINALIZADA,TORRE,RUA VERMELHA,5,,NO GIRADOURO DO ATACADO DOS PRESENTES E/F AO ABSOLUT CABELEIREIROS,RUA VERMELHA,5,NO GIRADOURO DO ATACADO DOS PRESENTES E/F AO ABSOLUT CABELEIREIROS,TORRE,,,COLISÃO,COLISAO ENTRE DOIS AUTOS S/V,2,,,,,,,,,0,,,,,,,,,,,,,,,,,,
2018-09-13,17:11:00,SEM VÍTIMA,FINALIZADA,VÁRZEA,AV AFONSO OLINDENSE,409,,APOS O COLISEU, SENTIDO CAXANGA,AV AFONSO OLINDENSE,409,APOS O COLISEU, SENTIDO CAXANGA,VÁRZEA,,,COLISÃO,DOIS AUTOS,2,,,,,,,,,0,,,,,,,,,,,,,,,,
2018-09-13,17:38:00,SEM VÍTIMA,FINALIZADA,BAIRRO DO RECIFE,AV ALFREDO LISBOA,S/N,,ENF AO MUSEU CAIS DO SERTAO,AV ALFREDO LISBOA,S/N,ENF AO MUSEU CAIS DO SERTAO,BAIRRO DO RECIFE,,,ENGAVETAMENTO,DOIS CAMINHAO E UM TAXI,1,,,,,,2,,,0,,,,,,,,,,,,,,,,,,
2018-09-13,17:40:00,SEM VÍTIMA,FINALIZADA,SANTO AMARO,AV GOVERNADOR AGAMENON MAGALHAES,,,SEMAFORO 378 SENTIDO OLINDA,AV GOVERNADOR AGAMENON MAGALHAES,,SEMAFORO 378 SENTIDO OLINDA,SANTO AMARO,,,COLISÃO,MOTO X AUTO,1,1,,,,,,,,0,,,,,,,,,,,,,,,,,,
2018-09-13,17:54:00,SEM VÍTIMA,FINALIZADA,IMBIRIBEIRA,AV MARECHAL MASCARENHAS DE MORAES,1043,,ENF CONCESSIONARIA MEIRA LINS SENTIDO AFOGADOS,AV MARECHAL MASCARENHAS DE MORAES,1043,ENF CONCESSIONARIA MEIRA LINS SENTIDO AFOGADOS,IMBIRIBEIRA,,,COLISÃO,DOIS AUTO,2,,,,,,,,,0,,,,,,,,,,,,,,,,,,
2018-09-13,18:03:00,COM VÍTIMA,FINALIZADA,JOANA BEZERRA,AV BEIRA RIO,,,APÓS O FORUM DE JOANA BEZERRA / E/F AO CAMPO DA BEIRA RIO / AO LADO DA ACADEMIA DA CIDADE,AV BEIRA RIO,,APÓS O FORUM DE JOANA BEZERRA / E/F AO CAMPO DA BEIRA RIO / AO LADO DA ACADEMIA DA CIDADE,JOANA BEZERRA,,,COLISÃO COM CICLISTA,MOTO X CICLISTA,1,,,1,,,,,,1,,,,,,,,,,,,,,,,,,
2018-09-13,18:05:00,SEM VÍTIMA,CANCELADA,IPUTINGA,RUA ADEMAR PIRES TRAVASSO,330,,ENF AO PATIO DA AUTO ESCOLA PILOTO,RUA ADEMAR PIRES TRAVASSO,330,ENF AO PATIO DA AUTO ESCOLA PILOTO,IPUTINGA,,,COLISÃO,ONIBIUS DA AUTO ESCOLA X AUTO,1,,,,,1,,,,0,,,,,,,,,,,,,,,,,,
2018-09-13,18:12:00,SEM VÍTIMA,CANCELADA,CABANGA,AV ENGENHEIRO JOSE ESTELITA,,,E/F AO CABANGA IATE CLUB,AV ENGENHEIRO JOSE ESTELITA,,E/F AO CABANGA IATE CLUB,CABANGA,,,COLISÃO,ENTRE 2 AUTOS. S/V,2,,,,,,,,,0,,,,,,,,,,,,,,,,,,
2018-09-13,18:25:00,SEM VÍTIMA,FINALIZADA,ESTÂNCIA,AV DR JOSE RUFINO,525,RUA MORAIS E SILVA,CRUZAMENTO COM A RUA MORAIS E SILVA,AV DR JOSE RUFINO,525,CRUZAMENTO COM A RUA MORAIS E SILVA,ESTÂNCIA,,,COLISÃO,DOIS AUTOS E UMA MOTO,2,1,,,,,,,,0,,,,,,,,,,,,,,,,,,
2018-09-13,18:26:00,COM VÍTIMA,CANCELADA,ESTÂNCIA,AV RECIFE,,,E/F A IGREJA BATISTA DA ESTÂNCIA E POSTO TOTAL / ANTES DA ENTRADA DE SAN MARTIN / SEMÁFORO 261 - CRUZ RUA NOSSA SENHORA DE FÁTIMA,AV RECIFE,,E/F A IGREJA BATISTA DA ESTÂNCIA E POSTO TOTAL / ANTES DA ENTRADA DE SAN MARTIN / SEMÁFORO 261 - CRUZ RUA NOSSA SENHORA DE FÁTIMA,ESTÂNCIA,,,COLISÃO,ENTRE AUTO E MOTO. C/V,1,1,,,,,,,,1,,,,,,,,,,,,,,,,,,
2018-09-13,18:52:00,SEM VÍTIMA,CANCELADA,AFOGADOS,AV SUL,2144,,ENF A ESTAÇAO LARGO DA PAZ,AV SUL,2144,ENF A ESTAÇAO LARGO DA PAZ,AFOGADOS,,,COLISÃO,SPACECROSS X PEUGEOT,2,,,,,,,,,0,,,,,,,,,,,,,,,,,,
2018-09-13,18:55:00,SEM VÍTIMA,FINALIZADA,IMBIRIBEIRA,AV MARECHAL MASCARENHAS DE MORAES,,,E/F A EMPRESA FOCUSLOG E AEROPORTO, SNT SETUBAL,AV MARECHAL MASCARENHAS DE MORAES,,E/F A EMPRESA FOCUSLOG E AEROPORTO, SNT SETUBAL,IMBIRIBEIRA,,,COLISÃO,ENTRE 2 AUTOS. S/V,2,,,,,,,,,0,,,,,,,,,,,,,,,,
2018-09-13,19:22:00,SEM VÍTIMA,FINALIZADA,CASA FORTE,AV DEZESSETE DE AGOSTO,,,PRÓX A PRC DE CASA FORTE / E/F A LOJAS AMERICANAS,AV DEZESSETE DE AGOSTO,,PRÓX A PRC DE CASA FORTE / E/F A LOJAS AMERICANAS,CASA FORTE,,,COLISÃO,ENTRE 2 AUTOS. S/V,2,,,,,,,,,0,,,,,,,,,,,,,,,,,,
2018-09-13,19:30:00,SEM VÍTIMA,CANCELADA,IMBIRIBEIRA,AV MARECHAL MASCARENHAS DE MORAES,4000,,ENF A TUPAN SENTIDO CENTRO,AV MARECHAL MASCARENHAS DE MORAES,4000,ENF A TUPAN SENTIDO CENTRO,IMBIRIBEIRA,,,COLISÃO,FAIT UNO X HILUX,2,,,,,,,,,0,,,,,,,,,,,,,,,,,,
2018-09-13,19:59:00,SEM VÍTIMA,FINALIZADA,BOA VIAGEM,AV MARECHAL JUAREZ TAVORA,,RUA JOAO CARDOSO AYRES,AO LADO DO COLÉGIO MADRE DE DEUS, SNT PIEDADE / ESQUINA COM A R JOÃO CARDOSO AYRES,AV MARECHAL JUAREZ TAVORA,,AO LADO DO COLÉGIO MADRE DE DEUS, SNT PIEDADE / ESQUINA COM A R JOÃO CARDOSO AYRES,BOA VIAGEM,,,COLISÃO,ENTRE 2 AUTOS. S/V ( BATEDORES NO LOCAL),2,,,,,,,,,0,,,,,,,,,,,,,,,,
2018-09-13,22:35:00,COM VÍTIMA,FINALIZADA,BAIRRO DO RECIFE,PTE DO LIMOEIRO,,,SNT CENTRO DO RECIFE / NA DESCIDA DA PTE DO LIMOEIRO,PTE DO LIMOEIRO,,SNT CENTRO DO RECIFE / NA DESCIDA DA PTE DO LIMOEIRO,BAIRRO DO RECIFE,,,COLISÃO,ENTRE 2 AUTOS. C/V,2,,,,,,,,,1,,,,,,,,,,,,,,,,,,
2018-09-13,23:34:00,COM VÍTIMA,FINALIZADA,ESTÂNCIA,AV RECIFE,,,SEMÁFORO 261,AV RECIFE,,SEMÁFORO 261,ESTÂNCIA,,,ENGAVETAMENTO,ENTRE 3 AUTOS. C/V ( UM DOS VEÍCULOS ENVOLVIDOS ESTAVA EM PERSEGUIÇÃO COM A POLÍCIA),3,,,,,,,,,1,,,,,,,,,,,,,,,,,,
2018-09-14,07:10:00,COM VÍTIMA,FINALIZADA,AREIAS,AV DR JOSE RUFINO,,,EM BAIXO DO SEMAFORO 044 EM FRENTE AO POSTO DE GASOLINA SHELL,AV DR JOSE RUFINO,,EM BAIXO DO SEMAFORO 044 EM FRENTE AO POSTO DE GASOLINA SHELL,AREIAS,,,COLISÃO,COLISÃO COM VITIMA A ESPERA DO SAMU,1,1,,,,,,,,1,,,,,,,,,,,,,,,,,,
2018-09-14,08:05:00,SEM VÍTIMA,CANCELADA,BOA VIAGEM,AV ARMINDO MOURA,,,APOS A ESTAÇÃO PORTA LARGA EM FRENTE A GARAGEM DA BORBOREMA,AV ARMINDO MOURA,,APOS A ESTAÇÃO PORTA LARGA EM FRENTE A GARAGEM DA BORBOREMA,BOA VIAGEM,,,COLISÃO,COLISÃO SEM VITIMAS,1,,,,,1,,,,0,,,,,,,,,,,,,,,,,,
2018-09-14,08:33:00,SEM VÍTIMA,FINALIZADA,AFOGADOS,AV SUL,,,APOS A PONTE MOTOCOLOMBO EM FRENTE AO SUPERMERCADO TROCÃO,AV SUL,,APOS A PONTE MOTOCOLOMBO EM FRENTE AO SUPERMERCADO TROCÃO,AFOGADOS,,,COLISÃO,COLISÃO SEM VITIMAS,2,,,,,,,,,0,,,,,,,,,,,,,,,,,,
2018-09-14,08:36:00,SEM VÍTIMA,FINALIZADA,IPUTINGA,RUA GENERAL CANDIDO BORGES CASTELO BRANCO,608,,PROX AO CANAL DO CAVOUCO,RUA GENERAL CANDIDO BORGES CASTELO BRANCO,608,PROX AO CANAL DO CAVOUCO,IPUTINGA,,,COLISÃO,MOTO E AUTO PASSEIO,1,1,,,,,,,,0,,,,,,,,,,,,,,,,,,
2018-09-14,08:42:00,COM VÍTIMA,FINALIZADA,IPSEP,RUA ADERBAL DE MELO,281,RUA DAS PALMEIRAS,COM RUA DAS PALMEIRAS PROX A FEIJOADA DO JOAO,RUA ADERBAL DE MELO,281,COM RUA DAS PALMEIRAS PROX A FEIJOADA DO JOAO,IPSEP,,,COLISÃO,COLISAO ENTRE ONIBUS E AUTO S/V,1,,,,,1,,,,2,,,,,,,,,,,,,,,,,,
2018-09-14,08:57:00,SEM VÍTIMA,FINALIZADA,MADALENA,AV VISCONDE DE ALBUQUERQUE,,,E/F A CLINICA TERAPEUTICA EDF AO EDF EÇA DE QUEIROZ,AV VISCONDE DE ALBUQUERQUE,,E/F A CLINICA TERAPEUTICA EDF AO EDF EÇA DE QUEIROZ,MADALENA,,,COLISÃO,COLISAO ENTRE AUTO E MOTO S/V GM NO LOCAL,1,1,,,,,,,,0,,,,,,,,,,,,,,,,,,
2018-09-14,09:03:00,SEM VÍTIMA,FINALIZADA,TEJIPIÓ,AV DR JOSE RUFINO,,,EM FRENTE A ESTAÇÃO DO METRO DE TEJIPIO,AV DR JOSE RUFINO,,EM FRENTE A ESTAÇÃO DO METRO DE TEJIPIO,TEJIPIÓ,,,COLISÃO,COLISÃO SEM VITIMAS,1,,,,,1,,,,0,,,,,,,,,,,,,,,,,,
2018-09-14,09:07:00,SEM VÍTIMA,FINALIZADA,CIDADE UNIVERSITÁRIA,AV PROFESSOR ARTUR DE SA,140,,AO LADO DO HOSPITAL DAS CLÍNICAS.,AV PROFESSOR ARTUR DE SA,140,AO LADO DO HOSPITAL DAS CLÍNICAS.,CIDADE UNIVERSITÁRIA,,,COLISÃO,SEM VÍTIMAS,1,,,,,1,,,,0,,,,,,,,,,,,,,,,,,
2018-09-14,09:40:00,SEM VÍTIMA,FINALIZADA,ÁGUA FRIA,RUA LADEIRA DE PEDRA,195,,E/F AO LAVA JATO DO ABILIO,RUA LADEIRA DE PEDRA,195,E/F AO LAVA JATO DO ABILIO,ÁGUA FRIA,,,COLISÃO,SEM VÍTIMAS. VT 08 NO LOCAL.,1,1,,,,,,,,0,,,,,,,,,,,,,,,,,,
2018-09-14,09:43:00,SEM VÍTIMA,FINALIZADA,BOA VIAGEM,RUA DEZ DE JULHO,520,RUA VINTE DE JANEIRO,ESQUINA DA RUA VINTE DE JANEIRO NO SEMAFORO 572,RUA DEZ DE JULHO,520,ESQUINA DA RUA VINTE DE JANEIRO NO SEMAFORO 572,BOA VIAGEM,,,COLISÃO,COLISAO ENTRE DOIS AUTOS S/V,2,,,,,,,,,0,,,,,,,,,,,,,,,,,,
2018-09-14,09:47:00,SEM VÍTIMA,FINALIZADA,BOA VIAGEM,PRC GOVERNADOR PAULO GUERRA,,,NA DESCIDA DA PONTE DO PINA EM BAIXO DO SEMAFORO 661 EM FRENTE A COMPESA,PRC GOVERNADOR PAULO GUERRA,,NA DESCIDA DA PONTE DO PINA EM BAIXO DO SEMAFORO 661 EM FRENTE A COMPESA,BOA VIAGEM,,,COLISÃO,COLISÃO SEM VITIMAS,2,,,,,,,,,0,,,,,,,,,,,,,,,,,,
2018-09-14,09:54:00,SEM VÍTIMA,FINALIZADA,BEBERIBE,PRC DA CONVENCAO,,,EM FRENTE A IGREJA CATOLICA / SENT SUB,PRC DA CONVENCAO,,EM FRENTE A IGREJA CATOLICA / SENT SUB,BEBERIBE,,,COLISÃO,ONIBUS E AUTO,1,,,,,1,,,,0,,,,,,,,,,,,,,,,,,
2018-09-14,09:56:00,SEM VÍTIMA,FINALIZADA,DERBY,RUA HENRIQUE DIAS,609,,E/F A FUNDAÇÃO JOAQUIM NABUCO.,RUA HENRIQUE DIAS,609,E/F A FUNDAÇÃO JOAQUIM NABUCO.,DERBY,,,COLISÃO,SEM VÍTIMAS.,1,,,,,,1,,,0,,,,,,,,,,,,,,,,,,
2018-09-14,09:58:00,SEM VÍTIMA,FINALIZADA,BOA VIAGEM,AV ENGENHEIRO DOMINGOS FERREIRA,,,SEMAFORO 129 / LADO ESQUEDO,AV ENGENHEIRO DOMINGOS FERREIRA,,SEMAFORO 129 / LADO ESQUEDO,BOA VIAGEM,,,COLISÃO,DOIS AUTOS,2,,,,,,,,,0,,,,,,,,,,,,,,,,,,
2018-09-14,10:04:00,SEM VÍTIMA,FINALIZADA,CAXANGÁ,AV CAXANGA,,,SENTIDO SUBURBIO EM BAIXO DO SEMAFORO 281 NA ENTRADA DA VARZEA,AV CAXANGA,,SENTIDO SUBURBIO EM BAIXO DO SEMAFORO 281 NA ENTRADA DA VARZEA,CAXANGÁ,,,COLISÃO,COLISÃO SEM VITIMAS,2,,,,,,,,,0,,,,,,,,,,,,,,,,,,
2018-09-14,10:29:00,SEM VÍTIMA,CANCELADA,SÃO JOSÉ,AV SUL,1390,,SENTIDO PINA EM FRENTE A LOJA PORTELA,AV SUL,1390,SENTIDO PINA EM FRENTE A LOJA PORTELA,SÃO JOSÉ,,,COLISÃO,COLISÃO SEM VITIMAS,,,,,,,2,,,0,,,,,,,,,,,,,,,,,,
2018-09-14,10:47:00,SEM VÍTIMA,FINALIZADA,CASA AMARELA,COR DO BARTOLOMEU,,AV NORTE,DE ESQUINA COM A AV NORTE EM FRENTE A FARMACIA PAGUE MENOS E A LOJA BIKE NORTE,COR DO BARTOLOMEU,,DE ESQUINA COM A AV NORTE EM FRENTE A FARMACIA PAGUE MENOS E A LOJA BIKE NORTE,CASA AMARELA,,,COLISÃO,COLISÃO SEM VITIMAS,2,,,,,,,,,0,,,,,,,,,,,,,,,,,,
2018-09-14,11:03:00,SEM VÍTIMA,FINALIZADA,BAIRRO DO RECIFE,CAIS DO APOLO,,,APOS A PONTE DUARTE COELHO AO LADO DO BANCO DO BRASIL,CAIS DO APOLO,,APOS A PONTE DUARTE COELHO AO LADO DO BANCO DO BRASIL,BAIRRO DO RECIFE,,,COLISÃO,COLISÃO SEM VITIMAS,2,,,,,,,,,0,,,,,,,,,,,,,,,,,,
2018-09-14,11:05:00,SEM VÍTIMA,FINALIZADA,BOA VIAGEM,AV DOM JOAO VI,,,EM FRENTE AO COLEGIO GGE /,AV DOM JOAO VI,,EM FRENTE AO COLEGIO GGE /,BOA VIAGEM,,,COLISÃO,CARRETA E AUTO PÁSSEIO / O VEICULO CAIU NO CANAL,1,,,,,,1,,,0,,,,,,,,,,,,,,,,,,
2018-09-14,11:33:00,COM VÍTIMA,FINALIZADA,BOA VIAGEM,AV BOA VIAGEM,,,E/F AO QUIOSQUE 08,AV BOA VIAGEM,,E/F AO QUIOSQUE 08,BOA VIAGEM,,,COLISÃO,COLISAO ENTRE VEICULO E MOTO C/ VÍTIMA,1,1,,,,,,,,1,,,,,,,,,,,,,,,,,,
2018-09-14,11:34:00,COM VÍTIMA,FINALIZADA,ARRUDA,RUA PROFESSOR JERONIMO GUEIROS,,,EM BAIXO DO SEMAFORO 495 EM FRENTE A DISTRIBUIDORA DA COCA COLA,RUA PROFESSOR JERONIMO GUEIROS,,EM BAIXO DO SEMAFORO 495 EM FRENTE A DISTRIBUIDORA DA COCA COLA,ARRUDA,,,COLISÃO,COLISÃO COM VITIMA A ESPERA DO SAMU,2,,,,,,,,,1,,,,,,,,,,,,,,,,,,
2018-09-14,11:37:00,SEM VÍTIMA,FINALIZADA,ESPINHEIRO,AV JOAO DE BARROS,,,AO LADO DO EXTRA DA JOAO DE BARROS,AV JOAO DE BARROS,,AO LADO DO EXTRA DA JOAO DE BARROS,ESPINHEIRO,,,COLISÃO,COLISAP ENTRE TRES AUTOS S/V,3,,,,,,,,,0,,,,,,,,,,,,,,,,,,
2018-09-14,11:45:00,SEM VÍTIMA,FINALIZADA,BOA VISTA,AV MONTEVIDEU,,,NA SAIDA DA AGAMENON MAGALHAES EM FREBNTE AO BANCO BRADESCO,AV MONTEVIDEU,,NA SAIDA DA AGAMENON MAGALHAES EM FREBNTE AO BANCO BRADESCO,BOA VISTA,,,COLISÃO,COLISÃO SEM VITIMAS,2,,,,,,,,,0,,,,,,,,,,,,,,,,,,
2018-09-14,12:00:00,SEM VÍTIMA,CANCELADA,ESPINHEIRO,RUA ALFREDO DE MEDEIROS,,AV JOAO DE BARROS,CRUZ COM A AV JOÃO DE BARROS AO LADO DO POSTO DE GASOLINA SHELL,RUA ALFREDO DE MEDEIROS,,CRUZ COM A AV JOÃO DE BARROS AO LADO DO POSTO DE GASOLINA SHELL,ESPINHEIRO,,,COLISÃO,COLISÃO SEM VITIMAS,3,,,,,,,,,0,,,,,,,,,,,,,,,,,,
2018-09-14,12:05:00,SEM VÍTIMA,FINALIZADA,PORTO DA MADEIRA,AV BEBERIBE,,,EM FRENTE AO SEST SENAT,AV BEBERIBE,,EM FRENTE AO SEST SENAT,PORTO DA MADEIRA,,,COLISÃO,COLISÃO SEM VITIMAS,1,,,,,,1,,,0,,,,,,,,,,,,,,,,,,
2018-09-14,12:06:00,SEM VÍTIMA,CANCELADA,CASA AMARELA,AV NORTE,,,EM FRENTE A MATERNIDADE BARROS LIMA SENT. CIDADE,AV NORTE,,EM FRENTE A MATERNIDADE BARROS LIMA SENT. CIDADE,CASA AMARELA,,,COLISÃO,MOTO E AUTO,1,1,,,,,,,,0,,,,,,,,,,,,,,,,,,
2018-09-14,12:16:00,VÍTIMA FATAL,FINALIZADA,MANGABEIRA,RUA GUIMARAES PEIXOTO,,,SEMAFORO 096,RUA GUIMARAES PEIXOTO,,SEMAFORO 096,MANGABEIRA,,,COLISÃO,,,1,,,,,1,,,,2,,,,,,,,,,,,,,,,,
2018-09-14,12:20:00,SEM VÍTIMA,FINALIZADA,PRADO,RUA CARLOS GOMES,,,ESQUINA DO POSTO DISLUB,RUA CARLOS GOMES,,ESQUINA DO POSTO DISLUB,PRADO,,,COLISÃO,COLISAO ENTRE CAMINHAO E AUTO S/V,1,,,,,,1,,,0,,,,,,,,,,,,,,,,,,
2018-09-14,13:12:00,SEM VÍTIMA,CANCELADA,BOA VISTA,AV GOVERNADOR AGAMENON MAGALHAES,,,NA PISTA LOCAL, NA ENTRADA DO PARQUE AMORIM,AV GOVERNADOR AGAMENON MAGALHAES,,NA PISTA LOCAL, NA ENTRADA DO PARQUE AMORIM,BOA VISTA,,,COLISÃO,DOIS AUTOS S/V,2,,,,,,,,,0,,,,,,,,,,,,,,,,
2018-09-14,13:13:00,SEM VÍTIMA,FINALIZADA,ÁGUA FRIA,EST VELHA DE AGUA FRIA,,,EM FRENTE AO DENOC,EST VELHA DE AGUA FRIA,,EM FRENTE AO DENOC,ÁGUA FRIA,,,COLISÃO,COLISÃO SEM VITIMAS,2,,,,,,,,,0,,,,,,,,,,,,,,,,,,
2018-09-14,14:21:00,COM VÍTIMA,FINALIZADA,AFOGADOS,RUA COSME VIANA,,,EM FRENTE A TUPAM,RUA COSME VIANA,,EM FRENTE A TUPAM,AFOGADOS,,,COLISÃO,COLISAO ENVOLVENDO AUTO E MOTO,1,1,,,,,,,,1,,,,,,,,,,,,,,,,,,
2018-09-14,15:21:00,SEM VÍTIMA,CANCELADA,VÁRZEA,RUA GASTAO VIDIGAL,,,EM FRENTE AO POSTO VOLTA AO MUNDO, E A UPA, SENTIDO SUB,RUA GASTAO VIDIGAL,,EM FRENTE AO POSTO VOLTA AO MUNDO, E A UPA, SENTIDO SUB,VÁRZEA,,,COLISÃO,DOIS AUTOS,2,,,,,,,,,0,,,,,,,,,,,,,,
2018-09-14,16:09:00,COM VÍTIMA,FINALIZADA,CASA FORTE,AV DEZESSETE DE AGOSTO,,,PROX AO CPOR EM FRENTE AO LABORATORIO CERPE,AV DEZESSETE DE AGOSTO,,PROX AO CPOR EM FRENTE AO LABORATORIO CERPE,CASA FORTE,,,COLISÃO,COLISÃO COM VITIMA A ESPERA DO SAMU,1,1,,,,,,,,1,,,,,,,,,,,,,,,,,,
2018-09-14,16:14:00,SEM VÍTIMA,FINALIZADA,IMBIRIBEIRA,RUA ITAJAI,162,,PROX. A LOJA DRYFOR,RUA ITAJAI,162,PROX. A LOJA DRYFOR,IMBIRIBEIRA,,,COLISÃO,DOIS AUTOS,2,,,,,,,,,0,,,,,,,,,,,,,,,,,,
2018-09-14,16:30:00,SEM VÍTIMA,FINALIZADA,VASCO DA GAMA,RUA VASCO DA GAMA,,,PROX. A DELEGACIA DO VASCO DA GAMA,RUA VASCO DA GAMA,,PROX. A DELEGACIA DO VASCO DA GAMA,VASCO DA GAMA,,,COLISÃO,ONIBUS E AUTO,1,,,,,1,,,,0,,,,,,,,,,,,,,,,,,
2018-09-14,16:55:00,SEM VÍTIMA,FINALIZADA,AREIAS,AV DR JOSE RUFINO,1602,,PROX. AO POSTO SHELL, SENTIDO CENTRO,AV DR JOSE RUFINO,1602,PROX. AO POSTO SHELL, SENTIDO CENTRO,AREIAS,,,ENGAVETAMENTO,TRES AUTOS,3,,,,,,,,,0,,,,,,,,,,,,,,,,
2018-09-14,17:03:00,SEM VÍTIMA,FINALIZADA,COQUEIRAL,RUA ANANIAS CATANHO,,,,RUA ANANIAS CATANHO,,,COQUEIRAL,,,COLISÃO,ÔNIBUS X FIAT SIENA,1,,,,,1,,,,0,,,,,,,,,,,,,,,,,,
2018-09-14,17:08:00,SEM VÍTIMA,FINALIZADA,MADALENA,RUA ANTONIO VIEIRA,131,,PROX. AO BUFFET INFATIL ENCANTO KIDS,RUA ANTONIO VIEIRA,131,PROX. AO BUFFET INFATIL ENCANTO KIDS,MADALENA,,,COLISÃO,DOIS AUTOS,2,,,,,,,,,0,,,,,,,,,,,,,,,,,,
2018-09-14,17:23:00,SEM VÍTIMA,FINALIZADA,BOA VISTA,RUA JORNALISTA PAULO BITTENCOURT,155,,EM FRENTE AO GRUPO MAXIMO,RUA JORNALISTA PAULO BITTENCOURT,155,EM FRENTE AO GRUPO MAXIMO,BOA VISTA,,,COLISÃO,DOIS AUTOS S/V,2,,,,,,,,,0,,,,,,,,,,,,,,,,,,
2018-09-14,17:53:00,SEM VÍTIMA,FINALIZADA,TORRE,RUA JOSE BONIFACIO,,,E/F AO ATACADO DOS PRESENTES,RUA JOSE BONIFACIO,,E/F AO ATACADO DOS PRESENTES,TORRE,,,COLISÃO,ENTRE 2 AUTOS. S/V,2,,,,,,,,,0,,,,,,,,,,,,,,,,,,
2018-09-14,18:24:00,COM VÍTIMA,FINALIZADA,IMBIRIBEIRA,AV MARECHAL MASCARENHAS DE MORAES,,,JUNTO AO MURO DO AEROPORTO, SENTIDO JABOATÃO ( NO FINAL DO MURO),AV MARECHAL MASCARENHAS DE MORAES,,JUNTO AO MURO DO AEROPORTO, SENTIDO JABOATÃO ( NO FINAL DO MURO),IMBIRIBEIRA,,,COLISÃO COM CICLISTA,ATROPELAMENTO A UM CICLISTA,,,,1,,1,,,,1,,,,,,,,,,,,,,,,
2018-09-14,18:57:00,COM VÍTIMA,FINALIZADA,IPSEP,AV RECIFE,,,ENFRENTE AO POSTO PETROBRAS, SENTIDO AV RECIFE CAXANGÁ,AV RECIFE,,ENFRENTE AO POSTO PETROBRAS, SENTIDO AV RECIFE CAXANGÁ,IPSEP,,,COLISÃO,COLISÃO COM VÍTIMA, A VITIMA JA FOI LEVADA POLO SAMU,1,1,,,,,,,,1,,,,,,,,,,,,,,,
2018-09-14,18:59:00,SEM VÍTIMA,FINALIZADA,IMBIRIBEIRA,AV MARECHAL MASCARENHAS DE MORAES,,,E/F A UPA E MERCEDES BENZ,AV MARECHAL MASCARENHAS DE MORAES,,E/F A UPA E MERCEDES BENZ,IMBIRIBEIRA,,,COLISÃO,ENTRE AUTO E CAMINHÃO. S/V,1,,,,,,1,,,0,,,,,,,,,,,,,,,,,,
2018-09-14,19:06:00,SEM VÍTIMA,FINALIZADA,IMBIRIBEIRA,AV MARECHAL MASCARENHAS DE MORAES,,,ANTES DO VIADUTO TANCREDO NEVES, ENFRENTE AO TOYOLET, SENTIDO CIDADE,AV MARECHAL MASCARENHAS DE MORAES,,ANTES DO VIADUTO TANCREDO NEVES, ENFRENTE AO TOYOLET, SENTIDO CIDADE,IMBIRIBEIRA,,,COLISÃO,COLISÃO SEM VITIMAS,1,,,,,1,,,,0,,,,,,,,,,,,,,
2018-09-14,19:40:00,SEM VÍTIMA,FINALIZADA,SÃO JOSÉ,RUA DO PEIXOTO,,,PRÓX AO GALO DA MADRUGADA / E/-F AO JOSÉ LEMOS VASCONCELOS,RUA DO PEIXOTO,,PRÓX AO GALO DA MADRUGADA / E/-F AO JOSÉ LEMOS VASCONCELOS,SÃO JOSÉ,,,COLISÃO,ENTRE ÕNIBUS E MOTO. S/V,,1,,,,1,,,,0,,,,,,,,,,,,,,,,,,