data,hora,natureza_acidente,situacao,bairro,endereco,numero,detalhe_endereco_acidente,complemento,endereco_cruzamento,numero_cruzamento,referencia_cruzamento,bairro_cruzamento,num_semaforo,sentido_via,tipo,descricao,auto,moto,ciclom,ciclista,pedestre,onibus,caminhao,viatura,outros,vitimas,vitimasfatais,acidente_verificado,tempo_clima,situacao_semaforo,sinalizacao,condicao_via,conservacao_via,ponto_controle,situacao_placa,velocidade_max_via,mao_direcao,divisao_via1,divisao_via2,divisao_via3,,,,
2018-09-14,21:43:00,SEM VÍTIMA,FINALIZADA,SÃO JOSÉ,RUA FLORIANO PEIXOTO,,,ESTAÇÃO DE TREM DO RECIFE, APOS A CASA DA CULTURA,RUA FLORIANO PEIXOTO,,ESTAÇÃO DE TREM DO RECIFE, APOS A CASA DA CULTURA,SÃO JOSÉ,,,COLISÃO,COLISÃO SEM VITIMAS,1,,,,,,1,,,0,,,,,,,,,,,,,,,,
2018-09-14,21:44:00,SEM VÍTIMA,CANCELADA,JARDIM SÃO PAULO,AV CENTRAL,,,E/F A ESTAÇÃO DE METRÔ WERNECK,AV CENTRAL,,E/F A ESTAÇÃO DE METRÔ WERNECK,JARDIM SÃO PAULO,,,COLISÃO,ENTRE AUTO PASSEIO E ÔNIBUS. S/V,1,,,,,1,,,,0,,,,,,,,,,,,,,,,,,
2018-09-14,22:14:00,COM VÍTIMA,FINALIZADA,BOMBA DO HEMETÉRIO,RUA MUCURI,,,APOS A FUNERARIA CANAÃ,RUA MUCURI,,APOS A FUNERARIA CANAÃ,BOMBA DO HEMETÉRIO,,,COLISÃO,COLISÃO COM VITIMA,1,1,,,,,,,,1,,,,,,,,,,,,,,,,,,
2018-09-14,22:22:00,SEM VÍTIMA,CANCELADA,BOA VIAGEM,RUA ERNESTO DE PAULA SANTOS,,,ESQUINA DO POSTO SETTA,RUA ERNESTO DE PAULA SANTOS,,ESQUINA DO POSTO SETTA,BOA VIAGEM,,,COLISÃO,COLISÃO SEM VITIMAS,2,,,,,,,,,0,,,,,,,,,,,,,,,,,,
2018-09-15,01:20:00,SEM VÍTIMA,CANCELADA,ESTÂNCIA,AV RECIFE,,RUA MARQUES DE ITANHAEM,CRUZAMENTO COM A RUA MARQUÊS DE ITANHAÉM, EM FRENTE AO BAR MAMELUCO, PROX DO POSTO TOTAL, SENTIDO ABDIAS DE CARVALHO,AV RECIFE,,CRUZAMENTO COM A RUA MARQUÊS DE ITANHAÉM, EM FRENTE AO BAR MAMELUCO, PROX DO POSTO TOTAL, SENTIDO ABDIAS DE CARVALHO,ESTÂNCIA,,,COLISÃO,COLISÃO ENTRE DOIS AUTOS S/V,2,,,,,,,,,0,,,,,,,,,,,,
2018-09-15,08:36:00,SEM VÍTIMA,FINALIZADA,SANTO ANTÔNIO,PRC DA REPUBLICA,,,AO LADO DO TEATRO SANTA ISABEL EM FRENTE A CAIXA ECONOMICA,PRC DA REPUBLICA,,AO LADO DO TEATRO SANTA ISABEL EM FRENTE A CAIXA ECONOMICA,SANTO ANTÔNIO,,,CAPOTAMENTO,COLISÃO EM SEGUIDA DE CAPOTAMENTO SEM VITIMAS,2,,,,,,,,,0,,,,,,,,,,,,,,,,,,
2018-09-15,09:07:00,SEM VÍTIMA,FINALIZADA,MADALENA,RUA DEMOCRITO DE SOUZA FILHO,477,,E/F AO EDF. BOSQUE DE BOULOGNE,RUA DEMOCRITO DE SOUZA FILHO,477,E/F AO EDF. BOSQUE DE BOULOGNE,MADALENA,,,COLISÃO,SEM VÍTIMAS.,2,,,,,,,,,0,,,,,,,,,,,,,,,,,,
2018-09-15,09:22:00,SEM VÍTIMA,CANCELADA,CORDEIRO,RUA DES VIRGILIO DE SA PEREIRA,32,,AO LADO DO LABORATORIO CERPE E AO EDFICIO FREIXO,RUA DES VIRGILIO DE SA PEREIRA,32,AO LADO DO LABORATORIO CERPE E AO EDFICIO FREIXO,CORDEIRO,,,COLISÃO,COLISÃO SEM VITIMAS,3,,,,,,,,,0,,,,,,,,,,,,,,,,,,
2018-09-15,09:31:00,SEM VÍTIMA,FINALIZADA,IMBIRIBEIRA,AV MARECHAL MASCARENHAS DE MORAES,,,EM FRENTE A UPA, SENT. AFOGADOS,AV MARECHAL MASCARENHAS DE MORAES,,EM FRENTE A UPA, SENT. AFOGADOS,IMBIRIBEIRA,,,COLISÃO,DOIS AUTOS,2,,,,,,,,,0,,,,,,,,,,,,,,,,
2018-09-15,09:32:00,SEM VÍTIMA,FINALIZADA,NOVA DESCOBERTA,RUA NOVA DESCOBERTA,260,,RESIDENCIA APOS O LARGO DONA REGINA,RUA NOVA DESCOBERTA,260,RESIDENCIA APOS O LARGO DONA REGINA,NOVA DESCOBERTA,,,COLISÃO,COLISÃO SEM VITIMAS,1,,,,,,1,,,0,,,,,,,,,,,,,,,,,,
2018-09-15,10:05:00,COM VÍTIMA,FINALIZADA,TAMARINEIRA,RUA CONEGO BARATA,671,,SENTIDO DENOC DE ESQUINA COM A PADARIA MANÁ,RUA CONEGO BARATA,671,SENTIDO DENOC DE ESQUINA COM A PADARIA MANÁ,TAMARINEIRA,,,COLISÃO,COLISÃO COM VITIMA,1,1,,,,,,,,1,,,,,,,,,,,,,,,,,,
2018-09-15,10:03:00,COM VÍTIMA,FINALIZADA,ENCRUZILHADA,AV BEBERIBE,XX,,EM FRENTE AO BANCO DO BRASIL / SEMÁFORO 238,AV BEBERIBE,XX,EM FRENTE AO BANCO DO BRASIL / SEMÁFORO 238,ENCRUZILHADA,,,COLISÃO,COLISÃO COM VÍTIMA,1,1,,,,,,,,2,,,,,,,,,,,,,,,,,,
2018-09-15,10:52:00,COM VÍTIMA,FINALIZADA,BOA VIAGEM,AV CONSELHEIRO AGUIAR,,RUA TOME GIBSON,COM RUA TOME GIBSON E/F A PADARIA MIRA MAR,AV CONSELHEIRO AGUIAR,,COM RUA TOME GIBSON E/F A PADARIA MIRA MAR,BOA VIAGEM,,,COLISÃO,COLISAO ENTRE AUTO E MOTO COM UMA VITIMA,1,1,,,,,,,,1,,,,,,,,,,,,,,,,,,
2018-09-15,10:55:00,SEM VÍTIMA,FINALIZADA,TAMARINEIRA,RUA JOSE DE VASCONCELOS,,,AO LADO DO COLEGIO ANGULO,RUA JOSE DE VASCONCELOS,,AO LADO DO COLEGIO ANGULO,TAMARINEIRA,,,COLISÃO,DOIS AUTOS,2,,,,,,,,,0,,,,,,,,,,,,,,,,,,
2018-09-15,11:29:00,SEM VÍTIMA,CANCELADA,MADALENA,RUA DAVINO PONTUAL,570,,AO LADO DA DI BRANCO BUFFET E RECEPÇOES,RUA DAVINO PONTUAL,570,AO LADO DA DI BRANCO BUFFET E RECEPÇOES,MADALENA,,,COLISÃO,COLISAO ENTRE AUTO E CAMINHAO S/V,1,,,,,,1,,,0,,,,,,,,,,,,,,,,,,
2018-09-15,12:20:00,SEM VÍTIMA,FINALIZADA,AFOGADOS,AV SUL,2372,,APOS A PONTE MOTOCOLOMBO PROX A ESTAÇAO DO METRO,AV SUL,2372,APOS A PONTE MOTOCOLOMBO PROX A ESTAÇAO DO METRO,AFOGADOS,,,COLISÃO,COLISAO ENTRE CAMINHAO E AUTO S/V,1,,,,,,1,,,0,,,,,,,,,,,,,,,,,,
2018-09-15,12:07:00,SEM VÍTIMA,FINALIZADA,GRAÇAS,RUA PAULINO GOMES DE SOUZA,181,,NA LATERAL AO COLEGIO SAO LUIZ,RUA PAULINO GOMES DE SOUZA,181,NA LATERAL AO COLEGIO SAO LUIZ,GRAÇAS,,,COLISÃO,COLISAO ENTRE DOIS AUTOS S/V,2,,,,,,,,,0,,,,,,,,,,,,,,,,,,
2018-09-15,12:27:00,SEM VÍTIMA,FINALIZADA,DERBY,AV GOVERNADOR AGAMENON MAGALHAES,,RUA JOAQUIM NABUCO,COM RUA JOAQUIM NABUCO AO LADO DO HOSPITAL DA RESTAURAÇÃO,AV GOVERNADOR AGAMENON MAGALHAES,,COM RUA JOAQUIM NABUCO AO LADO DO HOSPITAL DA RESTAURAÇÃO,DERBY,,,COLISÃO,COLISAO ENTRE TRES AUTOS S/V,3,,,,,,,,,0,,,,,,,,,,,,,,,,,,
2018-09-15,12:31:00,SEM VÍTIMA,FINALIZADA,VASCO DA GAMA,RUA ALTO 13 DE MAIO,1086,,EM FRENTE AO TERMINAL DO ALTO 13 DE MAIO,RUA ALTO 13 DE MAIO,1086,EM FRENTE AO TERMINAL DO ALTO 13 DE MAIO,VASCO DA GAMA,,,COLISÃO,COLISÃO SEM VÍTIMA,1,,,,,1,,,,0,,,,,,,,,,,,,,,,,,
2018-09-15,12:43:00,SEM VÍTIMA,FINALIZADA,ENGENHO DO MEIO,RUA GOVERNADOR LOPO GARRO,353,,EM FRENTE AO EDIFICIO PARQUE DOS NOBRES,RUA GOVERNADOR LOPO GARRO,353,EM FRENTE AO EDIFICIO PARQUE DOS NOBRES,ENGENHO DO MEIO,,,COLISÃO,COLISÃO SEM VÍTIMA,2,,,,,,,,,0,,,,,,,,,,,,,,,,,,
2018-09-15,13:39:00,SEM VÍTIMA,FINALIZADA,BEBERIBE,AV BEBERIBE,,,ENFRENTE A ARENA,AV BEBERIBE,,ENFRENTE A ARENA,BEBERIBE,,,COLISÃO,COLISÃO SEM VÍTIMA,1,1,,,,,,,,0,,,,,,,,,,,,,,,,,,
2018-09-15,13:47:00,SEM VÍTIMA,FINALIZADA,IBURA,AV SAO PAULO,,,NO TERMINAL DE TRES CARNEIRO ALTO,AV SAO PAULO,,NO TERMINAL DE TRES CARNEIRO ALTO,IBURA,,,COLISÃO,COLISAO ENTRE ONIBUS E AUTO S/V,1,,,,,,,,,0,,,,,,,,,,,,,,,,,,
2018-09-15,14:00:00,SEM VÍTIMA,FINALIZADA,CAXANGÁ,AV CAXANGA,,,LADO OPOSTO DA UPA/ SENTIDO CIDADE E NA ENTRADA PADRE CICERO,AV CAXANGA,,LADO OPOSTO DA UPA/ SENTIDO CIDADE E NA ENTRADA PADRE CICERO,CAXANGÁ,,,COLISÃO,COLISÃO SEM VÍTIMA,1,,,,,1,,,,0,,,,,,,,,,,,,,,,,,
2018-09-15,14:09:00,SEM VÍTIMA,FINALIZADA,GRAÇAS,RUA MONSENHOR AMBROZINO LEITE,130,,E/F AO CENTRO DE ASSISTENCIA SOCIAL DA POLICIA,RUA MONSENHOR AMBROZINO LEITE,130,E/F AO CENTRO DE ASSISTENCIA SOCIAL DA POLICIA,GRAÇAS,,,COLISÃO,COLISAO ENTRE DOIS AUTOS S/V,2,,,,,,,,,0,,,,,,,,,,,,,,,,,,
2018-09-15,14:21:00,SEM VÍTIMA,CANCELADA,NOVA DESCOBERTA,RUA NOVA DESCOBERTA,390,,IGREJA ASSEMBLEI ADE DEUS, SENTIDO NOVA DESCOBERTA,RUA NOVA DESCOBERTA,390,IGREJA ASSEMBLEI ADE DEUS, SENTIDO NOVA DESCOBERTA,NOVA DESCOBERTA,,,COLISÃO,COLISÃO SEM VÍTIMA,1,1,,,,,,,,0,,,,,,,,,,,,,,,,
2018-09-15,14:38:00,COM VÍTIMA,FINALIZADA,AFOGADOS,RUA NICOLAU PEREIRA,,,EM BAIXO DO PONTILHAO,RUA NICOLAU PEREIRA,,EM BAIXO DO PONTILHAO,AFOGADOS,,,ATROPELAMENTO,ATROPELAMENTO COM DOIS PEDESTRE E MOTO VT 15 NO LOCAL,,1,,,1,,,,,2,,,,,,,,,,,,,,,,,,
2018-09-15,15:34:00,SEM VÍTIMA,FINALIZADA,BRASÍLIA TEIMOSA,RUA JOAO MARQUES DOS ANJOS,48,,PROXIMO AO JCPM,RUA JOAO MARQUES DOS ANJOS,48,PROXIMO AO JCPM,BRASÍLIA TEIMOSA,,,COLISÃO,COLISÃO SEM VÍTIMA,2,,,,,,,,,0,,,,,,,,,,,,,,,,,,
2018-09-15,15:39:00,SEM VÍTIMA,FINALIZADA,SANTO AMARO,AV JOAO DE BARROS,,,EM BAIXO DO VIADUTO, DA JOÃO DE BARROS...JUNTO A PATRULHA DA LEI SECA,AV JOAO DE BARROS,,EM BAIXO DO VIADUTO, DA JOÃO DE BARROS...JUNTO A PATRULHA DA LEI SECA,SANTO AMARO,,,COLISÃO,COLISÃO SEM VÍTIMA,2,,,,,,,,,0,,,,,,,,,,,,,,,,
2018-09-15,15:56:00,SEM VÍTIMA,FINALIZADA,SÃO JOSÉ,RUA SAO JOAO,,RUA VIDAL DE NEGREIROS,NO CRUZAMENTO DA SÃO JOÃO COM A VIDAL DE NEGREIROS,RUA SAO JOAO,,NO CRUZAMENTO DA SÃO JOÃO COM A VIDAL DE NEGREIROS,SÃO JOSÉ,,,COLISÃO,COLISÃO SEM VÍTIMA,2,,,,,,,,,0,,,,,,,,,,,,,,,,,,
2018-09-15,17:18:00,COM VÍTIMA,FINALIZADA,IPUTINGA,RUA MAURICIO DE NASSAU,,,EM FRENTE A PADARIA ATLANTICA,RUA MAURICIO DE NASSAU,,EM FRENTE A PADARIA ATLANTICA,IPUTINGA,,,COLISÃO,COLISÃO COM VÍTIMA,1,1,,,,,,,,1,,,,,,,,,,,,,,,,,,
2018-09-15,17:26:00,SEM VÍTIMA,CANCELADA,IMBIRIBEIRA,RUA JOAQUIM BANDEIRA,,,NA FRENTE A ANATEL,RUA JOAQUIM BANDEIRA,,NA FRENTE A ANATEL,IMBIRIBEIRA,,,COLISÃO,COLISÃO SEM VÍTIMA,1,1,,,,,,,,0,,,,,,,,,,,,,,,,,,
2018-09-15,17:35:00,SEM VÍTIMA,CANCELADA,TEJIPIÓ,AV DR JOSE RUFINO,,,E/F AO ARMAZEM CORAL,AV DR JOSE RUFINO,,E/F AO ARMAZEM CORAL,TEJIPIÓ,,,COLISÃO,COLISAO ENTRE DOIS AUTOS S/V,2,,,,,,,,,0,,,,,,,,,,,,,,,,,,
2018-09-15,18:09:00,SEM VÍTIMA,FINALIZADA,,AV SUL,,,NA ENTRADA PARA O CABANGA,AV SUL,,NA ENTRADA PARA O CABANGA,,,,COLISÃO,COLISÃO SEM VÍTIMA,,,,,,2,,,,0,,,,,,,,,,,,,,,,,,
2018-09-15,18:51:00,SEM VÍTIMA,FINALIZADA,SANTO AMARO,RUA MONTE CARMELO,,,PROX. AO OSWLADO CRUZ,RUA MONTE CARMELO,,PROX. AO OSWLADO CRUZ,SANTO AMARO,,,COLISÃO,COLISÃO SEM VÍTIMA,2,,,,,,,,,0,,,,,,,,,,,,,,,,,,
2018-09-15,20:25:00,COM VÍTIMA,FINALIZADA,AFOGADOS,RUA VINTE E UM DE ABRIL,122,,PROX A MASTERBOI // E FABRICA DA PIPOCA,RUA VINTE E UM DE ABRIL,122,PROX A MASTERBOI // E FABRICA DA PIPOCA,AFOGADOS,,,COLISÃO COM CICLISTA,FOX X CICLISTA,1,,,1,,,,,,1,,,,,,,,,,,,,,,,,,
2018-09-15,20:38:00,SEM VÍTIMA,FINALIZADA,BOA VIAGEM,RUA ERNESTO DE PAULA SANTOS,,,PROX. AO POSTO BR, LADO ESQUERDO DA VIA SENTIDO BOA VIAGEM,RUA ERNESTO DE PAULA SANTOS,,PROX. AO POSTO BR, LADO ESQUERDO DA VIA SENTIDO BOA VIAGEM,BOA VIAGEM,,,COLISÃO,COLISÃO SEM VÍTIMA,2,,,,,,,,,0,,,,,,,,,,,,,,,,
2018-09-15,21:38:00,SEM VÍTIMA,FINALIZADA,ENGENHO DO MEIO,AV MARIO ALVARES PEREIRA DE LYRA,,,NO CANAL DO CAVOCO, SENTIDO CAXANGA,AV MARIO ALVARES PEREIRA DE LYRA,,NO CANAL DO CAVOCO, SENTIDO CAXANGA,ENGENHO DO MEIO,,,COLISÃO,COLISÃO SEM VÍTIMA,2,,,,,,,,,0,,,,,,,,,,,,,,,,
2018-09-15,21:51:00,SEM VÍTIMA,FINALIZADA,SANTO AMARO,AV GOVERNADOR AGAMENON MAGALHAES,,,PROX AO POSTO DISLUB SENTIDO OLINDA PISTA LOCAL // PROX AO CRUZAMENTO DA RUA ODORICO MENDES,AV GOVERNADOR AGAMENON MAGALHAES,,PROX AO POSTO DISLUB SENTIDO OLINDA PISTA LOCAL // PROX AO CRUZAMENTO DA RUA ODORICO MENDES,SANTO AMARO,,,COLISÃO,ETIOS X GOL,2,,,,,,,,,0,,,,,,,,,,,,,,,,,,
2018-09-15,21:53:00,SEM VÍTIMA,CANCELADA,DOIS IRMÃOS,RUA GUADALUPE,,,PROX. A LAFEPE,RUA GUADALUPE,,PROX. A LAFEPE,DOIS IRMÃOS,,,COLISÃO,COLISÃO SEM VITIMAS,1,,,,,1,,,,0,,,,,,,,,,,,,,,,,,
2018-09-16,00:17:00,SEM VÍTIMA,CANCELADA,CAXANGÁ,AV CAXANGA,,RUA GASTAO VIDIGAL,CRUZAMENTO COM A RUA GASTÃO VIDIGAL, EM FRENTE A UPA DA CAXANGÁ,AV CAXANGA,,CRUZAMENTO COM A RUA GASTÃO VIDIGAL, EM FRENTE A UPA DA CAXANGÁ,CAXANGÁ,,,COLISÃO,COLISÃO ENTRE DOIS AUTOS S/V,2,,,,,,,,,0,,,,,,,,,,,,,,,,
2018-09-16,00:54:00,COM VÍTIMA,FINALIZADA,ARRUDA,AV BEBERIBE,,RUA SÃO BENTO,CRUZAMENTO COM A RUA SÃO BENTO, SEMAFOR 064,AV BEBERIBE,,CRUZAMENTO COM A RUA SÃO BENTO, SEMAFOR 064,ARRUDA,,,COLISÃO,COLISÃO ENTRE DOIS AUTOS C/V,2,,,,,,,,,1,,,,,,,,,,,,,,,,
2018-09-16,02:14:00,SEM VÍTIMA,FINALIZADA,NOVA DESCOBERTA,RUA ALTO DAS PEDRINHAS,56,,PRÓX AO CLUBE INDEPENDÊNCIA, PRÓX AO EDUCANDÁRIO LIMA,RUA ALTO DAS PEDRINHAS,56,PRÓX AO CLUBE INDEPENDÊNCIA, PRÓX AO EDUCANDÁRIO LIMA,NOVA DESCOBERTA,,,CHOQUE,VEÍCULO CHOCOU-SE CONTRA ALGUMAS CASAS.,1,,,,,,,,,0,,,,,,,,,,,,,,,,
2018-09-16,06:23:00,SEM VÍTIMA,FINALIZADA,IPSEP,RUA JEAN EMILE FAVRE,1774,,NO SEMAFORO 130, EM FRENTE A PADARIA VILA DO PAO,RUA JEAN EMILE FAVRE,1774,NO SEMAFORO 130, EM FRENTE A PADARIA VILA DO PAO,IPSEP,,,COLISÃO,DOIS AUTOS,2,,,,,,,,,0,,,,,,,,,,,,,,,,
2018-09-16,09:17:00,COM VÍTIMA,FINALIZADA,IBURA,RUA RIO XINGU,621,,,RUA RIO XINGU,621,,IBURA,,,COLISÃO,HONDA 300 X FIAT/UNO,1,1,,,,,,,,1,,,,,,,,,,,,,,,,,,
2018-09-16,10:01:00,SEM VÍTIMA,FINALIZADA,BOA VIAGEM,RUA PADRE CARAPUCEIRO,,RUA EDSON RAMALHO,CRUZ COM A RUA EDSON RAMALHO,RUA PADRE CARAPUCEIRO,,CRUZ COM A RUA EDSON RAMALHO,BOA VIAGEM,,,COLISÃO,VAN E UM AUTO PASSEIO VT 31 NO QTH,1,,,,,1,,,,0,,,,,,,,,,,,,,,,,,
2018-09-16,13:17:00,SEM VÍTIMA,FINALIZADA,ILHA DO RETIRO,AV ENGENHEIRO ABDIAS DE CARVALHO,,,NO SEMÁFORO 052/ SENTIDO CIDADE,AV ENGENHEIRO ABDIAS DE CARVALHO,,NO SEMÁFORO 052/ SENTIDO CIDADE,ILHA DO RETIRO,,,COLISÃO,COLISÃO SEM VÍTIMA,2,,,,,,,,,0,,,,,,,,,,,,,,,,,,
2018-09-16,13:48:00,SEM VÍTIMA,FINALIZADA,SÃO JOSÉ,AV SUL,,,SEMAFORO 311, PROX. A PRAÇA SERGION LORETO,AV SUL,,SEMAFORO 311, PROX. A PRAÇA SERGION LORETO,SÃO JOSÉ,,,COLISÃO,AUTO E ONIBUS ,1,,,,,1,,,,0,,,,,,,,,,,,,,,,
2018-09-16,13:51:00,SEM VÍTIMA,FINALIZADA,BOA VIAGEM,AV FERNANDO SIMOES BARBOSA,,,PISTA QUE DA CONTINUIDADE DA VIA MANGUE, SENTIDO BOA VIAGEM,AV FERNANDO SIMOES BARBOSA,,PISTA QUE DA CONTINUIDADE DA VIA MANGUE, SENTIDO BOA VIAGEM,BOA VIAGEM,,,COLISÃO,DOIS AUTOS S/V,2,,,,,,,,,0,,,,,,,,,,,,,,,,
2018-09-16,15:19:00,COM VÍTIMA,FINALIZADA,AFOGADOS,RUA MOTOCOLOMBO,190,,APOS A IGREJA DE AFOGADOS, SENTIDO BOA VIAGEM,RUA MOTOCOLOMBO,190,APOS A IGREJA DE AFOGADOS, SENTIDO BOA VIAGEM,AFOGADOS,,,COLISÃO,COLISAO AUTO E MOTO COM VITIMA,1,1,,,,,,,,1,,,,,,,,,,,,,,,,
2018-09-16,15:42:00,COM VÍTIMA,FINALIZADA,DERBY,AV GOVERNADOR AGAMENON MAGALHAES,,,APÓS O BANCO DO BRASIL E PROXIMOA DROGASIL/ SENTIDO OLINDA,AV GOVERNADOR AGAMENON MAGALHAES,,APÓS O BANCO DO BRASIL E PROXIMOA DROGASIL/ SENTIDO OLINDA,DERBY,,,COLISÃO,COLISÃO COM VÍTIMA,1,1,,,,,,,,1,,,,,,,,,,,,,,,,,,
2018-09-16,15:52:00,SEM VÍTIMA,FINALIZADA,BOA VIAGEM,RUA RIBEIRO DE BRITO,,,SEMAFORO 332,RUA RIBEIRO DE BRITO,,SEMAFORO 332,BOA VIAGEM,,,COLISÃO,DOIS AUTOS S/V,2,,,,,,,,,0,,,,,,,,,,,,,,,,,,
2018-09-16,16:20:00,SEM VÍTIMA,FINALIZADA,AFLITOS,RUA QUARENTA E OITO,260,,EM FRENTE A GALERIA CENTER 48,RUA QUARENTA E OITO,260,EM FRENTE A GALERIA CENTER 48,AFLITOS,,,COLISÃO,DOIS AUTOS S/V,2,,,,,,,,,0,,,,,,,,,,,,,,,,,,
2018-09-16,16:34:00,COM VÍTIMA,FINALIZADA,ESTÂNCIA,AV DR JOSE RUFINO,,,APOS O COLEGIO VISAO, SENTIDO SUB, EM FRENTE A PADARIA SITIENCE,AV DR JOSE RUFINO,,APOS O COLEGIO VISAO, SENTIDO SUB, EM FRENTE A PADARIA SITIENCE,ESTÂNCIA,,,COLISÃO,AUTO E MOTO C/V,1,1,,,,,,,,1,,,,,,,,,,,,,,
2018-09-16,18:21:00,SEM VÍTIMA,FINALIZADA,BOMBA DO HEMETÉRIO,RUA ARLINDO CISNEIRO,42,,AO LADO DO ARMAZEM OLIVEIRA , CRECHE AME AS CRIANÇAS,RUA ARLINDO CISNEIRO,42,AO LADO DO ARMAZEM OLIVEIRA , CRECHE AME AS CRIANÇAS,BOMBA DO HEMETÉRIO,,,COLISÃO,TRES AUTOS,3,,,,,,,,,0,,,,,,,,,,,,,,,,
2018-09-16,19:04:00,COM VÍTIMA,FINALIZADA,BOA VISTA,,,,PONTE BUARTE DE MACEDO, SENTIDO MARCO ZERO,,,PONTE BUARTE DE MACEDO, SENTIDO MARCO ZERO,BOA VISTA,,,ACID. DE PERCURSO,COLISÃO COM VITIMA/ VITIMA AGUARDANDO ATENDIMENTO NO LOCAL,,1,,,,,,,,1,,,,,,,,,,,,,,,,
2018-09-16,19:15:00,SEM VÍTIMA,FINALIZADA,BOA VISTA,AV GOVERNADOR AGAMENON MAGALHAES,S/N,,PROXIMO AO COLÉGIO AMERICANO BATISTA,AV GOVERNADOR AGAMENON MAGALHAES,S/N,PROXIMO AO COLÉGIO AMERICANO BATISTA,BOA VISTA,,,COLISÃO,PROXIMO AO WAL MART (ANTINGO BOMPREÇO ),,,,,,,,,,0,,,,,,,,,,,,,,,,,,
2018-09-16,21:09:00,SEM VÍTIMA,FINALIZADA,DERBY,RUA BARAO DE GOIANA,,RUA AMAURI DE MEDEIROS,CRUZAMENTO COM A RUA AMAURI DE MEDEIROS,RUA BARAO DE GOIANA,,CRUZAMENTO COM A RUA AMAURI DE MEDEIROS,DERBY,,,COLISÃO,DOIS AUTOS OBS:: VT 17 DA CTTU ESTA NO LOCAL,2,,,,,,,,,0,,,,,,,,,,,,,,,,,,
2018-09-16,23:30:00,COM VÍTIMA,FINALIZADA,CIDADE UNIVERSITÁRIA,RUA ABATIA,295,,ENF AO SUPERMERCADO RIO CLARO,RUA ABATIA,295,ENF AO SUPERMERCADO RIO CLARO,CIDADE UNIVERSITÁRIA,,,ATROPELAMENTO,HB 20 X PEDESTRE,1,,,,1,,,,,1,,,,,,,,,,,,,,,,,,
2018-09-17,07:36:00,SEM VÍTIMA,FINALIZADA,PINA,AV ANTONIO DE GOES,,,EM FRENTE AO DNIT, LADO OPOSTO,AV ANTONIO DE GOES,,EM FRENTE AO DNIT, LADO OPOSTO,PINA,,,COLISÃO,DOIS AUTOS S/V,2,,,,,,,,,0,,,,,,,,,,,,,,,,
2018-09-17,07:42:00,SEM VÍTIMA,FINALIZADA,CAXANGÁ,RUA MANOEL JOAQUIM DE ALMEIDA,,AV CAXANGA,COM AV CAXANGA NO SEMAFORO 533 VT 05 NO LOCAL,RUA MANOEL JOAQUIM DE ALMEIDA,,COM AV CAXANGA NO SEMAFORO 533 VT 05 NO LOCAL,CAXANGÁ,,,COLISÃO,COLISAO ENTRE AUTO E MOTO S/V,1,1,,,,,,,,0,,,,,,,,,,,,,,,,,,
2018-09-17,08:03:00,COM VÍTIMA,FINALIZADA,GUABIRABA,AV DA RECUPERACAO,1470,,EM FRENTE A MOLAS BOM JESUS,AV DA RECUPERACAO,1470,EM FRENTE A MOLAS BOM JESUS,GUABIRABA,,,COLISÃO,DUAS MOTOS,,2,,,,,,,,2,,,,,,,,,,,,,,,,,,
2018-09-17,08:06:00,SEM VÍTIMA,FINALIZADA,BOA VIAGEM,RUA MINISTRO NELSON HUNGRIA,300,,EM FRENTE AO EDF GOLDEN VIEW,RUA MINISTRO NELSON HUNGRIA,300,EM FRENTE AO EDF GOLDEN VIEW,BOA VIAGEM,,,COLISÃO,DOIS AUTOS,2,,,,,,,,,0,,,,,,,,,,,,,,,,,,
2018-09-17,08:21:00,SEM VÍTIMA,FINALIZADA,BOA VIAGEM,RUA SETUBAL,156,RUA BARAO DE SOUZA LEAO,COM A RUA BARÃO DE SOUZA LEAO E/F A PRACINHA DE BOA VIAGEM,RUA SETUBAL,156,COM A RUA BARÃO DE SOUZA LEAO E/F A PRACINHA DE BOA VIAGEM,BOA VIAGEM,,,COLISÃO,COLISAO ENTRE CAMINHAO E AUTO S/V,1,,,,,,1,,,0,,,,,,,,,,,,,,,,,,
2018-09-17,08:28:00,SEM VÍTIMA,FINALIZADA,SANTO AMARO,AV CRUZ CABUGA,343,,E/F A FACULDADE FAMA S/T CID,AV CRUZ CABUGA,343,E/F A FACULDADE FAMA S/T CID,SANTO AMARO,,,COLISÃO,COLISAO ENTRE AUTO E ONIBUS S/V,1,,,,,1,,,,0,,,,,,,,,,,,,,,,,,
2018-09-17,08:39:00,SEM VÍTIMA,FINALIZADA,CAXANGÁ,AV CAXANGA,5775,,E/F AO POSTO DA CAXANGA VT 14 NO LOCAL,AV CAXANGA,5775,E/F AO POSTO DA CAXANGA VT 14 NO LOCAL,CAXANGÁ,,,COLISÃO,COLISAO ENTRE DOIS AUTOS S/V,2,,,,,,,,,0,,,,,,,,,,,,,,,,,,
2018-09-17,08:51:00,SEM VÍTIMA,FINALIZADA,CASA AMARELA,EST DO ARRAIAL,,,SEMAF 074 / SENT SUB,EST DO ARRAIAL,,SEMAF 074 / SENT SUB,CASA AMARELA,,,COLISÃO,ONIBUS E AUTO,1,,,,,1,,,,0,,,,,,,,,,,,,,,,,,
2018-09-17,09:01:00,SEM VÍTIMA,FINALIZADA,NOVA DESCOBERTA,RUA NOVA DESCOBERTA,,,E/F FEIRA DE NOVA DESCOBERTA,RUA NOVA DESCOBERTA,,E/F FEIRA DE NOVA DESCOBERTA,NOVA DESCOBERTA,,,COLISÃO,COLISAO ENTRE AUTO E ONIBUS S/V,1,,,,,1,,,,0,,,,,,,,,,,,,,,,,,
2018-09-17,09:01:00,SEM VÍTIMA,FINALIZADA,BOA VIAGEM,RUA ANTONIO FALCAO,,AV CELSO FURTADO,ESQ COM A VIA MANGUE,RUA ANTONIO FALCAO,,ESQ COM A VIA MANGUE,BOA VIAGEM,,,COLISÃO,CAMINHAO E AUTO,1,,,,,,1,,,0,,,,,,,,,,,,,,,,,,
2018-09-17,09:21:00,SEM VÍTIMA,FINALIZADA,IPUTINGA,RUA MAURICIO DE NASSAU,,,E/F A FUNDAÇAO ALTINO VENTURA,RUA MAURICIO DE NASSAU,,E/F A FUNDAÇAO ALTINO VENTURA,IPUTINGA,,,CAPOTAMENTO,(CAPOTAMENTO SEGUIDO DE CHOQUE) VEICULO CHOCOU COM UMA ARVORE,1,,,,,,,,,0,,,,,,,,,,,,,,,,,,