data,hora,natureza_acidente,situacao,bairro,endereco,numero,detalhe_endereco_acidente,complemento,endereco_cruzamento,numero_cruzamento,referencia_cruzamento,bairro_cruzamento,num_semaforo,sentido_via,tipo,descricao,auto,moto,ciclom,ciclista,pedestre,onibus,caminhao,viatura,outros,vitimas,vitimasfatais,acidente_verificado,tempo_clima,situacao_semaforo,sinalizacao,condicao_via,conservacao_via,ponto_controle,situacao_placa,velocidade_max_via,mao_direcao,divisao_via1,divisao_via2,divisao_via3,,,,
2018-09-17,09:22:00,SEM VÍTIMA,FINALIZADA,AFOGADOS,RUA QUITERIO INACIO DE MELLO,,,SEMAFORO 333,RUA QUITERIO INACIO DE MELLO,,SEMAFORO 333,AFOGADOS,,,COLISÃO,DOIS AUTOS,2,,,,,,,,,0,,,,,,,,,,,,,,,,,,
2018-09-17,09:22:00,SEM VÍTIMA,FINALIZADA,AREIAS,AV RECIFE,,,PROX AO HIPER,AV RECIFE,,PROX AO HIPER,AREIAS,,,ENGAVETAMENTO,TRES AUTOS / VT 31 NO QTH,3,,,,,,,,,0,,,,,,,,,,,,,,,,,,
2018-09-17,10:55:00,SEM VÍTIMA,FINALIZADA,ESTÂNCIA,AV RECIFE,,,NA SAIDA DE JARDIM SAO PAULO PROX AO SEMAFORO 261 S/T BR,AV RECIFE,,NA SAIDA DE JARDIM SAO PAULO PROX AO SEMAFORO 261 S/T BR,ESTÂNCIA,,,COLISÃO,COLISAO ENTRE CARRETA E AUTO S/V,,,,,,,,,,0,,,,,,,,,,,,,,,,,,
2018-09-17,11:34:00,SEM VÍTIMA,FINALIZADA,CASA AMARELA,AV NORTE,4413,AV PROFESSOR JOSE DOS ANJOS,COM A RUA PROFESSOR JOSE DOS ANJOS GM JORGE BARROS NO LOCAL,AV NORTE,4413,COM A RUA PROFESSOR JOSE DOS ANJOS GM JORGE BARROS NO LOCAL,CASA AMARELA,,,COLISÃO,COLISAO ENTRE DOIS AUTOS S/V,2,,,,,,,,,0,,,,,,,,,,,,,,,,,,
2018-09-17,11:53:00,SEM VÍTIMA,FINALIZADA,BOA VIAGEM,RUA RIBEIRO DE BRITO,1111,,PROX. AO VIADUTO TANCREDO NEVES,RUA RIBEIRO DE BRITO,1111,PROX. AO VIADUTO TANCREDO NEVES,BOA VIAGEM,,,COLISÃO,DOIS AUTOS S/V,2,,,,,,,,,0,,,,,,,,,,,,,,,,,,
2018-09-17,12:24:00,SEM VÍTIMA,CANCELADA,FUNDÃO,AV BEBERIBE,3142,,EM FRENTE A IGREJA EPSICOPAL QUADRANGULAR,AV BEBERIBE,3142,EM FRENTE A IGREJA EPSICOPAL QUADRANGULAR,FUNDÃO,,,COLISÃO,COLISÃO SEM VÍTIMA,2,,,,,,,,,0,,,,,,,,,,,,,,,,,,
2018-09-17,12:37:00,SEM VÍTIMA,FINALIZADA,GRAÇAS,AV CONS ROSA E SILVA,295,,EM FRENTE AO EDIFICIO BARÃO DE BONITO,AV CONS ROSA E SILVA,295,EM FRENTE AO EDIFICIO BARÃO DE BONITO,GRAÇAS,,,COLISÃO,COLISÃO SEM VÍTIMA,2,,,,,,,,,0,,,,,,,,,,,,,,,,,,
2018-09-17,12:55:00,SEM VÍTIMA,FINALIZADA,CASA FORTE,AV DEZESSETE DE AGOSTO,,,EM FRENTE A PAGUE MENOS, AO LADO DO CPOR,AV DEZESSETE DE AGOSTO,,EM FRENTE A PAGUE MENOS, AO LADO DO CPOR,CASA FORTE,,,COLISÃO,AUTO E MOTO S/V,1,1,,,,,,,,0,,,,,,,,,,,,,,,,
2018-09-17,13:00:00,SEM VÍTIMA,CANCELADA,ENCRUZILHADA,AV NORTE,,,EM FRENTE A JACAUNA, SENTIDO CID/SUB,AV NORTE,,EM FRENTE A JACAUNA, SENTIDO CID/SUB,ENCRUZILHADA,,,COLISÃO,DOIS AUTOS S/V,2,,,,,,,,,0,,,,,,,,,,,,,,,,
2018-09-17,13:20:00,COM VÍTIMA,FINALIZADA,BARRO,AV DR JOSE RUFINO,,,EM CIMA DO VIADUTO DO BARRO,AV DR JOSE RUFINO,,EM CIMA DO VIADUTO DO BARRO,BARRO,,,COLISÃO,COLISÃO COM VÍTIMA,2,1,,,,,,,,1,,,,,,,,,,,,,,,,,,
2018-09-17,13:29:00,SEM VÍTIMA,FINALIZADA,CASA AMARELA,EST DO ARRAIAL,4262,,E/F A CASA FORTE DIGNOSTICO,EST DO ARRAIAL,4262,E/F A CASA FORTE DIGNOSTICO,CASA AMARELA,,,COLISÃO,COLISAO ENTRE DOIS AUTOS S/V,2,,,,,,,,,0,,,,,,,,,,,,,,,,,,
2018-09-17,14:03:00,SEM VÍTIMA,FINALIZADA,PINA,AV REPUBLICA DO LIBANO,,,NA ENTRADA DO SHOPPING RIO MAR, PROX. A POLICLINICA,AV REPUBLICA DO LIBANO,,NA ENTRADA DO SHOPPING RIO MAR, PROX. A POLICLINICA,PINA,,,COLISÃO,AUTO E ONIBUS ,1,,,,,1,,,,0,,,,,,,,,,,,,,,,
2018-09-17,14:34:00,SEM VÍTIMA,FINALIZADA,DOIS IRMÃOS,RUA MANUEL DE MEDEIROS,1402,,EM FRENTE A LAMARK,RUA MANUEL DE MEDEIROS,1402,EM FRENTE A LAMARK,DOIS IRMÃOS,,,COLISÃO,COLISÃO SEM VÍTIMA,2,,,,,,,,,0,,,,,,,,,,,,,,,,,,
2018-09-17,14:43:00,SEM VÍTIMA,FINALIZADA,CAMPO GRANDE,EST DE BELEM,1659,,E/F A IGREJA UNIVERSAL,EST DE BELEM,1659,E/F A IGREJA UNIVERSAL,CAMPO GRANDE,,,COLISÃO,COLISAO ENTRE TRES AUTOS S/V,2,,,,,,,,,0,,,,,,,,,,,,,,,,,,
2018-09-17,14:47:00,SEM VÍTIMA,CANCELADA,CASA AMARELA,AV NORTE,4861,,AO LADO DA AUTO TOTAL S/T CID,AV NORTE,4861,AO LADO DA AUTO TOTAL S/T CID,CASA AMARELA,,,COLISÃO,COLISAO ENTRE AUTO E MOTO S/V,1,1,,,,,,,,0,,,,,,,,,,,,,,,,,,
2018-09-17,14:51:00,SEM VÍTIMA,FINALIZADA,AFOGADOS,RUA SAO MIGUEL,2072,,PROX. AO POSTO IPIRANGA,RUA SAO MIGUEL,2072,PROX. AO POSTO IPIRANGA,AFOGADOS,,,COLISÃO,DOIS AUTOS,2,,,,,,,,,0,,,,,,,,,,,,,,,,,,
2018-09-17,15:00:00,SEM VÍTIMA,FINALIZADA,ÁGUA FRIA,RUA JAPARANDUBA,87,,EM FRENTE AO MERCADO DE ÁGUA FRIA,RUA JAPARANDUBA,87,EM FRENTE AO MERCADO DE ÁGUA FRIA,ÁGUA FRIA,,,COLISÃO,COLISÃO SEM VÍTIMA,2,,,,,,,,,0,,,,,,,,,,,,,,,,,,
2018-09-17,15:08:00,SEM VÍTIMA,CANCELADA,CORDEIRO,AV CAMARAO,417,,NO CANAL DO CAVOCO,AV CAMARAO,417,NO CANAL DO CAVOCO,CORDEIRO,,,COLISÃO,COLISAO ENTRE CAMINHAO DO LIXO E AUTO S/V,1,,,,,,1,,,0,,,,,,,,,,,,,,,,,,
2018-09-17,16:11:00,SEM VÍTIMA,FINALIZADA,BOA VIAGEM,RUA FRANCISCO DA CUNHA,,,NA RUA DO COLEGIO BEM -ME-QUER,RUA FRANCISCO DA CUNHA,,NA RUA DO COLEGIO BEM -ME-QUER,BOA VIAGEM,,,COLISÃO,UM AUTO, PERDEU O CONTROLE E ATINGIU 4 VEICULOS ESTACIONADOS,5,,,,,,,,,0,,,,,,,,,,,,,,,,,
2018-09-17,16:20:00,SEM VÍTIMA,FINALIZADA,BAIRRO DO RECIFE,CAIS DO APOLO,,,EM FRENTE A PREFEITURA, SENTIDO SUB,CAIS DO APOLO,,EM FRENTE A PREFEITURA, SENTIDO SUB,BAIRRO DO RECIFE,,,COLISÃO,CAMINHAO E ONIBUS,,,,,,1,1,,,0,,,,,,,,,,,,,,,,
2018-09-17,16:25:00,SEM VÍTIMA,FINALIZADA,PAISSANDU,AV GOVERNADOR AGAMENON MAGALHAES,,,EM FRENTE AO HOSPITAL PORTUGUÊS, PISTA LOCAL NO SENTIDO BOA VIAGEM,AV GOVERNADOR AGAMENON MAGALHAES,,EM FRENTE AO HOSPITAL PORTUGUÊS, PISTA LOCAL NO SENTIDO BOA VIAGEM,PAISSANDU,,,COLISÃO,COLISÃO ENTRE 2 AUTOS, SEM VÍTIMAS.,2,,,,,,,,,0,,,,,,,,,,,,,,,
2018-09-17,17:56:00,SEM VÍTIMA,FINALIZADA,GRAÇAS,RUA AMELIA,,,POR CIMA DA PONTE, SNT TORRE / PRÓX AO POSTO SHELL,RUA AMELIA,,POR CIMA DA PONTE, SNT TORRE / PRÓX AO POSTO SHELL,GRAÇAS,,,COLISÃO,ENTRE AUTO E CAMINHÃO. S/V,1,,,,,,1,,,0,,,,,,,,,,,,,,,,
2018-09-17,18:02:00,SEM VÍTIMA,FINALIZADA,BOA VIAGEM,RUA DOS NAVEGANTES,865,,CRUZANDO A R ERNESTO DE PAULA SANTOS/POR TRÁS DO RECIFE PALACE / E/F AO EDF VAUTHIER,RUA DOS NAVEGANTES,865,CRUZANDO A R ERNESTO DE PAULA SANTOS/POR TRÁS DO RECIFE PALACE / E/F AO EDF VAUTHIER,BOA VIAGEM,,,COLISÃO,ENTRE 2 AUTOS. S/V,2,,,,,,,,,0,,,,,,,,,,,,,,,,,,
2018-09-17,18:25:00,SEM VÍTIMA,FINALIZADA,BOA VIAGEM,AV ENGENHEIRO DOMINGOS FERREIRA,,,E/F AO CARREFOUR, SNT AEROPORTO / AO LADO DO HOTEL LGN E PRÓX AO RESTAURANTE MANDACARU,AV ENGENHEIRO DOMINGOS FERREIRA,,E/F AO CARREFOUR, SNT AEROPORTO / AO LADO DO HOTEL LGN E PRÓX AO RESTAURANTE MANDACARU,BOA VIAGEM,,,COLISÃO,ENTRE 2 AUTOS. S/V,2,,,,,,,,,0,,,,,,,,,,,,,,,,
2018-09-17,18:29:00,SEM VÍTIMA,FINALIZADA,MUSTARDINHA,AV MANOEL GONCALVES DA LUZ,,,CRUZANDO A R VINTE E UM DE ABRIL - SEMÁFORO 245,AV MANOEL GONCALVES DA LUZ,,CRUZANDO A R VINTE E UM DE ABRIL - SEMÁFORO 245,MUSTARDINHA,,,COLISÃO,ENTRE AUTO PASSEIO E ÔNIBVUS S/V,1,,,,,1,,,,0,,,,,,,,,,,,,,,,,,
2018-09-17,20:59:00,SEM VÍTIMA,FINALIZADA,BOA VIAGEM,RUA SARGENTO SILVINO DE MACEDO,131,,PROX AO COLEGIO GGE,RUA SARGENTO SILVINO DE MACEDO,131,PROX AO COLEGIO GGE,BOA VIAGEM,,,COLISÃO,GOL X CG 125 MOTO,1,1,,,,,,,,0,,,,,,,,,,,,,,,,,,
2018-09-18,05:49:00,SEM VÍTIMA,FINALIZADA,BOA VISTA,AV CONDE DA BOA VISTA,,RUA DOM BOSCO,SEMAFORO 027,SENT/CIDADE CRUZ/COM RUA DOM BOSCO,EM FRENTE A EMLURB,AV CONDE DA BOA VISTA,,SEMAFORO 027,SENT/CIDADE CRUZ/COM RUA DOM BOSCO,EM FRENTE A EMLURB,BOA VISTA,,,COLISÃO,SEM VITIMAS/VEÍCULO NO MEIO DA VIA SEM CONDIÇÕES DE SER REMOVIDO,2,,,,,,,,,0,,,,,,,,,,,,,,
2018-09-18,07:19:00,SEM VÍTIMA,FINALIZADA,PINA,RUA VILA TEIMOSA,636,,AO LADO DO CLINICAL CENTER,RUA VILA TEIMOSA,636,AO LADO DO CLINICAL CENTER,PINA,,,COLISÃO,DOIS AUTOS,2,,,,,,,,,0,,,,,,,,,,,,,,,,,,
2018-09-18,07:48:00,SEM VÍTIMA,FINALIZADA,IPUTINGA,EST DO BARBALHO,171,,AO LADO DO WALMART.,EST DO BARBALHO,171,AO LADO DO WALMART.,IPUTINGA,,,COLISÃO,SEM VÍTIMAS,,1,,,,,1,,,0,,,,,,,,,,,,,,,,,,
2018-09-18,08:03:00,SEM VÍTIMA,CANCELADA,SANTO AMARO,PRC GENERAL ABREU E LIMA,,,POR TRÁS DO CEMITERIO DOS INGLESES,PRC GENERAL ABREU E LIMA,,POR TRÁS DO CEMITERIO DOS INGLESES,SANTO AMARO,,,COLISÃO,SEM VITIMAS,GM PONTO FIXO NO LOCAL,1,,,,,,1,,,0,,,,,,,,,,,,,,,,,
2018-09-18,08:19:00,SEM VÍTIMA,FINALIZADA,BARRO,AV DR JOSE RUFINO,,,SENTIDO BR 101, APÓS O SEMÁFORO 615. NO INÍCIO DA PONTE, PROX. A BIFURCAÇÃO.,AV DR JOSE RUFINO,,SENTIDO BR 101, APÓS O SEMÁFORO 615. NO INÍCIO DA PONTE, PROX. A BIFURCAÇÃO.,BARRO,,,COLISÃO,SEM VÍTIMAS.,2,,,,,,,,,0,,,,,,,,,,,,,,
2018-09-18,08:49:00,SEM VÍTIMA,FINALIZADA,CAMPO GRANDE,AV PROFESSOR JOSE DOS ANJOS,38,,EM FRENTE AO AÇAI BURGAO,AV PROFESSOR JOSE DOS ANJOS,38,EM FRENTE AO AÇAI BURGAO,CAMPO GRANDE,,,COLISÃO,,1,1,,,,,,,,0,,,,,,,,,,,,,,,,,,
2018-09-18,09:27:00,SEM VÍTIMA,FINALIZADA,DERBY,RUA JENER DE SOUZA,,,SEMAFORO 418,RUA JENER DE SOUZA,,SEMAFORO 418,DERBY,,,COLISÃO,SEM VITIMAS/ CTTU NO LOCAL,1,,,,,,1,,,0,,,,,,,,,,,,,,,,,,
2018-09-18,09:43:00,SEM VÍTIMA,FINALIZADA,MADALENA,EST DOS REMEDIOS,2464,,,EST DOS REMEDIOS,2464,,MADALENA,,,COLISÃO,S/ VITIMA,2,,,,,,,,,0,,,,,,,,,,,,,,,,,,
2018-09-18,10:47:00,SEM VÍTIMA,FINALIZADA,MADALENA,RUA BENFICA,,,EM FRENTRE AO MUSEU DA ABOLIÇÃO,RUA BENFICA,,EM FRENTRE AO MUSEU DA ABOLIÇÃO,MADALENA,,,COLISÃO,S/ VITIMA CO0M A VT 18,,,,,,,,,,0,,,,,,,,,,,,,,,,,,
2018-09-18,11:11:00,SEM VÍTIMA,FINALIZADA,PARNAMIRIM,EST DO ARRAIAL,,,EM FRENTE AO EXTRA E AO LADO DO HOSPITAL AGAMENON,EST DO ARRAIAL,,EM FRENTE AO EXTRA E AO LADO DO HOSPITAL AGAMENON,PARNAMIRIM,,,COLISÃO,COLISÃO SEM VÍTIMA,,,,,,,,,,0,,,,,,,,,,,,,,,,,,
2018-09-18,11:46:00,COM VÍTIMA,FINALIZADA,SANTO AMARO,AV GOVERNADOR AGAMENON MAGALHAES,,,EM FRENTE AO CIRCULO MILITAR -,AV GOVERNADOR AGAMENON MAGALHAES,,EM FRENTE AO CIRCULO MILITAR -,SANTO AMARO,,,COLISÃO,COLISÃO ENTRE MOTO E AUTOMÓVEL -,,,,,,,,,,1,,,,,,,,,,,,,,,,,,
2018-09-18,12:01:00,COM VÍTIMA,FINALIZADA,AFOGADOS,RUA SAO MIGUEL,,,EM FRENTE AO DEPATRI,RUA SAO MIGUEL,,EM FRENTE AO DEPATRI,AFOGADOS,,,COLISÃO,COLISÃO COM VÍTIMA,1,1,,,,,,,,1,,,,,,,,,,,,,,,,,,
2018-09-18,12:28:00,SEM VÍTIMA,CANCELADA,BOA VISTA,RUA OSVALDO CRUZ,,,AO LADO DO POSTO BR E/F AO POSTO PETROBRAS,RUA OSVALDO CRUZ,,AO LADO DO POSTO BR E/F AO POSTO PETROBRAS,BOA VISTA,,,COLISÃO,COLISAO ENTRE DOIS AUTOS S/V,2,,,,,,,,,0,,,,,,,,,,,,,,,,,,
2018-09-18,13:25:00,SEM VÍTIMA,FINALIZADA,BOA VIAGEM,RUA ERNESTO DE PAULA SANTOS,960,,E/F AO POSTO SETTA,RUA ERNESTO DE PAULA SANTOS,960,E/F AO POSTO SETTA,BOA VIAGEM,,,COLISÃO,COLISAO ENTRE DOIS AUTOS S/V,2,,,,,,,,,0,,,,,,,,,,,,,,,,,,
2018-09-18,13:41:00,SEM VÍTIMA,FINALIZADA,IMBIRIBEIRA,RUA ARQUITETO LUIZ NUNES,65,,EM FRENTE A GALERIA LEOPAR E PROXIMO AO SEMÁFORO 635,RUA ARQUITETO LUIZ NUNES,65,EM FRENTE A GALERIA LEOPAR E PROXIMO AO SEMÁFORO 635,IMBIRIBEIRA,,,COLISÃO,COLISÃO SEM VÍTIMA,2,,,,,,,,,0,,,,,,,,,,,,,,,,,,
2018-09-18,14:03:00,SEM VÍTIMA,FINALIZADA,BOA VISTA,PTE PRINCESA IZABEL,,,EM CIMA DA PONTE,PTE PRINCESA IZABEL,,EM CIMA DA PONTE,BOA VISTA,,,COLISÃO,COLISÃO SEM VÍTIMA,1,,,,,1,,,,0,,,,,,,,,,,,,,,,,,
2018-09-18,14:05:00,SEM VÍTIMA,FINALIZADA,ARRUDA,AV BEBERIBE,1468,,PROXIMO AO MISTURA SHOW/ SENTIDO OLINDA,AV BEBERIBE,1468,PROXIMO AO MISTURA SHOW/ SENTIDO OLINDA,ARRUDA,,,COLISÃO,COLISÃO SEM VÍTIMA,1,1,,,,,,,,0,,,,,,,,,,,,,,,,,,
2018-09-18,14:09:00,SEM VÍTIMA,FINALIZADA,IMBIRIBEIRA,AV PRESIDENTE DUTRA,298,,EM FRENTE AO EMPRESARIAL MG/ SENTIDO SUBURBIO,AV PRESIDENTE DUTRA,298,EM FRENTE AO EMPRESARIAL MG/ SENTIDO SUBURBIO,IMBIRIBEIRA,,,COLISÃO,COLISÃO SEM VÍTIMA,1,,,,,1,,,,0,,,,,,,,,,,,,,,,,,
2018-09-18,14:30:00,SEM VÍTIMA,FINALIZADA,BOA VIAGEM,RUA PADRE CARAPUCEIRO,,,EM FRENTE AO COLEGIO MOTIVO,RUA PADRE CARAPUCEIRO,,EM FRENTE AO COLEGIO MOTIVO,BOA VIAGEM,,,COLISÃO,DOIS AUTOS S/V,2,,,,,,,,,0,,,,,,,,,,,,,,,,,,
2018-09-18,14:40:00,SEM VÍTIMA,FINALIZADA,VÁRZEA,RUA ZEZITO COSTA REGO,218,,AO LADO COLEGIO CONHECER PONTUAL,RUA ZEZITO COSTA REGO,218,AO LADO COLEGIO CONHECER PONTUAL,VÁRZEA,,,COLISÃO,COLISÃO SEM VÍTIMA,2,,,,,,,,,0,,,,,,,,,,,,,,,,,,
2018-09-18,15:01:00,SEM VÍTIMA,FINALIZADA,MADALENA,AV ENGENHEIRO ABDIAS DE CARVALHO,,,PROXIMO A DROGASIL/ SENTIDO BR/ SEMÁFORO 052,AV ENGENHEIRO ABDIAS DE CARVALHO,,PROXIMO A DROGASIL/ SENTIDO BR/ SEMÁFORO 052,MADALENA,,,COLISÃO,COLISÃO SEM VÍTIMA,1,,,,,,1,,,0,,,,,,,,,,,,,,,,,,
2018-09-18,17:20:00,SEM VÍTIMA,CANCELADA,BOA VIAGEM,RUA TENENTE DOMINGOS DE BRITO,375,,EM FRENTE AO POSTO SETTA,RUA TENENTE DOMINGOS DE BRITO,375,EM FRENTE AO POSTO SETTA,BOA VIAGEM,,,COLISÃO,DOIS AUTOS S/V,2,,,,,,,,,0,,,,,,,,,,,,,,,,,,
2018-09-18,17:29:00,SEM VÍTIMA,FINALIZADA,BOA VIAGEM,AV ENGENHEIRO DOMINGOS FERREIRA,4650,,EM FRENTE AO EDIFICIO JULIANE, SNT PIEDADE / AO LADO DO PONTEIO,AV ENGENHEIRO DOMINGOS FERREIRA,4650,EM FRENTE AO EDIFICIO JULIANE, SNT PIEDADE / AO LADO DO PONTEIO,BOA VIAGEM,,,COLISÃO,COLISÃO SEM VÍTIMA,1,,,,,1,,,,0,,,,,,,,,,,,,,,,
2018-09-18,17:56:00,COM VÍTIMA,FINALIZADA,BONGI,AV ENGENHEIRO ABDIAS DE CARVALHO,,,PRÓXIMO A CHESF NO SENTIDO BR,AV ENGENHEIRO ABDIAS DE CARVALHO,,PRÓXIMO A CHESF NO SENTIDO BR,BONGI,,,COLISÃO,COLISÃO ENTRE MOTO X AUTO,1,1,,,,,,,,1,,,,,,,,,,,,,,,,,,
2018-09-18,18:10:00,SEM VÍTIMA,FINALIZADA,SÃO JOSÉ,PRC DAS CINCO PONTAS,321,,ENF TRIBUNAL REGIONAL ELEITORAL DE PE. // NA ENTRADA PRINCIPAL,PRC DAS CINCO PONTAS,321,ENF TRIBUNAL REGIONAL ELEITORAL DE PE. // NA ENTRADA PRINCIPAL,SÃO JOSÉ,,,COLISÃO,LOGAN X MOTO,1,1,,,,,,,,0,,,,,,,,,,,,,,,,,,
2018-09-18,18:15:00,SEM VÍTIMA,CANCELADA,SAN MARTIN,AV GENERAL SAN MARTIN,,AV ENG ABDIAS DE CARVALHO,SEMÁFORO 058 - CRUZ COM A AV. ABDIAS DE CARVALHO / PRÓX A COMPAZ,AV GENERAL SAN MARTIN,,SEMÁFORO 058 - CRUZ COM A AV. ABDIAS DE CARVALHO / PRÓX A COMPAZ,SAN MARTIN,,,COLISÃO,ENTRE CAMINHÃO E AUTO . S/V,1,,,,,,1,,,0,,,,,,,,,,,,,,,,,,
2018-09-18,18:26:00,SEM VÍTIMA,FINALIZADA,GRAÇAS,AV RUI BARBOSA,57,,ENF AO COLEGIO VERA CRUZ,AV RUI BARBOSA,57,ENF AO COLEGIO VERA CRUZ,GRAÇAS,,,COLISÃO,MOTO X AUTO,1,1,,,,,,,,0,,,,,,,,,,,,,,,,,,
2018-09-18,18:43:00,SEM VÍTIMA,CANCELADA,NOVA DESCOBERTA,RUA NOVA DESCOBERTA,1375,,E/F A PANIFICADORA REFÚGIO / NA DESCIDA DO '' OLHO D ÁGUA '',RUA NOVA DESCOBERTA,1375,E/F A PANIFICADORA REFÚGIO / NA DESCIDA DO '' OLHO D ÁGUA '',NOVA DESCOBERTA,,,COLISÃO,ENTRE ÕNIBUS E MICRO ÕNIBUS. S/V,,,,,,2,,,,0,,,,,,,,,,,,,,,,,,
2018-09-18,18:50:00,SEM VÍTIMA,FINALIZADA,IMBIRIBEIRA,AV MARECHAL MASCARENHAS DE MORAES,,,SEMAFORO 116 SENTIDO SUB // APOS O VIADUTO TANCREDO NEVES,AV MARECHAL MASCARENHAS DE MORAES,,SEMAFORO 116 SENTIDO SUB // APOS O VIADUTO TANCREDO NEVES,IMBIRIBEIRA,,,COLISÃO,GOL X CAMINHAO DE CONCRETO,1,,,,,,1,,,0,,,,,,,,,,,,,,,,,,
2018-09-18,19:18:00,SEM VÍTIMA,FINALIZADA,AFOGADOS,RUA SAO MIGUEL,350,,E/F AO BANCO DO BRASIL / AO LADO DO POSTO BP / PRÓX A IGREJA BATISTA,RUA SAO MIGUEL,350,E/F AO BANCO DO BRASIL / AO LADO DO POSTO BP / PRÓX A IGREJA BATISTA,AFOGADOS,,,COLISÃO,ENTRE AUTO PASSEIO E ÕNIBUS. S/V,1,,,,,1,,,,0,,,,,,,,,,,,,,,,,,
2018-09-18,20:16:00,SEM VÍTIMA,FINALIZADA,MADALENA,RUA CONDE DE IRAJA,,,E/F A PADARIA NOVA ARMADA / PRÓX AO CARREFOUR,RUA CONDE DE IRAJA,,E/F A PADARIA NOVA ARMADA / PRÓX AO CARREFOUR,MADALENA,,,COLISÃO,ENTRE AUTO E CARRETA. S/V,1,,,,,,1,,,0,,,,,,,,,,,,,,,,,,
2018-09-18,21:49:00,COM VÍTIMA,FINALIZADA,IPSEP,RUA ITACARI,,RUA ITAJAI,CRUZAMENTO COM A RUA ITAJAI // ENF A EMPRESA DRYFOR,RUA ITACARI,,CRUZAMENTO COM A RUA ITAJAI // ENF A EMPRESA DRYFOR,IPSEP,,,COLISÃO,PRISMA X MOTO,1,1,,,,,,,,1,,,,,,,,,,,,,,,,,,
2018-09-19,07:12:00,COM VÍTIMA,FINALIZADA,BOA VIAGEM,RUA TENENTE JOAO CICERO,,,EM FRENTE AO COLEGIO SANTA MARIA,RUA TENENTE JOAO CICERO,,EM FRENTE AO COLEGIO SANTA MARIA,BOA VIAGEM,,,COLISÃO,COM UMA VITIMA AGUARDANDO SAMU,1,1,,,,,,,,1,,,,,,,,,,,,,,,,,,
2018-09-19,07:32:00,SEM VÍTIMA,FINALIZADA,JARDIM SÃO PAULO,AV SAO PAULO,257,,EM FRENTE AO COLEGIO 2001,AV SAO PAULO,257,EM FRENTE AO COLEGIO 2001,JARDIM SÃO PAULO,,,COLISÃO,TRES AUTOS,3,,,,,,,,,0,,,,,,,,,,,,,,,,,,
2018-09-19,07:35:00,SEM VÍTIMA,FINALIZADA,MADALENA,AV VISCONDE DE ALBUQUERQUE,210,,EM FRENTE A FARMACIA EXTRAFARMA,AV VISCONDE DE ALBUQUERQUE,210,EM FRENTE A FARMACIA EXTRAFARMA,MADALENA,,,COLISÃO,SEM VITIMA,2,,,,,,,,,0,,,,,,,,,,,,,,,,,,
2018-09-19,07:45:00,SEM VÍTIMA,FINALIZADA,JOANA BEZERRA,VIADUTO CAPITAO TEMUDO,,,SOBRE O VIADUTO CAPITÃO TEMUDO SENT/AGAMENON MAGALHÃES,VIADUTO CAPITAO TEMUDO,,SOBRE O VIADUTO CAPITÃO TEMUDO SENT/AGAMENON MAGALHÃES,JOANA BEZERRA,,,COLISÃO,SEM VITIMAS,2,,,,,,,,,0,,,,,,,,,,,,,,,,,,
2018-09-19,07:47:00,COM VÍTIMA,FINALIZADA,ARRUDA,RUA ALEGRE,,,APÓS A AVENIDA BEBERIBE,RUA ALEGRE,,APÓS A AVENIDA BEBERIBE,ARRUDA,,,ACID. DE PERCURSO,QUEDA DE MOTO,,,,,,,,,,1,,,,,,,,,,,,,,,,,,
2018-09-19,07:50:00,SEM VÍTIMA,FINALIZADA,CASA FORTE,RUA HENRIQUE MACHADO,,,PROXIMO À ESCOLA CAROCHINHA,RUA HENRIQUE MACHADO,,PROXIMO À ESCOLA CAROCHINHA,CASA FORTE,,,COLISÃO,COLISÃO ENTRE AUTO E MOTO SEM VÍTIMAS,,,,,,,,,,0,,,,,,,,,,,,,,,,,,
2018-09-19,07:57:00,SEM VÍTIMA,CANCELADA,ENGENHO DO MEIO,AV VISCONDE DE SAO LEOPOLDO,509,,PROX. A UFPE,AV VISCONDE DE SAO LEOPOLDO,509,PROX. A UFPE,ENGENHO DO MEIO,,,COLISÃO,AUTO E CAMINHÃO,1,,,,,,1,,,0,,,,,,,,,,,,,,,,,,
2018-09-19,08:30:00,SEM VÍTIMA,FINALIZADA,CAXANGÁ,AV CAXANGA,423,,SENT. CIDADE, EM FRENTE A PARAFUSOS,AV CAXANGA,423,SENT. CIDADE, EM FRENTE A PARAFUSOS,CAXANGÁ,,,COLISÃO,DOIS AUTOS,2,,,,,,,,,0,,,,,,,,,,,,,,,,
2018-09-19,08:54:00,SEM VÍTIMA,FINALIZADA,BOA VISTA,RUA DO HOSPICIO,,,E/F A ESTAÇÃO BRT TREZE DE MAIO, SENTIDO PREFEITURA DO RECIFE. A LADO DA CAMARA DOS VEREADORES ANTES DO SEMÁFORO 031,RUA DO HOSPICIO,,E/F A ESTAÇÃO BRT TREZE DE MAIO, SENTIDO PREFEITURA DO RECIFE. A LADO DA CAMARA DOS VEREADORES ANTES DO SEMÁFORO 031,BOA VISTA,,,COLISÃO,SEM VÍTIMAS,1,,,,,1,,,,0,,,,,,,,,,,,,,,,
2018-09-19,08:58:00,COM VÍTIMA,FINALIZADA,TAMARINEIRA,AV NORTE,S/N,RUA CONEGO BARATA,CRUZAMENTO COM A RUA CÔNEGO BARATA,AV NORTE,S/N,CRUZAMENTO COM A RUA CÔNEGO BARATA,TAMARINEIRA,,,COLISÃO,COLISÃO COM VÍTIMA, ENVOLVENDO UM ÔNIBUS, UM AUTO E UMA MOTOCICLETA.,1,1,,,,1,,,,1,,,,,,,,,,,,,,,,
2018-09-19,09:20:00,COM VÍTIMA,CANCELADA,CASA AMARELA,RUA SEMPRE VIVA,146,,RUA DA CAIXA ECONOMICA DE CASA AMARELA,RUA SEMPRE VIVA,146,RUA DA CAIXA ECONOMICA DE CASA AMARELA,CASA AMARELA,,,COLISÃO COM CICLISTA,COM UMA VITIMA JÁ SOCORRIDA,1,,,1,,,,,,1,,,,,,,,,,,,,,,,,,