data,hora,natureza_acidente,situacao,bairro,endereco,numero,detalhe_endereco_acidente,complemento,endereco_cruzamento,numero_cruzamento,referencia_cruzamento,bairro_cruzamento,num_semaforo,sentido_via,tipo,descricao,auto,moto,ciclom,ciclista,pedestre,onibus,caminhao,viatura,outros,vitimas,vitimasfatais,acidente_verificado,tempo_clima,situacao_semaforo,sinalizacao,condicao_via,conservacao_via,ponto_controle,situacao_placa,velocidade_max_via,mao_direcao,divisao_via1,divisao_via2,divisao_via3,,,,
2018-09-20,21:48:00,SEM VÍTIMA,FINALIZADA,IBURA,AV DOIS RIOS,,RUA FERNANDO TAVARES DA SILVA,FARMACIA PAGUE MENOS , SENTIDO AV RECIFE/ COM A FERNANDO TAVARES DA SILVA SEMÁFORO 323,AV DOIS RIOS,,FARMACIA PAGUE MENOS , SENTIDO AV RECIFE/ COM A FERNANDO TAVARES DA SILVA SEMÁFORO 323,IBURA,,,COLISÃO,COLISÃO SEM VÍTIMAS,2,,,,,,,,,0,,,,,,,,,,,,,,,,
2018-09-20,21:49:00,SEM VÍTIMA,CANCELADA,FUNDÃO,AV BEBERIBE,,RUA CEL URBANO DE SENNA,SEMÁFORO 307 - CRUZ COM A R CORONEL URBANO DE SENNA,AV BEBERIBE,,SEMÁFORO 307 - CRUZ COM A R CORONEL URBANO DE SENNA,FUNDÃO,,,COLISÃO,ENTRE 2 AUTOS. S/V,2,,,,,,,,,0,,,,,,,,,,,,,,,,,,
2018-09-20,23:03:00,COM VÍTIMA,FINALIZADA,AFOGADOS,RUA SAO MIGUEL,,,AO LADO DO ARMAZÉM CORAL E PRÓX AO POSTO IPIRANGA,RUA SAO MIGUEL,,AO LADO DO ARMAZÉM CORAL E PRÓX AO POSTO IPIRANGA,AFOGADOS,,,COLISÃO,ENTRE AUTO E MOTO. C/V,1,1,,,,,,,,1,,,,,,,,,,,,,,,,,,
2018-09-21,06:07:00,SEM VÍTIMA,FINALIZADA,MADALENA,RUA BENFICA,,,EM FRENTE AO EXTRA,RUA BENFICA,,EM FRENTE AO EXTRA,MADALENA,,,COLISÃO,ONIBUS E AUTO,1,,,,,1,,,,0,,,,,,,,,,,,,,,,,,
2018-09-21,06:24:00,SEM VÍTIMA,FINALIZADA,MADALENA,RUA JOSE BONIFACIO,,RUA CONDE DE IRAJA,CRUZ COM A CONDE DE IRAJA EM FRENTE A PIZZARIA SPECIALLE,RUA JOSE BONIFACIO,,CRUZ COM A CONDE DE IRAJA EM FRENTE A PIZZARIA SPECIALLE,MADALENA,,,COLISÃO,COLISÃO SEM VITIMAS,2,,,,,,,,,0,,,,,,,,,,,,,,,,,,
2018-09-21,07:14:00,COM VÍTIMA,FINALIZADA,SAN MARTIN,AV GENERAL SAN MARTIN,,RUA JOSE VELOSO,CRUZ COM A RUA JOSE VELOSO EM FRENTE A CAVALARIA,AV GENERAL SAN MARTIN,,CRUZ COM A RUA JOSE VELOSO EM FRENTE A CAVALARIA,SAN MARTIN,,,COLISÃO,COLISÃO COM VITIMA,1,,,,,,,1,,1,,,,,,,,,,,,,,,,,,
2018-09-21,07:59:00,SEM VÍTIMA,FINALIZADA,BARRO,AV DR JOSE RUFINO,2262,,EM FRENTE A CLINICA PILATES FISIOTERAPIA,E AO LADO DA IGREJA DO BARRO,SENT/TEJIPIÓ,AV DR JOSE RUFINO,2262,EM FRENTE A CLINICA PILATES FISIOTERAPIA,E AO LADO DA IGREJA DO BARRO,SENT/TEJIPIÓ,BARRO,,,COLISÃO,SEM VITIMAS,,,,,,1,1,,,0,,,,,,,,,,,,,,
2018-09-21,08:30:00,SEM VÍTIMA,FINALIZADA,MADALENA,RUA REAL DA TORRE,361,,E/F A CLÍNICA DE ESTETICA SCHOOL, SENTIDO AFOGADOS ANTES DO TÚNEL DA ABOLIÇÃO,RUA REAL DA TORRE,361,E/F A CLÍNICA DE ESTETICA SCHOOL, SENTIDO AFOGADOS ANTES DO TÚNEL DA ABOLIÇÃO,MADALENA,,,COLISÃO,SEM VITIMAS,2,,,,,,,,,0,,,,,,,,,,,,,,,,
2018-09-21,08:37:00,SEM VÍTIMA,FINALIZADA,DERBY,PRC PARQUE AMORIM,,,EM FRENTE AO WALMART,PRC PARQUE AMORIM,,EM FRENTE AO WALMART,DERBY,,,COLISÃO,SEM VITIMAS /CTTU NO LOCAL ,GM VAI FAZERR O B.O,2,,,,,,,,,0,,,,,,,,,,,,,,,,,
2018-09-21,09:13:00,SEM VÍTIMA,FINALIZADA,SÃO JOSÉ,RUA PASSO DA PATRIA,,RUA DA CONCORDIA,CRUZ COM A RUA DA CONCORDIA PROX A OFICINA MOTO IRMÃO CRUZ,RUA PASSO DA PATRIA,,CRUZ COM A RUA DA CONCORDIA PROX A OFICINA MOTO IRMÃO CRUZ,SÃO JOSÉ,,,COLISÃO,COLISÃO SEM VITIMAS,2,,,,,,,,,0,,,,,,,,,,,,,,,,,,
2018-09-21,09:19:00,SEM VÍTIMA,CANCELADA,SANTO AMARO,RUA DA AURORA,,AV NORTE,SEMAFORO 243 SENT/OLINDA,CRUZAMENTO COM AV NORTE,RUA DA AURORA,,SEMAFORO 243 SENT/OLINDA,CRUZAMENTO COM AV NORTE,SANTO AMARO,,,COLISÃO,SEM VITIMAS,2,,,,,,,,,0,,,,,,,,,,,,,,,,
2018-09-21,09:32:00,SEM VÍTIMA,FINALIZADA,JORDÃO,AV MARIA IRENE,,,EM FRENTE A CAPELA SÃO JOÃO BATISTA,AV MARIA IRENE,,EM FRENTE A CAPELA SÃO JOÃO BATISTA,JORDÃO,,,COLISÃO,COLISÃO SEM VITIMAS,1,,,,,1,,,,0,,,,,,,,,,,,,,,,,,
2018-09-21,09:36:00,SEM VÍTIMA,CANCELADA,SANTO AMARO,AV VISCONDE DE SUASSUNA,797,,PROX. A INOVE PROMOTORA,AV VISCONDE DE SUASSUNA,797,PROX. A INOVE PROMOTORA,SANTO AMARO,,,COLISÃO,DOIS AUTOS,2,,,,,,,,,0,,,,,,,,,,,,,,,,,,
2018-09-21,09:45:00,SEM VÍTIMA,CANCELADA,CAXANGÁ,RUA RIBEIRO PESSOA,,,NO SEMAFORO 281, EM FRENTE AO POSTO DE GASOLINA SHELL,RUA RIBEIRO PESSOA,,NO SEMAFORO 281, EM FRENTE AO POSTO DE GASOLINA SHELL,CAXANGÁ,,,COLISÃO,ONIBUS E AUTO,1,,,,,1,,,,0,,,,,,,,,,,,,,,,
2018-09-21,09:58:00,SEM VÍTIMA,FINALIZADA,ALTO JOSÉ BONIFÁCIO,RUA CORREGO DO EUCLIDES,1926,,E/F A RESIDENCIA,RUA CORREGO DO EUCLIDES,1926,E/F A RESIDENCIA,ALTO JOSÉ BONIFÁCIO,,,COLISÃO,SEM VÍTIMAS,2,,,,,,,,,0,,,,,,,,,,,,,,,,,,
2018-09-21,10:00:00,SEM VÍTIMA,CANCELADA,ESPINHEIRO,RUA ANGUSTURA,225,,POR TRAS DA IGREJA DO ESPINHEIRO EM FRENTE AO EDIFICIO ANGUSTURA PRINCE,RUA ANGUSTURA,225,POR TRAS DA IGREJA DO ESPINHEIRO EM FRENTE AO EDIFICIO ANGUSTURA PRINCE,ESPINHEIRO,,,COLISÃO,COLISÃO SEM VITIMAS,2,,,,,,,,,0,,,,,,,,,,,,,,,,,,
2018-09-21,10:57:00,SEM VÍTIMA,FINALIZADA,CORDEIRO,AV GENERAL SAN MARTIN,,,EM FRENTE AO HOSPITAL GETULIO VARGAS E POSTO DE GASOLINA DISLUB,AV GENERAL SAN MARTIN,,EM FRENTE AO HOSPITAL GETULIO VARGAS E POSTO DE GASOLINA DISLUB,CORDEIRO,,,COLISÃO,DOIS AUTOS,2,,,,,,,,,0,,,,,,,,,,,,,,,,,,
2018-09-21,11:07:00,SEM VÍTIMA,FINALIZADA,PARNAMIRIM,AV PARNAMIRIM,,RUA TITO ROSAS,CRUZ COM A RUA TITO ROSAS,AV PARNAMIRIM,,CRUZ COM A RUA TITO ROSAS,PARNAMIRIM,,,COLISÃO,COLISÃO SEM VITIMAS GM,2,,,,,,,,,0,,,,,,,,,,,,,,,,,,
2018-09-21,11:16:00,SEM VÍTIMA,FINALIZADA,AFOGADOS,LARGO DA PAZ,,,E/F AO ITAU,LARGO DA PAZ,,E/F AO ITAU,AFOGADOS,,,COLISÃO,SEM VÍTIMAS. VT 12 NO LOCAL,2,,,,,,,,,0,,,,,,,,,,,,,,,,,,
2018-09-21,11:27:00,SEM VÍTIMA,FINALIZADA,ESPINHEIRO,AV GOVERNADOR AGAMENON MAGALHAES,,,SENTIDO CIDADE EM FRENTE AO MINISTERIO DO TRABALHO,AV GOVERNADOR AGAMENON MAGALHAES,,SENTIDO CIDADE EM FRENTE AO MINISTERIO DO TRABALHO,ESPINHEIRO,,,COLISÃO,COLISÃO SEM VITIMAS,3,,,,,,1,,,0,,,,,,,,,,,,,,,,,,
2018-09-21,11:31:00,SEM VÍTIMA,FINALIZADA,ILHA DO LEITE,RUA FRANCISCO ALVES,552,,CONSULT CENTER, SEMÁFORO 508,RUA FRANCISCO ALVES,552,CONSULT CENTER, SEMÁFORO 508,ILHA DO LEITE,,,COLISÃO,SEM VÍTIMAS,1,,,,,1,,,,0,,,,,,,,,,,,,,,,
2018-09-21,12:09:00,SEM VÍTIMA,FINALIZADA,DERBY,AV GOVERNADOR AGAMENON MAGALHAES,,,NA FRENTE DO HOSP. DA RESTAURAÇÃO, SENTIDO OLINDA,AV GOVERNADOR AGAMENON MAGALHAES,,NA FRENTE DO HOSP. DA RESTAURAÇÃO, SENTIDO OLINDA,DERBY,,,COLISÃO,COLISÃO SEM VITIMAS,2,,,,,,,,,0,,,,,,,,,,,,,,,,
2018-09-21,12:14:00,COM VÍTIMA,FINALIZADA,MANGUEIRA,RUA SAO MIGUEL,,,PROXIMO AO BODE DO NÔ,RUA SAO MIGUEL,,PROXIMO AO BODE DO NÔ,MANGUEIRA,,,COLISÃO,COLISÃO COM VÍTIMA,1,1,,,,,,,,1,,,,,,,,,,,,,,,,,,
2018-09-21,12:23:00,SEM VÍTIMA,FINALIZADA,ESTÂNCIA,AV RECIFE,,,EM CIMA DO PONTILHAO DO METRO / SENT SUB,AV RECIFE,,EM CIMA DO PONTILHAO DO METRO / SENT SUB,ESTÂNCIA,,,COLISÃO,AUTO E CAMINHAO,1,,,,,,1,,,0,,,,,,,,,,,,,,,,,,
2018-09-21,12:26:00,SEM VÍTIMA,FINALIZADA,PINA,PTE GOVERNADOR PAULO GUERRA,,,EM CIMA DA PONTE/ SENTIDO CIDADE,PTE GOVERNADOR PAULO GUERRA,,EM CIMA DA PONTE/ SENTIDO CIDADE,PINA,,,ENGAVETAMENTO,SEM VÍTIMA,4,,,,,,,,,0,,,,,,,,,,,,,,,,,,
2018-09-21,12:28:00,SEM VÍTIMA,FINALIZADA,ESPINHEIRO,RUA DO ESPINHEIRO,,,SUPERMERCADO EXRA,RUA DO ESPINHEIRO,,SUPERMERCADO EXRA,ESPINHEIRO,,,COLISÃO,COLISÃO SEM VITIMAS,1,,,,,1,,,,0,,,,,,,,,,,,,,,,,,
2018-09-21,12:59:00,COM VÍTIMA,FINALIZADA,VÁRZEA,RUA VALE DO SIRIJI,130,,EM FRENTE A FABRICA STUDIOS,RUA VALE DO SIRIJI,130,EM FRENTE A FABRICA STUDIOS,VÁRZEA,,,COLISÃO,COLISÃO COM VÍTIMA,1,1,,,,,,,,1,,,,,,,,,,,,,,,,,,
2018-09-21,13:15:00,SEM VÍTIMA,FINALIZADA,BOA VISTA,RUA GERVASIO PIRES,382,,POR TRAS DO SHOPPING BOA VISTA,RUA GERVASIO PIRES,382,POR TRAS DO SHOPPING BOA VISTA,BOA VISTA,,,COLISÃO,CAMINHAO E AUTO,1,,,,,,1,,,0,,,,,,,,,,,,,,,,,,
2018-09-21,13:34:00,SEM VÍTIMA,FINALIZADA,ESTÂNCIA,AV RECIFE,,,NA DESCIDA DO VIADUTO, SENTIDO BR101,AV RECIFE,,NA DESCIDA DO VIADUTO, SENTIDO BR101,ESTÂNCIA,,,COLISÃO,COLISÃO SEM VITIMAS,1,,,,,,1,,,0,,,,,,,,,,,,,,,,
2018-09-21,13:44:00,SEM VÍTIMA,CANCELADA,SAN MARTIN,AV CONSUL VILARES FRAGOSO,,,EM FRENTE A PRAÇA DA CHESF,AV CONSUL VILARES FRAGOSO,,EM FRENTE A PRAÇA DA CHESF,SAN MARTIN,,,COLISÃO,COLISÃO SEM VÍTIMA,2,,,,,,,,,0,,,,,,,,,,,,,,,,,,
2018-09-21,13:46:00,SEM VÍTIMA,FINALIZADA,ESPINHEIRO,RUA QUARENTA E OITO,244,,EM FRENTE AO PONTO 48,RUA QUARENTA E OITO,244,EM FRENTE AO PONTO 48,ESPINHEIRO,,,COLISÃO,COLISAO ENTRE ONIBUS E AUTO PASSEIO,1,,,,,1,,,,0,,,,,,,,,,,,,,,,,,
2018-09-21,14:01:00,COM VÍTIMA,FINALIZADA,IBURA,AV DOIS RIOS,1093,,PROXIMO A PAGUE MENOS/ SENTIDO IPSEP,AV DOIS RIOS,1093,PROXIMO A PAGUE MENOS/ SENTIDO IPSEP,IBURA,,,ATROPELAMENTO,COM VÍTIMA,,1,,,1,,,,,1,,,,,,,,,,,,,,,,,,
2018-09-21,14:05:00,SEM VÍTIMA,FINALIZADA,IMBIRIBEIRA,AV MARECHAL MASCARENHAS DE MORAES,,,SEMAFORO 532 / SENT SUB / ESTACIONADO NAS LOJAS GRILLO,AV MARECHAL MASCARENHAS DE MORAES,,SEMAFORO 532 / SENT SUB / ESTACIONADO NAS LOJAS GRILLO,IMBIRIBEIRA,,,COLISÃO,DOIS AUTOS,2,,,,,,,,,0,,,,,,,,,,,,,,,,,,
2018-09-21,14:13:00,SEM VÍTIMA,FINALIZADA,MADALENA,RUA BENFICA,,,ENFRENTE A CELPE DA CAXANGA, SOBRE O TUNEL DA ABOLIÇÃO,RUA BENFICA,,ENFRENTE A CELPE DA CAXANGA, SOBRE O TUNEL DA ABOLIÇÃO,MADALENA,,,COLISÃO,COLISÃO SEM VITIMA,1,1,,,,,,,,0,,,,,,,,,,,,,,,,
2018-09-21,14:25:00,SEM VÍTIMA,CANCELADA,BOA VIAGEM,RUA CAPITAO ZUZINHA,22,,EM FRENTE A GALERIA SETÚBAL CENTER,RUA CAPITAO ZUZINHA,22,EM FRENTE A GALERIA SETÚBAL CENTER,BOA VIAGEM,,,COLISÃO,COLISÃO SEM VÍTIMA,2,,,,,,,,,0,,,,,,,,,,,,,,,,,,
2018-09-21,14:42:00,SEM VÍTIMA,FINALIZADA,SÃO JOSÉ,RUA DA CONCORDIA,708,,EM FRENTE AO EDIFICIO GARAGEM DA SECRETARIA DA FAZENDA,RUA DA CONCORDIA,708,EM FRENTE AO EDIFICIO GARAGEM DA SECRETARIA DA FAZENDA,SÃO JOSÉ,,,COLISÃO,COLISÃO SEM VÍTIMA,2,,,,,,,,,0,,,,,,,,,,,,,,,,,,
2018-09-21,14:52:00,SEM VÍTIMA,PENDENTE,BOA VIAGEM,AV BOA VIAGEM,1870,,EM FRENTE AO EDF COMENDADOR PEDRO RENDA,AV BOA VIAGEM,1870,EM FRENTE AO EDF COMENDADOR PEDRO RENDA,BOA VIAGEM,,,COLISÃO,COLISÃO SEM VÍTIMA,2,,,,,,,,,0,,,,,,,,,,,,,,,,,,
2018-09-21,15:04:00,SEM VÍTIMA,FINALIZADA,BOA VIAGEM,RUA BRUNO VELOSO,,,SAIDA DO SHOPPING RECIFE / EM FRENTE AO POSTO DE PLICIA / SEMAFORO 335,RUA BRUNO VELOSO,,SAIDA DO SHOPPING RECIFE / EM FRENTE AO POSTO DE PLICIA / SEMAFORO 335,BOA VIAGEM,,,COLISÃO,DOIS AUTOS,2,,,,,,,,,0,,,,,,,,,,,,,,,,,,
2018-09-21,15:12:00,SEM VÍTIMA,FINALIZADA,AFOGADOS,LARGO DA PAZ,,,EM BAIXO DO PONTILHÃO,LARGO DA PAZ,,EM BAIXO DO PONTILHÃO,AFOGADOS,,,COLISÃO,COLISÃO SEM VÍTIMA,1,,,,,,1,,,0,,,,,,,,,,,,,,,,,,
2018-09-21,15:13:00,SEM VÍTIMA,FINALIZADA,BREJO DA GUABIRABA,RUA URIEL DE HOLANDA,1800,,EM FRENTE AO ARMAZEM DE CONSTRUÇAPO SHALON,RUA URIEL DE HOLANDA,1800,EM FRENTE AO ARMAZEM DE CONSTRUÇAPO SHALON,BREJO DA GUABIRABA,,,COLISÃO,CAMINHAO E AUTO,1,,,,,,1,,,0,,,,,,,,,,,,,,,,,,
2018-09-21,15:31:00,SEM VÍTIMA,FINALIZADA,CASA FORTE,AV DEZESSETE DE AGOSTO,1441,,EM FRENTE A LOJAS AMERICANAS,AV DEZESSETE DE AGOSTO,1441,EM FRENTE A LOJAS AMERICANAS,CASA FORTE,,,COLISÃO,COLISÃO SEM VÍTIMA,2,,,,,,,,,0,,,,,,,,,,,,,,,,,,
2018-09-21,15:44:00,COM VÍTIMA,FINALIZADA,ESPINHEIRO,AV CONS ROSA E SILVA,,,POR TRAZ DO CLUBE PORTUGUES,AV CONS ROSA E SILVA,,POR TRAZ DO CLUBE PORTUGUES,ESPINHEIRO,,,ATROPELAMENTO,ATROPELAMENTO COM CICLISTA,1,,,,1,,,,,1,,,,,,,,,,,,,,,,,,
2018-09-21,16:04:00,SEM VÍTIMA,FINALIZADA,AREIAS,AV RECIFE,,,JUNTO AO MAKRO / SENTIDO CAXANGA,AV RECIFE,,JUNTO AO MAKRO / SENTIDO CAXANGA,AREIAS,,,COLISÃO,COLISÃO SEM VITIMA,,1,,,,,1,,,0,,,,,,,,,,,,,,,,,,
2018-09-21,16:36:00,SEM VÍTIMA,FINALIZADA,TEJIPIÓ,RUA APRIGIO GUIMARAES,184,,PROXIMO AO SALÃO DO REINO DAS TESTEMHUNHAS DE JEOVA,RUA APRIGIO GUIMARAES,184,PROXIMO AO SALÃO DO REINO DAS TESTEMHUNHAS DE JEOVA,TEJIPIÓ,,,COLISÃO,COLISÃO SEM VÍTIMA,2,,,,,,,,,0,,,,,,,,,,,,,,,,,,
2018-09-21,16:49:00,COM VÍTIMA,FINALIZADA,JOANA BEZERRA,VIADUTO CAPITAO TEMUDO,,,EM CIMA DO VIADUTO/ SENTIDO PINA,VIADUTO CAPITAO TEMUDO,,EM CIMA DO VIADUTO/ SENTIDO PINA,JOANA BEZERRA,,,COLISÃO,COLISÃO COM VÍTIMA,1,1,,,,,,,,2,,,,,,,,,,,,,,,,,,
2018-09-21,16:52:00,SEM VÍTIMA,FINALIZADA,CIDADE UNIVERSITÁRIA,RUA PROFESSOR CHAVES BATISTA,,,AO LADO DO BOI E BRAZA,RUA PROFESSOR CHAVES BATISTA,,AO LADO DO BOI E BRAZA,CIDADE UNIVERSITÁRIA,,,COLISÃO,ONIBUS E AUTO,1,,,,,1,,,,0,,,,,,,,,,,,,,,,,,
2018-09-21,18:01:00,SEM VÍTIMA,FINALIZADA,ENCRUZILHADA,RUA ALFREDO DE CASTRO,,,ENFRENTE A FEDERAÇÃO ESPIRITA DE PERNAMBUCO,RUA ALFREDO DE CASTRO,,ENFRENTE A FEDERAÇÃO ESPIRITA DE PERNAMBUCO,ENCRUZILHADA,,,COLISÃO,COLISÃO SEM VITIMAS,1,,,,,1,,,,0,,,,,,,,,,,,,,,,,,
2018-09-21,18:20:00,COM VÍTIMA,FINALIZADA,SÃO JOSÉ,AV SUL,,,FAIXA EXCLUSIVA DE ONIBUS,AV SUL,,FAIXA EXCLUSIVA DE ONIBUS,SÃO JOSÉ,,,ACID. DE PERCURSO,ACIDENTE COM MOTO 33 - BATEDOR DEYLTON,,,,,,,,,,1,,,,,,,,,,,,,,,,,,
2018-09-21,19:26:00,SEM VÍTIMA,FINALIZADA,SÃO JOSÉ,AV SUL,,,NA FRENTE DA IGREJA BATISTA IMPERIAL,AV SUL,,NA FRENTE DA IGREJA BATISTA IMPERIAL,SÃO JOSÉ,,,COLISÃO,COLISÃO SEM VITIMAS,2,,,,,,,,,0,,,,,,,,,,,,,,,,,,
2018-09-21,20:08:00,COM VÍTIMA,FINALIZADA,BEBERIBE,RUA URIEL DE HOLANDA,,RUA TAQUARITINGA,CRUZAMENTO C/A RUA TAGUATINGA - E/F A ESCOLA PEDRO CELSO,RUA URIEL DE HOLANDA,,CRUZAMENTO C/A RUA TAGUATINGA - E/F A ESCOLA PEDRO CELSO,BEBERIBE,,,COLISÃO,TAXI X MOTO,1,1,,,,,,,,1,,,,,,,,,,,,,,,,,,
2018-09-21,21:36:00,COM VÍTIMA,FINALIZADA,IPSEP,RUA JEAN EMILE FAVRE,,,EMFRENTE A UNIFBV,RUA JEAN EMILE FAVRE,,EMFRENTE A UNIFBV,IPSEP,,,COLISÃO,COLISÃO COM VITIMA,1,1,,,,,,,,1,,,,,,,,,,,,,,,,,,
2018-09-21,22:04:00,COM VÍTIMA,FINALIZADA,AREIAS,AV DR JOSE RUFINO,994,,ENF A HONDA SENTIDO RECIFE,AV DR JOSE RUFINO,994,ENF A HONDA SENTIDO RECIFE,AREIAS,,,COLISÃO,KOMBI X GOL,2,,,,,,,,,2,,,,,,,,,,,,,,,,,,
2018-09-21,22:52:00,SEM VÍTIMA,CANCELADA,IPSEP,RUA PROFESSOR JOSE VICENTE,467,,PROX AO MERCADINHO CONVENÇAO,RUA PROFESSOR JOSE VICENTE,467,PROX AO MERCADINHO CONVENÇAO,IPSEP,,,COLISÃO,UNO X MOTO OBS O PILOTO FOI EMBORA,1,1,,,,,,,,0,,,,,,,,,,,,,,,,,,
2018-09-22,01:10:00,COM VÍTIMA,CANCELADA,VASCO DA GAMA,RUA VASCO DA GAMA,885,,PERTO DA QUADRA DO VASCO, EM FRENTE À IGREJA ASSEMBLÉIA DE DEUS.,RUA VASCO DA GAMA,885,PERTO DA QUADRA DO VASCO, EM FRENTE À IGREJA ASSEMBLÉIA DE DEUS.,VASCO DA GAMA,,,COLISÃO,COLISÃO ENTRE AUTO E MOTO C/V,1,1,,,,,,,,2,,,,,,,,,,,,,,,,
2018-09-22,02:00:00,SEM VÍTIMA,FINALIZADA,BOA VIAGEM,AV ENGENHEIRO DOMINGOS FERREIRA,467,,EM FRENTE AO PRÉDIO DA MOURA DUBEUX E HDI SEGUROS. PISTA DIREITA,AV ENGENHEIRO DOMINGOS FERREIRA,467,EM FRENTE AO PRÉDIO DA MOURA DUBEUX E HDI SEGUROS. PISTA DIREITA,BOA VIAGEM,,,COLISÃO,COLISÃO ENTRE AUTO E MOTO S/V,1,1,,,,,,,,0,,,,,,,,,,,,,,,,,,
2018-09-22,05:20:00,SEM VÍTIMA,CANCELADA,CAMPO GRANDE,AV GOVERNADOR AGAMENON MAGALHAES,,,CENTRAL DE PLANTÕES, PRÉDIO DO 13º BATALHÃO DA PM,AV GOVERNADOR AGAMENON MAGALHAES,,CENTRAL DE PLANTÕES, PRÉDIO DO 13º BATALHÃO DA PM,CAMPO GRANDE,,,COLISÃO,COLISÃO ENTRE DOIS AUTOS S/V,2,,,,,,,,,0,,,,,,,,,,,,,,,,
2018-09-22,08:02:00,SEM VÍTIMA,FINALIZADA,IMBIRIBEIRA,AV MARECHAL MASCARENHAS DE MORAES,5089,,SENTIDO PRAZERES PROX A ENTRADA DO AEROPORTO EM FRENTE A PR PALACIO DOS RADIADORES,AV MARECHAL MASCARENHAS DE MORAES,5089,SENTIDO PRAZERES PROX A ENTRADA DO AEROPORTO EM FRENTE A PR PALACIO DOS RADIADORES,IMBIRIBEIRA,,,COLISÃO,COLISÃO SEM VITIMAS,2,,,,,,,,,0,,,,,,,,,,,,,,,,,,
2018-09-22,08:18:00,SEM VÍTIMA,FINALIZADA,ESPINHEIRO,RUA DO ESPINHEIRO,,,E/F A GALERIA ESPINHEIRO E O POSTO IPIRANGA,RUA DO ESPINHEIRO,,E/F A GALERIA ESPINHEIRO E O POSTO IPIRANGA,ESPINHEIRO,,,COLISÃO,SEM VÍTIMA. VT 02 NO LOCAL.,2,,,,,,,,,0,,,,,,,,,,,,,,,,,,
2018-09-22,08:56:00,SEM VÍTIMA,FINALIZADA,IPUTINGA,RUA EMILIANO BRAGA,,,AO LADO DO PARAIBANOS BAR,RUA EMILIANO BRAGA,,AO LADO DO PARAIBANOS BAR,IPUTINGA,,,COLISÃO,SEM VÍTIMAS,1,,,,,1,,,,0,,,,,,,,,,,,,,,,,,
2018-09-22,09:06:00,,CANCELADA,IPUTINGA,RUA EMILIANO BRAGA,256,,SENTIDO BR EM FRENTE AO PARAIBANOS BAR,RUA EMILIANO BRAGA,256,SENTIDO BR EM FRENTE AO PARAIBANOS BAR,IPUTINGA,,,COLISÃO,COLISÃO SEM VITIMAS,1,,,,,,1,,,0,,,,,,,,,,,,,,,,,,
2018-09-22,09:34:00,SEM VÍTIMA,FINALIZADA,CASA AMARELA,AV PROFESSOR JOSE DOS ANJOS,,AV NORTE,COM AV. NORTE, EM FRENTE AO SESC SENT. ARRUDA,AV PROFESSOR JOSE DOS ANJOS,,COM AV. NORTE, EM FRENTE AO SESC SENT. ARRUDA,CASA AMARELA,,,COLISÃO,DOIS AUTOS E CAMINHÃO,2,,,,,,1,,,0,,,,,,,,,,,,,,,,
2018-09-22,10:17:00,SEM VÍTIMA,FINALIZADA,TORRÕES,AV ENGENHEIRO ABDIAS DE CARVALHO,,,EM FRENTE AO YOKI S/T CID,AV ENGENHEIRO ABDIAS DE CARVALHO,,EM FRENTE AO YOKI S/T CID,TORRÕES,,,COLISÃO,COLISAO ENTRE DOIS AUTOS S/V,2,,,,,,,,,0,,,,,,,,,,,,,,,,,,
2018-09-22,10:24:00,SEM VÍTIMA,FINALIZADA,ESTÂNCIA,AV RECIFE,5630,,AO LADO DO CERPE, SEMÁFORO 259. SENTIDO SAN MARTIN,AV RECIFE,5630,AO LADO DO CERPE, SEMÁFORO 259. SENTIDO SAN MARTIN,ESTÂNCIA,,,COLISÃO,SEM VÍTIMAS,2,,,,,,,,,0,,,,,,,,,,,,,,,,
2018-09-22,11:21:00,COM VÍTIMA,FINALIZADA,BOA VIAGEM,AV HELIO FALCAO,,RUA DESEMBARGADOR JOAO PAES,COM RUA DESEMBARGADOR JOAO PAES VT 15 NO LOCAL,AV HELIO FALCAO,,COM RUA DESEMBARGADOR JOAO PAES VT 15 NO LOCAL,BOA VIAGEM,,,ATROPELAMENTO,ATROPELAMENTO COM UMA VITIMA,1,,,,1,,,,,1,,,,,,,,,,,,,,,,,,
2018-09-22,11:36:00,SEM VÍTIMA,FINALIZADA,PORTO DA MADEIRA,AV BEBERIBE,3433,,EM FRENTE AO POSTO DE GASOLINA SIVINI,AV BEBERIBE,3433,EM FRENTE AO POSTO DE GASOLINA SIVINI,PORTO DA MADEIRA,,,COLISÃO,DOIS AUTOS,2,,,,,,,,,0,,,,,,,,,,,,,,,,,,
2018-09-22,11:39:00,SEM VÍTIMA,FINALIZADA,JARDIM SÃO PAULO,RUA BREJOLANDIA,171,,E/F A RESIDENCIA. AO LADO DO CONDOMINIO VILA JARDIM,RUA BREJOLANDIA,171,E/F A RESIDENCIA. AO LADO DO CONDOMINIO VILA JARDIM,JARDIM SÃO PAULO,,,COLISÃO,SEM VÍTIMAS,1,1,,,,,,,,0,,,,,,,,,,,,,,,,,,
2018-09-22,12:04:00,SEM VÍTIMA,FINALIZADA,MADALENA,AV ENGENHEIRO ABDIAS DE CARVALHO,XX,RUA JOAO IVO,SEMÁFORO Nº 132 , COM A RUA JOÃO IVO.,AV ENGENHEIRO ABDIAS DE CARVALHO,XX,SEMÁFORO Nº 132 , COM A RUA JOÃO IVO.,MADALENA,,,COLISÃO,COLISÃO SEM VITIMAS,1,1,,,,,,,,0,,,,,,,,,,,,,,,,
2018-09-22,12:09:00,SEM VÍTIMA,CANCELADA,SANTO AMARO,AV CRUZ CABUGA,,,EM FRENTE AO COLEGIO ESTADUAL SIZENANDO SILVEIRA SEMAFORO 171/SENT/CIDADE,AV CRUZ CABUGA,,EM FRENTE AO COLEGIO ESTADUAL SIZENANDO SILVEIRA SEMAFORO 171/SENT/CIDADE,SANTO AMARO,,,COLISÃO,SEM VITIMAS,1,,,,,1,,,,0,,,,,,,,,,,,,,,,,,
2018-09-22,12:10:00,SEM VÍTIMA,FINALIZADA,IPSEP,RUA ITAJAI,246,,EM FRENTE AO EDIFICIO RIO UATAMÃ,RUA ITAJAI,246,EM FRENTE AO EDIFICIO RIO UATAMÃ,IPSEP,,,COLISÃO,COLISÃO SEM VÍTIMA,1,,,,,,,,1,0,,,,,,,,,,,,,,,,,,