data,hora,natureza_acidente,situacao,bairro,endereco,numero,detalhe_endereco_acidente,complemento,endereco_cruzamento,numero_cruzamento,referencia_cruzamento,bairro_cruzamento,num_semaforo,sentido_via,tipo,descricao,auto,moto,ciclom,ciclista,pedestre,onibus,caminhao,viatura,outros,vitimas,vitimasfatais,acidente_verificado,tempo_clima,situacao_semaforo,sinalizacao,condicao_via,conservacao_via,ponto_controle,situacao_placa,velocidade_max_via,mao_direcao,divisao_via1,divisao_via2,divisao_via3,,,,
2018-09-25,07:24:00,SEM VÍTIMA,FINALIZADA,BOA VIAGEM,RUA VISCONDE DE JEQUITINHONHA,,AV ARMINDO MOURA,CRUZAMENTO COM A RUA ARMINDO MOURA/SEMAFORO 258,RUA VISCONDE DE JEQUITINHONHA,,CRUZAMENTO COM A RUA ARMINDO MOURA/SEMAFORO 258,BOA VIAGEM,,,COLISÃO,SEM VITIMAS,2,,,,,,,,,0,,,,,,,,,,,,,,,,,,
2018-09-25,07:31:00,SEM VÍTIMA,FINALIZADA,GUABIRABA,AV VEREADOR OTACILIO AZEVEDO,S/N,,E/F A ESCOLA TOME GIBSON,AV VEREADOR OTACILIO AZEVEDO,S/N,E/F A ESCOLA TOME GIBSON,GUABIRABA,,,COLISÃO,COLOISAO ENTRE DOIS AUTOS S/V,2,,,,,,,,,0,,,,,,,,,,,,,,,,,,
2018-09-25,07:28:00,COM VÍTIMA,FINALIZADA,CAMPO GRANDE,RUA PROFESSOR FRANCISCO DA TRINDADE,290,RUA SÃO CAETANO,E/F A RESIDENCIA. CRIZAMENTO COM A RUA SÃO CAETANO,RUA PROFESSOR FRANCISCO DA TRINDADE,290,E/F A RESIDENCIA. CRIZAMENTO COM A RUA SÃO CAETANO,CAMPO GRANDE,,,COLISÃO,COM UMA VÍTIMA.,1,1,,,,,,,,1,,,,,,,,,,,,,,,,,,
2018-09-25,07:58:00,SEM VÍTIMA,CANCELADA,BOA VIAGEM,RUA FRANCA PEREIRA,115,,EM FRENTE AO EDF STUDIO PORTAL DOS CORAIS,RUA FRANCA PEREIRA,115,EM FRENTE AO EDF STUDIO PORTAL DOS CORAIS,BOA VIAGEM,,,COLISÃO,SEM VITIMAS,2,,,,,,,,,0,,,,,,,,,,,,,,,,,,
2018-09-25,08:00:00,COM VÍTIMA,FINALIZADA,DERBY,AV GOVERNADOR AGAMENON MAGALHAES,,,PISTA LOCAL, SENTIDO BOA VIAGEM E/F AO HAPVIDA,AV GOVERNADOR AGAMENON MAGALHAES,,PISTA LOCAL, SENTIDO BOA VIAGEM E/F AO HAPVIDA,DERBY,,,COLISÃO,COM UMA VITIMA. GM (PONTO FIXO) NO LOCAL.,2,,,,,,,,,1,,,,,,,,,,,,,,,,
2018-09-25,08:20:00,SEM VÍTIMA,PENDENTE,ESTÂNCIA,AV RECIFE,,,E/F AO WALMART S/T CID,AV RECIFE,,E/F AO WALMART S/T CID,ESTÂNCIA,,,COLISÃO,COLISAO ENTRE DOIS AUTOS S/V,,,,,,,,,,0,,,,,,,,,,,,,,,,,,
2018-09-25,10:32:00,SEM VÍTIMA,FINALIZADA,TEJIPIÓ,AV LIBERDADE,,,E/F AO PRESIDIO ANIBAL BRUNO,AV LIBERDADE,,E/F AO PRESIDIO ANIBAL BRUNO,TEJIPIÓ,,,COLISÃO,COLISAO ENTRE DOIS AUTOS S/V,2,,,,,,,,,0,,,,,,,,,,,,,,,,,,
2018-09-25,10:49:00,SEM VÍTIMA,FINALIZADA,TAMARINEIRA,RUA PADRE ROMA,,AV CONS ROSA E SILVA,COM AV ROSA E SILVA NO SEMAFORO 061,RUA PADRE ROMA,,COM AV ROSA E SILVA NO SEMAFORO 061,TAMARINEIRA,,,COLISÃO,COLISAO ENTRE DOIS AUTOS S/V,2,,,,,,,,,0,,,,,,,,,,,,,,,,,,
2018-09-25,11:28:00,SEM VÍTIMA,FINALIZADA,ARRUDA,RUA ZEFERINO AGRA,254,RUA PROF JOSE DOS ANJOS,COM A RUA PROFESSOR JOSE DOS ANJOS, EM FRENTE AO CANAL,RUA ZEFERINO AGRA,254,COM A RUA PROFESSOR JOSE DOS ANJOS, EM FRENTE AO CANAL,ARRUDA,,,COLISÃO,AUTO E MOTO,1,1,,,,,,,,0,,,,,,,,,,,,,,,,
2018-09-25,11:31:00,SEM VÍTIMA,FINALIZADA,GRAÇAS,RUA ENGENHEIRO EDGAR D'AMORIM,85,,LAVANDERIA LAVARE, SEMÁFORO 521,RUA ENGENHEIRO EDGAR D'AMORIM,85,LAVANDERIA LAVARE, SEMÁFORO 521,GRAÇAS,,,COLISÃO,SEM VÍTIMAS.,2,,,,,,,,,0,,,,,,,,,,,,,,,,
2018-09-25,11:37:00,SEM VÍTIMA,FINALIZADA,CORDEIRO,AV ENGENHEIRO ABDIAS DE CARVALHO,246,,LOGO APÓS O COMPAZ,AV ENGENHEIRO ABDIAS DE CARVALHO,246,LOGO APÓS O COMPAZ,CORDEIRO,,,COLISÃO,EM FRENTE À FARMÁCIA BONGI,2,,,,,,,,,0,,,,,,,,,,,,,,,,,,
2018-09-25,13:09:00,COM VÍTIMA,FINALIZADA,FUNDÃO,AV BEBERIBE,3494,,PROX. AO POSTO BR,AV BEBERIBE,3494,PROX. AO POSTO BR,FUNDÃO,,,COLISÃO COM CICLISTA,ONIBUS E CICLISTA,,,,1,,1,,,,1,,,,,,,,,,,,,,,,,,
2018-09-25,13:54:00,SEM VÍTIMA,FINALIZADA,BOA VISTA,RUA DA UNIAO,115,RUA MAMEDE SIMOES,ESQUINA COM RUA MAMEDE SIMOES,RUA DA UNIAO,115,ESQUINA COM RUA MAMEDE SIMOES,BOA VISTA,,,COLISÃO,DOIS AUTOS S/V,2,,,,,,,,,0,,,,,,,,,,,,,,,,,,
2018-09-25,14:10:00,COM VÍTIMA,FINALIZADA,SÃO JOSÉ,RUA DO PEIXOTO,1320,AV DANTAS BARRETO,COM AV. DANTAS BARRETO, PROX. AO CAMELODROMO,RUA DO PEIXOTO,1320,COM AV. DANTAS BARRETO, PROX. AO CAMELODROMO,SÃO JOSÉ,,,COLISÃO,ONIBUS E MOTO,,1,,,,1,,,,1,,,,,,,,,,,,,,,,
2018-09-25,14:37:00,SEM VÍTIMA,FINALIZADA,AFOGADOS,RUA VINTE E UM DE ABRIL,,,PROX. A MASTER BOI,RUA VINTE E UM DE ABRIL,,PROX. A MASTER BOI,AFOGADOS,,,COLISÃO,ONIBUS E AUTO,1,,,,,1,,,,0,,,,,,,,,,,,,,,,,,
2018-09-25,15:17:00,SEM VÍTIMA,FINALIZADA,BOA VIAGEM,RUA PROFESSOR JOAO MEDEIROS,533,,PROX. AO EMPRESARIAL UNIVERSAL CENTER,RUA PROFESSOR JOAO MEDEIROS,533,PROX. AO EMPRESARIAL UNIVERSAL CENTER,BOA VIAGEM,,,COLISÃO,DOIS AUTOS S/V,2,,,,,,,,,0,,,,,,,,,,,,,,,,,,
2018-09-25,15:30:00,SEM VÍTIMA,FINALIZADA,CORDEIRO,RUA N S DA SAUDE,153,,PROX. A IGREJA BATISTA E CHAMBARIL DO DANIEL,RUA N S DA SAUDE,153,PROX. A IGREJA BATISTA E CHAMBARIL DO DANIEL,CORDEIRO,,,COLISÃO,DOIS AUTOS S/V,2,,,,,,,,,0,,,,,,,,,,,,,,,,,,
2018-09-25,15:31:00,COM VÍTIMA,FINALIZADA,VÁRZEA,AV AFONSO OLINDENSE,1990,,NA PRAÇA DA VARZEA VT 18 NO LOCAL,AV AFONSO OLINDENSE,1990,NA PRAÇA DA VARZEA VT 18 NO LOCAL,VÁRZEA,,,COLISÃO,COLISAO ENTRE CAMINHAO E MOTO COM UMA VITIMA,,1,,,,,1,,,1,,,,,,,,,,,,,,,,,,
2018-09-25,15:41:00,SEM VÍTIMA,FINALIZADA,BOA VIAGEM,RUA JOSE DA SILVA LUCENA,,,POR TRAS DA FERREIRA COSTA,RUA JOSE DA SILVA LUCENA,,POR TRAS DA FERREIRA COSTA,BOA VIAGEM,,,COLISÃO,COLISAO ENTRE UM CARRO FORTE E AUTO S/V,2,,,,,,,,,0,,,,,,,,,,,,,,,,,,
2018-09-25,15:43:00,COM VÍTIMA,FINALIZADA,PRADO,EST DO FORTE DO ARRAIAL N. DO B. JESUS,,RUA ADELINO FRUTUOSO,COM RUA ADELINO FRUTUOSO,EST DO FORTE DO ARRAIAL N. DO B. JESUS,,COM RUA ADELINO FRUTUOSO,PRADO,,,COLISÃO,COLISÃO COM VITIMA,1,1,,,,,,,,1,,,,,,,,,,,,,,,,,,
2018-09-25,17:02:00,SEM VÍTIMA,FINALIZADA,CABANGA,PTE GOVERNADOR PAULO GUERRA,,,PROX. AO SEMAFORO 661, SENT. BOA VIAGEM,PTE GOVERNADOR PAULO GUERRA,,PROX. AO SEMAFORO 661, SENT. BOA VIAGEM,CABANGA,,,COLISÃO,AUTO E ONIBUS,1,,,,,1,,,,0,,,,,,,,,,,,,,,,
2018-09-25,17:11:00,COM VÍTIMA,FINALIZADA,IMBIRIBEIRA,RUA ARQUITETO LUIZ NUNES,,,SEMAFORO 634,RUA ARQUITETO LUIZ NUNES,,SEMAFORO 634,IMBIRIBEIRA,,,COLISÃO,AUTO E MOTO,1,1,,,,,,,,1,,,,,,,,,,,,,,,,,,
2018-09-25,17:17:00,SEM VÍTIMA,CANCELADA,BOA VIAGEM,AV CONSELHEIRO AGUIAR,,,NO SEMAFORO 146,AV CONSELHEIRO AGUIAR,,NO SEMAFORO 146,BOA VIAGEM,,,COLISÃO,COLISAO ENTRE DOIS ONIBUS S/V,,,,,,2,,,,0,,,,,,,,,,,,,,,,,,
2018-09-25,17:59:00,SEM VÍTIMA,FINALIZADA,ILHA DO RETIRO,RUA ASTORGA,70,AV COMENDADOS BENTO AGUIAR,CRUZAMENTO COM A RUA COMENDADOR BENTO AGUIAR,RUA ASTORGA,70,CRUZAMENTO COM A RUA COMENDADOR BENTO AGUIAR,ILHA DO RETIRO,,,COLISÃO,UNO X ONIX,2,,,,,,,,,0,,,,,,,,,,,,,,,,,,
2018-09-25,18:11:00,SEM VÍTIMA,FINALIZADA,TORRE,RUA CONDE DE IRAJA,,,EM FRENTE A IGREJA CATOLICA DA TORRE,RUA CONDE DE IRAJA,,EM FRENTE A IGREJA CATOLICA DA TORRE,TORRE,,,COLISÃO,COLISÃO SEM VITIMA,2,,,,,,,,,0,,,,,,,,,,,,,,,,,,
2018-09-25,18:13:00,SEM VÍTIMA,CANCELADA,IPUTINGA,RUA BOM PASTOR,24,AV CAXANGA,SEMAFORO 008 // POSTO BR CRUZAMENTO COM AV CAXANGA,RUA BOM PASTOR,24,SEMAFORO 008 // POSTO BR CRUZAMENTO COM AV CAXANGA,IPUTINGA,,,COLISÃO,GOL X VEICULO DE AUTO ESCOLA,2,,,,,,,,,0,,,,,,,,,,,,,,,,,,
2018-09-25,18:41:00,SEM VÍTIMA,FINALIZADA,CORDEIRO,AV ENGENHEIRO ABDIAS DE CARVALHO,,,E/F A ARENA CAMARÃO, SNT CIDADE / PRÓX AO COMPAZ,AV ENGENHEIRO ABDIAS DE CARVALHO,,E/F A ARENA CAMARÃO, SNT CIDADE / PRÓX AO COMPAZ,CORDEIRO,,,COLISÃO,ENTRE AUTO E CARRETA. S/V,1,,,,,,1,,,0,,,,,,,,,,,,,,,,
2018-09-25,18:52:00,COM VÍTIMA,FINALIZADA,SÃO JOSÉ,AV DANTAS BARRETO,251,RUA SIQUEIRA CAMPOS,CRUZAMENTO COM A RUA SIQUEIRA CAMPOS,AV DANTAS BARRETO,251,CRUZAMENTO COM A RUA SIQUEIRA CAMPOS,SÃO JOSÉ,,,ATROPELAMENTO,ONIBUS X PEDESTRE,1,,,,1,,,,,1,,,,,,,,,,,,,,,,,,
2018-09-25,19:24:00,SEM VÍTIMA,FINALIZADA,PRADO,RUA HERCULES FLORENCE,21,RUA CARLOS GOMES,CRUZAMENTO COM A RUA CARLOS GOMES,RUA HERCULES FLORENCE,21,CRUZAMENTO COM A RUA CARLOS GOMES,PRADO,,,COLISÃO,NISSAN VERSA X PRISMA,2,,,,,,,,,0,,,,,,,,,,,,,,,,,,
2018-09-25,19:27:00,SEM VÍTIMA,FINALIZADA,ESPINHEIRO,AV JOAO DE BARROS,,,E/F A FARMÁCIA EXTRAFARMA, SNT ENCRUZILHADA,AV JOAO DE BARROS,,E/F A FARMÁCIA EXTRAFARMA, SNT ENCRUZILHADA,ESPINHEIRO,,,COLISÃO,ENTRE 2 AUTOS. S/V,2,,,,,,,,,0,,,,,,,,,,,,,,,,
2018-09-25,19:36:00,COM VÍTIMA,FINALIZADA,AREIAS,AV DR JOSE RUFINO,,,SEMAFORO 044 // ROX A ENTRADA DE JARDIM SAO PAULO,AV DR JOSE RUFINO,,SEMAFORO 044 // ROX A ENTRADA DE JARDIM SAO PAULO,AREIAS,,,COLISÃO,MOTO X UNO,1,1,,,,,,,,1,,,,,,,,,,,,,,,,,,
2018-09-25,20:02:00,COM VÍTIMA,FINALIZADA,ESPINHEIRO,RUA QUARENTA E OITO,630,,E/F AO RESTAURANTE CHINÊS / FINAL DA PRC 48,RUA QUARENTA E OITO,630,E/F AO RESTAURANTE CHINÊS / FINAL DA PRC 48,ESPINHEIRO,,,COLISÃO,ENTRE AUTO E MOTO. C/V,1,1,,,,,,,,1,,,,,,,,,,,,,,,,,,
2018-09-25,20:12:00,COM VÍTIMA,FINALIZADA,BOA VIAGEM,RUA BARAO DE SOUZA LEAO,,AV ENG DOMINGOS FERREIRA,CRUZAMENTO COM A DOMINGOS FERREIRA // SEMAFORO 190,RUA BARAO DE SOUZA LEAO,,CRUZAMENTO COM A DOMINGOS FERREIRA // SEMAFORO 190,BOA VIAGEM,,,COLISÃO,MOTO X SANDERO OBS:: BATEDORES 12 X 13 NO LOCAL,1,1,,,,,,,,1,,,,,,,,,,,,,,,,,,
2018-09-25,22:00:00,COM VÍTIMA,FINALIZADA,AFLITOS,AV CONS ROSA E SILVA,225,,E/F AO EDF ANGUSTURA PRINCE / PRÓX AO CAMPO DO NAUTICO,AV CONS ROSA E SILVA,225,E/F AO EDF ANGUSTURA PRINCE / PRÓX AO CAMPO DO NAUTICO,AFLITOS,,,COLISÃO,ENTRE AUTO E MOTO. C/V,1,1,,,,,,,,1,,,,,,,,,,,,,,,,,,
2018-09-26,01:51:00,COM VÍTIMA,CANCELADA,SANCHO,AV LIBERDADE,,,AO LADO DO COLÉGIO BOM SENHOR ALVÁRO NEGRO MONTE // PRÓX À USF BIDU KRAUSE,AV LIBERDADE,,AO LADO DO COLÉGIO BOM SENHOR ALVÁRO NEGRO MONTE // PRÓX À USF BIDU KRAUSE,SANCHO,,,COLISÃO,COLISÃO ENTRE AMBULÂNCIA E MOTO COM VÍTIMAS,,1,,,,,,1,,2,,,,,,,,,,,,,,,,,,
2018-09-26,03:49:00,SEM VÍTIMA,CANCELADA,IMBIRIBEIRA,PRC MINISTRO SALGADO FILHO,,,NO ESTACIONAMENTO DO AEROPORTO,PRC MINISTRO SALGADO FILHO,,NO ESTACIONAMENTO DO AEROPORTO,IMBIRIBEIRA,,,COLISÃO,COLISÃO ENTRE DOIS AUTOS S/V,2,,,,,,,,,0,,,,,,,,,,,,,,,,,,
2018-09-26,07:12:00,SEM VÍTIMA,FINALIZADA,JARDIM SÃO PAULO,AV RECIFE,6205,,SENT/BOA VIAGEM 100 METROS APÓS A AMUPE,AV RECIFE,6205,SENT/BOA VIAGEM 100 METROS APÓS A AMUPE,JARDIM SÃO PAULO,,,COLISÃO,SEM VITIMAS,1,,,,,,1,,,0,,,,,,,,,,,,,,,,,,
2018-09-26,07:23:00,SEM VÍTIMA,CANCELADA,IMBIRIBEIRA,AV MARECHAL MASCARENHAS DE MORAES,,,E/F AO AEROPORTO S/T CID,AV MARECHAL MASCARENHAS DE MORAES,,E/F AO AEROPORTO S/T CID,IMBIRIBEIRA,,,COLISÃO,COLISAO ENTRE CAMINHAO DO LIXO E AUTO S/V,1,,,,,1,,,,0,,,,,,,,,,,,,,,,,,
2018-09-26,08:13:00,COM VÍTIMA,FINALIZADA,BOMBA DO HEMETÉRIO,RUA BOMBA DO HEMETERIO,236,,HA 30 METROS DO MERCADINHO COMPRE MAIS,RUA BOMBA DO HEMETERIO,236,HA 30 METROS DO MERCADINHO COMPRE MAIS,BOMBA DO HEMETÉRIO,,,COLISÃO COM CICLISTA,COM UMA VITIMA AGUARDANDO O SAMU,,,,1,,1,,,,1,,,,,,,,,,,,,,,,,,
2018-09-26,08:17:00,SEM VÍTIMA,FINALIZADA,ENGENHO DO MEIO,RUA MANOEL CORTE REAL,372,,E/F A OFICINA DO REGIS,RUA MANOEL CORTE REAL,372,E/F A OFICINA DO REGIS,ENGENHO DO MEIO,,,COLISÃO,COLISAO ENTRE DOIS AUTOS S/V,2,,,,,,,,,0,,,,,,,,,,,,,,,,,,
2018-09-26,08:21:00,SEM VÍTIMA,FINALIZADA,IMBIRIBEIRA,AV MARECHAL MASCARENHAS DE MORAES,,,EM FRENTE A LOCALIZA / SENT CIDADE,AV MARECHAL MASCARENHAS DE MORAES,,EM FRENTE A LOCALIZA / SENT CIDADE,IMBIRIBEIRA,,,COLISÃO,DOIS AUTO PASSEIO,2,,,,,,,,,0,,,,,,,,,,,,,,,,,,
2018-09-26,08:46:00,SEM VÍTIMA,CANCELADA,AFOGADOS,RUA DO ACRE,,,E/F AO MERCADO DE AFOGADOS AO LADO DO TODO DIA,RUA DO ACRE,,E/F AO MERCADO DE AFOGADOS AO LADO DO TODO DIA,AFOGADOS,,,COLISÃO,COLISAO ENTRE ONIBUS E AUTO S/V,1,,,,,1,,,,0,,,,,,,,,,,,,,,,,,
2018-09-26,08:55:00,SEM VÍTIMA,FINALIZADA,BOA VIAGEM,AV GENERAL MAC ARTHUR,,,EM FRENTE AO CONDOMINIO VITA,AV GENERAL MAC ARTHUR,,EM FRENTE AO CONDOMINIO VITA,BOA VIAGEM,,,COLISÃO,SEM VITIMAS,3,,,,,,,,,0,,,,,,,,,,,,,,,,,,
2018-09-26,09:24:00,SEM VÍTIMA,FINALIZADA,AFOGADOS,RUA IMPERIAL,2026 A,,SEMÁFORO 352 E/F A PERNAMBUCO ALUMINIOS,RUA IMPERIAL,2026 A,SEMÁFORO 352 E/F A PERNAMBUCO ALUMINIOS,AFOGADOS,,,COLISÃO,SEM VÍTIMAS,2,,,,,,,,,0,,,,,,,,,,,,,,,,,,
2018-09-26,10:24:00,SEM VÍTIMA,FINALIZADA,AREIAS,AV RECIFE,1040,,EM FRENTE A LOJA HM VEÍCULOS SENT/BOA VIAGEM,AV RECIFE,1040,EM FRENTE A LOJA HM VEÍCULOS SENT/BOA VIAGEM,AREIAS,,,COLISÃO,SEM VITIMAS,1,1,,,,,,,,0,,,,,,,,,,,,,,,,,,
2018-09-26,11:01:00,SEM VÍTIMA,FINALIZADA,CASA FORTE,AV DEZESSETE DE AGOSTO,,,EM FRENTE A ACADEMIA CRUBE DEZESSETE/PRAÇA DO MONTEIRO,AV DEZESSETE DE AGOSTO,,EM FRENTE A ACADEMIA CRUBE DEZESSETE/PRAÇA DO MONTEIRO,CASA FORTE,,,COLISÃO COM CICLISTA,SEM VITIMAS,1,,,1,,,,,,0,,,,,,,,,,,,,,,,,,
2018-09-26,12:01:00,SEM VÍTIMA,FINALIZADA,ESPINHEIRO,AV NORTE,,,PRÓX. A PRAÇA DA PICANHA // SEMÁFORO 376,AV NORTE,,PRÓX. A PRAÇA DA PICANHA // SEMÁFORO 376,ESPINHEIRO,,,COLISÃO,COLISÃO ENTRE DOIS AUTOS. S/V.,1,1,,,,,,,,0,,,,,,,,,,,,,,,,,,
2018-09-26,12:23:00,SEM VÍTIMA,FINALIZADA,BOA VISTA,RUA DA SOLEDADE,94,AV MANOEL BORBA,DE ESQUINA COM A RUA MANOEL BORBA EM FRENTE A LOJA OTICA MENOR PREÇO,RUA DA SOLEDADE,94,DE ESQUINA COM A RUA MANOEL BORBA EM FRENTE A LOJA OTICA MENOR PREÇO,BOA VISTA,,,COLISÃO,COLISÃO SEM VITIMAS,1,,,,,,1,,,0,,,,,,,,,,,,,,,,,,
2018-09-26,13:00:00,SEM VÍTIMA,FINALIZADA,BOA VIAGEM,RUA JOSE DOMINGUES DA SILVA,147,RUA BELMONTE,CRUZAMENTO COM RUA BELMONTE, NA RUA FARMACIA PAGUE MENOS,RUA JOSE DOMINGUES DA SILVA,147,CRUZAMENTO COM RUA BELMONTE, NA RUA FARMACIA PAGUE MENOS,BOA VIAGEM,,,COLISÃO,DOIS AUTOS S/V,2,,,,,,,,,0,,,,,,,,,,,,,,,,
2018-09-26,13:49:00,SEM VÍTIMA,FINALIZADA,BOA VIAGEM,AV DES JOSE NEVES,,,POR TRAS DO ATACADÃO NO SENTIDO PRAZERES,AV DES JOSE NEVES,,POR TRAS DO ATACADÃO NO SENTIDO PRAZERES,BOA VIAGEM,,,COLISÃO,COLISÃO SEM VITIMAS,2,,,,,,,,,0,,,,,,,,,,,,,,,,,,
2018-09-26,13:51:00,SEM VÍTIMA,FINALIZADA,BOA VISTA,RUA DA AURORA,,AV MARIO MELO,COM A MÁRIO MELO // EM FRENTE AO MONUMENTO TORTURA NUNCA MAIS.,RUA DA AURORA,,COM A MÁRIO MELO // EM FRENTE AO MONUMENTO TORTURA NUNCA MAIS.,BOA VISTA,,,COLISÃO,COLISÃO ENTRE AUTO E ÔNIBUS. S/V.,1,,,,,1,,,,0,,,,,,,,,,,,,,,,,,
2018-09-26,14:01:00,SEM VÍTIMA,FINALIZADA,CASA AMARELA,RUA PADRE LEMOS,639,,SENTIDO CIDADE SUBURBIO EM FRENTE A LOJA KINITOS,RUA PADRE LEMOS,639,SENTIDO CIDADE SUBURBIO EM FRENTE A LOJA KINITOS,CASA AMARELA,,,COLISÃO,COLISÃO SEM VITIMAS,2,,,,,,,,,0,,,,,,,,,,,,,,,,,,
2018-09-26,14:01:00,SEM VÍTIMA,FINALIZADA,ESPINHEIRO,AV NORTE,,AV SANTOS DUMONT,EM FRENTE A PADARIA ROSARINHO // COM A SANTOS DUMONT,AV NORTE,,EM FRENTE A PADARIA ROSARINHO // COM A SANTOS DUMONT,ESPINHEIRO,,,COLISÃO,COLISÃO ENTRE DOIS AUTOS S/V.,2,,,,,,,,,0,,,,,,,,,,,,,,,,,,
2018-09-26,14:34:00,SEM VÍTIMA,CANCELADA,BAIRRO DO RECIFE,CAIS DO APOLO,,,EM FRENTE AO ESTACIONAMENTO PREFEITURA DO RECIFE EM BAIXO DO SEMAFORO 436,CAIS DO APOLO,,EM FRENTE AO ESTACIONAMENTO PREFEITURA DO RECIFE EM BAIXO DO SEMAFORO 436,BAIRRO DO RECIFE,,,COLISÃO,COLISÃO SEM VITIMAS,2,,,,,,,,,0,,,,,,,,,,,,,,,,,,
2018-09-26,14:34:00,SEM VÍTIMA,FINALIZADA,ENCRUZILHADA,RUA ALFREDO DE CASTRO,150,,EM FRENTE À ARMORI // SENTIDO AV. NORTE // AMÉRICA FORD,RUA ALFREDO DE CASTRO,150,EM FRENTE À ARMORI // SENTIDO AV. NORTE // AMÉRICA FORD,ENCRUZILHADA,,,ENGAVETAMENTO,ENGAVETAMENTO ENTRE TRÊS AUTOS. S/V.,3,,,,,,,,,0,,,,,,,,,,,,,,,,,,
2018-09-26,14:39:00,SEM VÍTIMA,FINALIZADA,SANTO AMARO,RUA AURORA,,,AV NORTE,RUA AURORA,,AV NORTE,SANTO AMARO,,,COLISÃO,MOTO X AUTO,1,1,,,,,,,,0,,,,,,,,,,,,,,,,,,
2018-09-26,16:07:00,COM VÍTIMA,FINALIZADA,MADALENA,RUA BENFICA,,,PROX AO EXTRA DA BENFICA DE ESQUINA COM O HOSPITAL LESSA DE ANDRADE,RUA BENFICA,,PROX AO EXTRA DA BENFICA DE ESQUINA COM O HOSPITAL LESSA DE ANDRADE,MADALENA,,,COLISÃO,COLISÃO COM VITIMA A ESPERA DO SAMU,,2,,,,,,,,1,,,,,,,,,,,,,,,,,,
2018-09-26,16:19:00,COM VÍTIMA,FINALIZADA,IPUTINGA,RUA SAO MATEUS,,,EM BAIXO DO SEMAFORO 239 PROX AO ALTINO VENTURA,RUA SAO MATEUS,,EM BAIXO DO SEMAFORO 239 PROX AO ALTINO VENTURA,IPUTINGA,,,COLISÃO,COLISÃO COM VITIMA A ESPERA DO SAMU,1,1,,,,,,,,1,,,,,,,,,,,,,,,,,,
2018-09-26,16:29:00,SEM VÍTIMA,FINALIZADA,MADALENA,RUA DR JOAO COIMBRA,,,EM FRENTE AO MERCADO DA MADALENA,RUA DR JOAO COIMBRA,,EM FRENTE AO MERCADO DA MADALENA,MADALENA,,,COLISÃO,COLISÃO SEM VITIMAS,2,,,,,,,,,0,,,,,,,,,,,,,,,,,,
2018-09-26,16:34:00,SEM VÍTIMA,FINALIZADA,AFOGADOS,LARGO DA PAZ,,,EM FRENTE AO BANCO ITAU,LARGO DA PAZ,,EM FRENTE AO BANCO ITAU,AFOGADOS,,,COLISÃO,COLISÃO SEM VITIMAS,1,,,,,1,,,,0,,,,,,,,,,,,,,,,,,
2018-09-26,16:35:00,SEM VÍTIMA,FINALIZADA,ILHA DO LEITE,AV LINS PETIT,412,RUA JOAQUIM INACIO,COM RUA JOAQUIM INACIO E/F AO POSTO IPIRANGA,AV LINS PETIT,412,COM RUA JOAQUIM INACIO E/F AO POSTO IPIRANGA,ILHA DO LEITE,,,COLISÃO,COLISAO ENTRE DOIS AUTOS S/V,1,,,,,,1,,,0,,,,,,,,,,,,,,,,,,
2018-09-26,16:52:00,SEM VÍTIMA,FINALIZADA,CORDEIRO,AV ENGENHEIRO ABDIAS DE CARVALHO,,,PRÓXIMO AOS CORREIOS NO SENTIDO BR,AV ENGENHEIRO ABDIAS DE CARVALHO,,PRÓXIMO AOS CORREIOS NO SENTIDO BR,CORDEIRO,,,COLISÃO,CARRO DO IML X AUTO,1,,,,,,,1,,0,,,,,,,,,,,,,,,,,,
2018-09-26,18:13:00,SEM VÍTIMA,FINALIZADA,JORDÃO,AV MARIA IRENE,503,,E/F A IGREJA BATISTA DEUS É ESPÍRITO, SNT IBURA,AV MARIA IRENE,503,E/F A IGREJA BATISTA DEUS É ESPÍRITO, SNT IBURA,JORDÃO,,,COLISÃO,ENTRE AUTO E MOTO. S/V,1,1,,,,,,,,0,,,,,,,,,,,,,,,,
2018-09-26,18:25:00,SEM VÍTIMA,FINALIZADA,TORRÕES,AV ENGENHEIRO ABDIAS DE CARVALHO,,,SEMÁFORO 272 / APÓS A UPA,AV ENGENHEIRO ABDIAS DE CARVALHO,,SEMÁFORO 272 / APÓS A UPA,TORRÕES,,,COLISÃO,ENTRE 2 AUTOS, S/V,2,,,,,,,,,0,,,,,,,,,,,,,,,,,
2018-09-26,20:11:00,COM VÍTIMA,FINALIZADA,IPSEP,RUA ITACARI,,RUA ITAJAI,COM A ITAJAÍ... PROX. A GOCIL VIGILANCIA E SEGURANÇA,RUA ITACARI,,COM A ITAJAÍ... PROX. A GOCIL VIGILANCIA E SEGURANÇA,IPSEP,,,COLISÃO,COLISÃO COM VÍTIMA, AGUARDANDO NO LOCAL,1,1,,,,,,,,1,,,,,,,,,,,,,,,,,
2018-09-26,21:35:00,SEM VÍTIMA,CANCELADA,AFOGADOS,RUA IMPERIAL,,,E/F A SECRETARIA DA FAZENDA,RUA IMPERIAL,,E/F A SECRETARIA DA FAZENDA,AFOGADOS,,,ENGAVETAMENTO,ENTRE 3 AUTOS. S/V,3,,,,,,,,,0,,,,,,,,,,,,,,,,,,
2018-09-26,21:44:00,SEM VÍTIMA,CANCELADA,NOVA DESCOBERTA,RUA TANCREDO NEVES,,,POR TRAZ DO CAMPO DO FLUMINENCE,RUA TANCREDO NEVES,,POR TRAZ DO CAMPO DO FLUMINENCE,NOVA DESCOBERTA,,,COLISÃO,COLISÃO SEM VITIMA,1,1,,,,,,,,0,,,,,,,,,,,,,,,,,,
2018-09-26,21:49:00,COM VÍTIMA,FINALIZADA,SANTO AMARO,RUA TREZE DE MAIO,S/N,,AV NORTE,RUA TREZE DE MAIO,S/N,AV NORTE,SANTO AMARO,,,COLISÃO,,1,1,,,,,,,,1,,,,,,,,,,,,,,,,,,
2018-09-26,22:36:00,SEM VÍTIMA,CANCELADA,AFOGADOS,RUA NICOLAU PEREIRA,,,E/F A ALUMIAÇO / PRÓX A PONTE MOTOCOLOMBÓ,RUA NICOLAU PEREIRA,,E/F A ALUMIAÇO / PRÓX A PONTE MOTOCOLOMBÓ,AFOGADOS,,,COLISÃO,ENTRE ÕNIBUS E CAMINHÃO. S/V,,,,,,1,1,,,0,,,,,,,,,,,,,,,,,,