data,hora,natureza_acidente,situacao,bairro,endereco,numero,detalhe_endereco_acidente,complemento,endereco_cruzamento,numero_cruzamento,referencia_cruzamento,bairro_cruzamento,num_semaforo,sentido_via,tipo,descricao,auto,moto,ciclom,ciclista,pedestre,onibus,caminhao,viatura,outros,vitimas,vitimasfatais,acidente_verificado,tempo_clima,situacao_semaforo,sinalizacao,condicao_via,conservacao_via,ponto_controle,situacao_placa,velocidade_max_via,mao_direcao,divisao_via1,divisao_via2,divisao_via3,,,,
2018-09-27,07:03:00,SEM VÍTIMA,CANCELADA,ESPINHEIRO,RUA AMELIA,111,,EM FRENTE AO MUNDO DO CABELEREIRO,RUA AMELIA,111,EM FRENTE AO MUNDO DO CABELEREIRO,ESPINHEIRO,,,COLISÃO,SEM VITIMAS,2,,,,,,,,,0,,,,,,,,,,,,,,,,,,
2018-09-27,07:14:00,SEM VÍTIMA,FINALIZADA,TAMARINEIRA,RUA JOAO TUDE DE MELO,,,EM FRENTE AO SHOPPING PARNAMIRIM,RUA JOAO TUDE DE MELO,,EM FRENTE AO SHOPPING PARNAMIRIM,TAMARINEIRA,,,COLISÃO,COLISÃO ENTRE DOIS AUTOS S/V.,2,,,,,,,,,0,,,,,,,,,,,,,,,,,,
2018-09-27,07:16:00,SEM VÍTIMA,FINALIZADA,SANTO AMARO,AV CRUZ CABUGA,S/N,,EM FRENTE AO HOSPITAL DO CÂNCER / SENTIDO OLINDA,AV CRUZ CABUGA,S/N,EM FRENTE AO HOSPITAL DO CÂNCER / SENTIDO OLINDA,SANTO AMARO,,,COLISÃO,AGENTE DE TERRENO INFORMOU QUE CONDUTORES AVISARAM SOBRE O ACIDENTE QUE ESTÁ CAUSANDO FORTE RETENÇÃO NA VIA,,,,,,,,,,0,,,,,,,,,,,,,,,,,,
2018-09-27,07:41:00,COM VÍTIMA,FINALIZADA,BAIRRO DO RECIFE,CAIS DO APOLO,,,EM FRENTE A PREFEITURA,CAIS DO APOLO,,EM FRENTE A PREFEITURA,BAIRRO DO RECIFE,,,COLISÃO COM CICLISTA,ONIBUS E CICLISTA,,,,1,,1,,,,1,,,,,,,,,,,,,,,,,,
2018-09-27,08:36:00,SEM VÍTIMA,FINALIZADA,PARNAMIRIM,AV PARNAMIRIM,278,,,AV PARNAMIRIM,278,,PARNAMIRIM,,,COLISÃO,COLISÃO SEM VITIMA,3,,,,,,,,,0,,,,,,,,,,,,,,,,,,
2018-09-27,08:37:00,SEM VÍTIMA,FINALIZADA,PINA,AV ANTONIO DE GOES,,,EM BAIXO DO SEMAFORO 538,AV ANTONIO DE GOES,,EM BAIXO DO SEMAFORO 538,PINA,,,COLISÃO,COLISÃO SEM VITIMAS GM QTH,2,,,,,,,,,0,,,,,,,,,,,,,,,,,,
2018-09-27,09:10:00,SEM VÍTIMA,FINALIZADA,TEJIPIÓ,AV DR JOSE RUFINO,,,DEPOIS DA ESTAÇÃO TEJIPIÓ // ENTRADA DO PACHECO // ESQUINA COM CASA MOTO E COM A ASSEMBLÉIA DE DEUS,AV DR JOSE RUFINO,,DEPOIS DA ESTAÇÃO TEJIPIÓ // ENTRADA DO PACHECO // ESQUINA COM CASA MOTO E COM A ASSEMBLÉIA DE DEUS,TEJIPIÓ,,,COLISÃO,COLISÃO S/V,1,,,,,,1,,,0,,,,,,,,,,,,,,,,,,
2018-09-27,09:22:00,COM VÍTIMA,FINALIZADA,CORDEIRO,EST DO FORTE DO ARRAIAL N. DO B. JESUS,937,,HA 50 METROS DA PRAÇA DO QUINZE/SENT AV ENG ABDIAS DE CARVALHO,EST DO FORTE DO ARRAIAL N. DO B. JESUS,937,HA 50 METROS DA PRAÇA DO QUINZE/SENT AV ENG ABDIAS DE CARVALHO,CORDEIRO,,,COLISÃO,COM UMA VITIMA/SAMU ACIONADO/GM NO LOCAL,1,1,,,,,,,,1,,,,,,,,,,,,,,,,,,
2018-09-27,09:30:00,SEM VÍTIMA,FINALIZADA,BOA VISTA,RUA DO RIACHUELO,,,EM FRENTE A PARADA DO BRT ESTAÇÃO RIACHUELO,RUA DO RIACHUELO,,EM FRENTE A PARADA DO BRT ESTAÇÃO RIACHUELO,BOA VISTA,,,COLISÃO,SEM VITIMAS,1,1,,,,,,,,0,,,,,,,,,,,,,,,,,,
2018-09-27,09:40:00,SEM VÍTIMA,FINALIZADA,BEBERIBE,AV BEBERIBE,,,EM FRENTE A BEBERIBE AUTO PEÇAS,AV BEBERIBE,,EM FRENTE A BEBERIBE AUTO PEÇAS,BEBERIBE,,,COLISÃO,VIATUARA BOMBEIRO E AUTO PASSEIO / VT 02 NO QTH,1,,,,,,,1,,0,,,,,,,,,,,,,,,,,,
2018-09-27,10:29:00,SEM VÍTIMA,FINALIZADA,IPUTINGA,RUA MAURICIO DE NASSAU,500,,EM FRENTE AO PARQUE CAIARA,RUA MAURICIO DE NASSAU,500,EM FRENTE AO PARQUE CAIARA,IPUTINGA,,,COLISÃO,SEM VITIMAS,1,,,,,,1,,,0,,,,,,,,,,,,,,,,,,
2018-09-27,10:32:00,COM VÍTIMA,FINALIZADA,SANTO AMARO,AV DR JAYME DA FONTE,16,,EM FRENTE AO PREDIO NOVO DA COMPESA,AV DR JAYME DA FONTE,16,EM FRENTE AO PREDIO NOVO DA COMPESA,SANTO AMARO,,,COLISÃO,COM UMA VITIMA SENDO ATENDIDA PELOS BOMBEIROS,2,,,,,,1,,,1,,,,,,,,,,,,,,,,,,
2018-09-27,10:37:00,SEM VÍTIMA,FINALIZADA,CAXANGÁ,AV CAXANGA,,,EM FRENTE AO BOMPREÇO,AV CAXANGA,,EM FRENTE AO BOMPREÇO,CAXANGÁ,,,COLISÃO,MOTO E AUTO / VT 32 NO QTH,1,1,,,,,,,,0,,,,,,,,,,,,,,,,,,
2018-09-27,10:39:00,COM VÍTIMA,FINALIZADA,CAMPO GRANDE,RUA FRANKLIN TAVORA,650,RUA OLIVEIRA FONSECA,COM A RUA OLIVEIRA FONSECA // EM FRENTE AO EDIFICIO CORÍNTIOS,RUA FRANKLIN TAVORA,650,COM A RUA OLIVEIRA FONSECA // EM FRENTE AO EDIFICIO CORÍNTIOS,CAMPO GRANDE,,,COLISÃO,COLISÃO ENTRE AUTO E MOTO C/V.,1,1,,,,,,,,1,,,,,,,,,,,,,,,,,,
2018-09-27,11:07:00,SEM VÍTIMA,CANCELADA,AFOGADOS,RUA SAO MIGUEL,268,,EM FRENTE AO DEPATRI,RUA SAO MIGUEL,268,EM FRENTE AO DEPATRI,AFOGADOS,,,COLISÃO,CAMINHAO E AUTO PASSEIO,1,,,,,,1,,,0,,,,,,,,,,,,,,,,,,
2018-09-27,11:40:00,COM VÍTIMA,FINALIZADA,PINA,AV ANTONIO DE GOES,142,,PROX AO SHOPPING RIO MAR EM FRENTE AO POSTO DE GASOLINA BR,AV ANTONIO DE GOES,142,PROX AO SHOPPING RIO MAR EM FRENTE AO POSTO DE GASOLINA BR,PINA,,,COLISÃO,COLISÃO COM VITIMA A ESPERA SAMU,1,1,,,,,,,,1,,,,,,,,,,,,,,,,,,
2018-09-27,13:33:00,COM VÍTIMA,FINALIZADA,IMBIRIBEIRA,RUA ARQUITETO LUIZ NUNES,,,PROX AO RESTAURANTE JULIETTO,RUA ARQUITETO LUIZ NUNES,,PROX AO RESTAURANTE JULIETTO,IMBIRIBEIRA,,,COLISÃO,COLISAO ENTRE AUTO E MOTO COM VITIMA,1,1,,,,,,,,1,,,,,,,,,,,,,,,,,,
2018-09-27,13:44:00,SEM VÍTIMA,FINALIZADA,AFOGADOS,RUA SAO MIGUEL,,,PROX A BEZERRA REBOQUES E/F PETROISA,RUA SAO MIGUEL,,PROX A BEZERRA REBOQUES E/F PETROISA,AFOGADOS,,,COLISÃO,COLISAO ENTRE CAMINHAO E AUTO S/V,1,,,,,,1,,,0,,,,,,,,,,,,,,,,,,
2018-09-27,14:13:00,SEM VÍTIMA,FINALIZADA,PARNAMIRIM,AV FLOR DE SANTANA,408,,AO LADO ANTIGO COLISEU,AV FLOR DE SANTANA,408,AO LADO ANTIGO COLISEU,PARNAMIRIM,,,COLISÃO,,1,1,,,,,,,,0,,,,,,,,,,,,,,,,,,
2018-09-27,14:28:00,COM VÍTIMA,FINALIZADA,SAN MARTIN,AV GENERAL SAN MARTIN,2072,,EM FRENTE AO HAPVIDA,AV GENERAL SAN MARTIN,2072,EM FRENTE AO HAPVIDA,SAN MARTIN,,,COLISÃO,COLISÃO COM VÍTIMA,2,,,,,,,,,1,,,,,,,,,,,,,,,,,,
2018-09-27,14:31:00,SEM VÍTIMA,FINALIZADA,BOA VIAGEM,AV CONSELHEIRO AGUIAR,1273,,E/F AO RESTAURANTE RED BAK,AV CONSELHEIRO AGUIAR,1273,E/F AO RESTAURANTE RED BAK,BOA VIAGEM,,,COLISÃO,,1,1,,,,,,,,0,,,,,,,,,,,,,,,,,,
2018-09-27,15:07:00,SEM VÍTIMA,CANCELADA,ESTÂNCIA,AV RECIFE,5520,,EM FRENTE A RECIFRIO/ SENTIDO CIDADE UNIVERSITARIA,AV RECIFE,5520,EM FRENTE A RECIFRIO/ SENTIDO CIDADE UNIVERSITARIA,ESTÂNCIA,,,COLISÃO,COLISÃO SEM VÍTIMA,1,,,,,,1,,,0,,,,,,,,,,,,,,,,,,
2018-09-27,15:28:00,SEM VÍTIMA,CANCELADA,PINA,RUA MELQUI RIBEIRO ROMA,,,E/F AO CORPUS HOTEL,RUA MELQUI RIBEIRO ROMA,,E/F AO CORPUS HOTEL,PINA,,,COLISÃO,COLISAO ENTRE AUTO E MOTO S/V,1,1,,,,,,,,0,,,,,,,,,,,,,,,,,,
2018-09-27,15:31:00,SEM VÍTIMA,FINALIZADA,BARRO,AV DR JOSE RUFINO,,,E/F A IGREJA DO BARRO,AV DR JOSE RUFINO,,E/F A IGREJA DO BARRO,BARRO,,,COLISÃO,COLISAO ENTRE ONIBUS E CAMINHAO S/V,,,,,,1,1,,,0,,,,,,,,,,,,,,,,,,
2018-09-27,15:34:00,SEM VÍTIMA,FINALIZADA,GRAÇAS,RUA ALBERTO PAIVA,,,EM FRENTE A EMLURB,RUA ALBERTO PAIVA,,EM FRENTE A EMLURB,GRAÇAS,,,COLISÃO,COLISÃO SEM VÍTIMA,2,,,,,,,,,0,,,,,,,,,,,,,,,,,,
2018-09-27,15:51:00,SEM VÍTIMA,CANCELADA,MADALENA,RUA ENGENHEIRO LEONARDO ARCOVERDE,,,PROX. AO CANAL , INDO PARA JOSE OSORIO,RUA ENGENHEIRO LEONARDO ARCOVERDE,,PROX. AO CANAL , INDO PARA JOSE OSORIO,MADALENA,,,COLISÃO,COLISÃO SEM VÍTIMA,2,,,,,,,,,0,,,,,,,,,,,,,,,,
2018-09-27,16:32:00,SEM VÍTIMA,FINALIZADA,MORRO DA CONCEIÇÃO,AV NORTE,,,PROX. AO LARGO DOM LUIZ, NA SUBIDA DO MORRO,AV NORTE,,PROX. AO LARGO DOM LUIZ, NA SUBIDA DO MORRO,MORRO DA CONCEIÇÃO,,,COLISÃO,COLISÃO SEM VÍTIMA,,1,,,,1,,,,0,,,,,,,,,,,,,,,,
2018-09-27,16:37:00,SEM VÍTIMA,FINALIZADA,ESPINHEIRO,RUA QUARENTA E OITO,815,,EM FRENTE A LAVANDERIA 5 À SEC,RUA QUARENTA E OITO,815,EM FRENTE A LAVANDERIA 5 À SEC,ESPINHEIRO,,,COLISÃO,COLISÃO SEM VÍTIMA,2,,,,,,,,,0,,,,,,,,,,,,,,,,,,
2018-09-27,17:02:00,SEM VÍTIMA,FINALIZADA,CIDADE UNIVERSITÁRIA,RUA MARECHAL MANOEL LUIS OSORIO,,,E/F AO COLEGIO PONTUAL,RUA MARECHAL MANOEL LUIS OSORIO,,E/F AO COLEGIO PONTUAL,CIDADE UNIVERSITÁRIA,,,COLISÃO,COLISAO ENTRE DOIS AUTOS S/V,2,,,,,,,,,0,,,,,,,,,,,,,,,,,,
2018-09-27,17:21:00,SEM VÍTIMA,FINALIZADA,AFOGADOS,RUA COSME VIANA,,,NA FRENTE DA TUPAN,RUA COSME VIANA,,NA FRENTE DA TUPAN,AFOGADOS,,,COLISÃO,COLISÃO SEM VÍTIMA,1,1,,,,,,,,0,,,,,,,,,,,,,,,,,,
2018-09-27,17:22:00,SEM VÍTIMA,FINALIZADA,BOA VIAGEM,AV FERNANDO SIMOES BARBOSA,1000,,EM FRENTE A BORRACHARIA CANAL/ POR TRÁS DA DELEGACIA DE BOA VIAGEM/ SENTIDO PIEDADE,AV FERNANDO SIMOES BARBOSA,1000,EM FRENTE A BORRACHARIA CANAL/ POR TRÁS DA DELEGACIA DE BOA VIAGEM/ SENTIDO PIEDADE,BOA VIAGEM,,,COLISÃO,COLISÃO SEM VÍTIMA,2,,,,,,,,,0,,,,,,,,,,,,,,,,,,
2018-09-27,17:36:00,SEM VÍTIMA,FINALIZADA,JARDIM SÃO PAULO,AV DR JOSE RUFINO,,,ANTES DA ESTAÇÃO WERNECK, AO LADO DO CONSELHO TUTELAR,AV DR JOSE RUFINO,,ANTES DA ESTAÇÃO WERNECK, AO LADO DO CONSELHO TUTELAR,JARDIM SÃO PAULO,,,COLISÃO,COLISÃO SEM VÍTIMA,1,1,,,,,,,,0,,,,,,,,,,,,,,,,
2018-09-27,18:21:00,SEM VÍTIMA,FINALIZADA,JOANA BEZERRA,RUA AGUA DOCE,,,NA ENTRADA PARA A ESTAÇÃO, PROX,A ACADEMIA DA CIDADE,RUA AGUA DOCE,,NA ENTRADA PARA A ESTAÇÃO, PROX,A ACADEMIA DA CIDADE,JOANA BEZERRA,,,COLISÃO,COLISÃO SEM VÍTIMA,2,,,,,,,,,0,,,,,,,,,,,,,,
2018-09-27,18:37:00,COM VÍTIMA,FINALIZADA,CORDEIRO,AV GENERAL SAN MARTIN,,RUA GOMES TABORDA,CRUZAMENTO COM A GOMES TABORDA // SEMAFORO 067,AV GENERAL SAN MARTIN,,CRUZAMENTO COM A GOMES TABORDA // SEMAFORO 067,CORDEIRO,,,COLISÃO,MOTO X GOL,1,1,,,,,,,,2,,,,,,,,,,,,,,,,,,
2018-09-27,,SEM VÍTIMA,FINALIZADA,PRADO,RUA GOMES TABORDA,594,,JOCKEY CLUB , SENTIDO ABDIAS,RUA GOMES TABORDA,594,JOCKEY CLUB , SENTIDO ABDIAS,PRADO,,,COLISÃO,COLISÃO SEM VITIMAS,2,,,,,,,,,0,,,,,,,,,,,,,,,,
2018-09-27,19:43:00,SEM VÍTIMA,FINALIZADA,AREIAS,AV DR JOSE RUFINO,1099,,ENF AO SENAI DE AREIAS // PROX A RUA ENG. ARNALDO LIMA,AV DR JOSE RUFINO,1099,ENF AO SENAI DE AREIAS // PROX A RUA ENG. ARNALDO LIMA,AREIAS,,,COLISÃO,ONIBUS X FORD RANGER,1,,,,,1,,,,0,,,,,,,,,,,,,,,,,,
2018-09-27,20:23:00,SEM VÍTIMA,FINALIZADA,IBURA,AV DOM HELDER CAMARA,,,ANTES DA LINHA DO TREM // PROX AO MANGUE,AV DOM HELDER CAMARA,,ANTES DA LINHA DO TREM // PROX AO MANGUE,IBURA,,,COLISÃO,VT DA POLICIA X MOTO,,1,,,,,,1,,0,,,,,,,,,,,,,,,,,,
2018-09-27,20:50:00,SEM VÍTIMA,FINALIZADA,CAMPO GRANDE,EST DE BELEM,,,NA FRENTE DO RESTAURANTE JARDIM E O ANTIGO BANDEPE,EST DE BELEM,,NA FRENTE DO RESTAURANTE JARDIM E O ANTIGO BANDEPE,CAMPO GRANDE,,,COLISÃO,COLISÃO SEM VITIMAS,2,,,,,,,,,0,,,,,,,,,,,,,,,,,,
2018-09-27,20:57:00,COM VÍTIMA,FINALIZADA,CASA AMARELA,AV NORTE,,,ENF AO HOSPITAL PROF BARROS LIMA // SENTIDO BR,AV NORTE,,ENF AO HOSPITAL PROF BARROS LIMA // SENTIDO BR,CASA AMARELA,,,ENGAVETAMENTO,TRES AUTOS,3,,,,,,,,,2,,,,,,,,,,,,,,,,,,
2018-09-27,21:19:00,SEM VÍTIMA,FINALIZADA,IMBIRIBEIRA,RUA DEZ DE JULHO,429,,DEPOIS DO CRUZAMENTO DA AV VINTE DE JANEIRO,RUA DEZ DE JULHO,429,DEPOIS DO CRUZAMENTO DA AV VINTE DE JANEIRO,IMBIRIBEIRA,,,COLISÃO,HONDA CIT X LAND RONVER,2,,,,,,,,,0,,,,,,,,,,,,,,,,,,
2018-09-27,21:28:00,SEM VÍTIMA,FINALIZADA,ESPINHEIRO,AV CONS ROSA E SILVA,537,,ENF AO CENTRO DA VISAO // PROX A RUA BRUNO MAIA,AV CONS ROSA E SILVA,537,ENF AO CENTRO DA VISAO // PROX A RUA BRUNO MAIA,ESPINHEIRO,,,COLISÃO,DOIS AUTOS,2,,,,,,,,,0,,,,,,,,,,,,,,,,,,
2018-09-27,22:08:00,SEM VÍTIMA,FINALIZADA,BOA VIAGEM,RUA PROFESSOR AUGUSTO LINS E SILVA,52,,PROX AO MCRUZAMENTO CO A RUA PROF. MARIO DE CASTRO,RUA PROFESSOR AUGUSTO LINS E SILVA,52,PROX AO MCRUZAMENTO CO A RUA PROF. MARIO DE CASTRO,BOA VIAGEM,,,COLISÃO,GOL X HONDA CIT,2,,,,,,,,,0,,,,,,,,,,,,,,,,,,
2018-09-27,22:33:00,SEM VÍTIMA,FINALIZADA,IMBIRIBEIRA,AV MARECHAL MASCARENHAS DE MORAES,,,EM BAIXO DO VIADUTO TRANQUEDO NEVES // SENTIDO CID SURBIO,AV MARECHAL MASCARENHAS DE MORAES,,EM BAIXO DO VIADUTO TRANQUEDO NEVES // SENTIDO CID SURBIO,IMBIRIBEIRA,,,COLISÃO,CAMINHAO DO LIXO X SANDERO,1,,,,,,1,,,0,,,,,,,,,,,,,,,,,,
2018-09-28,08:06:00,SEM VÍTIMA,FINALIZADA,MADALENA,AV CAXANGA,1985,,AO LADO DO CERPE /SENTIDO CIDADE/SEMAFORO 268,AV CAXANGA,1985,AO LADO DO CERPE /SENTIDO CIDADE/SEMAFORO 268,MADALENA,,,COLISÃO,SEM VITIMAS,3,,,,,,,,,0,,,,,,,,,,,,,,,,,,
2018-09-28,08:18:00,SEM VÍTIMA,FINALIZADA,IBURA,RUA RIO XINGU,616,,EM FRENTE AO SUPERMERCADO PALMEIROM,RUA RIO XINGU,616,EM FRENTE AO SUPERMERCADO PALMEIROM,IBURA,,,COLISÃO,MOTO E AUTO,1,1,,,,,,,,0,,,,,,,,,,,,,,,,,,
2018-09-28,08:28:00,COM VÍTIMA,FINALIZADA,IBURA,RUA FRANCISCO BELTRAO,108,,PRÓX À PADARIA CLAUDINO PÃO,RUA FRANCISCO BELTRAO,108,PRÓX À PADARIA CLAUDINO PÃO,IBURA,,,COLISÃO,COLISÃO ENTRE AUTO E MOTO. C/V.,1,1,,,,,,,,1,,,,,,,,,,,,,,,,,,
2018-09-28,08:32:00,SEM VÍTIMA,FINALIZADA,MADALENA,AV BEIRA RIO,701,RUA JOSE OSORIO,SEMAFORO 387/CRUZAMENTO COM A RUA JOSÉ OSORIO,AV BEIRA RIO,701,SEMAFORO 387/CRUZAMENTO COM A RUA JOSÉ OSORIO,MADALENA,,,COLISÃO,SEM VITIMAS/CTTU NO LOCAL GM PONTO FIXO,2,,,,,,,,,0,,,,,,,,,,,,,,,,,,
2018-09-28,08:52:00,SEM VÍTIMA,FINALIZADA,ESPINHEIRO,RUA ALFREDO DE CARVALHO,221,RUA MARQUES DO PARANA,CRUZAMENTO COM A RUA MARQUES DO PARANA/AO LADO DO MARTELINHO DE OURO,RUA ALFREDO DE CARVALHO,221,CRUZAMENTO COM A RUA MARQUES DO PARANA/AO LADO DO MARTELINHO DE OURO,ESPINHEIRO,,,COLISÃO,SEM VITIMAS,2,,,,,,,,,0,,,,,,,,,,,,,,,,,,
2018-09-28,08:56:00,COM VÍTIMA,FINALIZADA,PINA,AV ANTONIO DE GOES,275,AV CONS AGUIAR,EM FRENTE À SECRETARIA DE ADMINISTRAÇÃO // FAIXA DA ESQUERDA // SEMÁFORO 226,AV ANTONIO DE GOES,275,EM FRENTE À SECRETARIA DE ADMINISTRAÇÃO // FAIXA DA ESQUERDA // SEMÁFORO 226,PINA,,,ATROPELAMENTO,MOTO E PEDESTRE,,1,,,1,,,,,1,,,,,,,,,,,,,,,,,,
2018-09-28,08:59:00,SEM VÍTIMA,FINALIZADA,AFOGADOS,RUA DA PAZ,201,,EM FRENTE A CAIXA ECONOMICA FEDERAL,RUA DA PAZ,201,EM FRENTE A CAIXA ECONOMICA FEDERAL,AFOGADOS,,,COLISÃO,COLISÃO SEM VITIMAS,1,,,,,,1,,,0,,,,,,,,,,,,,,,,,,
2018-09-28,09:44:00,SEM VÍTIMA,FINALIZADA,IBURA,AV RECIFE,,,NA SAIDA DO IBURA,AV RECIFE,,NA SAIDA DO IBURA,IBURA,,,COLISÃO,COLISÃO SEM VITIMAS GM QTH,2,,,,,,,,,0,,,,,,,,,,,,,,,,,,
2018-09-28,10:46:00,SEM VÍTIMA,CANCELADA,IMBIRIBEIRA,RUA ANTONIO FALCAO,,,ENTRE A MASCARENHA DE MORAES SENTIDO IPESEP EM FRENTE AO BANCO ITAU,RUA ANTONIO FALCAO,,ENTRE A MASCARENHA DE MORAES SENTIDO IPESEP EM FRENTE AO BANCO ITAU,IMBIRIBEIRA,,,COLISÃO,COLISÃO SEM VITIMAS,2,,,,,,,,,0,,,,,,,,,,,,,,,,,,
2018-09-28,11:06:00,SEM VÍTIMA,FINALIZADA,SAN MARTIN,RUA QUINZE DE MARCO,,,NO RETORNO DA CHESF,RUA QUINZE DE MARCO,,NO RETORNO DA CHESF,SAN MARTIN,,,COLISÃO,COLISÃO SEM VITIMAS,3,,,,,,,,,0,,,,,,,,,,,,,,,,,,
2018-09-28,11:50:00,SEM VÍTIMA,FINALIZADA,CORDEIRO,AV CAXANGA,1221,,EM FRENTE A DROGASIL /SENT/CIDADE,AV CAXANGA,1221,EM FRENTE A DROGASIL /SENT/CIDADE,CORDEIRO,,,COLISÃO,SEM VITIMAS/CRIANÇA DE DOIS ANOS EM UM DOS VEÍCULOS,2,,,,,,,,,0,,,,,,,,,,,,,,,,,,
2018-09-28,11:51:00,,CANCELADA,CORDEIRO,RUA GREGORIO JUNIOR,56,,COM A CAXANGÁ // EM FRENTE À FARMÁCIA DROGASIL,RUA GREGORIO JUNIOR,56,COM A CAXANGÁ // EM FRENTE À FARMÁCIA DROGASIL,CORDEIRO,,,COLISÃO,COLISÃO ENTRE AUTOS S/V.,2,,,,,,,,,0,,,,,,,,,,,,,,,,,,
2018-09-28,11:51:00,SEM VÍTIMA,FINALIZADA,AFLITOS,AV SANTOS DUMONT,54,,PROX AO RESTAURANTE SABOR DO BEIJO EM FRENTE A UM ESCRITORIO DE ARQUITETURA,AV SANTOS DUMONT,54,PROX AO RESTAURANTE SABOR DO BEIJO EM FRENTE A UM ESCRITORIO DE ARQUITETURA,AFLITOS,,,COLISÃO,COLISÃO SEM VITIMAS,3,,,,,,,,,0,,,,,,,,,,,,,,,,,,
2018-09-28,12:31:00,SEM VÍTIMA,FINALIZADA,COELHOS,RUA PREFEITO JORGE MARTINS,33,,PROXIMO AO CAMPINHO DOS COELHOS,RUA PREFEITO JORGE MARTINS,33,PROXIMO AO CAMPINHO DOS COELHOS,COELHOS,,,CHOQUE,VEÍCULO CHOCOU-SE COM O MURO APÓS SER ROUBADO O MELIANTE FUGIU E O VEÍCULO ESTA NO LOCAL COM O PROPRIETARIO,,,,,,,,,,0,,,,,,,,,,,,,,,,,,
2018-09-28,13:27:00,COM VÍTIMA,FINALIZADA,ROSARINHO,AV NORTE,3388,,EM FRENTE AO POSTO BR, SENTIDO MACAXEIRA,AV NORTE,3388,EM FRENTE AO POSTO BR, SENTIDO MACAXEIRA,ROSARINHO,,,COLISÃO,,1,1,,,,,,,,1,,,,,,,,,,,,,,,,
2018-09-28,13:35:00,SEM VÍTIMA,FINALIZADA,CORDEIRO,RUA CAMOCIM,1480,,PROX. AO GETULIO VARGAS,RUA CAMOCIM,1480,PROX. AO GETULIO VARGAS,CORDEIRO,,,COLISÃO,DOIS AUTOS S/V,2,,,,,,,,,0,,,,,,,,,,,,,,,,,,
2018-09-28,13:56:00,SEM VÍTIMA,FINALIZADA,IMBIRIBEIRA,AV MARECHAL MASCARENHAS DE MORAES,,,DENTRO DO AEROPORTO NO DESEMBARQUE,AV MARECHAL MASCARENHAS DE MORAES,,DENTRO DO AEROPORTO NO DESEMBARQUE,IMBIRIBEIRA,,,COLISÃO,COLISÃO SEM VÍITMA,1,,,,,1,,,,0,,,,,,,,,,,,,,,,,,
2018-09-28,13:57:00,SEM VÍTIMA,FINALIZADA,PRADO,RUA PADRE TEOFILO TWORZ,295,,PROX. AO CENTRO DE SAUDE DES. ANGELO JORDAO FILHO,RUA PADRE TEOFILO TWORZ,295,PROX. AO CENTRO DE SAUDE DES. ANGELO JORDAO FILHO,PRADO,,,COLISÃO,DOIS AUTOS E UMA MOTO,2,1,,,,,,,,0,,,,,,,,,,,,,,,,,,
2018-09-28,14:06:00,SEM VÍTIMA,FINALIZADA,TORRÕES,RUA ZUMBI DOS PALMARES,1035A,RUA BICENTENARIO DA REVOLUCAO FRANCESA,CRUZAMENTO COM RUA BICENTENARIO DA REVOLUÇAO FRANCESA,RUA ZUMBI DOS PALMARES,1035A,CRUZAMENTO COM RUA BICENTENARIO DA REVOLUÇAO FRANCESA,TORRÕES,,,COLISÃO,AUTO E ONIBUS DA MOBI,2,,,,,,,,,0,,,,,,,,,,,,,,,,,,
2018-09-28,14:11:00,SEM VÍTIMA,FINALIZADA,DOIS IRMÃOS,RUA MANUEL DE MEDEIROS,,,E/F AO HOSPITAL VETERINARIO,RUA MANUEL DE MEDEIROS,,E/F AO HOSPITAL VETERINARIO,DOIS IRMÃOS,,,COLISÃO,COLISAO ENTRE AUTO E ONIBUS S/V,1,,,,,1,,,,0,,,,,,,,,,,,,,,,,,
2018-09-28,14:12:00,SEM VÍTIMA,FINALIZADA,IBURA,AV DOM HELDER CAMARA,400,,EM FRENTE AO CORMERCIAL FAMA,AV DOM HELDER CAMARA,400,EM FRENTE AO CORMERCIAL FAMA,IBURA,,,COLISÃO,COLISÃO SEM VÍTIMA,4,,,,,,,,,0,,,,,,,,,,,,,,,,,,
2018-09-28,14:16:00,SEM VÍTIMA,FINALIZADA,MADALENA,RUA DEMOCRITO DE SOUZA FILHO,477,,EM FRENTE AO CENTRO PASTORIAL ST° AFONSO DE LIGORIO,RUA DEMOCRITO DE SOUZA FILHO,477,EM FRENTE AO CENTRO PASTORIAL ST° AFONSO DE LIGORIO,MADALENA,,,COLISÃO,AUTO E TRATOR,1,,,,,,,,1,0,,,,,,,,,,,,,,,,,,
2018-09-28,16:01:00,SEM VÍTIMA,FINALIZADA,BOA VIAGEM,AV BOA VIAGEM,,RUA BALTAZAR PASSOS,SEMAFORO 149, COM BALTAZAR PASSOS,AV BOA VIAGEM,,SEMAFORO 149, COM BALTAZAR PASSOS,BOA VIAGEM,,,COLISÃO,DOIS AUTOS S/V,2,,,,,,,,,0,,,,,,,,,,,,,,,,
2018-09-28,17:00:00,COM VÍTIMA,FINALIZADA,BOA VIAGEM,AV CONSELHEIRO AGUIAR,,,NO SEMÁFORO 002. RUA THOMÉ GIBSON,AV CONSELHEIRO AGUIAR,,NO SEMÁFORO 002. RUA THOMÉ GIBSON,BOA VIAGEM,,,COLISÃO,COLISÃO COM VÍTIMA,2,,,,,,,,,1,,,,,,,,,,,,,,,,,,
2018-09-28,17:40:00,SEM VÍTIMA,FINALIZADA,PARNAMIRIM,RUA JOAO TUDE DE MELO,134,,AO LADO DA BREMEN,RUA JOAO TUDE DE MELO,134,AO LADO DA BREMEN,PARNAMIRIM,,,COLISÃO,DOIS AUTOS S/V,2,,,,,,,,,0,,,,,,,,,,,,,,,,,,