data,hora,natureza_acidente,situacao,bairro,endereco,numero,detalhe_endereco_acidente,complemento,endereco_cruzamento,numero_cruzamento,referencia_cruzamento,bairro_cruzamento,num_semaforo,sentido_via,tipo,descricao,auto,moto,ciclom,ciclista,pedestre,onibus,caminhao,viatura,outros,vitimas,vitimasfatais,acidente_verificado,tempo_clima,situacao_semaforo,sinalizacao,condicao_via,conservacao_via,ponto_controle,situacao_placa,velocidade_max_via,mao_direcao,divisao_via1,divisao_via2,divisao_via3,,,,
2018-10-04,14:30:00,SEM VÍTIMA,FINALIZADA,SANTO AMARO,RUA FREI CASSIMIRO,388,,ANTES DA DELGACIA S/T A CTTU,RUA FREI CASSIMIRO,388,ANTES DA DELGACIA S/T A CTTU,SANTO AMARO,,,COLISÃO,COLISAO ENTRE QUATRO AUTOS S/V,3,,,,,,,,,0,,,,,,,,,,,,,,,,,,
2018-10-04,14:49:00,SEM VÍTIMA,FINALIZADA,GRAÇAS,PRC SAO JOSE DO MANGUINHO,,,AO LADO DA CASA DOS FRIOS,PRC SAO JOSE DO MANGUINHO,,AO LADO DA CASA DOS FRIOS,GRAÇAS,,,COLISÃO,COLISÃO SEM VÍTIMA,1,,,,,1,,,,0,,,,,,,,,,,,,,,,,,
2018-10-04,14:58:00,SEM VÍTIMA,FINALIZADA,ILHA JOANA BEZERRA,VDO PAPA JOAO PAULO II,,,EM CIMA DO VIA DUTO, SENTIDO DERBY, PROX. AO FORUM,VDO PAPA JOAO PAULO II,,EM CIMA DO VIA DUTO, SENTIDO DERBY, PROX. AO FORUM,ILHA JOANA BEZERRA,,,COLISÃO,AUTO E ONIBUS,1,,,,,1,,,,0,,,,,,,,,,,,,,
2018-10-04,15:01:00,SEM VÍTIMA,FINALIZADA,GRAÇAS,RUA DA HORA,,RUA SAO SALVADOR,C/ RUA SÃO SALVADOR,RUA DA HORA,,C/ RUA SÃO SALVADOR,GRAÇAS,,,COLISÃO,AUTO E ONIBUS,1,,,,,1,,,,0,,,,,,,,,,,,,,,,,,
2018-10-04,15:13:00,SEM VÍTIMA,FINALIZADA,BEBERIBE,PRC DA CONVENCAO,,,EM FRENTE AO POSTO PETROBRAS E A PRAÇA DA CONVENCAO,PRC DA CONVENCAO,,EM FRENTE AO POSTO PETROBRAS E A PRAÇA DA CONVENCAO,BEBERIBE,,,COLISÃO,COLISÃO SEM VÍTIMA,1,,,,,1,,,,0,,,,,,,,,,,,,,,,,,
2018-10-04,15:43:00,SEM VÍTIMA,FINALIZADA,BOA VIAGEM,AV CONSELHEIRO AGUIAR,3005,,SEMAFORO 006,AV CONSELHEIRO AGUIAR,3005,SEMAFORO 006,BOA VIAGEM,,,COLISÃO,DOIS AUTOS S/V,2,,,,,,,,,0,,,,,,,,,,,,,,,,,,
2018-10-04,16:07:00,SEM VÍTIMA,FINALIZADA,BOA VIAGEM,AV CONSELHEIRO AGUIAR,107,,E/F AO SÓ CALDINHO,AV CONSELHEIRO AGUIAR,107,E/F AO SÓ CALDINHO,BOA VIAGEM,,,COLISÃO,COLISAO ENTRE DOIS AUTOS S/V,2,,,,,,,,,0,,,,,,,,,,,,,,,,,,
2018-10-04,16:20:00,SEM VÍTIMA,FINALIZADA,IMBIRIBEIRA,AV MARECHAL MASCARENHAS DE MORAES,,,AO LADO DO ATACADAO DOS PRESENTES S/T CID NO SEMAFORO 310,AV MARECHAL MASCARENHAS DE MORAES,,AO LADO DO ATACADAO DOS PRESENTES S/T CID NO SEMAFORO 310,IMBIRIBEIRA,,,COLISÃO,COLISAO ENTRE AUTO E CAMINHAO S/V,1,,,,,,1,,,0,,,,,,,,,,,,,,,,,,
2018-10-04,16:27:00,SEM VÍTIMA,FINALIZADA,CAMPO GRANDE,RUA ODORICO MENDES,263,,E/F AO CLUBE DAS PAS,RUA ODORICO MENDES,263,E/F AO CLUBE DAS PAS,CAMPO GRANDE,,,COLISÃO,COLISAO ENTRE MOTO E AUTO S/V,1,1,,,,,,,,0,,,,,,,,,,,,,,,,,,
2018-10-04,16:28:00,SEM VÍTIMA,FINALIZADA,MADALENA,EST DOS REMEDIOS,2416,,EM FRENTE A POLICLINICA LESSA DE ANDRADRE, SEMAFORO 353, SENTIDO TORRE,EST DOS REMEDIOS,2416,EM FRENTE A POLICLINICA LESSA DE ANDRADRE, SEMAFORO 353, SENTIDO TORRE,MADALENA,,,COLISÃO,AUTO E CAMINHAO,1,,,,,,1,,,0,,,,,,,,,,,,,,
2018-10-04,17:02:00,SEM VÍTIMA,FINALIZADA,BOA VIAGEM,RUA DOM JOSE LOPES,186,,EM FRENTE AO EDIFICIO MONTSERRAT/ RUA ANTES DA DELEGACIA/ NA FRENTE DA GALERIA MORENA ROSA/ TOSCA RESTAURANTES,RUA DOM JOSE LOPES,186,EM FRENTE AO EDIFICIO MONTSERRAT/ RUA ANTES DA DELEGACIA/ NA FRENTE DA GALERIA MORENA ROSA/ TOSCA RESTAURANTES,BOA VIAGEM,,,COLISÃO,COLISÃO SEM VÍTIMA,1,,,,,,1,,,0,,,,,,,,,,,,,,,,,,
2018-10-04,17:14:00,SEM VÍTIMA,FINALIZADA,PARNAMIRIM,AV PARNAMIRIM,,,PROX. AO SANTADER, E A PRACINHA,AV PARNAMIRIM,,PROX. AO SANTADER, E A PRACINHA,PARNAMIRIM,,,COLISÃO,DOIS AUTOS S/V,2,,,,,,,,,0,,,,,,,,,,,,,,,,
2018-10-04,19:19:00,SEM VÍTIMA,FINALIZADA,,AV ALFREDO LISBOA,,,PRAÇA DO MARCO ZERO,AV ALFREDO LISBOA,,PRAÇA DO MARCO ZERO,,,,COLISÃO,COLISÃO SEM VÍTIMA,1,,,,,1,,,,0,,,,,,,,,,,,,,,,,,
2018-10-04,20:43:00,SEM VÍTIMA,FINALIZADA,BOMBA DO HEMETÉRIO,RUA CHA DE ALEGRIA,148,,PROX. AO TEIMOSO FUTEBOL CLUB,RUA CHA DE ALEGRIA,148,PROX. AO TEIMOSO FUTEBOL CLUB,BOMBA DO HEMETÉRIO,,,COLISÃO,COLISÃO SEM VITIMA,1,,,,,1,,,,0,,,,,,,,,,,,,,,,,,
2018-10-04,22:32:00,SEM VÍTIMA,FINALIZADA,IMBIRIBEIRA,AV MARECHAL MASCARENHAS DE MORAES,,,AO LADO DO ATACADO DOS PRESENTES,AV MARECHAL MASCARENHAS DE MORAES,,AO LADO DO ATACADO DOS PRESENTES,IMBIRIBEIRA,,,COLISÃO,COLISÃO SEM VITIMA,1,,,,,,1,,,0,,,,,,,,,,,,,,,,,,
2018-10-04,22:35:00,SEM VÍTIMA,FINALIZADA,TORRÕES,RUA DEZESSEIS DE OUTUBRO,,,PROX AO TERMINAL DE ONIBUS DE TORROES,RUA DEZESSEIS DE OUTUBRO,,PROX AO TERMINAL DE ONIBUS DE TORROES,TORRÕES,,,COLISÃO,ONIBUS X I 30,1,,,,,1,,,,0,,,,,,,,,,,,,,,,,,
2018-10-05,07:51:00,SEM VÍTIMA,FINALIZADA,PINA,AV ANTONIO DE GOES,,RUA MANOEL DE BRITO,SEMÁFORO 103 // COM RUA MANOEL DE BRITO,AV ANTONIO DE GOES,,SEMÁFORO 103 // COM RUA MANOEL DE BRITO,PINA,,,COLISÃO,COLISÃO ENTRE AUTOS S/V. - GM NO QTH.,2,,,,,,,,,0,,,,,,,,,,,,,,,,,,
2018-10-05,08:13:00,COM VÍTIMA,FINALIZADA,IMBIRIBEIRA,AV MARECHAL MASCARENHAS DE MORAES,1485,,ASSEMBLEIA DE DEUS VITORIA EM CRISTO,AV MARECHAL MASCARENHAS DE MORAES,1485,ASSEMBLEIA DE DEUS VITORIA EM CRISTO,IMBIRIBEIRA,,,ATROPELAMENTO,MOTO E PEDESTRE,,1,,,1,,,,,1,,,,,,,,,,,,,,,,,,
2018-10-05,08:55:00,COM VÍTIMA,FINALIZADA,BOA VIAGEM,AV BOA VIAGEM,6732,,,AV BOA VIAGEM,6732,,BOA VIAGEM,,,COLISÃO,COLISÃO ENTRE AUTO E MOTO COM 2 VTOMAS,1,1,,,,,,,,2,,,,,,,,,,,,,,,,,,
2018-10-05,08:59:00,SEM VÍTIMA,FINALIZADA,ILHA DO RETIRO,AV BEIRA RIO,240,,EM FRENTE AO EDIFICIO ILHA DO RETIRO,AV BEIRA RIO,240,EM FRENTE AO EDIFICIO ILHA DO RETIRO,ILHA DO RETIRO,,,COLISÃO,COLISÃO SEM VITIMAS,2,,,,,,,,,0,,,,,,,,,,,,,,,,,,
2018-10-05,09:05:00,SEM VÍTIMA,FINALIZADA,AFOGADOS,RUA URSULINO PINTO DE CARVALHO,,RUA VINTE E UM DE ABRIL,COM A R. VINTE E UM DE ABRIL // PRÓX À FÁBRICA PIPOCAS VENEZA,RUA URSULINO PINTO DE CARVALHO,,COM A R. VINTE E UM DE ABRIL // PRÓX À FÁBRICA PIPOCAS VENEZA,AFOGADOS,,,COLISÃO,COLISÃO S/V.,2,,,,,,1,,,0,,,,,,,,,,,,,,,,,,
2018-10-05,09:14:00,SEM VÍTIMA,FINALIZADA,VÁRZEA,RUA MARECHAL MANOEL LUIS OSORIO,495,,E/F AO COLÉGIO PONTUAL,RUA MARECHAL MANOEL LUIS OSORIO,495,E/F AO COLÉGIO PONTUAL,VÁRZEA,,,COLISÃO,SEM VÍTIMAS,2,,,,,,,,,0,,,,,,,,,,,,,,,,,,
2018-10-05,09:25:00,SEM VÍTIMA,FINALIZADA,IPSEP,AV RECIFE,1600,,NA SUBIDA DA PONTE DO CAÇOTE SENTIDO SUBURBIO,AV RECIFE,1600,NA SUBIDA DA PONTE DO CAÇOTE SENTIDO SUBURBIO,IPSEP,,,COLISÃO,COLISÃO SEM VITIMAS,2,,,,,,,,,0,,,,,,,,,,,,,,,,,,
2018-10-05,11:03:00,SEM VÍTIMA,FINALIZADA,BOA VISTA,AV JOAO DE BARROS,,RUA MONTE CASTELO,CRUZ COM A RUA MONTE CASTELO EM FRENTE AO POSTO DE GASOLINA IPIRANGA,AV JOAO DE BARROS,,CRUZ COM A RUA MONTE CASTELO EM FRENTE AO POSTO DE GASOLINA IPIRANGA,BOA VISTA,,,COLISÃO,COLISÃO SEM VITIMAS,1,,,,,,1,,,0,,,,,,,,,,,,,,,,,,
2018-10-05,12:02:00,SEM VÍTIMA,FINALIZADA,CORDEIRO,RUA GREGORIO JUNIOR,,,EM FRENTE AO COLEGIO SOUZA LEÃO,RUA GREGORIO JUNIOR,,EM FRENTE AO COLEGIO SOUZA LEÃO,CORDEIRO,,,COLISÃO,SEM VITIMAS/O AUTO PASSEIO ENCONTRA-SE COM DUAS CRIANÇAS,1,,,,,,1,,,0,,,,,,,,,,,,,,,,,,
2018-10-05,12:07:00,SEM VÍTIMA,CANCELADA,IMBIRIBEIRA,AV CENTENARIO ALBERTO SANTOS DUMONT,161,,EM FRENTE A PREMIER PRODUTOS ALIMENTICIOS,AV CENTENARIO ALBERTO SANTOS DUMONT,161,EM FRENTE A PREMIER PRODUTOS ALIMENTICIOS,IMBIRIBEIRA,,,COLISÃO,COLISÃO SEM VÍTIMA,1,,,,,,2,,,0,,,,,,,,,,,,,,,,,,
2018-10-05,12:26:00,SEM VÍTIMA,FINALIZADA,BOMBA DO HEMETÉRIO,RUA CORREGO DO EUCLIDES,,,EM FRENTE A PRAÇA DA RODINHA,RUA CORREGO DO EUCLIDES,,EM FRENTE A PRAÇA DA RODINHA,BOMBA DO HEMETÉRIO,,,COLISÃO,AUTO E ONIBUS ,1,,,,,1,,,,0,,,,,,,,,,,,,,,,,,
2018-10-05,12:45:00,SEM VÍTIMA,CANCELADA,IMBIRIBEIRA,AV MARECHAL MASCARENHAS DE MORAES,2555,,EM FRENTE EUROVIA NISSAN E AO LADO DA SETA COMBUSTIVEL/ SENTIDO CIDADE,AV MARECHAL MASCARENHAS DE MORAES,2555,EM FRENTE EUROVIA NISSAN E AO LADO DA SETA COMBUSTIVEL/ SENTIDO CIDADE,IMBIRIBEIRA,,,COLISÃO,COLISÃO SEM VÍTMA,2,,,,,,,,,0,,,,,,,,,,,,,,,,,,
2018-10-05,12:55:00,SEM VÍTIMA,CANCELADA,SANTO AMARO,AV NORTE,,,SEMAFORO 097, SENTIDO MACAXEIRA,AV NORTE,,SEMAFORO 097, SENTIDO MACAXEIRA,SANTO AMARO,,,COLISÃO,DOIS AUTOS S/V,2,,,,,,,,,0,,,,,,,,,,,,,,,,
2018-10-05,13:24:00,SEM VÍTIMA,FINALIZADA,IMBIRIBEIRA,AV MARECHAL MASCARENHAS DE MORAES,,,EM FRENTE A UPA, SENTIDO AFOGADOS,AV MARECHAL MASCARENHAS DE MORAES,,EM FRENTE A UPA, SENTIDO AFOGADOS,IMBIRIBEIRA,,,COLISÃO,AUTO E CAMINHAO S/V,1,,,,,,1,,,0,,,,,,,,,,,,,,,,
2018-10-05,13:37:00,SEM VÍTIMA,FINALIZADA,JARDIM SÃO PAULO,AV SAO PAULO,505,,PROX AO SUPERMERCADO RENDE MAIS,AV SAO PAULO,505,PROX AO SUPERMERCADO RENDE MAIS,JARDIM SÃO PAULO,,,COLISÃO,COLISAO ENTRE DOIS AUTOS S/V,2,,,,,,,,,0,,,,,,,,,,,,,,,,,,
2018-10-05,13:42:00,COM VÍTIMA,FINALIZADA,AREIAS,AV DR JOSE RUFINO,,,E/F AO SENAI,AV DR JOSE RUFINO,,E/F AO SENAI,AREIAS,,,COLISÃO,COLISAO ENTRE ONIBUS E MOTO COM UMA VITMA,,1,,,,1,,,,1,,,,,,,,,,,,,,,,,,
2018-10-05,13:43:00,SEM VÍTIMA,FINALIZADA,CASA AMARELA,RUA XAVANTES,150,,EM FRENTE A OFTAMOLOGIA E PERICIA DO DETRAN,RUA XAVANTES,150,EM FRENTE A OFTAMOLOGIA E PERICIA DO DETRAN,CASA AMARELA,,,COLISÃO,COLISÃO SEM VÍTIMA,2,,,,,,,,,0,,,,,,,,,,,,,,,,,,
2018-10-05,13:49:00,SEM VÍTIMA,FINALIZADA,BONGI,RUA CARLOS GOMES,914,,PROXIMO DA BIG CAR,RUA CARLOS GOMES,914,PROXIMO DA BIG CAR,BONGI,,,COLISÃO,COLISÃO SEM VÍTIMA,2,,,,,,,,,0,,,,,,,,,,,,,,,,,,
2018-10-05,14:01:00,SEM VÍTIMA,FINALIZADA,BOA VIAGEM,RUA VISCONDE DE JEQUITINHONHA,2237,,EM FRENTE AO CALDISSIMO,RUA VISCONDE DE JEQUITINHONHA,2237,EM FRENTE AO CALDISSIMO,BOA VIAGEM,,,COLISÃO,DOIS AUTOS S/V,2,,,,,,,,,0,,,,,,,,,,,,,,,,,,
2018-10-05,14:22:00,SEM VÍTIMA,CANCELADA,BOA VISTA,RUA MONTE CASTELO,270Q,,PROX. A UNIODONTO,RUA MONTE CASTELO,270Q,PROX. A UNIODONTO,BOA VISTA,,,COLISÃO,AUTO E CAMINHAO S/V,,,,,,,,,,0,,,,,,,,,,,,,,,,,,
2018-10-05,15:02:00,COM VÍTIMA,FINALIZADA,CASA FORTE,AV DEZESSETE DE AGOSTO,,,EM FRENTE AO COLEGIO MOTIVO,AV DEZESSETE DE AGOSTO,,EM FRENTE AO COLEGIO MOTIVO,CASA FORTE,,,COLISÃO,COLISÃO COM VÍTIMA,1,1,,,,,,,,1,,,,,,,,,,,,,,,,,,
2018-10-05,15:21:00,SEM VÍTIMA,CANCELADA,BOA VIAGEM,RUA ERNESTO DE PAULA SANTOS,,,EM FRENTE A PAGUE MENOS,RUA ERNESTO DE PAULA SANTOS,,EM FRENTE A PAGUE MENOS,BOA VIAGEM,,,COLISÃO,COLISÃO SEM VÍTIMA,2,,,,,,,,,0,,,,,,,,,,,,,,,,,,
2018-10-05,17:07:00,SEM VÍTIMA,CANCELADA,IBURA,AV DOIS RIOS,,,NA LADEIRA DA COHAB PROX AO MOTEL GIRADOR,AV DOIS RIOS,,NA LADEIRA DA COHAB PROX AO MOTEL GIRADOR,IBURA,,,COLISÃO,COLISAO ENTRE DOIS AUTOS S/V,2,,,,,,,,,0,,,,,,,,,,,,,,,,,,
2018-10-05,18:23:00,SEM VÍTIMA,CANCELADA,IPSEP,AV RECIFE,,,ENTRE O POSTO FEDERAL E PIZZARIA ATLANTICO // SENTIDO BR 101,AV RECIFE,,ENTRE O POSTO FEDERAL E PIZZARIA ATLANTICO // SENTIDO BR 101,IPSEP,,,COLISÃO,CARRETA X SANDERO,1,,,,,,1,,,0,,,,,,,,,,,,,,,,,,
2018-10-05,18:55:00,COM VÍTIMA,FINALIZADA,ALTO JOSÉ BONIFÁCIO,RUA ALTO JOSE BONIFACIO,424,,POR CIMA DA '' LADEIRA DO BOI'' / PRÓX A QUADRA JOSÉ BONIFÁCIO,RUA ALTO JOSE BONIFACIO,424,POR CIMA DA '' LADEIRA DO BOI'' / PRÓX A QUADRA JOSÉ BONIFÁCIO,ALTO JOSÉ BONIFÁCIO,,,COLISÃO,ENTRE ONIBUS E MOTO . C/V,,1,,,,1,,,,1,,,,,,,,,,,,,,,,,,
2018-10-05,19:12:00,SEM VÍTIMA,FINALIZADA,NOVA DESCOBERTA,RUA NOVA DESCOBERTA,218,,PROX A ENTRADA DA FEIRA DO COREGO DA AREIA // MERCADO CAMPEAO,RUA NOVA DESCOBERTA,218,PROX A ENTRADA DA FEIRA DO COREGO DA AREIA // MERCADO CAMPEAO,NOVA DESCOBERTA,,,COLISÃO,ONIBUS GLOBO X MOTO OBS:: MOTO EM BAIXO DO ONIBUS,,1,,,,1,,,,0,,,,,,,,,,,,,,,,,,
2018-10-05,20:14:00,SEM VÍTIMA,FINALIZADA,IMBIRIBEIRA,AV MARECHAL MASCARENHAS DE MORAES,,RUA ALVARO AMORIM,CRUZAMENTO DA RUA ALVARO AMORIM // SEMAFORO 279,AV MARECHAL MASCARENHAS DE MORAES,,CRUZAMENTO DA RUA ALVARO AMORIM // SEMAFORO 279,IMBIRIBEIRA,,,COLISÃO,CELTA X MOTO,1,1,,,,,,,,0,,,,,,,,,,,,,,,,,,
2018-10-05,21:22:00,COM VÍTIMA,FINALIZADA,TEJIPIÓ,RUA APRIGIO GUIMARAES,466,,PROX AO HOSPITAL OTAVIO DE FREITAS // ENF AO SUPERMERCADO CUSTODIA,RUA APRIGIO GUIMARAES,466,PROX AO HOSPITAL OTAVIO DE FREITAS // ENF AO SUPERMERCADO CUSTODIA,TEJIPIÓ,,,COLISÃO,SIENA E MOTO,1,1,,,,,,,,1,,,,,,,,,,,,,,,,,,
2018-10-05,21:52:00,SEM VÍTIMA,FINALIZADA,BOA VIAGEM,AV CONSELHEIRO AGUIAR,1177,,E/F A CAPELA MENINO JESUS, SNT PINA,AV CONSELHEIRO AGUIAR,1177,E/F A CAPELA MENINO JESUS, SNT PINA,BOA VIAGEM,,,ENGAVETAMENTO,ENTRE ÕNIBUS E 2 AUTOS PASSEIO. S/V,2,,,,,1,,,,0,,,,,,,,,,,,,,,,
2018-10-05,22:01:00,COM VÍTIMA,FINALIZADA,BOA VIAGEM,AV ENGENHEIRO DOMINGOS FERREIRA,467,,ENF A HDI SEGUROS,AV ENGENHEIRO DOMINGOS FERREIRA,467,ENF A HDI SEGUROS,BOA VIAGEM,,,COLISÃO,POLO BRANCO X MOTO,1,1,,,,,,,,1,,,,,,,,,,,,,,,,,,
2018-10-05,22:04:00,SEM VÍTIMA,FINALIZADA,JORDÃO,RUA DES EVANDRO NETTO,26,,ESQUINA COM O COLÉGIO DESENVOLVER,RUA DES EVANDRO NETTO,26,ESQUINA COM O COLÉGIO DESENVOLVER,JORDÃO,,,COLISÃO,ENTRE VAN COMP E AUTO. S/V,2,,,,,,,,,0,,,,,,,,,,,,,,,,,,
2018-10-05,22:15:00,SEM VÍTIMA,FINALIZADA,CAXANGÁ,AV CAXANGA,,,E/F AO PARQUE DE EXPOSIÇÕES DE ANIMAIS, SNT CAMARAGIBE,AV CAXANGA,,E/F AO PARQUE DE EXPOSIÇÕES DE ANIMAIS, SNT CAMARAGIBE,CAXANGÁ,,,COLISÃO,ENTRE MOTO E AUTO. S/V,1,1,,,,,,,,0,,,,,,,,,,,,,,,,
2018-10-06,07:25:00,COM VÍTIMA,FINALIZADA,DERBY,RUA JENER DE SOUZA,,,EM FRENTE AO QUARTEL DO DERBY,RUA JENER DE SOUZA,,,DERBY,,,COLISÃO,COM UMA VITIMA AGUARDANDO SAMU,1,1,,,,,,,,1,,,,,,,,,,,,,,,,,,
2018-10-06,09:43:00,SEM VÍTIMA,FINALIZADA,BOA VISTA,RUA TABIRA,76,,EM FRENTE AO IHENE,RUA TABIRA,76,EM FRENTE AO IHENE,BOA VISTA,,,COLISÃO,SEM VITIMAS,2,,,,,,,,,0,,,,,,,,,,,,,,,,,,
2018-10-06,09:47:00,SEM VÍTIMA,FINALIZADA,ILHA DO RETIRO,AV ENGENHEIRO ABDIAS DE CARVALHO,,,EM FRENTE AO CLUBE SPORT / SENT BR,AV ENGENHEIRO ABDIAS DE CARVALHO,,EM FRENTE AO CLUBE SPORT / SENT BR,ILHA DO RETIRO,,,COLISÃO,MOTO E AUTO PASSEIO,1,1,,,,,,,,0,,,,,,,,,,,,,,,,,,
2018-10-06,09:47:00,SEM VÍTIMA,FINALIZADA,SÃO JOSÉ,C SANTA RITA,,,E/F AS TORRES GÊMEAS, SENTIDO AFOGADOS. SEMÁFORO 076,C SANTA RITA,,E/F AS TORRES GÊMEAS, SENTIDO AFOGADOS. SEMÁFORO 076,SÃO JOSÉ,,,COLISÃO,SEM VITIMAS,2,,,,,,,,,0,,,,,,,,,,,,,,,,
2018-10-06,10:01:00,SEM VÍTIMA,FINALIZADA,BOA VIAGEM,AV BOA VIAGEM,3574,,EM FRENTE AO EDF DOM AFONSO HENRIQUES,AV BOA VIAGEM,3574,EM FRENTE AO EDF DOM AFONSO HENRIQUES,BOA VIAGEM,,,COLISÃO,SEM VITIMAS,1,,,,,,1,,,0,,,,,,,,,,,,,,,,,,
2018-10-06,10:28:00,SEM VÍTIMA,CANCELADA,CASA FORTE,AV DEZESSETE DE AGOSTO,1574,,EM FRENTE A PADARIA ENGENHO CASA FORTE,AV DEZESSETE DE AGOSTO,1574,EM FRENTE A PADARIA ENGENHO CASA FORTE,CASA FORTE,,,COLISÃO,DOIS AUTOS,2,,,,,,,,,0,,,,,,,,,,,,,,,,,,
2018-10-06,10:29:00,SEM VÍTIMA,FINALIZADA,BONGI,AV ENGENHEIRO ABDIAS DE CARVALHO,,EST DO BONGI,CRUZ COM A ESTRADA DO BONGI EM FRENTE AO COMPAZ,AV ENGENHEIRO ABDIAS DE CARVALHO,,CRUZ COM A ESTRADA DO BONGI EM FRENTE AO COMPAZ,BONGI,,,COLISÃO,COLISÃO SEM VITIMAS,3,,,,,,,,,0,,,,,,,,,,,,,,,,,,
2018-10-06,11:20:00,SEM VÍTIMA,FINALIZADA,SANTO ANTÔNIO,RUA MARQUES DO RECIFE,,RUA IMPERADOR PEDRO SEGUNDO,CRUZ COM A RUA DOM PEDRO SEGUNDO PROX AO PREDIO OAB,RUA MARQUES DO RECIFE,,CRUZ COM A RUA DOM PEDRO SEGUNDO PROX AO PREDIO OAB,SANTO ANTÔNIO,,,COLISÃO,COLISÃO SEM VITIMAS,4,,,,,,,,,0,,,,,,,,,,,,,,,,,,
2018-10-06,11:45:00,SEM VÍTIMA,FINALIZADA,MADALENA,AV VISCONDE DE ALBUQUERQUE,,RUA LOPES DE CARVALHO,CRUZ COM A RUA LOPES DE CARVALHO EM FRENTE LOJA SPUK,AV VISCONDE DE ALBUQUERQUE,,CRUZ COM A RUA LOPES DE CARVALHO EM FRENTE LOJA SPUK,MADALENA,,,COLISÃO,COLISÃO SEM VITIMAS,2,,,,,,,,,0,,,,,,,,,,,,,,,,,,
2018-10-06,12:05:00,SEM VÍTIMA,FINALIZADA,MADALENA,AV VISCONDE DE ALBUQUERQUE,,,DE ESQUINA COM A FARMACIA EXTRAFARMA,AV VISCONDE DE ALBUQUERQUE,,DE ESQUINA COM A FARMACIA EXTRAFARMA,MADALENA,,,COLISÃO,COLISÃO SEM VITIMAS,2,,,,,,,,,0,,,,,,,,,,,,,,,,,,
2018-10-06,12:44:00,SEM VÍTIMA,FINALIZADA,BOA VIAGEM,RUA BALTAZAR PASSOS,1351,RUA SA E SOUZA,CRUZAMENTO COM RUA SA E SOUZA,RUA BALTAZAR PASSOS,1351,CRUZAMENTO COM RUA SA E SOUZA,BOA VIAGEM,,,COLISÃO,DOIS AUTOS S/V,2,,,,,,,,,0,,,,,,,,,,,,,,,,,,
2018-10-06,12:54:00,SEM VÍTIMA,FINALIZADA,IMBIRIBEIRA,AV MARECHAL MASCARENHAS DE MORAES,,,SENTIDO CIDADE EM FRENTE A TEND TUDO,AV MARECHAL MASCARENHAS DE MORAES,,SENTIDO CIDADE EM FRENTE A TEND TUDO,IMBIRIBEIRA,,,COLISÃO,COLISÃO SEM VITIMAS,1,,,,,1,,,,0,,,,,,,,,,,,,,,,,,
2018-10-06,14:23:00,SEM VÍTIMA,FINALIZADA,AREIAS,AV RECIFE,,,SENTIDO CAXANGA EM FRENTE AO MACRO,AV RECIFE,,SENTIDO CAXANGA EM FRENTE AO MACRO,AREIAS,,,COLISÃO,COLISÃO SEM VITIMAS,1,,,,,,1,,,0,,,,,,,,,,,,,,,,,,
2018-10-06,14:31:00,SEM VÍTIMA,FINALIZADA,CABANGA,PTE GOVERNADOR PAULO GUERRA,,,ANTES DO FORUM, SENTIDO AGAMENON,PTE GOVERNADOR PAULO GUERRA,,ANTES DO FORUM, SENTIDO AGAMENON,CABANGA,,,COLISÃO,AUTO E MOTO S/V,1,1,,,,,,,,0,,,,,,,,,,,,,,,,
2018-10-06,15:07:00,SEM VÍTIMA,FINALIZADA,GRAÇAS,RUA DAS GRACAS,,,PROX A IGREJA DAS GRAÇAS EM FRENTE AO EDIFICIO TALUMÃ,RUA DAS GRACAS,,PROX A IGREJA DAS GRAÇAS EM FRENTE AO EDIFICIO TALUMÃ,GRAÇAS,,,COLISÃO,COLISÃO SEM VITIMAS,1,1,,,,,,,,0,,,,,,,,,,,,,,,,,,
2018-10-06,15:25:00,SEM VÍTIMA,CANCELADA,CASA AMARELA,EST DO ARRAIAL,,,E/F A ESCOLA DOM VITAL,EST DO ARRAIAL,,E/F A ESCOLA DOM VITAL,CASA AMARELA,,,COLISÃO,COLISÃO SEM VITIMAS,2,,,,,,,,,0,,,,,,,,,,,,,,,,,,
2018-10-06,16:30:00,COM VÍTIMA,FINALIZADA,PRADO,AV ENGENHEIRO ABDIAS DE CARVALHO,,RUA DO FORTE,C/ AV DO FORTE,AV ENGENHEIRO ABDIAS DE CARVALHO,,C/ AV DO FORTE,PRADO,,,COLISÃO,MOTOCICLETA E AUTO PASSEIO,1,1,,,,,,,,1,,,,,,,,,,,,,,,,,,
2018-10-06,16:36:00,COM VÍTIMA,FINALIZADA,VASCO DA GAMA,RUA VASCO DA GAMA,,,SUPERMERCADO RENDE MAIS,RUA VASCO DA GAMA,,SUPERMERCADO RENDE MAIS,VASCO DA GAMA,,,COLISÃO,DUAS MOTOS,,2,,,,,,,,3,,,,,,,,,,,,,,,,,,
2018-10-06,16:41:00,SEM VÍTIMA,FINALIZADA,BRASÍLIA TEIMOSA,RUA ARABAIANA,,,DE ESQUINA COM O MERCADINHO ECONOMIA E AO RENDE MAIS,RUA ARABAIANA,,DE ESQUINA COM O MERCADINHO ECONOMIA E AO RENDE MAIS,BRASÍLIA TEIMOSA,,,COLISÃO,COLISÃO SEM VITIMAS,2,,,,,,,,,0,,,,,,,,,,,,,,,,,,
2018-10-06,16:51:00,SEM VÍTIMA,FINALIZADA,IMBIRIBEIRA,RUA GRASIELA,84,,NA LAGOA DO ARAÇA E/F AO ESPETINHO ESCRITORIO,RUA GRASIELA,84,NA LAGOA DO ARAÇA E/F AO ESPETINHO ESCRITORIO,IMBIRIBEIRA,,,CHOQUE,IDOSA CONDUZIA VEICULO SEM CNH COLIDIU COM UM POSTE,SUBIU AO MEIO FIO DE CALÇADAS MORADORES CONSEGUIIU PARAR A MESMA.,1,,,,,,,,,0,,,,,,,,,,,,,,,,,
2018-10-06,16:56:00,SEM VÍTIMA,FINALIZADA,IBURA,AV SANTA FE,441,,ESCOLA JORDAO EMERENCIANO, UR2,AV SANTA FE,441,ESCOLA JORDAO EMERENCIANO, UR2,IBURA,,,COLISÃO,DOIS AUTOS S/V,2,,,,,,,,,0,,,,,,,,,,,,,,,,