data,hora,natureza_acidente,situacao,bairro,endereco,numero,detalhe_endereco_acidente,complemento,endereco_cruzamento,numero_cruzamento,referencia_cruzamento,bairro_cruzamento,num_semaforo,sentido_via,tipo,descricao,auto,moto,ciclom,ciclista,pedestre,onibus,caminhao,viatura,outros,vitimas,vitimasfatais,acidente_verificado,tempo_clima,situacao_semaforo,sinalizacao,condicao_via,conservacao_via,ponto_controle,situacao_placa,velocidade_max_via,mao_direcao,divisao_via1,divisao_via2,divisao_via3,,,,
2018-10-06,17:52:00,SEM VÍTIMA,FINALIZADA,SANTO AMARO,AV GOVERNADOR AGAMENON MAGALHAES,,,APÓS O POSTO DISLUB / SEMÁFORO 049,AV GOVERNADOR AGAMENON MAGALHAES,,APÓS O POSTO DISLUB / SEMÁFORO 049,SANTO AMARO,,,COLISÃO,ENTRE 2 AUTOS. S/V,2,,,,,,,,,0,,,,,,,,,,,,,,,,,,
2018-10-06,18:14:00,SEM VÍTIMA,FINALIZADA,VÁRZEA,RUA GENERAL POLIDORO,,,PROXIMIDADES DA UNI TEMAKERIA / E/F A BELLA MODA ACESSÓRIOS,RUA GENERAL POLIDORO,,PROXIMIDADES DA UNI TEMAKERIA / E/F A BELLA MODA ACESSÓRIOS,VÁRZEA,,,COLISÃO,ENTRE 2 AUTOS. S/V,2,,,,,,,,,0,,,,,,,,,,,,,,,,,,
2018-10-06,18:55:00,COM VÍTIMA,FINALIZADA,JORDÃO,AV MARIA IRENE,,,PRÓX A PRC DE JORDÃO BAIXO E POSTO BR / E/F A UPINHA / SNT AEROPORTO,AV MARIA IRENE,,PRÓX A PRC DE JORDÃO BAIXO E POSTO BR / E/F A UPINHA / SNT AEROPORTO,JORDÃO,,,COLISÃO,ENTRE AUTO E MOTO. C/V,1,1,,,,,,,,1,,,,,,,,,,,,,,,,,,
2018-10-06,20:21:00,SEM VÍTIMA,FINALIZADA,BOA VIAGEM,RUA DOS NAVEGANTES,,RUA RIBEIRO DE BRITO,CRUZAMENTO COM A RIBEIRO DE BRITO,RUA DOS NAVEGANTES,,CRUZAMENTO COM A RIBEIRO DE BRITO,BOA VIAGEM,,,COLISÃO,SIENA X AUTO,2,,,,,,,,,0,,,,,,,,,,,,,,,,,,
2018-10-06,20:42:00,COM VÍTIMA,FINALIZADA,AFOGADOS,RUA COSME VIANA,,RUA CORONEL ALFREDO DUARTE,SEMAFORO 430 CRUZAMENTO COM ARUA CORONEL AUFREDO DUARTE,RUA COSME VIANA,,SEMAFORO 430 CRUZAMENTO COM ARUA CORONEL AUFREDO DUARTE,AFOGADOS,,,COLISÃO,AUTO X MOTO,1,1,,,,,,,,1,,,,,,,,,,,,,,,,,,
2018-10-06,23:23:00,SEM VÍTIMA,FINALIZADA,BOA VIAGEM,RUA JOSE HIPOLITO CARDOSO,225,RUA GENERAL SALGADO,CRUZAMENTO COM A RUA GEN. SALGADO // POR TRAS DAA ACADEMIA MAIZA,RUA JOSE HIPOLITO CARDOSO,225,CRUZAMENTO COM A RUA GEN. SALGADO // POR TRAS DAA ACADEMIA MAIZA,BOA VIAGEM,,,COLISÃO,SAVERO X ONIBUS ,1,,,,,1,,,,0,,,,,,,,,,,,,,,,,,
2018-10-06,23:48:00,COM VÍTIMA,CANCELADA,IPSEP,AV RECIFE,,,ANTES DO SAL E BRASA E PERTO DO MARTELINHO DE OURO // SENTIDO BR,AV RECIFE,,ANTES DO SAL E BRASA E PERTO DO MARTELINHO DE OURO // SENTIDO BR,IPSEP,,,ATROPELAMENTO,MOTO X PEDESTRE,,1,,,1,,,,,2,,,,,,,,,,,,,,,,,,
2018-10-07,00:16:00,COM VÍTIMA,FINALIZADA,IPSEP,RUA HELIO BRANDAO,,RUA SAO NICOLAU,CRUZAMENTO COM A RUA SÃO NICOLAU, SEMAFORO 505,RUA HELIO BRANDAO,,CRUZAMENTO COM A RUA SÃO NICOLAU, SEMAFORO 505,IPSEP,,,COLISÃO,COLISÃO ENTRE CAMINHÃO E MOTO C/V,,1,,,,,1,,,1,,,,,,,,,,,,,,,,
2018-10-07,08:35:00,COM VÍTIMA,FINALIZADA,SANTO ANTÔNIO,AV GUARARAPES,,AV DANTAS BARRETO,COM DANTAS BARRETO,AV GUARARAPES,,COM DANTAS BARRETO,SANTO ANTÔNIO,,,COLISÃO COM CICLISTA,ATROPELAMENTO ENTRE ÔNIBUS E CICLISTA,,,,1,,1,,,,1,,,,,,,,,,,,,,,,,,
2018-10-07,08:37:00,SEM VÍTIMA,FINALIZADA,AREIAS,AV RECIFE,,,EM FRENTE AO PRÉDIO IGNEZ ANDREAZZA // SENTIDO AEROPORTO // APÓS O POSTO BR // ANTES DO BOMPREÇO,AV RECIFE,,EM FRENTE AO PRÉDIO IGNEZ ANDREAZZA // SENTIDO AEROPORTO // APÓS O POSTO BR // ANTES DO BOMPREÇO,AREIAS,,,COLISÃO,COLISÃO ENTRE AUTO E MOTO S/V.,1,1,,,,,,,,0,,,,,,,,,,,,,,,,,,
2018-10-07,09:21:00,COM VÍTIMA,CANCELADA,VÁRZEA,RUA PROFESSOR ANTONIO COELHO,495,,ESQ COM O COLEGIO PONTUAL,RUA PROFESSOR ANTONIO COELHO,495,ESQ COM O COLEGIO PONTUAL,VÁRZEA,,,COLISÃO,MOTO E AUTO,1,1,,,,,,,,1,,,,,,,,,,,,,,,,,,
2018-10-07,09:32:00,COM VÍTIMA,FINALIZADA,IMBIRIBEIRA,AV MARECHAL MASCARENHAS DE MORAES,2657,,SEMAFORO 007/EM FRENTE A IMBIRIBEIRA DIESELSENT/AEROPORTO,AV MARECHAL MASCARENHAS DE MORAES,2657,SEMAFORO 007/EM FRENTE A IMBIRIBEIRA DIESELSENT/AEROPORTO,IMBIRIBEIRA,,,COLISÃO,COM UMA VITIMA SOCORRIDA PELO SAMU,2,,,,,,,,,1,,,,,,,,,,,,,,,,,,
2018-10-07,10:36:00,SEM VÍTIMA,FINALIZADA,MADALENA,RUA BENFICA,505,,EM FRENTE AO CLUBE INTERNACIONAL. SENT/DERBY,RUA BENFICA,505,EM FRENTE AO CLUBE INTERNACIONAL. SENT/DERBY,MADALENA,,,COLISÃO,SEM VITIMAS,2,,,,,,,,,0,,,,,,,,,,,,,,,,,,
2018-10-07,10:51:00,SEM VÍTIMA,FINALIZADA,BOA VIAGEM,AV ENGENHEIRO DOMINGOS FERREIRA,4036,RUA PEDRO BERGAMO,COM A RUA PEDRO BÉRGAMO // PRÓX AO SEMÁFORO 217 // FAIXA ESQUERDA,AV ENGENHEIRO DOMINGOS FERREIRA,4036,COM A RUA PEDRO BÉRGAMO // PRÓX AO SEMÁFORO 217 // FAIXA ESQUERDA,BOA VIAGEM,,,COLISÃO,COLISÃO ENTRE AUTOS S/V.,2,,,,,,,,,0,,,,,,,,,,,,,,,,,,
2018-10-07,11:29:00,SEM VÍTIMA,FINALIZADA,CORDEIRO,RUA GREGORIO JUNIOR,459,,EM FRENTE A AMENDOLANDIA,RUA GREGORIO JUNIOR,459,EM FRENTE A AMENDOLANDIA,CORDEIRO,,,COLISÃO,SEM VITIMAS,2,,,,,,,,,0,,,,,,,,,,,,,,,,,,
2018-10-07,12:28:00,SEM VÍTIMA,FINALIZADA,CORDEIRO,RUA PAES CABRAL,500,,PROX. AO COLEGIO SANTA EMILIA,RUA PAES CABRAL,500,PROX. AO COLEGIO SANTA EMILIA,CORDEIRO,,,COLISÃO,DOIS AUTOS S/V,2,,,,,,,,,0,,,,,,,,,,,,,,,,,,
2018-10-07,12:43:00,SEM VÍTIMA,FINALIZADA,CAXANGÁ,AV CAXANGA,,,ENFRENTE DA DISNOVE E A LOJA MOVIDA, SENTIDO SUBURBIO,AV CAXANGA,,ENFRENTE DA DISNOVE E A LOJA MOVIDA, SENTIDO SUBURBIO,CAXANGÁ,,,COLISÃO,COLISÃO SEM VITIMAS,2,,,,,,,,,0,,,,,,,,,,,,,,,,
2018-10-07,13:22:00,SEM VÍTIMA,FINALIZADA,TORRE,RUA PADRE LANDIM,,,APOS O COLEGIO CRISTO REI, PRIMEIRA RUA A ESQUERDA,RUA PADRE LANDIM,,APOS O COLEGIO CRISTO REI, PRIMEIRA RUA A ESQUERDA,TORRE,,,COLISÃO,AUTO E MOTO S/V,1,1,,,,,,,,0,,,,,,,,,,,,,,,,
2018-10-07,14:31:00,SEM VÍTIMA,FINALIZADA,DERBY,AV GOVERNADOR AGAMENON MAGALHAES,,,NA FRENTE DO BRADESCO,AV GOVERNADOR AGAMENON MAGALHAES,,NA FRENTE DO BRADESCO,DERBY,,,COLISÃO,COLISÃO SEM VITIMAS,2,,,,,,,,,0,,,,,,,,,,,,,,,,,,
2018-10-07,15:32:00,SEM VÍTIMA,FINALIZADA,ÁGUA FRIA,RUA LADEIRA DE PEDRA,109,,NO COMEÇO DA LADEIRA,RUA LADEIRA DE PEDRA,109,NO COMEÇO DA LADEIRA,ÁGUA FRIA,,,CHOQUE,VT DA PM SE CHOCOU NO POSTE,1,,,,,,,,,0,,,,,,,,,,,,,,,,,,
2018-10-07,16:24:00,COM VÍTIMA,FINALIZADA,BEBERIBE,AV BEBERIBE,3785,,PROX. AO SESC,AV BEBERIBE,3785,PROX. AO SESC,BEBERIBE,,,COLISÃO,COLISÃO COM VITMA,2,,,,,,,,,1,,,,,,,,,,,,,,,,,,
2018-10-07,16:41:00,SEM VÍTIMA,CANCELADA,PRADO,AV ENGENHEIRO ABDIAS DE CARVALHO,,,PROX. A HABIBS,AV ENGENHEIRO ABDIAS DE CARVALHO,,PROX. A HABIBS,PRADO,,,COLISÃO,COLISÃO COM VITIMA,2,,,,,,,,1,0,,,,,,,,,,,,,,,,,,
2018-10-07,18:29:00,SEM VÍTIMA,CANCELADA,PARNAMIRIM,AV RUI BARBOSA,S/N,RUA TITO ROSAS,CRUZAMENTO COM A RUA TITI ROSAS,AV RUI BARBOSA,S/N,CRUZAMENTO COM A RUA TITI ROSAS,PARNAMIRIM,,,COLISÃO,GOL X MOTO,1,1,,,,,,,,0,,,,,,,,,,,,,,,,,,
2018-10-07,18:34:00,SEM VÍTIMA,FINALIZADA,TORRE,RUA JOSE BONIFACIO,521,,E/F A FRUT VERDE,RUA JOSE BONIFACIO,521,E/F A FRUT VERDE,TORRE,,,COLISÃO,ENTRE 2 AUTOS. S/V,3,,,,,,,,,0,,,,,,,,,,,,,,,,,,
2018-10-07,20:16:00,SEM VÍTIMA,FINALIZADA,IBURA,AV ENGENHO SERRA VERDE,69,,SNT UR-2 / ANTES DO MERCADINHO PROAB,AV ENGENHO SERRA VERDE,69,SNT UR-2 / ANTES DO MERCADINHO PROAB,IBURA,,,COLISÃO,ENTRE VT DA *POLÍCIA* E ÔNIBUS. S/V,,,,,,1,,1,,0,,,,,,,,,,,,,,,,,,
2018-10-07,21:26:00,SEM VÍTIMA,FINALIZADA,ÁGUA FRIA,RUA SODRELANDIA,1080,,ENF AO INSTITUTO SAO MARCOS,RUA SODRELANDIA,1080,ENF AO INSTITUTO SAO MARCOS,ÁGUA FRIA,,,COLISÃO,VOYAGE X MOTO OBS:: SUSPEITA DE EMBRIAGUEZ,1,1,,,,,,,,0,,,,,,,,,,,,,,,,,,
2018-10-07,21:55:00,SEM VÍTIMA,CANCELADA,DOIS IRMÃOS,RUA MANUEL DE MEDEIROS,316,,E/F A RESIDÊNCIA / PRÓX A RURAL E ARMAZÉM COUTO CONSTRUÇÃO,RUA MANUEL DE MEDEIROS,316,E/F A RESIDÊNCIA / PRÓX A RURAL E ARMAZÉM COUTO CONSTRUÇÃO,DOIS IRMÃOS,,,CHOQUE,AUTO SE CHOCOU CONTRA MURO DA RESIDÊNCIA, CONDUTOR APARENTEMENTE EMBRIGADO, ACABOU SE EVADINDO DO LOCAL, DEIXANDO SEU VEÍCULO NO LOCAL CITADO.,1,,,,,,,,,0,,,,,,,,,,,,,,,
2018-10-08,07:00:00,SEM VÍTIMA,FINALIZADA,BOA VISTA,RUA DO HOSPICIO,410,,EM FRENTE A LOJA OI,RUA DO HOSPICIO,410,EM FRENTE A LOJA OI,BOA VISTA,,,COLISÃO,DOIS AUTOS S/V,2,,,,,,,,,0,,,,,,,,,,,,,,,,,,
2018-10-08,08:52:00,SEM VÍTIMA,FINALIZADA,CIDADE UNIVERSITÁRIA,RUA ACADEMICO HELIO RAMOS,,,E/F A SADE NA RUA FACULDADE FEDERAL,RUA ACADEMICO HELIO RAMOS,,E/F A SADE NA RUA FACULDADE FEDERAL,CIDADE UNIVERSITÁRIA,,,COLISÃO,COLISAO ENTRE AUTO E MOTO S/V,1,1,,,,,,,,0,,,,,,,,,,,,,,,,,,
2018-10-08,09:03:00,COM VÍTIMA,FINALIZADA,MADALENA,AV CAXANGA,731,,EM FRENTE A LOJA DE AUTOMOVEIS PRAZA VEÍCULOS PREMIUM/SENT CIDADE,AV CAXANGA,731,EM FRENTE A LOJA DE AUTOMOVEIS PRAZA VEÍCULOS PREMIUM/SENT CIDADE,MADALENA,,,COLISÃO,COM DUAS VITIMAS,1,2,,,,,,,,2,,,,,,,,,,,,,,,,,,
2018-10-08,09:23:00,SEM VÍTIMA,FINALIZADA,DERBY,RUA DR SEVERINO PINHEIRO,,,NA LATERAL DO QUARTEL DO DERBY SENT/SUB,RUA DR SEVERINO PINHEIRO,,NA LATERAL DO QUARTEL DO DERBY SENT/SUB,DERBY,,,COLISÃO,SEM VITIMAS,1,1,,,,,,,,0,,,,,,,,,,,,,,,,,,
2018-10-08,09:53:00,COM VÍTIMA,FINALIZADA,BOA VISTA,AV CONDE DA BOA VISTA,,,SENT SUB / EM FRENTE A COPIADORA NASCIONAL,AV CONDE DA BOA VISTA,,SENT SUB / EM FRENTE A COPIADORA NASCIONAL,BOA VISTA,,,ATROPELAMENTO,ONIBUS E PEDESTRE,,,,,1,1,,,,1,,,,,,,,,,,,,,,,,,
2018-10-08,10:11:00,COM VÍTIMA,FINALIZADA,PINA,AV ANTONIO DE GOES,60,,AO LADO DO JCPM S/T CID,AV ANTONIO DE GOES,60,AO LADO DO JCPM S/T CID,PINA,,,COLISÃO,COLISAO ENTRE DUAS MOTO COM UMA VITIMA GM NO LOCAL,1,1,,,,,,,,1,,,,,,,,,,,,,,,,,,
2018-10-08,10:24:00,SEM VÍTIMA,FINALIZADA,NOVA DESCOBERTA,RUA NOVA DESCOBERTA,974,,NA SUBIDA DO OLHO DÁGUA,RUA NOVA DESCOBERTA,974,NA SUBIDA DO OLHO DÁGUA,NOVA DESCOBERTA,,,COLISÃO,SEM VITIMAS,2,,,,,,,,,0,,,,,,,,,,,,,,,,,,
2018-10-08,10:43:00,COM VÍTIMA,FINALIZADA,CASA AMARELA,EST DAS UBAIAS,,75,,E/F AO EDF. LUAR DAS UBAIAS,EST DAS UBAIAS,,75,E/F AO EDF. LUAR DAS UBAIAS,CASA AMARELA,,,COLISÃO,UMA DAS ENVOLVIDAS NA COLISÃO PASSOU MAL ENQUANTO DIRIGIA, OCASIONANDO O SINISTRO. ELA FOI SOCORRIDA POR TERCEIROS.,3,,,,,,,,,1,,,,,,,,,,,,,,,
2018-10-08,11:05:00,SEM VÍTIMA,FINALIZADA,,AV ENGENHEIRO ABDIAS DE CARVALHO,,,E/F HABIBS NO SEMAFORO 132 S/T SUB,AV ENGENHEIRO ABDIAS DE CARVALHO,,E/F HABIBS NO SEMAFORO 132 S/T SUB,,,,COLISÃO,GM NO LOCAL,1,,,,,,,,1,0,,,,,,,,,,,,,,,,,,
2018-10-08,11:06:00,,CANCELADA,PRADO,AV ENGENHEIRO ABDIAS DE CARVALHO,,RUA JOAO IVO DA SILVA,C / RUA JOÃO IVO DA SILVA, SOB O SEMÁFORO NÚMERO 132,AV ENGENHEIRO ABDIAS DE CARVALHO,,C / RUA JOÃO IVO DA SILVA, SOB O SEMÁFORO NÚMERO 132,PRADO,,,COLISÃO,02 VEÍCULOS,2,,,,,,,,,0,,,,,,,,,,,,,,,,
2018-10-08,11:17:00,COM VÍTIMA,FINALIZADA,AREIAS,AV RECIFE,,,SEMAFORO 620 /SENT BR 101/EM FRENTE AO POSTO BR E AO MAKRO,AV RECIFE,,SEMAFORO 620 /SENT BR 101/EM FRENTE AO POSTO BR E AO MAKRO,AREIAS,,,COLISÃO,COM UMA VITIMA,SAMU ACIONADO,1,1,,,,,,,,1,,,,,,,,,,,,,,,,,
2018-10-08,12:44:00,SEM VÍTIMA,FINALIZADA,MADALENA,EST DOS REMEDIOS,,,EM FRENTE A POLICLINICA LESSA DE ANDRADE E PB AUTOMÓVEIS,EST DOS REMEDIOS,,EM FRENTE A POLICLINICA LESSA DE ANDRADE E PB AUTOMÓVEIS,MADALENA,,,COLISÃO,COLISÃO SEM VÍTIMAS,,,,,,1,1,,,0,,,,,,,,,,,,,,,,,,
2018-10-08,12:45:00,SEM VÍTIMA,FINALIZADA,MADALENA,EST DOS REMEDIOS,,,EM FRENTE A POLICLINICA LESSA DE ANDRADE,EST DOS REMEDIOS,,EM FRENTE A POLICLINICA LESSA DE ANDRADE,MADALENA,,,COLISÃO,COLISÃO SEM VÍTIMA,1,,,,,,1,,,0,,,,,,,,,,,,,,,,,,
2018-10-08,12:46:00,SEM VÍTIMA,FINALIZADA,BOA VIAGEM,RUA PADRE BERNADINO PESSOA,,,EM FRENTE AO COLEGIO SANTA MARIA,RUA PADRE BERNADINO PESSOA,,EM FRENTE AO COLEGIO SANTA MARIA,BOA VIAGEM,,,COLISÃO,DOIS AUTOS,2,,,,,,,,,0,,,,,,,,,,,,,,,,,,
2018-10-08,13:02:00,SEM VÍTIMA,FINALIZADA,SOLEDADE,AV JOAO DE BARROS,,,EM FRENTE À CELPE // PRÓX AO EDIFÍCIO ÉBANO,AV JOAO DE BARROS,,EM FRENTE À CELPE // PRÓX AO EDIFÍCIO ÉBANO,SOLEDADE,,,COLISÃO,COLISÃO ENTRE ÔNIBUS E MOTO C/V.,,1,,,,1,,,,0,,,,,,,,,,,,,,,,,,
2018-10-08,13:21:00,SEM VÍTIMA,FINALIZADA,AFOGADOS,EST DOS REMEDIOS,,,EM FRENTE AO LESSA DE ANDRADE,EST DOS REMEDIOS,,EM FRENTE AO LESSA DE ANDRADE,AFOGADOS,,,COLISÃO,DOIS AUTOS,2,,,,,,,,,0,,,,,,,,,,,,,,,,,,
2018-10-08,14:28:00,SEM VÍTIMA,FINALIZADA,PRADO,AV ENGENHEIRO ABDIAS DE CARVALHO,,,E/F AO HABIBS S/T CID,AV ENGENHEIRO ABDIAS DE CARVALHO,,E/F AO HABIBS S/T CID,PRADO,,,COLISÃO,COLISAO ENTRE DOIS AUTOS S/V,2,,,,,,,,,0,,,,,,,,,,,,,,,,,,
2018-10-08,14:43:00,SEM VÍTIMA,FINALIZADA,ENCRUZILHADA,AV JOAO DE BARROS,1858,,EM FRENTE AO BRADESCO, SENTIDO SUB/CID,AV JOAO DE BARROS,1858,EM FRENTE AO BRADESCO, SENTIDO SUB/CID,ENCRUZILHADA,,,COLISÃO,AUTO E ONIBUS ,1,,,,,1,,,,0,,,,,,,,,,,,,,,,
2018-10-08,14:52:00,SEM VÍTIMA,FINALIZADA,MADALENA,AV VISCONDE DE ALBUQUERQUE,,RUA BENFICA,COM RUA BENFICA // PRÓX AO BOMPREÇO // SEMÁFORO 051,AV VISCONDE DE ALBUQUERQUE,,COM RUA BENFICA // PRÓX AO BOMPREÇO // SEMÁFORO 051,MADALENA,,,COLISÃO,COLISÃO ENTRE AUTO E MOTO S/V.,1,1,,,,,,,,0,,,,,,,,,,,,,,,,,,
2018-10-08,14:55:00,SEM VÍTIMA,FINALIZADA,BOA VIAGEM,RUA ERNESTO DE PAULA SANTOS,465,,EM FRENTE AO POSTO BR,RUA ERNESTO DE PAULA SANTOS,465,EM FRENTE AO POSTO BR,BOA VIAGEM,,,COLISÃO,COLISÃO SEM VÍTIMA,2,,,,,,,,,0,,,,,,,,,,,,,,,,,,
2018-10-08,15:21:00,SEM VÍTIMA,FINALIZADA,SÃO JOSÉ,RUA SANTA RITA,,,ANTES DAS TORRES GEMEAS AO LADO DO DO QUARTEL DA PM,RUA SANTA RITA,,ANTES DAS TORRES GEMEAS AO LADO DO DO QUARTEL DA PM,SÃO JOSÉ,,,COLISÃO,COLISAO ENTRE CAMINHAO E AUTO S/V,1,,,,,1,,,,0,,,,,,,,,,,,,,,,,,
2018-10-08,15:47:00,SEM VÍTIMA,FINALIZADA,BOA VIAGEM,RUA JOAO CARDOSO AIRES,,RUA COSMORAMA,COSMORAMA,RUA JOAO CARDOSO AIRES,,COSMORAMA,BOA VIAGEM,,,COLISÃO,CAMINHÃO X FORD KA,1,,,,,,1,,,0,,,,,,,,,,,,,,,,,,
2018-10-08,15:58:00,SEM VÍTIMA,FINALIZADA,CAMPO GRANDE,RUA ODORICO MENDES,1177,,E/F AO COLEGIO JESUS CRUCIFICADO,RUA ODORICO MENDES,1177,E/F AO COLEGIO JESUS CRUCIFICADO,CAMPO GRANDE,,,COLISÃO,COLISAO ENTR DOIS AUTOS S/V,2,,,,,,,,,0,,,,,,,,,,,,,,,,,,
2018-10-08,16:29:00,COM VÍTIMA,FINALIZADA,AFOGADOS,RUA SAO MIGUEL,426,,PROX AO BANCO DO BRASIL,RUA SAO MIGUEL,426,PROX AO BANCO DO BRASIL,AFOGADOS,,,COLISÃO COM CICLISTA,COLISAO ENTRE ONIBUS , AUTO E UM CICLISTA COM UMA VITIMA,1,,,1,,1,,,,1,,,,,,,,,,,,,,,,,
2018-10-08,16:50:00,COM VÍTIMA,CANCELADA,DOIS UNIDOS,RUA JOSE MENEZES DE LYRA FILHO,305,RUA JOSE FRANCISCO DE SOUZA,ESQ COM RUA JOSÉ FRANCISCO DE SOUZA // PRÓX DA IGREJA BRASIL PARA CRISTO E ANTENA DA OI,RUA JOSE MENEZES DE LYRA FILHO,305,ESQ COM RUA JOSÉ FRANCISCO DE SOUZA // PRÓX DA IGREJA BRASIL PARA CRISTO E ANTENA DA OI,DOIS UNIDOS,,,COLISÃO,COLISÃO ENTRE AUTO E MOTO C/V.,1,1,,,,,,,,1,,,,,,,,,,,,,,,,,,
2018-10-08,17:20:00,SEM VÍTIMA,CANCELADA,MANGUEIRA,AV CENTRAL,,,NO PONTILHÃO DA MANGUEIRA,AV CENTRAL,,NO PONTILHÃO DA MANGUEIRA,MANGUEIRA,,,COLISÃO,COLISÃO SEM VÍTIMA,2,,,,,,,,,0,,,,,,,,,,,,,,,,,,
2018-10-08,17:55:00,SEM VÍTIMA,FINALIZADA,TORRE,RUA REAL DA TORRE,,RUA VISCONDE DE ITAPARICA,AO LADO DO ATACADO DOS PRESENTES / CRUZ COM A R VISC DE ITAPARICA,RUA REAL DA TORRE,,AO LADO DO ATACADO DOS PRESENTES / CRUZ COM A R VISC DE ITAPARICA,TORRE,,,COLISÃO,ENTRE 2 AUTOS. S/V,2,,,,,,,,,0,,,,,,,,,,,,,,,,,,
2018-10-08,18:49:00,SEM VÍTIMA,CANCELADA,BOA VIAGEM,AV CONSELHEIRO AGUIAR,,RUA ERNESTO DE PAULA SANTOS,COM A R ERNESTO DE PAULA SANTOS / E/F AO HABBIBS, SNT CIDADE,AV CONSELHEIRO AGUIAR,,COM A R ERNESTO DE PAULA SANTOS / E/F AO HABBIBS, SNT CIDADE,BOA VIAGEM,,,COLISÃO,ENTRE ÕNIBUS E AUTO PASSEIO. S/V,1,,,,,1,,,,0,,,,,,,,,,,,,,,,
2018-10-08,18:59:00,SEM VÍTIMA,FINALIZADA,BOA VIAGEM,RUA PADRE BERNADINO PESSOA,,AV CONSELHEIRO AGUIAR,PRÓX A PADARIA GOURMET KARMEN / E/F AO EDF GALERIA / NA ESQUINA DA CONSELHEIRO AGUIAR,RUA PADRE BERNADINO PESSOA,,PRÓX A PADARIA GOURMET KARMEN / E/F AO EDF GALERIA / NA ESQUINA DA CONSELHEIRO AGUIAR,BOA VIAGEM,,,COLISÃO,ENTRE TÁXI E AUTO PASSEIO. S/V,2,,,,,,,,,0,,,,,,,,,,,,,,,,,,
2018-10-08,20:38:00,SEM VÍTIMA,CANCELADA,PINA,AV REPUBLICA ARABE UNIDA,,,DENTRO DO RIO MAR, AO LADO DA VAGA D30/ O SOLICITANTE INFORMA QUE: A OUTRA PARTE ESTAVA OCUPANDO A VAGA DE IDOSO SEM A DEVIDA IDENTIDADE ( CREDENCIAL),AV REPUBLICA ARABE UNIDA,,DENTRO DO RIO MAR, AO LADO DA VAGA D30/ O SOLICITANTE INFORMA QUE: A OUTRA PARTE ESTAVA OCUPANDO A VAGA DE IDOSO SEM A DEVIDA IDENTIDADE ( CREDENCIAL),PINA,,,COLISÃO,COLISÃO SEM VITIMAS,2,,,,,,,,,0,,,,,,,,,,,,,,,,
2018-10-08,21:37:00,SEM VÍTIMA,FINALIZADA,ESPINHEIRO,AV GOVERNADOR AGAMENON MAGALHAES,,,PRÓX A JEEP E VIADUTO, SNT BV / AO LADO DO CANAL / SEMÁFORO 108 - EM FRENTE AO DRT,AV GOVERNADOR AGAMENON MAGALHAES,,PRÓX A JEEP E VIADUTO, SNT BV / AO LADO DO CANAL / SEMÁFORO 108 - EM FRENTE AO DRT,ESPINHEIRO,,,COLISÃO,ENTRE 2 AUTOS. S/V,2,,,,,,,,,0,,,,,,,,,,,,,,,,
2018-10-09,01:03:00,SEM VÍTIMA,FINALIZADA,SANTO AMARO,AV GOVERNADOR AGAMENON MAGALHAES,,AV DR JAYME DA FONTE,CRUZAMENTO COM A AVENIDA DR.JAYME DA FONTE, EM FRENTE A CENTRAL DE FLAGRANTES, SENTIDO OLINDA,AV GOVERNADOR AGAMENON MAGALHAES,,CRUZAMENTO COM A AVENIDA DR.JAYME DA FONTE, EM FRENTE A CENTRAL DE FLAGRANTES, SENTIDO OLINDA,SANTO AMARO,,,COLISÃO,COLISÃO ENTRE DOIS AUTOS S/V,2,,,,,,,,,0,,,,,,,,,,,,,,
2018-10-09,06:04:00,COM VÍTIMA,FINALIZADA,MADALENA,AV ENGENHEIRO ABDIAS DE CARVALHO,,,semaforo 052/AO LADO DA DROGASIL/SENT TORRE,AV ENGENHEIRO ABDIAS DE CARVALHO,,semaforo 052/AO LADO DA DROGASIL/SENT TORRE,MADALENA,,,COLISÃO,COM UMA VITIMA ,SAMU NO LOCAL,1,1,,,,,,,,1,,,,,,,,,,,,,,,,,
2018-10-09,07:46:00,SEM VÍTIMA,FINALIZADA,AFOGADOS,RUA NICOLAU PEREIRA,82,RUA DA PAZ,COM RUA DA PAZ // AO LADO DO ASA INDÚSTRIA,RUA NICOLAU PEREIRA,82,COM RUA DA PAZ // AO LADO DO ASA INDÚSTRIA,AFOGADOS,,,COLISÃO,COLISÃO ENTRE AUTOS S/V.,2,,,,,,,,,0,,,,,,,,,,,,,,,,,,
2018-10-09,07:47:00,SEM VÍTIMA,CANCELADA,CURADO,AV RECIFE,1924,,EM FRENTE AO GALPAO HR RECIFE,AV RECIFE,1924,EM FRENTE AO GALPAO HR RECIFE,CURADO,,,COLISÃO,ONIBUS E MOTO,,1,,,,1,,,,0,,,,,,,,,,,,,,,,,,
2018-10-09,08:26:00,COM VÍTIMA,FINALIZADA,APIPUCOS,AV DEZESSETE DE AGOSTO,355,,EM FRENTE A MORADA APIPUCOS,AV DEZESSETE DE AGOSTO,355,EM FRENTE A MORADA APIPUCOS,APIPUCOS,,,COLISÃO,MOTO E AUTO,1,1,,,,,,,,2,,,,,,,,,,,,,,,,,,
2018-10-09,09:06:00,,CANCELADA,BOA VIAGEM,AV DOM JOAO VI,,,POR TRAS DO DO SHOPPING CENTER NA ENTRADA DO MC DONALD-S,AV DOM JOAO VI,,POR TRAS DO DO SHOPPING CENTER NA ENTRADA DO MC DONALD-S,BOA VIAGEM,,,COLISÃO,COLISÃO SEM VITIMAS,1,,,,,,1,,,0,,,,,,,,,,,,,,,,,,
2018-10-09,09:02:00,SEM VÍTIMA,FINALIZADA,BOA VIAGEM,AV DOM JOAO VI,,,POR TRÁS DO SHOPPING RECIFE,SENT/AEROPORTO/BOA VIAGEM,AV DOM JOAO VI,,POR TRÁS DO SHOPPING RECIFE,SENT/AEROPORTO/BOA VIAGEM,BOA VIAGEM,,,COLISÃO,SEM VITIMAS,1,,,,,,1,,,0,,,,,,,,,,,,,,,,