data,hora,natureza_acidente,situacao,bairro,endereco,numero,detalhe_endereco_acidente,complemento,endereco_cruzamento,numero_cruzamento,referencia_cruzamento,bairro_cruzamento,num_semaforo,sentido_via,tipo,descricao,auto,moto,ciclom,ciclista,pedestre,onibus,caminhao,viatura,outros,vitimas,vitimasfatais,acidente_verificado,tempo_clima,situacao_semaforo,sinalizacao,condicao_via,conservacao_via,ponto_controle,situacao_placa,velocidade_max_via,mao_direcao,divisao_via1,divisao_via2,divisao_via3,,,,
2018-10-13,15:27:00,SEM VÍTIMA,CANCELADA,MANGUEIRA,AV DR JOSE RUFINO,,,ATACAREJO,AV DR JOSE RUFINO,,ATACAREJO,MANGUEIRA,,,COLISÃO,COLISÃO SEM VITIMAS,2,,,,,,,,,0,,,,,,,,,,,,,,,,,,
2018-10-13,18:45:00,SEM VÍTIMA,FINALIZADA,IMBIRIBEIRA,RUA ANTONIO FALCAO,80,1 TRV JUSTICA E PAZ,AO LADO DO POSTO IPIRANGA / E/F AO EDF MARIA FERREIRA DE CASTRO,RUA ANTONIO FALCAO,80,AO LADO DO POSTO IPIRANGA / E/F AO EDF MARIA FERREIRA DE CASTRO,IMBIRIBEIRA,,SUBURBIO,ABALROAMENTO LONGITUDINAL,ENTRE 3 AUTOS. S/V,2,,,,,,,,1,0,,Longo da via,Bom,Não existe,Perfeito estado,Seca,Perfeito estado,Não existe,"Placas ""Dê a preferência""",40 km/h,Única,Faixa seccionada,,,,,,
2018-10-13,18:52:00,SEM VÍTIMA,FINALIZADA,BOA VISTA,AV VISCONDE DE SUASSUNA,,,PROX.AO CAFE SÃO BRAZ, JUNTO AO SEMAFORO 244,AV VISCONDE DE SUASSUNA,,PROX.AO CAFE SÃO BRAZ, JUNTO AO SEMAFORO 244,BOA VISTA,244,SUBURBIO,COLISÃO TRASEIRA,COLISÃO SEM VITIMAS,2,,,,,,,,,0,,Outros,Bom,Sem defeito,Perfeito estado,Seca,Perfeito estado,Outros,Outras,,Única,,,,,
2018-10-13,19:15:00,COM VÍTIMA,FINALIZADA,BARRO,AV DR JOSE RUFINO,,,JUNTO AO SEMÁFORO 044, POSTO SHELL...SENTIDO JABOATÃO,AV DR JOSE RUFINO,,JUNTO AO SEMÁFORO 044, POSTO SHELL...SENTIDO JABOATÃO,BARRO,,,COLISÃO,COLISÃO COM VÍTMA/ O SOLICITANTE ESTA AGUARDANDO O SAMU NO LOCAL ,PESSOAS O SENTARAM EM UMA CADEIRA DENTRO DO POSTO E REMOVERAM OS VEÍCULOS DA VIA,1,1,,,,,,,,1,,,,,,,,,,,,,,,
2018-10-13,20:13:00,SEM VÍTIMA,FINALIZADA,MADALENA,AV VISCONDE DE ALBUQUERQUE,,,NA FRENTE DA FARMACIA INDEPENDENTE,AV VISCONDE DE ALBUQUERQUE,,NA FRENTE DA FARMACIA INDEPENDENTE,MADALENA,,,COLISÃO TRASEIRA,COLISÃO SEM VITIMAS,2,,,,,,,,,0,,Longo da via,Bom,Sem defeito,Perfeito estado,Seca,Perfeito estado,Faixa de pedestre,,,Única,Faixa seccionada,,,,,,
2018-10-13,22:05:00,SEM VÍTIMA,CANCELADA,TEJIPIÓ,RUA PRESIDENTE OLEGARIO MACIEL,155,,PROX. AO CLUB DO COLONIA,RUA PRESIDENTE OLEGARIO MACIEL,155,PROX. AO CLUB DO COLONIA,TEJIPIÓ,,,COLISÃO,COLISÃO SEM VITIMAS,3,,,,,,,,,0,,,,,,,,,,,,,,,,,,
2018-10-13,22:38:00,COM VÍTIMA,FINALIZADA,BOA VIAGEM,AV DOM JOAO VI,,,POR TRÁS DO SHOPPING RECIFE, SNT PRAZERES,AV DOM JOAO VI,,POR TRÁS DO SHOPPING RECIFE, SNT PRAZERES,BOA VIAGEM,,,CHOQUE,ENTRE AUTO E POSTE. C/V,1,,,,,,,,,5,,,,,,,,,,,,,,,,
2018-10-14,06:37:00,SEM VÍTIMA,FINALIZADA,SÃO JOSÉ,C SANTA RITA,,,SENT/AV SUL,NA SAÍDA DO TERMINAL DOS ONIBUS,C SANTA RITA,,SENT/AV SUL,NA SAÍDA DO TERMINAL DOS ONIBUS,SÃO JOSÉ,,,COLISÃO,SEM VITIMAS,1,,,,,1,,,,0,,,,,,,,,,,,,,,,
2018-10-14,08:18:00,SEM VÍTIMA,FINALIZADA,SANTO AMARO,AV CRUZ CABUGA,449,,SENTIDO OLINDA, SEMÁFORO 457. PROX. A PARADA DO BRT,AV CRUZ CABUGA,449,SENTIDO OLINDA, SEMÁFORO 457. PROX. A PARADA DO BRT,SANTO AMARO,,,COLISÃO,SM VÍTIMAS,1,,,,,1,,,,0,,,,,,,,,,,,,,,,
2018-10-14,10:02:00,COM VÍTIMA,FINALIZADA,ENCRUZILHADA,RUA ENGENHEIRO LUIZ VAUTHIER,,,PRÓX AO BANCO ITAÚ,RUA ENGENHEIRO LUIZ VAUTHIER,,PRÓX AO BANCO ITAÚ,ENCRUZILHADA,,,COLISÃO,COLISÃO ENTRE AUTO E MOTO C/V - VT07 NO QTH,1,1,,,,,,,,1,,,,,,,,,,,,,,,,,,
2018-10-14,09:50:00,SEM VÍTIMA,FINALIZADA,ILHA DO LEITE,AV GOVERNADOR AGAMENON MAGALHAES,,,EM FRENTE AO HOSPITAL PORTUGUES/SENT BOA VIAGEM,AV GOVERNADOR AGAMENON MAGALHAES,,EM FRENTE AO HOSPITAL PORTUGUES/SENT BOA VIAGEM,ILHA DO LEITE,,,COLISÃO,SEM VITIMAS,2,,,,,,,,,0,,,,,,,,,,,,,,,,,,
2018-10-14,10:34:00,COM VÍTIMA,FINALIZADA,BOA VIAGEM,AV CONSELHEIRO AGUIAR,960,,EM FRENTE A PADARIA MIRAMAR,AV CONSELHEIRO AGUIAR,960,EM FRENTE A PADARIA MIRAMAR,BOA VIAGEM,,,COLISÃO,COM UMA VITIMA ,AGUARDANDO SAMU,1,1,,,,,,,,1,,,,,,,,,,,,,,,,,
2018-10-14,11:33:00,SEM VÍTIMA,FINALIZADA,AREIAS,AV RECIFE,1644,,PRÓX AO HOSPITAL GERAL DE AREIAS E AO GALETUS // SENTIDO AEROPORTO,AV RECIFE,1644,PRÓX AO HOSPITAL GERAL DE AREIAS E AO GALETUS // SENTIDO AEROPORTO,AREIAS,,,COLISÃO,COLISÃO ENTRE AUTOS S/V.,2,,,,,,,,,0,,,,,,,,,,,,,,,,,,
2018-10-14,11:59:00,SEM VÍTIMA,FINALIZADA,AFOGADOS,RUA SAO MIGUEL,1648,,EM FRENTE AO CHARQUE NA BRASA,RUA SAO MIGUEL,1648,EM FRENTE AO CHARQUE NA BRASA,AFOGADOS,,,COLISÃO,COLISÃO SEM VÍTIMA,2,,,,,,,,,0,,,,,,,,,,,,,,,,,,
2018-10-14,13:52:00,SEM VÍTIMA,FINALIZADA,AREIAS,AV RECIFE,41,AV TAPAJOS,COM AV. TAPAJÓS // PRÓX AO POSTO BR // SEMÁFORO 620 // SENTIDO CDU,AV RECIFE,41,COM AV. TAPAJÓS // PRÓX AO POSTO BR // SEMÁFORO 620 // SENTIDO CDU,AREIAS,,,COLISÃO,COLISÃO ENTRE AUTOS S/V.,2,,,,,,,,,0,,,,,,,,,,,,,,,,,,
2018-10-14,15:03:00,SEM VÍTIMA,FINALIZADA,COQUEIRAL,RUA GUANABARA,,,EM FRENTE A ACADEMIA TECNO FORM,RUA GUANABARA,,EM FRENTE A ACADEMIA TECNO FORM,COQUEIRAL,,,COLISÃO,COLISÃO SEM VÍTIMA,1,,,,,1,,,,0,,,,,,,,,,,,,,,,,,
2018-10-14,15:47:00,SEM VÍTIMA,FINALIZADA,BOA VISTA,RUA DOM BOSCO,,,AO LADO DO EXTRA, SEMAFORO 294,RUA DOM BOSCO,,AO LADO DO EXTRA, SEMAFORO 294,BOA VISTA,,,COLISÃO,AUTO E MOTO,1,1,,,,,,,,0,,,,,,,,,,,,,,,,
2018-10-14,18:08:00,SEM VÍTIMA,FINALIZADA,IMBIRIBEIRA,AV MARECHAL MASCARENHAS DE MORAES,,,NO FINAL DO MURO DO AEROPORTO, SENTIDO JORDÃO,AV MARECHAL MASCARENHAS DE MORAES,,NO FINAL DO MURO DO AEROPORTO, SENTIDO JORDÃO,IMBIRIBEIRA,,,COLISÃO,COLISÃO SEM VITIMAS,1,,,,,1,,,,0,,,,,,,,,,,,,,,,
2018-10-14,19:42:00,SEM VÍTIMA,CANCELADA,BREJO DA GUABIRABA,AV DA RECUPERACAO,,,POR TRÁS DA GARAGEM DA GLOBO,AV DA RECUPERACAO,,POR TRÁS DA GARAGEM DA GLOBO,BREJO DA GUABIRABA,,,COLISÃO,ENTRE AUTO E ONIBUS, S/V,1,,,,,1,,,,0,,,,,,,,,,,,,,,,,
2018-10-14,21:46:00,SEM VÍTIMA,FINALIZADA,TORRE,RUA REAL DA TORRE,,AV VISCONDE DE TAPARICA,ESCOLA DESPERTAR, NO CRUZAMENTO DA VISCONDE DE TAPARICA,RUA REAL DA TORRE,,ESCOLA DESPERTAR, NO CRUZAMENTO DA VISCONDE DE TAPARICA,TORRE,,,COLISÃO,COLISÃO SEM VITIMAS,2,,,,,,,,,0,,,,,,,,,,,,,,,,
2018-10-14,22:17:00,COM VÍTIMA,FINALIZADA,TAMARINEIRA,RUA CONEGO BARATA,,AV NORTE,COM A AV. NORTE/ A VT 27 ESTA NO LOCAL,RUA CONEGO BARATA,,COM A AV. NORTE/ A VT 27 ESTA NO LOCAL,TAMARINEIRA,,,COLISÃO,COLISÃO COM VITIMA,1,1,,,,,,,,1,,,,,,,,,,,,,,,,,,
2018-10-15,07:33:00,COM VÍTIMA,FINALIZADA,ILHA DO LEITE,RUA FRANCISCO ALVES,325,,EM FRENTE A MULTI MED CENTER,RUA FRANCISCO ALVES,325,EM FRENTE A MULTI MED CENTER,ILHA DO LEITE,,,COLISÃO,MOTO E AUTO,1,1,,,,,,,,1,,,,,,,,,,,,,,,,,,
2018-10-15,07:34:00,SEM VÍTIMA,FINALIZADA,DOIS IRMÃOS,RUA MANUEL DE MEDEIROS,,,PRÓX À REITORIA DA UFRPE E À CASA DO ESTUDANTE,RUA MANUEL DE MEDEIROS,,PRÓX À REITORIA DA UFRPE E À CASA DO ESTUDANTE,DOIS IRMÃOS,,,ENGAVETAMENTO,TRÊS AUTOS,3,,,,,,,,,0,,,,,,,,,,,,,,,,,,
2018-10-15,07:57:00,COM VÍTIMA,FINALIZADA,BEBERIBE,RUA DALVA DE OLIVEIRA,91,,AO LADO DO SEST SENAT,RUA DALVA DE OLIVEIRA,91,AO LADO DO SEST SENAT,BEBERIBE,,,ATROPELAMENTO,,1,,,,1,,,,,1,,,,,,,,,,,,,,,,,,
2018-10-15,09:37:00,SEM VÍTIMA,FINALIZADA,APIPUCOS,RUA DR PEDRO CORREA,626,,AO LADO CONTRARIO AO ARCADIA APIPUCOS E EM FRENTE A VILA APIPUCOS RECEPÇÕES,RUA DR PEDRO CORREA,626,AO LADO CONTRARIO AO ARCADIA APIPUCOS E EM FRENTE A VILA APIPUCOS RECEPÇÕES,APIPUCOS,,,COLISÃO,SEM VITIMAS,2,,,,,,,,,0,,,,,,,,,,,,,,,,,,
2018-10-15,11:08:00,SEM VÍTIMA,FINALIZADA,BOA VIAGEM,RUA TENENTE JOAO CICERO,638,RUA MINISTRO NELSON HUNGRIA,COM A RUA MINISTRO NELSON HUNGRIA / AO LADO DA ACADEMIA CORPO LIVRE,RUA TENENTE JOAO CICERO,638,COM A RUA MINISTRO NELSON HUNGRIA / AO LADO DA ACADEMIA CORPO LIVRE,BOA VIAGEM,,,COLISÃO,DOIS AUTOS,2,,,,,,,,,0,,,,,,,,,,,,,,,,,,
2018-10-15,11:58:00,SEM VÍTIMA,FINALIZADA,ÁGUA FRIA,EST VELHA DE AGUA FRIA,1803,,EM FRENTE AO RESTAURANTE HOANG,EST VELHA DE AGUA FRIA,1803,EM FRENTE AO RESTAURANTE HOANG,ÁGUA FRIA,,,COLISÃO,COLISÃO SEM VÍTIMA,1,,,,,,,1,,0,,,,,,,,,,,,,,,,,,
2018-10-15,12:36:00,SEM VÍTIMA,CANCELADA,BOA VIAGEM,RUA FRANCISCO DA CUNHA,,RUA MAMANGUAPE,COM RUA MAMAGUAPE POR TRAS DO CARREFOUR,RUA FRANCISCO DA CUNHA,,COM RUA MAMAGUAPE POR TRAS DO CARREFOUR,BOA VIAGEM,,,COLISÃO,COLISAO ENTRE DOIS AUTOS S/V,2,,,,,,,,,0,,,,,,,,,,,,,,,,,,
2018-10-15,15:04:00,SEM VÍTIMA,FINALIZADA,BOA VIAGEM,RUA PADRE LUIZ MARQUES TEIXEIRA,698,,AO LADO DO RESTAURANTE COSTA BRAVA,RUA PADRE LUIZ MARQUES TEIXEIRA,698,AO LADO DO RESTAURANTE COSTA BRAVA,BOA VIAGEM,,,COLISÃO,COLISAO ENTRE DOIS AUTOS S/V,2,,,,,,,,,0,,,,,,,,,,,,,,,,,,
2018-10-15,15:55:00,COM VÍTIMA,FINALIZADA,CASA AMARELA,RUA DA HARMONIA,3692,,E/F A CASA DOS DOCES,RUA DA HARMONIA,3692,PROXIMO A LANCHONETE PITIGIO E EM FRENTE A IGREJA BATISTA DO ALTO SANTA ISABEL,CASA AMARELA,,,COLISÃO,COLISAO ENTRE DOIS AUTOS E UMA MOTO COM UMA VITIMA,2,1,,,,,,,,1,,,,,,,,,,,,,,,,,,
2018-10-15,17:37:00,COM VÍTIMA,EQUIPE EM DESLOCAMENTO,BOA VIAGEM,RUA DEZ DE JULHO,,,EM FRENTE A MAISON CHRISTAL RECEPÇÕES,RUA DEZ DE JULHO,,EM FRENTE A MAISON CHRISTAL RECEPÇÕES,BOA VIAGEM,,,COLISÃO,COLISÃO COM VÍTIMA,1,1,,,,,,,,1,,,,,,,,,,,,,,,,,,
2018-10-15,19:13:00,SEM VÍTIMA,CANCELADA,,AV GOVERNADOR AGAMENON MAGALHAES,,,PROX. AO WALL MART E A MEC DONALDS,AV GOVERNADOR AGAMENON MAGALHAES,,PROX. AO WALL MART E A MEC DONALDS,,,,COLISÃO,COLISÃO SEM VÍTIMA,2,,,,,,,,,0,,,,,,,,,,,,,,,,,,
2018-10-15,19:36:00,SEM VÍTIMA,FINALIZADA,ÁGUA FRIA,EST VELHA DE AGUA FRIA,,,DEPOIS DO CRUZAMENTO DA AV PRF JOSE DOS ANJOS // SENTIDO POSTO NORTEBRAZ,EST VELHA DE AGUA FRIA,,DEPOIS DO CRUZAMENTO DA AV PRF JOSE DOS ANJOS // SENTIDO POSTO NORTEBRAZ,ÁGUA FRIA,,,COLISÃO,ONIBUS X FOX,1,,,,,1,,,,0,,,,,,,,,,,,,,,,,,
2018-10-15,19:38:00,SEM VÍTIMA,FINALIZADA,ENCRUZILHADA,AV NORTE,2160,,NA FRENTE DA RENAULT/ LUCELIO,AV NORTE,2160,NA FRENTE DA RENAULT/ LUCELIO,ENCRUZILHADA,,,COLISÃO,COLISÃO SEM VITIMA,,2,,,,,,,,0,,,,,,,,,,,,,,,,,,
2018-10-15,21:55:00,COM VÍTIMA,FINALIZADA,BOA VIAGEM,AV CONSELHEIRO AGUIAR,,RUA RIBEIRO DE BRITO,PROX AO HOLIDEY // CRUZAMENTO COM A RIBEIRO DE BRITO // SENTIDO SHOPPING RECIFE,AV CONSELHEIRO AGUIAR,,PROX AO HOLIDEY // CRUZAMENTO COM A RIBEIRO DE BRITO // SENTIDO SHOPPING RECIFE,BOA VIAGEM,,,COLISÃO,AUTO X MOTO,1,1,,,,,,,,2,,,,,,,,,,,,,,,,,,
2018-10-15,22:01:00,SEM VÍTIMA,FINALIZADA,IPSEP,AV RECIFE,,,AO LADO DO RESTAURANTE SAL E BRAZA E POSTO IPIRANGA // SENTIDO BOA VIAGEM,AV RECIFE,,AO LADO DO RESTAURANTE SAL E BRAZA E POSTO IPIRANGA // SENTIDO BOA VIAGEM,IPSEP,,,COLISÃO,FIAT PONTO X MOTO,1,1,,,,,,,,0,,,,,,,,,,,,,,,,,,
2018-10-16,00:09:00,COM VÍTIMA,FINALIZADA,AFOGADOS,RUA SAO MIGUEL,685,,EM FRENTE AO PORTUGUÊS AUTO-PEÇAS // SENTIDO CIDADE/SUBÚRBIO, ANTES DO QUARTEL 14° BLOG,RUA SAO MIGUEL,685,EM FRENTE AO PORTUGUÊS AUTO-PEÇAS // SENTIDO CIDADE/SUBÚRBIO, ANTES DO QUARTEL 14° BLOG,AFOGADOS,,,COLISÃO,COLISÃO ENTRE AUTO E MOTO, C/V.,1,1,,,,,,,,1,,,,,,,,,,,,,,,
2018-10-16,00:49:00,COM VÍTIMA,FINALIZADA,BOA VISTA,AV CONDE DA BOA VISTA,,RUA DO HOSPICIO,CRUZAMENTO COM A RUA DO HOSPÍCIO,AV CONDE DA BOA VISTA,,CRUZAMENTO COM A RUA DO HOSPÍCIO,BOA VISTA,,,COLISÃO,COLISÃO ENTRE ÔNIBUS E UM CICLOMOTOR, C/V.,1,,1,,,,,,,1,,,,,,,,,,,,,,,,,
2018-10-16,07:34:00,SEM VÍTIMA,FINALIZADA,AREIAS,AV RECIFE,3587,RUA SINDICATO DOS BANCÁRIOS,COM R. SINDICATO DOS BANCÁRIOS // APÓS O GALETUS // SENTIDO AEROPORTO,AV RECIFE,3587,COM R. SINDICATO DOS BANCÁRIOS // APÓS O GALETUS // SENTIDO AEROPORTO,AREIAS,,,ENGAVETAMENTO,ENTRE TRÊS AUTOS,3,,,,,,,,,0,,,,,,,,,,,,,,,,,,
2018-10-16,08:11:00,SEM VÍTIMA,FINALIZADA,CASA FORTE,AV DEZESSETE DE AGOSTO,,RUA PIAUI,COM RUA DO PIAUI // SEMÁFORO 251 // SENTIDO TORRE,AV DEZESSETE DE AGOSTO,,COM RUA DO PIAUI // SEMÁFORO 251 // SENTIDO TORRE,CASA FORTE,,,COLISÃO,COLISÃO ENTRE AUTOS S/V.,2,,,,,,,,,0,,,,,,,,,,,,,,,,,,
2018-10-16,09:27:00,SEM VÍTIMA,FINALIZADA,ESPINHEIRO,RUA QUARENTA E OITO,261,,E/F AO EDF. MARIA BETÂNIA,RUA QUARENTA E OITO,261,E/F AO EDF. MARIA BETÂNIA,ESPINHEIRO,,,COLISÃO,SEM VÍTIMAS,1,,,,,1,,,,0,,,,,,,,,,,,,,,,,,
2018-10-16,09:34:00,SEM VÍTIMA,FINALIZADA,IMBIRIBEIRA,AV MARECHAL MASCARENHAS DE MORAES,1482,RUA MIS JOEL CARLSON,COM R. MISSIONÁRIO JOEL CARLSON // SENTIDO AEROPORTO,AV MARECHAL MASCARENHAS DE MORAES,1482,COM R. MISSIONÁRIO JOEL CARLSON // SENTIDO AEROPORTO,IMBIRIBEIRA,,,COLISÃO,COLISÃO S/V.,1,,,,,,1,,,0,,,,,,,,,,,,,,,,,,
2018-10-16,09:39:00,SEM VÍTIMA,FINALIZADA,PINA,AV ANTONIO DE GOES,,,EM FRENTE A PRF,AV ANTONIO DE GOES,,EM FRENTE A PRF,PINA,,,COLISÃO,SEM VITIMAS/CTTU NO LOCAL GM VAI FAZER O B.O,1,1,,,,,,,,0,,,,,,,,,,,,,,,,,,
2018-10-16,09:40:00,SEM VÍTIMA,FINALIZADA,TORRÕES,AV ENGENHEIRO ABDIAS DE CARVALHO,,,EM FRENTE AO POSTO BR // SENTIDO BR 232,AV ENGENHEIRO ABDIAS DE CARVALHO,,EM FRENTE AO POSTO BR // SENTIDO BR 232,TORRÕES,,,COLISÃO,COLISÃO ENTRE AUTOS S/V.,2,,,,,,,,,0,,,,,,,,,,,,,,,,,,
2018-10-16,09:49:00,COM VÍTIMA,FINALIZADA,IMBIRIBEIRA,AV MARECHAL MASCARENHAS DE MORAES,795-A,,MP MULTI MARCAS SENT/RECIFE,AV MARECHAL MASCARENHAS DE MORAES,795-A,MP MULTI MARCAS SENT/RECIFE,IMBIRIBEIRA,,,COLISÃO,COM UMA VITIMA ,SAMU NO LOCAL,1,1,,,,,,,,1,,,,,,,,,,,,,,,,,
2018-10-16,10:08:00,SEM VÍTIMA,FINALIZADA,BAIRRO DO RECIFE,AV ALFREDO LISBOA,,,EM FRENTE AOTERMINAL MARITIMO,APÓS O MOINHO,AV ALFREDO LISBOA,,EM FRENTE AOTERMINAL MARITIMO,APÓS O MOINHO,BAIRRO DO RECIFE,,,COLISÃO,SEM VITIMAS.,2,,,,,,,,,0,,,,,,,,,,,,,,,,
2018-10-16,10:08:00,SEM VÍTIMA,FINALIZADA,MACAXEIRA,RUA ALTO DA UNIAO,5,,NA SUBIDA DA UNIÃO. E/F A RESIDENCIA, AO LADO DA QUADRA DA UNIÃO,RUA ALTO DA UNIAO,5,NA SUBIDA DA UNIÃO. E/F A RESIDENCIA, AO LADO DA QUADRA DA UNIÃO,MACAXEIRA,,,COLISÃO,SEM VÍTIMAS,1,,,,,1,,,,0,,,,,,,,,,,,,,,,
2018-10-16,10:17:00,SEM VÍTIMA,FINALIZADA,ENCRUZILHADA,RUA PEDRO ALVES,42,,EM FRENTE A CLINICA SOS SAÚDE,RUA PEDRO ALVES,42,EM FRENTE A CLINICA SOS SAÚDE,ENCRUZILHADA,,,COLISÃO,SEM VITIMAS,2,,,,,,,,,0,,,,,,,,,,,,,,,,,,
2018-10-16,10:43:00,SEM VÍTIMA,FINALIZADA,MADALENA,RUA JOSE OSORIO,303,AV VISCONDE DE ALBUQUERQUE,COM AV VISCONDE DE ALBUQUERQUE // SEMÁFORO 050,RUA JOSE OSORIO,303,COM AV VISCONDE DE ALBUQUERQUE // SEMÁFORO 050,MADALENA,,,COLISÃO,COLISÃO ENTRE AUTOS S/V.,2,,,,,,,,,0,,,,,,,,,,,,,,,,,,
2018-10-16,10:45:00,SEM VÍTIMA,FINALIZADA,GRAÇAS,AV RUI BARBOSA,,,E/F AO COLÉGIO AGNES, SENTIDO CIDADE. SEMÁFORO 562,AV RUI BARBOSA,,E/F AO COLÉGIO AGNES, SENTIDO CIDADE. SEMÁFORO 562,GRAÇAS,,,COLISÃO,SEM VÍTIMAS,1,,,,,1,,,,0,,,,,,,,,,,,,,,,
2018-10-16,10:50:00,COM VÍTIMA,FINALIZADA,CASA FORTE,AV DEZESSETE DE AGOSTO,,,E/F AO PLAZA SHOPPING, SENTIDO SUBÚRBIO. SEMÁFORO 345,AV DEZESSETE DE AGOSTO,,E/F AO PLAZA SHOPPING, SENTIDO SUBÚRBIO. SEMÁFORO 345,CASA FORTE,,,ATROPELAMENTO,COM UMA VÍTIMA A ESPERA DO SAMU,1,,,,1,,,,,1,,,,,,,,,,,,,,,,
2018-10-16,11:04:00,COM VÍTIMA,FINALIZADA,IPSEP,RUA IRAPUA,467,RUA FRANCISCO BARRETO,COM RUA FRANCISCO BARRETO // EM FRENTE AO EDF. PARQUE BOQUEIRÃO,RUA IRAPUA,467,COM RUA FRANCISCO BARRETO // EM FRENTE AO EDF. PARQUE BOQUEIRÃO,IPSEP,,,COLISÃO,COLISÃO C/V.,1,1,,,,,,,,1,,,,,,,,,,,,,,,,,,
2018-10-16,11:15:00,SEM VÍTIMA,FINALIZADA,CORDEIRO,AV CAXANGA,,,EM FRENTE A DELEGACIA DO CORDEIRO,AV CAXANGA,,EM FRENTE A DELEGACIA DO CORDEIRO,CORDEIRO,,,COLISÃO,SEM VÍTIMA,1,,,,,1,,,,0,,,,,,,,,,,,,,,,,,
2018-10-16,11:26:00,SEM VÍTIMA,FINALIZADA,ILHA DO LEITE,RUA SENADOR JOSE HENRIQUE,199,,SENTIDO OLINDA, AO LADO DO EMPRESARIAL CHARLES DARWIN,RUA SENADOR JOSE HENRIQUE,199,SENTIDO OLINDA, AO LADO DO EMPRESARIAL CHARLES DARWIN,ILHA DO LEITE,,,COLISÃO,SEM VÍTIMAS,1,1,,,,,,,,0,,,,,,,,,,,,,,,,
2018-10-16,11:46:00,SEM VÍTIMA,FINALIZADA,MADALENA,RUA BENFICA,,,EM FRENTE AO CLUBE INTERNACIONAL,RUA BENFICA,,EM FRENTE AO CLUBE INTERNACIONAL,MADALENA,,,COLISÃO,COLISÃO S/V. GM NO QTH.,2,,,,,,,,,0,,,,,,,,,,,,,,,,,,
2018-10-16,11:54:00,SEM VÍTIMA,FINALIZADA,AREIAS,AV RECIFE,,,NA ENTRADA DO PAN DE AREIAS,AV RECIFE,,NA ENTRADA DO PAN DE AREIAS,AREIAS,,,COLISÃO,SEM VITIMAS /CTTU NO LOCAL VT 04 VAI FAZER O B.O,1,,,,,,1,,,0,,,,,,,,,,,,,,,,,,
2018-10-16,12:07:00,SEM VÍTIMA,FINALIZADA,ENGENHO DO MEIO,RUA ANTONIO CURADO,198,,EM FRENTE A ACADEMIA AGFITNESS,RUA ANTONIO CURADO,198,EM FRENTE A ACADEMIA AGFITNESS,ENGENHO DO MEIO,,,COLISÃO,COLISÃO SEM VÍTIMA,,1,,,,,1,,,0,,,,,,,,,,,,,,,,,,
2018-10-16,12:21:00,SEM VÍTIMA,CANCELADA,BOA VIAGEM,RUA SA E SOUZA,263,,EM FRENTE AO EDF MIRAMAR CLASSIC,RUA SA E SOUZA,263,EM FRENTE AO EDF MIRAMAR CLASSIC,BOA VIAGEM,,,COLISÃO,SEM VITIMAS,2,,,,,,,,,0,,,,,,,,,,,,,,,,,,
2018-10-16,13:16:00,SEM VÍTIMA,CANCELADA,VÁRZEA,RUA ACADEMICO HELIO RAMOS,,,NO SEMÁFORO 520,RUA ACADEMICO HELIO RAMOS,,NO SEMÁFORO 520,VÁRZEA,,,COLISÃO,COLISÃO SEM VÍTIMA,1,,,,,1,,,,0,,,,,,,,,,,,,,,,,,
2018-10-16,13:53:00,SEM VÍTIMA,FINALIZADA,BOA VISTA,RUA AURORA,288,,APOS A PONTE VELHA E/F AO IPIRANGA MADEIRAS,RUA AURORA,288,APOS A PONTE VELHA E/F AO IPIRANGA MADEIRAS,BOA VISTA,,,COLISÃO,COLISAO ENTRE DOIS AUTOS S/V,2,,,,,,,,,0,,,,,,,,,,,,,,,,,,
2018-10-16,14:03:00,COM VÍTIMA,FINALIZADA,SÃO JOSÉ,AV DANTAS BARRETO,,,SENT/AFOGADOS AO LADO DO CAMELODROMO,AV DANTAS BARRETO,,SENT/AFOGADOS AO LADO DO CAMELODROMO,SÃO JOSÉ,,,COLISÃO COM CICLISTA,COM DUAS VITIMAS,UMA SOCORRIDA PELO SAMU,E A OUTRA AGUARDANDO SOCORRO,,,,1,,1,,,,2,,,,,,,,,,,,,,,,
2018-10-16,14:21:00,SEM VÍTIMA,FINALIZADA,SANTO ANTÔNIO,RUA DA PRAIA,34,,ANTES DO ARMAZEM CORAL E/F A LOJA DE PRODUTOS NATURAIS,RUA DA PRAIA,34,ANTES DO ARMAZEM CORAL E/F A LOJA DE PRODUTOS NATURAIS,SANTO ANTÔNIO,,,COLISÃO,COLISAO ENTRE DOIS AUTOS E MOTO S/V,1,1,,,,,,,,0,,,,,,,,,,,,,,,,,,
2018-10-16,14:25:00,SEM VÍTIMA,FINALIZADA,ESPINHEIRO,RUA QUARENTA E OITO,525,RUA CONS PORTELA,SEMAFORO 011/ ESQUINA COM A RUA CONSELHEIRO PORTELA,RUA QUARENTA E OITO,525,SEMAFORO 011/ ESQUINA COM A RUA CONSELHEIRO PORTELA,ESPINHEIRO,,,COLISÃO,SEM VITIMAS,2,,,,,,,,1,0,,,,,,,,,,,,,,,,,,
2018-10-16,14:34:00,SEM VÍTIMA,FINALIZADA,BOA VIAGEM,RUA PROFESSOR ALOISIO PESSOA DE ARAUJO,75,RUA CONS PORTELA,EM FRENTE AO HOTEL BUGAN,RUA PROFESSOR ALOISIO PESSOA DE ARAUJO,75,EM FRENTE AO HOTEL BUGAN,BOA VIAGEM,,,COLISÃO,COLISÃO SEM VÍTIMA,2,,,,,,,,,0,,,,,,,,,,,,,,,,,,
2018-10-16,14:53:00,SEM VÍTIMA,FINALIZADA,CORDEIRO,AV CAXANGA,,,EM FRENTE A EXPOSIÇÃO DE ANIMAIS/ SENTIDO SUBURBIO,AV CAXANGA,,EM FRENTE A EXPOSIÇÃO DE ANIMAIS/ SENTIDO SUBURBIO,CORDEIRO,,,ENGAVETAMENTO,SEM VÍTIMA,4,,,,,,,,,0,,,,,,,,,,,,,,,,,,