data,hora,natureza_acidente,situacao,bairro,endereco,numero,detalhe_endereco_acidente,complemento,endereco_cruzamento,numero_cruzamento,referencia_cruzamento,bairro_cruzamento,num_semaforo,sentido_via,tipo,descricao,auto,moto,ciclom,ciclista,pedestre,onibus,caminhao,viatura,outros,vitimas,vitimasfatais,acidente_verificado,tempo_clima,situacao_semaforo,sinalizacao,condicao_via,conservacao_via,ponto_controle,situacao_placa,velocidade_max_via,mao_direcao,divisao_via1,divisao_via2,divisao_via3,,,,
2018-10-16,15:01:00,SEM VÍTIMA,FINALIZADA,SANTO AMARO,RUA DO SOSSEGO,617,,EM FRENTE A O ESCRITORIO DE ADVOCACIA HILTON MONTEIRO,RUA DO SOSSEGO,617,EM FRENTE A O ESCRITORIO DE ADVOCACIA HILTON MONTEIRO,SANTO AMARO,,,COLISÃO,SEM VITIMAS,2,,,,,,,,,0,,,,,,,,,,,,,,,,,,
2018-10-16,15:24:00,COM VÍTIMA,FINALIZADA,DERBY,AV GOVERNADOR AGAMENON MAGALHAES,,AV GOVERNADOR CARLOS DE LIMA CAVALCANTI,NO SEMÁFORO 075/ SENTIDO OLINDA,AV GOVERNADOR AGAMENON MAGALHAES,,NO SEMÁFORO 075/ SENTIDO OLINDA,DERBY,,,COLISÃO,COLISÃO COM VÍTIMA,1,1,,,,,,,,1,,,,,,,,,,,,,,,,,,
2018-10-16,16:43:00,SEM VÍTIMA,FINALIZADA,BOA VIAGEM,RUA RIBEIRO DE BRITO,,,EM FRENTE AO POSTO PETROBRAS E AO HOLIDAY/ SEMÁFORO 147,RUA RIBEIRO DE BRITO,,EM FRENTE AO POSTO PETROBRAS E AO HOLIDAY/ SEMÁFORO 147,BOA VIAGEM,,,COLISÃO,COLISÃO SEM VÍTIMA,1,,,,,1,,,,0,,,,,,,,,,,,,,,,,,
2018-10-16,17:15:00,SEM VÍTIMA,FINALIZADA,SANTO AMARO,AV GOVERNADOR AGAMENON MAGALHAES,,,NA SUBIDA DO VIADUTO E/F A JEEP S/T BOA VIAGEM,AV GOVERNADOR AGAMENON MAGALHAES,,NA SUBIDA DO VIADUTO E/F A JEEP S/T BOA VIAGEM,SANTO AMARO,,,COLISÃO,,2,,,,,,,,,0,,,,,,,,,,,,,,,,,,
2018-10-16,17:19:00,COM VÍTIMA,FINALIZADA,IMBIRIBEIRA,RUA AUGUSTO CALHEIROS,,,EM FRENTE AO REI DOS FAROIS,RUA AUGUSTO CALHEIROS,,EM FRENTE AO REI DOS FAROIS,IMBIRIBEIRA,,,COLISÃO,COM VITIMA,AGUARDANDO SAMU,CTTU NO LOCAL,1,2,,,,,,,,1,,,,,,,,,,,,,,,,
2018-10-16,17:21:00,COM VÍTIMA,FINALIZADA,CAMPO GRANDE,RUA CORONEL URBANO RIBEIRO DE SENA,226,,E/F A PIZZARIA VICIU´S,RUA CORONEL URBANO RIBEIRO DE SENA,226,E/F A PIZZARIA VICIU´S,CAMPO GRANDE,,,COLISÃO,COLISAO ENTRE AUTO E MOTO COM UMA VITIMA,1,1,,,,,,,,1,,,,,,,,,,,,,,,,,,
2018-10-16,17:28:00,SEM VÍTIMA,FINALIZADA,BOA VISTA,RUA DA CONCEICAO,86,,POR TRÁS DO SHOPPING BOA VISTA,RUA DA CONCEICAO,86,POR TRÁS DO SHOPPING BOA VISTA,BOA VISTA,,,COLISÃO,COLISÃO SEM VÍTIMA,2,,,,,,,,,0,,,,,,,,,,,,,,,,,,
2018-10-16,17:32:00,COM VÍTIMA,FINALIZADA,PINA,PTE GOVERNADOR PAULO GUERRA,,,sobre a ponte sent/pina,PTE GOVERNADOR PAULO GUERRA,,sobre a ponte sent/pina,PINA,,,COLISÃO,COM UMA VITIMA AGUARDANDO SAMU/,2,1,,,,,,,,1,,,,,,,,,,,,,,,,,,
2018-10-16,18:04:00,SEM VÍTIMA,FINALIZADA,TORRE,RUA MARCOS ANDRE,,RUA JOSE BONIFACIO,CRUZAMENTO COM A RUA JOSE BONIFACIO // AO LADO DO CARREFOUR,RUA MARCOS ANDRE,,CRUZAMENTO COM A RUA JOSE BONIFACIO // AO LADO DO CARREFOUR,TORRE,,,COLISÃO,FOX X MOTO,1,1,,,,,,,,0,,,,,,,,,,,,,,,,,,
2018-10-16,18:13:00,SEM VÍTIMA,FINALIZADA,IPSEP,AV RECIFE,369,,,AV RECIFE,369,,IPSEP,,,COLISÃO,MOTO X auto,1,1,,,,,,,,0,,,,,,,,,,,,,,,,,,
2018-10-16,18:39:00,SEM VÍTIMA,CANCELADA,IPSEP,RUA RIO AMAZONAS,25,AV SALDANHA MARINHO,CRUZAMENTO COM A RUA SALDANHA MARINHO,RUA RIO AMAZONAS,25,CRUZAMENTO COM A RUA SALDANHA MARINHO,IPSEP,,,COLISÃO,VOYAGEM X SANDERO,2,,,,,,,,,0,,,,,,,,,,,,,,,,,,
2018-10-16,18:58:00,SEM VÍTIMA,FINALIZADA,SOLEDADE,RUA JOSE DE ALENCAR,,RUA BARAO DE SAO BORJA,CRUZAMENTO COM A RUA BARAO DE SAO BORJA,RUA JOSE DE ALENCAR,,CRUZAMENTO COM A RUA BARAO DE SAO BORJA,SOLEDADE,,,COLISÃO,GOL PRATA X GOL PRETO,2,,,,,,,,,0,,,,,,,,,,,,,,,,,,
2018-10-16,20:50:00,SEM VÍTIMA,FINALIZADA,MADALENA,RUA JOSE OSORIO,541,,ENF JM VEICULOS // DEPOIS DO CRUZAMENTO DA RUA REAL DA TORRE,RUA JOSE OSORIO,541,ENF JM VEICULOS // DEPOIS DO CRUZAMENTO DA RUA REAL DA TORRE,MADALENA,,,COLISÃO,VT DO SAMU X JEEP,1,,,,,,,1,,0,,,,,,,,,,,,,,,,,,
2018-10-16,22:27:00,SEM VÍTIMA,FINALIZADA,AFOGADOS,EST DOS REMEDIOS,,,PROX AO POSTO IPIRANGA E CABOCLIINHO,EST DOS REMEDIOS,,PROX AO POSTO IPIRANGA E CABOCLIINHO,AFOGADOS,,,COLISÃO,TAXI X FAIT UNO,2,,,,,,,,,0,,,,,,,,,,,,,,,,,,
2018-10-17,04:31:00,SEM VÍTIMA,FINALIZADA,BOA VIAGEM,RUA COPACABANA,426,RUA WALDEMAR NERY CARNEIRO MONTEIRO,PROX EDIFICIO MARENATA, PROX DA ACADEMIA YES FIT,RUA COPACABANA,426,PROX EDIFICIO MARENATA, PROX DA ACADEMIA YES FIT,BOA VIAGEM,,CIDADE,COLISÃO TRASEIRA,COLISÃO ENTRE DOIS AUTOS S/V,2,,,,,,,,,0,,Cruzamento,Bom,Não existe,Ilegível,Seca,Perfeito estado,Não existe,Não há placas,,Dupla,Não existe,,,,
2018-10-17,06:53:00,SEM VÍTIMA,FINALIZADA,ESTÂNCIA,AV RECIFE,150,,SEMAFORO 621/SENT/BR 101,AV RECIFE,150,SEMAFORO 621/SENT/BR 101,ESTÂNCIA,621,OUTRO,COLISÃO TRASEIRA,SEM VITIMAS,2,,,,,,,,,0,,Longo da via,Chuvoso,Sem defeito,Perfeito estado,Molhada,Perfeito estado,,Outras,,Dupla,Canteiro central,,,,,,
2018-10-17,07:09:00,SEM VÍTIMA,FINALIZADA,IBURA,RUA RIO XINGU,213,RUA SANTA LEOPOLDINA,EM FRENTE A COXINHA E CALDO,RUA RIO XINGU,213,EM FRENTE A COXINHA E CALDO,IBURA,,CIDADE,ABALROAMENTO LONGITUDINAL,DOIS AUTOS,2,,,,,,,,,0,,Cruzamento,Bom,Não existe,Perfeito estado,Seca,Perfeito estado,Não existe,Não há placas,40 km/h,Dupla,Não existe,,,,,,
2018-10-17,07:47:00,COM VÍTIMA,FINALIZADA,MADALENA,RUA REAL DA TORRE,637,,PRÓX. AO MERCADO DA MADALENA,RUA REAL DA TORRE,637,PRÓX. AO MERCADO DA MADALENA,MADALENA,,,COLISÃO,COLISÃO ENTRE AUTO E MOTO COM VÍTIMA,1,1,,,,,,,,1,,,,,,,,,,,,,,,,,,
2018-10-17,07:59:00,SEM VÍTIMA,FINALIZADA,MADALENA,RUA JOSE OSORIO,,AV VISCONDE DE SUASSUNA,CRUZAMENTO COM A RUA JOSE OSORIO,EM FRENTE A EXTRAFARMA,RUA JOSE OSORIO,,CRUZAMENTO COM A RUA JOSE OSORIO,EM FRENTE A EXTRAFARMA,MADALENA,50,SUBURBIO,ABALROAMENTO LONGITUDINAL,SEM VITIMAS,2,,,,,,,,,0,,Cruzamento,Bom,Sem defeito,Perfeito estado,Seca,Perfeito estado,Faixa de pedestre,Outras,,Única,,,,,
2018-10-17,08:01:00,COM VÍTIMA,FINALIZADA,CAMPO GRANDE,RUA ODORICO MENDES,524,,PROX AO CLUBE DAS PÁS EM FRENTE A LOJA HIDEL MOVEIS,RUA ODORICO MENDES,524,PROX AO CLUBE DAS PÁS EM FRENTE A LOJA HIDEL MOVEIS,CAMPO GRANDE,,,COLISÃO,COLISÃO COM VITIMAS A ESPERA DO SAMU,1,1,,,,,,,,2,,,,,,,,,,,,,,,,,,
2018-10-17,08:30:00,SEM VÍTIMA,FINALIZADA,BOA VIAGEM,AV CONSELHEIRO AGUIAR,2178,,EDF GILKA,AV CONSELHEIRO AGUIAR,2178,EDF GILKA,BOA VIAGEM,,CIDADE,COLISÃO TRASEIRA,TRES AUTOS,3,,,,,,,,,0,,Longo da via,Bom,Não existe,Perfeito estado,Seca,Perfeito estado,Não existe,Não há placas,,Única,Não existe,,,,,,
2018-10-17,08:33:00,SEM VÍTIMA,FINALIZADA,SANTO AMARO,RUA DA AURORA,439,,EM FRENTE ALEPE,RUA DA AURORA,439,EM FRENTE ALEPE,SANTO AMARO,,,COLISÃO,,2,,,,,,,,,0,,,,,,,,,,,,,,,,,,
2018-10-17,08:45:00,SEM VÍTIMA,FINALIZADA,IPSEP,AV RECIFE,3433,,EM FRENTE POSTO BR,SENT/BR 101,AV RECIFE,3433,EM FRENTE POSTO BR,SENT/BR 101,IPSEP,,SUBURBIO,ABALROAMENTO LONGITUDINAL,SEM VITIMA,1,,,,,,1,,,0,,Longo da via,Bom,Não existe,Perfeito estado,Seca,Perfeito estado,Não existe,Outras,60 km/h,Dupla,Faixa seccionada,Canteiro central,,,
2018-10-17,09:09:00,SEM VÍTIMA,FINALIZADA,BOA VIAGEM,RUA WALDEMAR NERY CARNEIRO MONTEIRO,866,,EM FRENTE A ESCOLA GRANDE PASSO,RUA WALDEMAR NERY CARNEIRO MONTEIRO,866,EM FRENTE A ESCOLA GRANDE PASSO,BOA VIAGEM,,,COLISÃO TRASEIRA,DOIS AUTOS,2,,,,,,,,,0,,Longo da via,Bom,Não existe,Não existente,Seca,Mal iluminada,Não existe,Não há placas,,Dupla,Não existe,,,,,,
2018-10-17,10:43:00,SEM VÍTIMA,FINALIZADA,BOA VIAGEM,RUA VISCONDE DE JEQUITINHONHA,,RUA BALTAZAR PASSOS,CRUZ COM A RUA BALTAZAR PASSOS AO LADO DO EDIFICIO MARILIA GUILHERMINA,RUA VISCONDE DE JEQUITINHONHA,,CRUZ COM A RUA BALTAZAR PASSOS AO LADO DO EDIFICIO MARILIA GUILHERMINA,BOA VIAGEM,154,SUBURBIO,COLISÃO TRASEIRA,COLISÃO SEM VITIMAS,2,,,,,,,,,0,,Cruzamento,Bom,Sem defeito,Perfeito estado,Seca,Perfeito estado,Faixa de pedestre,Outras,,Única,Canal,,,,,,
2018-10-17,12:02:00,SEM VÍTIMA,FINALIZADA,ESPINHEIRO,RUA ANTONIO NOVAIS,,RUA ALBERTO PAIVA,COM RUA ALBERTO PAIVA AO LADO DO CURSO DE INGLES MINDS,RUA ANTONIO NOVAIS,,COM RUA ALBERTO PAIVA AO LADO DO CURSO DE INGLES MINDS,ESPINHEIRO,360,SUBURBIO,ABALROAMENTO TRANSVERSAL,COLISAO ENTRE DOIS AUTOS S/V,2,,,,,,,,,0,,Cruzamento,Bom,Sem defeito,Perfeito estado,Seca,Perfeito estado,Faixa de pedestre,Outras,,Única,Faixa seccionada,,,,,,
2018-10-17,13:27:00,SEM VÍTIMA,FINALIZADA,AFOGADOS,RUA NICOLAU PEREIRA,,,AO LADO DA ESTAÇAO DE AFOGADOS, E DO MERCADO,RUA NICOLAU PEREIRA,,AO LADO DA ESTAÇAO DE AFOGADOS, E DO MERCADO,AFOGADOS,,SUBURBIO,ABALROAMENTO LONGITUDINAL,AUTO E ONIBUS,1,,,,,1,,,,0,,Longo da via,Bom,Não existe,Perfeito estado,Seca,Perfeito estado,Não existe,Outras,,Única,,,,,
2018-10-17,13:40:00,SEM VÍTIMA,FINALIZADA,JARDIM SÃO PAULO,RUA JOSE NATARIO,38,,EM FRENTE AO POSTO DO SHELL, SEMAFORO 044,RUA JOSE NATARIO,38,EM FRENTE AO POSTO DO SHELL, SEMAFORO 044,JARDIM SÃO PAULO,,SUBURBIO,ABALROAMENTO LONGITUDINAL,AUTO E MOTO C/V,1,1,,,,,,,,0,,Longo da via,Bom,Não existe,Incompleta,Seca,Perfeito estado,Não existe,Outras,,Dupla,Não existe,,,,
2018-10-17,13:47:00,SEM VÍTIMA,FINALIZADA,MADALENA,RUA ARLINDO GOUVEIA,,RUA ARLINDO GOUVEIA,COM RUA ARLINDO GOVEIA E/F AO INTERNACIONAL,RUA ARLINDO GOUVEIA,,COM RUA ARLINDO GOVEIA E/F AO INTERNACIONAL,MADALENA,515,CIDADE,ABALROAMENTO TRANSVERSAL,COLISAO ENTRE AUTO E ONIBUS S/V,1,,,,,1,,,,0,,Longo da via,Bom,Sem defeito,Perfeito estado,Seca,Perfeito estado,Faixa de pedestre,Não há placas,,Única,Faixa seccionada,Canteiro central,,,,,
2018-10-17,13:50:00,SEM VÍTIMA,FINALIZADA,JORDÃO,AV MARIA IRENE,1670,,PROX. AO POSTO IPIRANGA, E A UPINHA,AV MARIA IRENE,1670,PROX. AO POSTO IPIRANGA, E A UPINHA,JORDÃO,,,COLISÃO,DOIS AUTOS,2,,,,,,,,,0,,,,,,,,,,,,,,,,
2018-10-17,14:02:00,SEM VÍTIMA,FINALIZADA,CASA FORTE,AV DEZESSETE DE AGOSTO,2187,,EM FRENTE A FUNDAÇÃO JOAQUIM NABUCO,AV DEZESSETE DE AGOSTO,2187,EM FRENTE A FUNDAÇÃO JOAQUIM NABUCO,CASA FORTE,,CIDADE,COLISÃO TRASEIRA,COLISÃO SEM VÍTIMA,1,1,,,,,,,,0,,Longo da via,Bom,Não existe,Perfeito estado,Seca,Perfeito estado,Faixa de pedestre,Outras,,Dupla,Faixa contínua,,,,,,
2018-10-17,15:33:00,COM VÍTIMA,FINALIZADA,CASA AMARELA,AV DR EURICO CHAVES,,RUA SANTA IZABEL,COM A RUA SANTA IZABEL,AV DR EURICO CHAVES,,COM A RUA SANTA IZABEL,CASA AMARELA,,,COLISÃO,COLISÃO COM MOTOS OFICIAIS,,3,,,,,,,,2,,,,,,,,,,,,,,,,,,
2018-10-17,15:45:00,SEM VÍTIMA,FINALIZADA,PARNAMIRIM,RUA VIRGINIA LORETO,87,,PROX A CULTURA INGLESA,RUA VIRGINIA LORETO,87,PROX A CULTURA INGLESA,PARNAMIRIM,,CIDADE,ABALROAMENTO LONGITUDINAL,COLISAO ENTRE CAMINHAO E AUTO S/V,1,,,,,,1,,,0,,Longo da via,Bom,Não existe,Perfeito estado,Seca,Perfeito estado,Não existe,Outras,,Única,Faixa seccionada,,,,,,
2018-10-17,16:05:00,SEM VÍTIMA,FINALIZADA,PARNAMIRIM,AV PARNAMIRIM,,,EM FRENTE AO SERPO,AV PARNAMIRIM,,EM FRENTE AO SERPO,PARNAMIRIM,,CIDADE,COLISÃO TRASEIRA,COLISÃO SEM VÍTIMA,2,,,,,,,,,0,,Longo da via,Bom,Sem defeito,Perfeito estado,Seca,Perfeito estado,Faixa de pedestre,Outras,,Única,Não existe,,,,,,
2018-10-17,16:28:00,SEM VÍTIMA,FINALIZADA,ROSARINHO,RUA REGUEIRA COSTA,,RUA ENGENHEIRO SAMPAIO,EM FRENTE AO COLEGIO MUNICIPAL REGUEIRA COSTA,RUA REGUEIRA COSTA,,EM FRENTE AO COLEGIO MUNICIPAL REGUEIRA COSTA,ROSARINHO,,SUBURBIO,ABALROAMENTO TRANSVERSAL,COLISÃO SEM VÍTIMA,1,1,,,,,,,,0,,Cruzamento,Bom,Não existe,Incompleta,Seca,Perfeito estado,Faixa de retenção,Não há placas,,Única,,,,,,,
2018-10-17,16:47:00,SEM VÍTIMA,FINALIZADA,ILHA DO LEITE,PTE JOSE DE BARROS LIMA,,,APÓS O HOSPITAL PORTUGUÊS,PTE JOSE DE BARROS LIMA,,APÓS O HOSPITAL PORTUGUÊS,ILHA DO LEITE,,OUTRO,CAPOTAMENTO,,1,,,,,,,,,0,,Ponte,Bom,Não existe,Perfeito estado,Seca,Perfeito estado,Não existe,Não há placas,,Dupla,Canteiro central,,,,,,
2018-10-17,16:54:00,SEM VÍTIMA,FINALIZADA,IPSEP,AV RECIFE,2662,,EM FRENTE AO NUCLEO DA PM, SENTIDO SAN MARTIM,AV RECIFE,2662,EM FRENTE AO NUCLEO DA PM, SENTIDO SAN MARTIM,IPSEP,55,OUTRO,COLISÃO TRASEIRA,AUTO E CAMINHAO S/V,1,,,,,,1,,,0,,Longo da via,Bom,Sem defeito,Perfeito estado,Seca,Perfeito estado,Faixa de pedestre,Outras,,Dupla,Canteiro central,,,,
2018-10-17,17:00:00,SEM VÍTIMA,FINALIZADA,AFOGADOS,RUA SAO MIGUEL,,,EM FRENTE AO DEPATRI,RUA SAO MIGUEL,,EM FRENTE AO DEPATRI,AFOGADOS,300,SUBURBIO,COLISÃO TRASEIRA,COLISÃO SEM VÍTIMA,2,,,,,1,,,,0,,Longo da via,Bom,Sem defeito,Perfeito estado,Seca,Perfeito estado,Faixa de pedestre,Outras,,Dupla,Faixa contínua,,,,,,
2018-10-17,18:14:00,SEM VÍTIMA,EQUIPE EM DESLOCAMENTO,SANTO AMARO,AV JOAO DE BARROS,,,EM FRENTE AO POSTO BR/ AO LADO DA FARMACIA SANTO ANTÃO,AV JOAO DE BARROS,,EM FRENTE AO POSTO BR/ AO LADO DA FARMACIA SANTO ANTÃO,SANTO AMARO,,,COLISÃO,COLISÃO SEM VÍTIMA,2,,,,,,,,,0,,,,,,,,,,,,,,,,,,
2018-10-17,18:32:00,SEM VÍTIMA,FINALIZADA,PAISSANDU,AV FREI MATIAS TEVES,,,AO LADO DO EMPRESARIAL ALBERT AINSTEIN,AV FREI MATIAS TEVES,,AO LADO DO EMPRESARIAL ALBERT AINSTEIN,PAISSANDU,,CIDADE,COLISÃO TRASEIRA,HB 20 X CORSA,2,,,,,,,,,0,,Longo da via,Bom,Não existe,Perfeito estado,Seca,Perfeito estado,Não existe,Não há placas,,Única,Não existe,,,,,,
2018-10-17,18:55:00,SEM VÍTIMA,FINALIZADA,CAMPO GRANDE,EST DE BELEM,,RUA PAULO DE ARRUDA,POSTO TOTAL,EST DE BELEM,,POSTO TOTAL,CAMPO GRANDE,94,CIDADE,ABALROAMENTO TRANSVERSAL,JEEP X GOL OBS:: EIXO DO VEICULO QUEBRADO,2,,,,,,,,,0,,Cruzamento,Bom,Sem defeito,Perfeito estado,Seca,Perfeito estado,Faixa de pedestre,Outras,,Dupla,Faixa contínua,,,,,,
2018-10-17,20:21:00,SEM VÍTIMA,FINALIZADA,DERBY,AV RUI BARBOSA,1599,,AO LADO DO TRE,AV RUI BARBOSA,1599,AO LADO DO TRE,DERBY,37,CIDADE,COLISÃO TRASEIRA,ENTRE 2 AUTOS. S/V,2,,,,,,,,,0,,Longo da via,Bom,Sem defeito,Perfeito estado,Seca,Perfeito estado,Faixa de pedestre,Outras,,Única,Faixa seccionada,,,,,,
2018-10-17,22:24:00,SEM VÍTIMA,FINALIZADA,MUSTARDINHA,AV MANOEL GONCALVES DA LUZ,860 A,,,AV MANOEL GONCALVES DA LUZ,860 A,,MUSTARDINHA,,SUBURBIO,ABALROAMENTO LONGITUDINAL,CAMINHAO X GOL,1,,,,,,1,,,0,,Cruzamento,Bom,Não existe,Perfeito estado,Seca,Perfeito estado,Não existe,Não há placas,40 km/h,Dupla,Faixa seccionada,,,,,,
2018-10-18,07:07:00,SEM VÍTIMA,FINALIZADA,BOA VIAGEM,AV ENGENHEIRO DOMINGOS FERREIRA,1970,,AO APOS O SUPERMERCADO EXTRA EM FRENTE A LOJA CASA DOS COLCHÕES,AV ENGENHEIRO DOMINGOS FERREIRA,1970,AO APOS O SUPERMERCADO EXTRA EM FRENTE A LOJA CASA DOS COLCHÕES,BOA VIAGEM,,,COLISÃO,COLISÃO SEM VITIMAS GM QTH,1,1,,,,,,,,0,,,,,,,,,,,,,,,,,,
2018-10-18,07:07:00,SEM VÍTIMA,CANCELADA,GRAÇAS,RUA DOM JOAO DE SOUZA,825,,EM FRENTE AO EDF RIVER TOWER,RUA DOM JOAO DE SOUZA,825,EM FRENTE AO EDF RIVER TOWER,GRAÇAS,,,COLISÃO,,2,,,,,,,,,0,,,,,,,,,,,,,,,,,,
2018-10-18,07:31:00,SEM VÍTIMA,FINALIZADA,TORRE,RUA REAL DA TORRE,,,SEMÁFORO 237,RUA REAL DA TORRE,,SEMÁFORO 237,TORRE,,,COLISÃO,,,,,,,,,,,0,,,,,,,,,,,,,,,,,,
2018-10-18,07:38:00,SEM VÍTIMA,FINALIZADA,BOMBA DO HEMETÉRIO,RUA CORREGO DO EUCLIDES,74 A,,EM FRNETE LOJA DE COSMETICOS,RUA CORREGO DO EUCLIDES,74 A,EM FRNETE LOJA DE COSMETICOS,BOMBA DO HEMETÉRIO,,,COLISÃO,ONIBUS E AUTO,1,,,,,1,,,,0,,,,,,,,,,,,,,,,,,
2018-10-18,07:41:00,SEM VÍTIMA,FINALIZADA,TORRE,RUA MANUEL BEZERRA,39 A,,SEMAFORO 237,RUA EM FRENTE A ESCOLA ESTADUAL JOAQUIM TAVORA,RUA MANUEL BEZERRA,39 A,SEMAFORO 237,RUA EM FRENTE A ESCOLA ESTADUAL JOAQUIM TAVORA,TORRE,,,COLISÃO,,SEM VITIMAS,1,,,,,,1,,,0,,,,,,,,,,,,,,,
2018-10-18,08:46:00,SEM VÍTIMA,FINALIZADA,ESPINHEIRO,AV CONS ROSA E SILVA,,,EM FRENTE AO SUPERMERCADO BOM PREÇO,AV CONS ROSA E SILVA,,EM FRENTE AO SUPERMERCADO BOM PREÇO,ESPINHEIRO,,,COLISÃO,COLISÃO SEM VITIMAS,2,,,,,,,,,0,,,,,,,,,,,,,,,,,,
2018-10-18,09:06:00,SEM VÍTIMA,FINALIZADA,CASA AMARELA,AV NORTE,,,SEMAFORO 312 SENT SUB,AV NORTE,,SEMAFORO 312 SENT SUB,CASA AMARELA,,,COLISÃO,CAMINHAO E AUTO,1,,,,,,1,,,0,,,,,,,,,,,,,,,,,,
2018-10-18,09:35:00,COM VÍTIMA,FINALIZADA,IMBIRIBEIRA,RUA PAMPULHA,160,,EM FRENTE A CASA BRANCA RECEPÇÃO,RUA PAMPULHA,160,EM FRENTE A CASA BRANCA RECEPÇÃO,IMBIRIBEIRA,,,COLISÃO,COLISÃO COM VITIMA A ESPERA DO SAMU,1,1,,,,,,,,1,,,,,,,,,,,,,,,,,,
2018-10-18,09:39:00,SEM VÍTIMA,CANCELADA,TORRE,RUA PROFESSOR TRAJANO DE MENDONCA,440,,E/F AO POSTO SHELL,RUA PROFESSOR TRAJANO DE MENDONCA,440,E/F AO POSTO SHELL,TORRE,,,COLISÃO,SEM VÍTIMAS,2,,,,,,,,,0,,,,,,,,,,,,,,,,,,
2018-10-18,10:14:00,SEM VÍTIMA,FINALIZADA,MADALENA,AV BEIRA RIO,1035,,EM FRENTE AO SHERIDAN,AV BEIRA RIO,1035,EM FRENTE AO SHERIDAN,MADALENA,,,COLISÃO,SEM VITIMAS,2,,,,,,,,,0,,,,,,,,,,,,,,,,,,
2018-10-18,10:44:00,SEM VÍTIMA,CANCELADA,SANTO AMARO,RUA ALMEIDA CUNHA,,,EM FRENTE A UNIVERSIDADE CATOLICA,RUA ALMEIDA CUNHA,,EM FRENTE A UNIVERSIDADE CATOLICA,SANTO AMARO,,,COLISÃO,COLISÃO SEM VITIMAS,2,,,,,,,,,0,,,,,,,,,,,,,,,,,,
2018-10-18,10:48:00,SEM VÍTIMA,FINALIZADA,IPSEP,AV RECIFE,1500,,EM FRENTE A PERNAMBUCO PSCINA,AV RECIFE,1500,EM FRENTE A PERNAMBUCO PSCINA,IPSEP,,,COLISÃO,DOIS AUTOS,2,,,,,,,,,0,,,,,,,,,,,,,,,,,,
2018-10-18,10:53:00,SEM VÍTIMA,FINALIZADA,MONTEIRO,AV DEZESSETE DE AGOSTO,,,E/F AO COLÉGIO SILVA JARDIM, SENTIDO SHOPPING PLAZA. SEMÁFORO 370,AV DEZESSETE DE AGOSTO,,E/F AO COLÉGIO SILVA JARDIM, SENTIDO SHOPPING PLAZA. SEMÁFORO 370,MONTEIRO,,,COLISÃO,SEM VITIMAS,1,,,,,,1,,,0,,,,,,,,,,,,,,,,
2018-10-18,11:10:00,SEM VÍTIMA,FINALIZADA,DOIS IRMÃOS,RUA DOIS IRMAOS,1117,,E/F AO LAFEPE,RUA DOIS IRMAOS,1117,E/F AO LAFEPE,DOIS IRMÃOS,,,COLISÃO,SEM VÍTIMAS,1,,,,,1,,,,0,,,,,,,,,,,,,,,,,,
2018-10-18,11:22:00,SEM VÍTIMA,CANCELADA,AFOGADOS,RUA IMPERIAL,1524,,RESIDENCIA EM FRENTE A JUCEPE JUNTA COMERCIAL,RUA IMPERIAL,1524,RESIDENCIA EM FRENTE A JUCEPE JUNTA COMERCIAL,AFOGADOS,,,COLISÃO,COLISÃO SEM VITIMAS,2,,,,,,,,,0,,,,,,,,,,,,,,,,,,
2018-10-18,11:34:00,SEM VÍTIMA,FINALIZADA,IMBIRIBEIRA,AV MARECHAL MASCARENHAS DE MORAES,,,NO RETORONO DO AEROPOROTO.,AV MARECHAL MASCARENHAS DE MORAES,,NO RETORONO DO AEROPOROTO.,IMBIRIBEIRA,,,COLISÃO,SEM VÍTIMAS,2,,,,,,,,,0,,,,,,,,,,,,,,,,,,
2018-10-18,11:36:00,COM VÍTIMA,FINALIZADA,TAMARINEIRA,EST VELHA DE AGUA FRIA,596,,EM FRENTE AO BAR DO CHICO,EST VELHA DE AGUA FRIA,596,EM FRENTE AO BAR DO CHICO,TAMARINEIRA,,,COLISÃO,COLISAO ENVOLVENDO MOTO E AUTO,1,1,,,,,,,,1,,,,,,,,,,,,,,,,,,
2018-10-18,11:53:00,SEM VÍTIMA,FINALIZADA,BOA VIAGEM,AV DES JOSE NEVES,,RUA BARAO DE SOUZA LEAO,COM A BARAO DE SOUZA LEAO SEMAF 476,AV DES JOSE NEVES,,COM A BARAO DE SOUZA LEAO SEMAF 476,BOA VIAGEM,,,COLISÃO,DOIS AUTOS,2,,,,,,,,,0,,,,,,,,,,,,,,,,,,