data,hora,natureza_acidente,situacao,bairro,endereco,numero,detalhe_endereco_acidente,complemento,endereco_cruzamento,numero_cruzamento,referencia_cruzamento,bairro_cruzamento,num_semaforo,sentido_via,tipo,descricao,auto,moto,ciclom,ciclista,pedestre,onibus,caminhao,viatura,outros,vitimas,vitimasfatais,acidente_verificado,tempo_clima,situacao_semaforo,sinalizacao,condicao_via,conservacao_via,ponto_controle,situacao_placa,velocidade_max_via,mao_direcao,divisao_via1,divisao_via2,divisao_via3,,,,
2018-10-18,12:16:00,SEM VÍTIMA,FINALIZADA,BOA VISTA,RUA BARAO DE SAO BORJA,,,DE ESQUINA COM O HOTEL BOA VISTA,RUA BARAO DE SAO BORJA,,DE ESQUINA COM O HOTEL BOA VISTA,BOA VISTA,,,COLISÃO,COLISÃO SEM VITIMAS,2,,,,,,,,,0,,,,,,,,,,,,,,,,,,
2018-10-18,12:29:00,SEM VÍTIMA,FINALIZADA,AREIAS,AV CAPITAO GREGORIO DE CALDAS,302,,NA RUA DO SUPERMERCADO WALMART EM FRENTE A FIRZEE FORMA ACADEMIA,AV CAPITAO GREGORIO DE CALDAS,302,NA RUA DO SUPERMERCADO WALMART EM FRENTE A FIRZEE FORMA ACADEMIA,AREIAS,,,CAPOTAMENTO,CAPOTAMENTO EM SEGUIDA DE COLISÃO SEM VITIMAS,2,,,,,,,,,0,,,,,,,,,,,,,,,,,,
2018-10-18,12:31:00,,CANCELADA,AREIAS,AV CAPITAO GREGORIO DE CALDAS,302,,AO LADO DO WALMART,AV CAPITAO GREGORIO DE CALDAS,302,AO LADO DO WALMART,AREIAS,,,COLISÃO,COLISAO ENTRE DOIS AUTOS S/V,2,,,,,,,,,0,,,,,,,,,,,,,,,,,,
2018-10-18,13:11:00,SEM VÍTIMA,FINALIZADA,CORDEIRO,RUA DO FORTE,750,,PROX A ARTE ODONTO E A LOJA HIDRO VITAL,RUA DO FORTE,750,PROX A ARTE ODONTO E A LOJA HIDRO VITAL,CORDEIRO,,,COLISÃO,COLISÃO SEM VITIMAS,1,,,,,,1,,,0,,,,,,,,,,,,,,,,,,
2018-10-18,13:24:00,SEM VÍTIMA,FINALIZADA,BOA VIAGEM,RUA DR LUIZ INACIO PESSOA DE MELO,420,,PROX. AO RM EXPRESS,RUA DR LUIZ INACIO PESSOA DE MELO,420,PROX. AO RM EXPRESS,BOA VIAGEM,,,COLISÃO,AUTO E CAMINHAO S/V,1,,,,,,1,,,0,,,,,,,,,,,,,,,,,,
2018-10-18,13:36:00,SEM VÍTIMA,FINALIZADA,ESPINHEIRO,RUA SANTO ELIAS,,,EM FRENTE A GALERIA QUATRO CENTOS,RUA SANTO ELIAS,,EM FRENTE A GALERIA QUATRO CENTOS,ESPINHEIRO,,,COLISÃO,COLISÃO SEM VITIMAS,2,,,,,,,,,0,,,,,,,,,,,,,,,,,,
2018-10-18,14:04:00,COM VÍTIMA,FINALIZADA,NOVA DESCOBERTA,AV VEREADOR OTACILIO AZEVEDO,1145,,EM FRENTE AO CLUBE DA FAZENDA,AV VEREADOR OTACILIO AZEVEDO,1145,EM FRENTE AO CLUBE DA FAZENDA,NOVA DESCOBERTA,,,ATROPELAMENTO,VITIMA SOCORRIDA PELO SAMU VT 02 QTH,,1,,,1,,,,,1,,,,,,,,,,,,,,,,,,
2018-10-18,15:02:00,SEM VÍTIMA,FINALIZADA,CAXANGÁ,AV CAXANGA,,,E/F A FIAT ITALIANA VT 16 ESTA NO LOCAL,AV CAXANGA,,E/F A FIAT ITALIANA VT 16 ESTA NO LOCAL,CAXANGÁ,,,COLISÃO,COLISAO ENTRE DOIS AUTOS S/V,2,,,,,,,,,0,,,,,,,,,,,,,,,,,,
2018-10-18,16:08:00,SEM VÍTIMA,FINALIZADA,SAN MARTIN,RUA COMENDADOR FRANCO FERREIRA,,RUA EDUARDO DE ANDRADE,DE ESQUINA COM A RUA EDUARDO DE ANDRADE PROX A PRAÇA DE SAN MARTIN,RUA COMENDADOR FRANCO FERREIRA,,DE ESQUINA COM A RUA EDUARDO DE ANDRADE PROX A PRAÇA DE SAN MARTIN,SAN MARTIN,,,COLISÃO,COLISÃO COM VITIMA A ESPERA DO SAMU,1,1,,,,,,,,0,,,,,,,,,,,,,,,,,,
2018-10-18,16:49:00,SEM VÍTIMA,FINALIZADA,IMBIRIBEIRA,RUA PAMPULHA,,,EM FRENTE A CASA BRANCA RECEPÇOES,RUA PAMPULHA,,EM FRENTE A CASA BRANCA RECEPÇOES,IMBIRIBEIRA,,,COLISÃO,COLISÃO SEM VITIMAS,2,,,,,,,,,0,,,,,,,,,,,,,,,,,,
2018-10-18,18:04:00,SEM VÍTIMA,FINALIZADA,TORRÕES,EST DO FORTE DO ARRAIAL N. DO B. JESUS,,,,EST DO FORTE DO ARRAIAL N. DO B. JESUS,,,TORRÕES,,,COLISÃO,DOIS AUTOMÓVEIS - FIAT UNO X VW VOYAGE,2,,,,,,,,,0,,,,,,,,,,,,,,,,,,
2018-10-18,18:09:00,SEM VÍTIMA,FINALIZADA,BOA VIAGEM,AV BOA VIAGEM,3672,RUA BRUNO VELOSO,CRUZAMENTO COM A RUA BRUNO VELOSO,AV BOA VIAGEM,3672,CRUZAMENTO COM A RUA BRUNO VELOSO,BOA VIAGEM,,,COLISÃO,TRES AUTO,3,,,,,,,,,0,,,,,,,,,,,,,,,,,,
2018-10-18,18:30:00,SEM VÍTIMA,FINALIZADA,DERBY,AV GOVERNADOR AGAMENON MAGALHAES,,,ENF AO TRE // SENTIDO BOA VIAGEM // PISTA LOCAL,AV GOVERNADOR AGAMENON MAGALHAES,,ENF AO TRE // SENTIDO BOA VIAGEM // PISTA LOCAL,DERBY,,,COLISÃO,HONDA CIT X FORD K,2,,,,,,,,,0,,,,,,,,,,,,,,,,,,
2018-10-18,20:46:00,SEM VÍTIMA,CANCELADA,BARRO,AV DR JOSE RUFINO,46,,E/F AO MOTEL OLIMPIKUS, SNT TEJIPIÓ / PRÓX AO VIADUTO DA BR,AV DR JOSE RUFINO,46,E/F AO MOTEL OLIMPIKUS, SNT TEJIPIÓ / PRÓX AO VIADUTO DA BR,BARRO,,,COLISÃO,ENTRE AUTO E CAMINHÃO. S/V,1,,,,,,1,,,0,,,,,,,,,,,,,,,,
2018-10-18,21:59:00,SEM VÍTIMA,FINALIZADA,TORRE,RUA REAL DA TORRE,1400,,EDF LOS ANGELES E EDF REAL MORADA DA TORRE,RUA REAL DA TORRE,1400,EDF LOS ANGELES E EDF REAL MORADA DA TORRE,TORRE,,,COLISÃO,SIENA X AUTO,2,,,,,,,,,0,,,,,,,,,,,,,,,,,,
2018-10-19,00:01:00,SEM VÍTIMA,FINALIZADA,TAMARINEIRA,RUA VISCONDE DE ABAETE,,,EM FRENTE AO COLÉGIO ANGLO LÍDER // PRÓX A PRAÇA ALBINO PIMENTEL,RUA VISCONDE DE ABAETE,,EM FRENTE AO COLÉGIO ANGLO LÍDER // PRÓX A PRAÇA ALBINO PIMENTEL,TAMARINEIRA,,,COLISÃO,COLISÃO ENTRE DOIS AUTOS, S/V.,2,,,,,,,,,0,,,,,,,,,,,,,,,,,
2018-10-19,04:59:00,SEM VÍTIMA,FINALIZADA,DERBY,RUA JOAQUIM NABUCO,,RUA GUILHERME PINTO,COM RUA GUILHERME PINTO,RUA JOAQUIM NABUCO,,COM RUA GUILHERME PINTO,DERBY,,,COLISÃO,VT 11ESTAVA SE DESLOCANDO PARA FAZER MONITORAMENTO NA RUA GUILHERME PINTO COM RUA TEÓFILO DE FREITAS QUANTO UM VEICULO COLIDIU NA TRAZEIRA DO VEICULO,,,,,,,,1,,0,,,,,,,,,,,,,,,,,,
2018-10-19,06:07:00,SEM VÍTIMA,FINALIZADA,BOA VIAGEM,RUA CAPITAO ZUZINHA,,,EM FRENTE A LOCALIZA NO SENTIDO PIEDADE,RUA CAPITAO ZUZINHA,,EM FRENTE A LOCALIZA NO SENTIDO PIEDADE,BOA VIAGEM,,,COLISÃO,COLISÃO SEM VITIMAS,1,,,,,1,,,,0,,,,,,,,,,,,,,,,,,
2018-10-19,06:15:00,SEM VÍTIMA,PENDENTE,SAN MARTIN,RUA APULCRO DE ASSUNCAO,205 A,RUA EDUARDO DE ANDRADE,COM RUA EDUARDO DE ANDRADE // PRÓX. AO PASSIRA PIZZARIA E RESTAURANTE.,RUA APULCRO DE ASSUNCAO,205 A,COM RUA EDUARDO DE ANDRADE // PRÓX. AO PASSIRA PIZZARIA E RESTAURANTE.,SAN MARTIN,,,COLISÃO,COLISÃO S/V.,3,,,,,,,,,0,,,,,,,,,,,,,,,,,,
2018-10-19,06:37:00,COM VÍTIMA,CANCELADA,SANTO AMARO,RUA DOS COELHOS,S/N,,DESCIDA DA PONTE PARA O IMIP,RUA DOS COELHOS,S/N,DESCIDA DA PONTE PARA O IMIP,SANTO AMARO,,,COLISÃO,COLISÃO COM VÍTIMA - AUTO X MOTOCICLETA,1,,,,,,,,,1,,,,,,,,,,,,,,,,,,
2018-10-19,07:15:00,SEM VÍTIMA,FINALIZADA,BOA VIAGEM,AV BOA VIAGEM,6836,,NA ENTRADA DO CLUBE OFICIAIS DA AERONAUTICA,AV BOA VIAGEM,6836,NA ENTRADA DO CLUBE OFICIAIS DA AERONAUTICA,BOA VIAGEM,,,COLISÃO,COLISÃO SEM VITIMAS,1,1,,,,,,,,0,,,,,,,,,,,,,,,,,,
2018-10-19,07:30:00,SEM VÍTIMA,FINALIZADA,DOIS UNIDOS,RUA PADRE CICERO,76,,RUA DO HOTEL SECULO XX,RUA PADRE CICERO,76,RUA DO HOTEL SECULO XX,DOIS UNIDOS,,,COLISÃO,DOIS AUTOS,2,,,,,,,,,0,,,,,,,,,,,,,,,,,,
2018-10-19,07:44:00,SEM VÍTIMA,FINALIZADA,MADALENA,RUA BENFICA,,RUA ARLINDO GOUVEIA,COM A RUA ALINDO GOUVEIA,RUA BENFICA,,COM A RUA ALINDO GOUVEIA,MADALENA,,,COLISÃO,COLISÃO SEM VITIMA,2,,,,,,,,,0,,,,,,,,,,,,,,,,,,
2018-10-19,08:58:00,SEM VÍTIMA,FINALIZADA,CAXANGÁ,AV CAXANGA,,,EM FRENTE AO TI CAXANGA SEMAFORO 262,AV CAXANGA,,EM FRENTE AO TI CAXANGA SEMAFORO 262,CAXANGÁ,,,COLISÃO,ONIBUS E AUTO,1,,,,,1,,,,0,,,,,,,,,,,,,,,,,,
2018-10-19,08:58:00,SEM VÍTIMA,FINALIZADA,CORDEIRO,RUA GOMES TABORDA,1764,,E/F AO MARTELINHO DE OURO,RUA GOMES TABORDA,1764,E/F AO MARTELINHO DE OURO,CORDEIRO,,,COLISÃO,SEM VÍTIMAS,2,,,,,,,,,0,,,,,,,,,,,,,,,,,,
2018-10-19,09:09:00,COM VÍTIMA,FINALIZADA,BOA VISTA,AV GOVERNADOR AGAMENON MAGALHAES,,,EM FRENTE AO MEMORIAL SÃO JOSÉ,AV GOVERNADOR AGAMENON MAGALHAES,,EM FRENTE AO MEMORIAL SÃO JOSÉ,BOA VISTA,,,COLISÃO,COLISÃO C/V. - MOTOS 19 E 20 NO QTH.,1,1,,,,,,,,1,,,,,,,,,,,,,,,,,,
2018-10-19,09:30:00,SEM VÍTIMA,FINALIZADA,SANTO AMARO,AV GOVERNADOR AGAMENON MAGALHAES,,,EM FRENTE À REITORIA DA UPE,AV GOVERNADOR AGAMENON MAGALHAES,,EM FRENTE À REITORIA DA UPE,SANTO AMARO,,,COLISÃO,,2,,,,,,,,,0,,,,,,,,,,,,,,,,,,
2018-10-19,10:00:00,COM VÍTIMA,FINALIZADA,BOMBA DO HEMETÉRIO,RUA ARLINDO CISNEIRO,223,,AO LADO DA PADARIA PANIFICAÇÃO RECORD,RUA ARLINDO CISNEIRO,223,AO LADO DA PADARIA PANIFICAÇÃO RECORD,BOMBA DO HEMETÉRIO,,,COLISÃO,COLISÃO ENTRE AUTO E MOTO C/V,1,1,,,,,,,,1,,,,,,,,,,,,,,,,,,
2018-10-19,10:15:00,COM VÍTIMA,FINALIZADA,BOA VIAGEM,AV CONSELHEIRO AGUIAR,,,EM FRENTE AO NUCLEO DA POLICIA,AV CONSELHEIRO AGUIAR,,EM FRENTE AO NUCLEO DA POLICIA,BOA VIAGEM,,,COLISÃO,COLISÃO COM VITIMAS SOCORRIDAS PELO SAMU,,,,,,2,,,,3,,,,,,,,,,,,,,,,,,
2018-10-19,10:25:00,COM VÍTIMA,FINALIZADA,CASA AMARELA,RUA DA HARMONIA,,EST DO ARRAIAL,COM ESTR. DO ARRAIAL // EM FRENTE À IGREJA DA HARMONIA,RUA DA HARMONIA,,COM ESTR. DO ARRAIAL // EM FRENTE À IGREJA DA HARMONIA,CASA AMARELA,,,COLISÃO,COLISÃO C/V.,1,1,,,,,,,,1,,,,,,,,,,,,,,,,,,
2018-10-19,10:20:00,SEM VÍTIMA,FINALIZADA,IMBIRIBEIRA,RUA ITALIA,,AV MARECHAL MASCARENHAS DE MORAES,DE ESQUINA COM A MASCARENHA DE MORAES EM FRENTE AO ASSAI,RUA ITALIA,,DE ESQUINA COM A MASCARENHA DE MORAES EM FRENTE AO ASSAI,IMBIRIBEIRA,,,COLISÃO,COLISÃO SEM VITIMAS,1,,,,,1,1,,,0,,,,,,,,,,,,,,,,,,
2018-10-19,10:37:00,COM VÍTIMA,FINALIZADA,BOMBA DO HEMETÉRIO,RUA BOMBA DO HEMETERIO,135,,AO LADO DO DEPÓSITO EDVALDO BEBIDAS E PADARIA DA BOMBA,RUA BOMBA DO HEMETERIO,135,AO LADO DO DEPÓSITO EDVALDO BEBIDAS E PADARIA DA BOMBA,BOMBA DO HEMETÉRIO,,,COLISÃO COM CICLISTA,MOTO X CICLISTA - VT 04 NO QTH.,,1,,1,,,,,,1,,,,,,,,,,,,,,,,,,
2018-10-19,10:50:00,SEM VÍTIMA,FINALIZADA,BEBERIBE,AV BEBERIBE,,,EM FRENTE A PRAÇA DE BEBERIBE,AV BEBERIBE,,EM FRENTE A PRAÇA DE BEBERIBE,BEBERIBE,,,COLISÃO,COLISÃO SEM VITIMAS GM VT 08 QTH,1,,,,,,1,,,0,,,,,,,,,,,,,,,,,,
2018-10-19,11:18:00,SEM VÍTIMA,FINALIZADA,TORRÕES,RUA ANTONIO VALDEVINO COSTA,,,PRÓX. DA COMPAZ,RUA ANTONIO VALDEVINO COSTA,,PRÓX. DA COMPAZ,TORRÕES,,,COLISÃO,COLISÃO ENTRE AUTOS S/V.,2,,,,,,,,,0,,,,,,,,,,,,,,,,,,
2018-10-19,11:32:00,SEM VÍTIMA,FINALIZADA,IMBIRIBEIRA,RUA PAMPULHA,104,RUA IZABEL DE SOUZA,SEMÁFORO 450 // COM R. IZABEL DE SOUZA,RUA PAMPULHA,104,SEMÁFORO 450 // COM R. IZABEL DE SOUZA,IMBIRIBEIRA,,,COLISÃO,COLISÃO ENTRE AUTO E CAMINHÃO S/V.,1,,,,,,1,,,0,,,,,,,,,,,,,,,,,,
2018-10-19,12:15:00,COM VÍTIMA,FINALIZADA,SANTO AMARO,RUA DOS PALMARES,,,APÓS O PROCAPE,RUA DOS PALMARES,,APÓS O PROCAPE,SANTO AMARO,,,COLISÃO,COLISÃO COM VITIMA,1,1,,,,,,,,1,,,,,,,,,,,,,,,,,,
2018-10-19,12:32:00,SEM VÍTIMA,FINALIZADA,AFOGADOS,EST DOS REMEDIOS,850,,ENF A ELETRO FLASH // PROX O POSTO IPIRANGA // PERTO DO CABOCLINHO,EST DOS REMEDIOS,850,ENF A ELETRO FLASH // PROX O POSTO IPIRANGA // PERTO DO CABOCLINHO,AFOGADOS,,,COLISÃO,DUSTE X ECOSPORT,2,,,,,,,,,0,,,,,,,,,,,,,,,,,,
2018-10-19,12:51:00,SEM VÍTIMA,FINALIZADA,BOA VIAGEM,RUA VISCONDE DE JEQUITINHONHA,518,,APOS O HOSPITAL N.S DAS GRAÇAS,RUA VISCONDE DE JEQUITINHONHA,518,APOS O HOSPITAL N.S DAS GRAÇAS,BOA VIAGEM,,,COLISÃO,DOIS AUTOS S/V,2,,,,,,,,,0,,,,,,,,,,,,,,,,,,
2018-10-19,12:53:00,SEM VÍTIMA,FINALIZADA,SANTO AMARO,RUA DOS PALMARES,,,NO SEMAFORO 093 ESQUINA DA ESCOLA ULISSES PERNAMBUCO,RUA DOS PALMARES,,NO SEMAFORO 093 ESQUINA DA ESCOLA ULISSES PERNAMBUCO,SANTO AMARO,,,COLISÃO,COLISAO ENTRE DOIS AUTOS S/V,2,,,,,,,,,0,,,,,,,,,,,,,,,,,,
2018-10-19,12:53:00,SEM VÍTIMA,FINALIZADA,SANTO AMARO,RUA DO POMBAL,,RUA BARROS BARRETO,CRUZAMENTO COM A RUA BARROS BARRETO,RUA DO POMBAL,,CRUZAMENTO COM A RUA BARROS BARRETO,SANTO AMARO,,,COLISÃO,GOL X FISTA X AUTO,3,,,,,,,,,0,,,,,,,,,,,,,,,,,,
2018-10-19,12:59:00,SEM VÍTIMA,FINALIZADA,ARRUDA,RUA PETRONILA BOTELHO,,,EM FRENTE AO CAMPO DO ARRUADA, NA DIVISA DA PÓNTE, SENTIDO BOMPREÇO,RUA PETRONILA BOTELHO,,EM FRENTE AO CAMPO DO ARRUADA, NA DIVISA DA PÓNTE, SENTIDO BOMPREÇO,ARRUDA,,,COLISÃO,DOIS AUTOS S/V,2,,,,,,,,,0,,,,,,,,,,,,,,
2018-10-19,13:30:00,SEM VÍTIMA,FINALIZADA,BOA VISTA,AV JOAO DE BARROS,,,EM FRENTE AO QUARTEL DOS BOMBEIROS,AV JOAO DE BARROS,,EM FRENTE AO QUARTEL DOS BOMBEIROS,BOA VISTA,,,COLISÃO,COLISÃO SEM VITIMA - VEICULO OFICIAL,2,,,,,,,,,0,,,,,,,,,,,,,,,,,,
2018-10-19,13:43:00,SEM VÍTIMA,FINALIZADA,CORDEIRO,RUA 10 DE NOVEMBRO,,,SEMAFORO 280, AO LADO DA DELICATESSEN RAINHA DA TORRE,RUA 10 DE NOVEMBRO,,SEMAFORO 280, AO LADO DA DELICATESSEN RAINHA DA TORRE,CORDEIRO,,,COLISÃO,DOIS AUTOS S/V,2,,,,,,,,,0,,,,,,,,,,,,,,,,
2018-10-19,14:19:00,SEM VÍTIMA,FINALIZADA,IPSEP,AV RECIFE,,RUA JEAN EMILE FAVRE,COM A JEAN EMILE FAVRE - PADARIA VILA DO PÃO,AV RECIFE,,COM A JEAN EMILE FAVRE - PADARIA VILA DO PÃO,IPSEP,,,COLISÃO,COLISÃO SEM VITIMA -,1,1,,,,,,,,0,,,,,,,,,,,,,,,,,,
2018-10-19,14:33:00,SEM VÍTIMA,CANCELADA,IPSEP,AV RECIFE,,,NO SEMAFORO 130,AV RECIFE,,NO SEMAFORO 130,IPSEP,,,COLISÃO,COLISAO ENTRE AUTO E MOTO S/V,1,1,,,,,,,,0,,,,,,,,,,,,,,,,,,
2018-10-19,14:57:00,SEM VÍTIMA,FINALIZADA,BOA VIAGEM,RUA PROFESSOR JULIO FERREIRA DE MELO,355,,POR TRAS DO CARREFOUR,RUA PROFESSOR JULIO FERREIRA DE MELO,355,POR TRAS DO CARREFOUR,BOA VIAGEM,,,COLISÃO,COLISAO ENTRE DOIS AUTOS S/V,2,,,,,,,,,0,,,,,,,,,,,,,,,,,,
2018-10-19,15:06:00,SEM VÍTIMA,FINALIZADA,SÃO JOSÉ,RUA VIDAL DE NEGREIROS,,,AO LADO DO TRE,RUA VIDAL DE NEGREIROS,,AO LADO DO TRE,SÃO JOSÉ,,,COLISÃO,COLISAO ENTRE DOIS AUTOS S/V,2,,,,,,,,,0,,,,,,,,,,,,,,,,,,
2018-10-19,15:23:00,SEM VÍTIMA,CANCELADA,PINA,AV ANTONIO DE GOES,,,E/F AO DENIT,AV ANTONIO DE GOES,,E/F AO DENIT,PINA,,,COLISÃO,COLISAO DE DOIS AUTOS S/V,2,,,,,,,,,0,,,,,,,,,,,,,,,,,,
2018-10-19,17:28:00,SEM VÍTIMA,FINALIZADA,BOA VIAGEM,RUA JOSE DOMINGUES DA SILVA,258,RUA CAPITAO ZUZINHA,ESQUINA COM RUA CAPITAO ZUZINHA,RUA JOSE DOMINGUES DA SILVA,258,ESQUINA COM RUA CAPITAO ZUZINHA,BOA VIAGEM,,,COLISÃO,DOIS AUTOS S/V,2,,,,,,,,,0,,,,,,,,,,,,,,,,,,
2018-10-19,18:19:00,SEM VÍTIMA,FINALIZADA,PAISSANDU,RUA ANTONIO GOMES DE FREITAS,161,,AO LADO DO SEOPE,RUA ANTONIO GOMES DE FREITAS,161,AO LADO DO SEOPE,PAISSANDU,,,COLISÃO,FOX PRATA X CORSA,2,,,,,,,,,0,,,,,,,,,,,,,,,,,,
2018-10-19,18:35:00,SEM VÍTIMA,FINALIZADA,SANTO AMARO,AV GOVERNADOR AGAMENON MAGALHAES,,,POR CIMA DO VIADUTO, SNT OLINDA / AO LADO DO SHOPPING TACARUNA,AV GOVERNADOR AGAMENON MAGALHAES,,POR CIMA DO VIADUTO, SNT OLINDA / AO LADO DO SHOPPING TACARUNA,SANTO AMARO,,,ENGAVETAMENTO,ENTRE 3 AUTOS. S/V,3,,,,,,,,,0,,,,,,,,,,,,,,,,
2018-10-19,18:37:00,SEM VÍTIMA,FINALIZADA,BOA VISTA,RUA PRINCESA IZABEL,,,PONTE PRINCESA IZABEL,RUA PRINCESA IZABEL,,PONTE PRINCESA IZABEL,BOA VISTA,,,COLISÃO,COLISÃO SEM VITIMA,2,,,,,,,,,0,,,,,,,,,,,,,,,,,,
2018-10-19,18:49:00,COM VÍTIMA,FINALIZADA,ILHA JOANA BEZERRA,AV BEIRA RIO,,,ANTES DO VIADUTO. SNT AV ABDIAS / E/F A ACADEMIA DA CIDADE / PRÓX AO FÓRUM,AV BEIRA RIO,,ANTES DO VIADUTO. SNT AV ABDIAS / E/F A ACADEMIA DA CIDADE / PRÓX AO FÓRUM,ILHA JOANA BEZERRA,,,COLISÃO,ENTRE AUTO E MOTO. C/V,1,1,,,,,,,,2,,,,,,,,,,,,,,,,,,
2018-10-19,18:55:00,SEM VÍTIMA,CANCELADA,BOA VIAGEM,AV ENGENHEIRO DOMINGOS FERREIRA,4403,,PROX A DELEGACIA DE BOA VIAGEM,AV ENGENHEIRO DOMINGOS FERREIRA,4403,PROX A DELEGACIA DE BOA VIAGEM,BOA VIAGEM,,,COLISÃO,ONIBUS X MICRO-ONIBUS,,,,,,2,,,,0,,,,,,,,,,,,,,,,,,
2018-10-19,19:01:00,SEM VÍTIMA,FINALIZADA,ESPINHEIRO,AV CONS ROSA E SILVA,,RUA CONFEDERACAO DO EQUADOR,E/F AO HOSPITAl DOS SERVIDORES / CRUZANDO A R CONF DO EQUADOR,AV CONS ROSA E SILVA,,E/F AO HOSPITAl DOS SERVIDORES / CRUZANDO A R CONF DO EQUADOR,ESPINHEIRO,,,COLISÃO,ENTRE 2 AUTOS. S/V,2,,,,,,,,,0,,,,,,,,,,,,,,,,,,
2018-10-19,19:03:00,SEM VÍTIMA,FINALIZADA,JARDIM SÃO PAULO,RUA LEANDRO BARRETO,445,,POSTO DE COMBUSTÍVEL LAROQUE,RUA LEANDRO BARRETO,445,POSTO DE COMBUSTÍVEL LAROQUE,JARDIM SÃO PAULO,,,COLISÃO,COLISÃO SEGUIDA DE CHOQUE CONTRA BOMBA DE ABASTECIMENTO DO POSTO DE COMBUSTÍVEL. OCORRÊNCIA SEM VÍTIMA ENVOLVENDO 05 (CINCO) VEÍCULOS,5,,,,,,,,,0,,,,,,,,,,,,,,,,,,
2018-10-19,19:03:00,SEM VÍTIMA,FINALIZADA,SANTO AMARO,AV CRUZ CABUGA,,AV DR JAYME DA FONTE,CRUZAMENTO COM AV DR JAYME DA FONTE,AV CRUZ CABUGA,,CRUZAMENTO COM AV DR JAYME DA FONTE,SANTO AMARO,,,COLISÃO,HB 20 X AGILE,2,,,,,,,,,0,,,,,,,,,,,,,,,,,,
2018-10-19,20:51:00,SEM VÍTIMA,FINALIZADA,COELHOS,LGO DOS COELHOS,46,,ENF A MARCENARIA DE CARLINHOS // PROX BAR DO DUDA,LGO DOS COELHOS,46,ENF A MARCENARIA DE CARLINHOS // PROX BAR DO DUDA,COELHOS,,,CHOQUE,VEICULO COLEDIU EM UM MURO (MOTORISTA ABANDONOU O VEICULO) SEGUNDO A POPULAÇAO INFORMOU QUE O VEICULO E ROUBADO,1,,,,,,,,,0,,,,,,,,,,,,,,,,,,
2018-10-19,21:44:00,SEM VÍTIMA,FINALIZADA,AFOGADOS,RUA COSME VIANA,,,E/F A TUPAN E AO LADO DA PRC COMES VIANA / PRÓX AO CANAL,RUA COSME VIANA,,E/F A TUPAN E AO LADO DA PRC COMES VIANA / PRÓX AO CANAL,AFOGADOS,,,COLISÃO,ENTRE AUTO E ÔNIBUS S/V,1,,,,,1,,,,0,,,,,,,,,,,,,,,,,,
2018-10-19,23:26:00,SEM VÍTIMA,FINALIZADA,BOA VIAGEM,RUA DOS NAVEGANTES,1997,,E/F AO HOTEL DOS NAVEGANTES E PRÓX AO RESTAURANTE ILHA DOS NAVEGANTES,RUA DOS NAVEGANTES,1997,E/F AO HOTEL DOS NAVEGANTES E PRÓX AO RESTAURANTE ILHA DOS NAVEGANTES,BOA VIAGEM,,SUBURBIO,ABALROAMENTO LONGITUDINAL,ENTRE 3 AUTOS. S/V,3,,,,,,,,,0,,Longo da via,Bom,Não existe,Incompleta,Seca,Perfeito estado,Não existe,Não há placas,,Única,Faixa seccionada,,,,,,
2018-10-20,02:07:00,COM VÍTIMA,CANCELADA,TORRE,RUA JOSE BONIFACIO,,,PROX DO CARREFUR,RUA JOSE BONIFACIO,,PROX DO CARREFUR,TORRE,,,CHOQUE,MOTO CHOCOU-SE COM MURETA DA PONTE DA TORRE,,1,,,,,,,,2,,,,,,,,,,,,,,,,,,
2018-10-20,04:08:00,COM VÍTIMA,FINALIZADA,ESPINHEIRO,RUA DO ESPINHEIRO,,RUA SANTO ELIAS,CRUZAMENTO COM A RUA SANTO ELIAS,RUA DO ESPINHEIRO,,CRUZAMENTO COM A RUA SANTO ELIAS,ESPINHEIRO,,,COLISÃO,COLISÃO ENTRE DOIS AUTOS C/V,2,,,,,,,,,2,,,,,,,,,,,,,,,,,,
2018-10-20,06:27:00,SEM VÍTIMA,FINALIZADA,PINA,AV ANTONIO DE GOES,,RUA NOGUEIRA DE SOUZA,,AV ANTONIO DE GOES,,,PINA,,CIDADE,COLISÃO TRASEIRA,COLISÃO DOIS AUTOS,2,,,,,,,,,0,,Outros,Bom,Sem defeito,Ilegível,Seca,Perfeito estado,Faixa de pedestre,Não há placas,60 km/h,Única,Canteiro central,,,,,,
2018-10-20,08:33:00,COM VÍTIMA,FINALIZADA,BOA VIAGEM,RUA GENERAL SALGADO,,RUA BISPO CARDOSO AYRES,CRUZ COM A RUA BISPO CARDOSO AYRES EM FRENTE AO EDIFICIO CHATON,RUA GENERAL SALGADO,,CRUZ COM A RUA BISPO CARDOSO AYRES EM FRENTE AO EDIFICIO CHATON,BOA VIAGEM,,,COLISÃO COM CICLISTA,AUTO CICLISTA VITIMAS SOCORRIDAS PELO SAMU,,1,,1,,,,,,2,,,,,,,,,,,,,,,,,,
2018-10-20,10:20:00,SEM VÍTIMA,FINALIZADA,IPUTINGA,AV MARIO ALVARES PEREIRA DE LYRA,,,EM FRENTE AO RESIDENCIAL BOSQUE DAS MADEIRAS,AV MARIO ALVARES PEREIRA DE LYRA,,EM FRENTE AO RESIDENCIAL BOSQUE DAS MADEIRAS,IPUTINGA,,,ABALROAMENTO LONGITUDINAL,DOIS AUTOS,2,,,,,,,,,0,,Longo da via,Bom,Não existe,Não existente,Seca,Perfeito estado,,Não há placas,,Única,,,,,,,