data,hora,natureza_acidente,situacao,bairro,endereco,numero,detalhe_endereco_acidente,complemento,endereco_cruzamento,numero_cruzamento,referencia_cruzamento,bairro_cruzamento,num_semaforo,sentido_via,tipo,descricao,auto,moto,ciclom,ciclista,pedestre,onibus,caminhao,viatura,outros,vitimas,vitimasfatais,acidente_verificado,tempo_clima,situacao_semaforo,sinalizacao,condicao_via,conservacao_via,ponto_controle,situacao_placa,velocidade_max_via,mao_direcao,divisao_via1,divisao_via2,divisao_via3,,,,
2018-10-20,10:22:00,SEM VÍTIMA,FINALIZADA,AFOGADOS,EST DOS REMEDIOS,,,MODELO REPARAÇÃO AUTOMOTIVA,EST DOS REMEDIOS,,MODELO REPARAÇÃO AUTOMOTIVA,AFOGADOS,,,ABALROAMENTO LONGITUDINAL,COLISÃO SEM VITIMAS VT 14 QTH,1,,,,,1,,,,0,,Longo da via,Bom,Não existe,Perfeito estado,Seca,Perfeito estado,Não existe,Outras,,Única,,,,,,,
2018-10-20,11:16:00,SEM VÍTIMA,FINALIZADA,BOA VIAGEM,RUA PROF AURELIO DE CASTRO CAVALCANTI,181,,,RUA PROF AURELIO DE CASTRO CAVALCANTI,181,,BOA VIAGEM,,CIDADE,COLISÃO TRASEIRA,DOIS AUTOS,2,,,,,,,,,0,,Longo da via,Bom,Não existe,Perfeito estado,Seca,Perfeito estado,Não existe,Outras,30 km/h,Única,Não existe,,,,,,
2018-10-20,11:42:00,SEM VÍTIMA,FINALIZADA,,AV PRESIDENTE MEDICI,,,,AV PRESIDENTE MEDICI,,,,,CIDADE,ABALROAMENTO TRANSVERSAL,COLISÃO SEM VÍTIMAS,1,,,,,,1,,,0,,Longo da via,Bom,Não existe,Não existente,Seca,Perfeito estado,Não existe,Não há placas,,Dupla,Não existe,,,,,,
2018-10-20,11:57:00,SEM VÍTIMA,FINALIZADA,BOA VIAGEM,AV CONSELHEIRO AGUIAR,1350,,EM FRENTE AO CONJUNTO RESIDENCIAL PERNAMBUCO,AV CONSELHEIRO AGUIAR,1350,EM FRENTE AO CONJUNTO RESIDENCIAL PERNAMBUCO,BOA VIAGEM,,CIDADE,COLISÃO TRASEIRA,COLISAO ENTRE DOIS AUTOS S/V,2,,,,,,,,,0,,Longo da via,Bom,Não existe,Perfeito estado,Seca,Perfeito estado,Não existe,Outras,,Única,Faixa contínua,,,,,,
2018-10-20,12:12:00,SEM VÍTIMA,FINALIZADA,TORRÕES,RUA QUINZE DE MARCO,566,,EM FRENTE AO BPRV,RUA QUINZE DE MARCO,566,EM FRENTE AO BPRV,TORRÕES,,SUBURBIO,CHOQUE VEÍCULO PARADO,02 AUTOS,2,,,,,,,,,0,,Longo da via,Bom,Não existe,Não existente,Seca,Mal conservada,Não existe,Não há placas,,Dupla,Não existe,,,,,,
2018-10-20,12:15:00,,CANCELADA,IBURA,AV PRESIDENTE MEDICI,345,,EM FRENTE A BARRACA DA BETE,AV PRESIDENTE MEDICI,345,EM FRENTE A BARRACA DA BETE,IBURA,,,COLISÃO,COLISÃO SEM VÍTIMA,1,,,,,1,,,,0,,,,,,,,,,,,,,,,,,
2018-10-20,12:44:00,SEM VÍTIMA,FINALIZADA,ROSARINHO,AV SANTOS DUMONT,815,RUA ENGENHEIRO SAMPAIO,ANTES DO ESPAÇO ELLAS,AV SANTOS DUMONT,815,ANTES DO ESPAÇO ELLAS,ROSARINHO,81,SUBURBIO,COLISÃO TRASEIRA,COLISAO ENTRE DOIS AUTOS S/V,2,,,,,,,,,0,,Longo da via,Bom,Sem defeito,Perfeito estado,Seca,Perfeito estado,Não existe,Não há placas,,Única,Faixa seccionada,,,,,,
2018-10-20,14:39:00,SEM VÍTIMA,FINALIZADA,CAMPO GRANDE,EST DE BELEM,,RUA VOLUNTARIOS DA PATRIA,EM FRENTE A PIZZARIA O JARDIM,EST DE BELEM,,EM FRENTE A PIZZARIA O JARDIM,CAMPO GRANDE,,CID/SUB,COLISÃO FRONTAL,DOIS AUTOS S/V,2,,,,,,,,,0,,Cruzamento,Bom,Não existe,Perfeito estado,Seca,Perfeito estado,Não existe,Não há placas,,Dupla,Faixa contínua,,,,,,
2018-10-20,14:41:00,COM VÍTIMA,FINALIZADA,PRADO,AV ENGENHEIRO ABDIAS DE CARVALHO,,,E/F A SUBWAY,AV ENGENHEIRO ABDIAS DE CARVALHO,,E/F A SUBWAY,PRADO,,,COLISÃO,COILISÃO CARRO E MOTO C/ VÍTIMA,1,1,,,,,,,,1,,,,,,,,,,,,,,,,,,
2018-10-20,15:04:00,SEM VÍTIMA,FINALIZADA,IBURA,AV DOIS RIOS,1482,,EM FRENTE AO MERCADINHO DO POVO,AV DOIS RIOS,1482,EM FRENTE AO MERCADINHO DO POVO,IBURA,,SUBURBIO,ABALROAMENTO LONGITUDINAL,DOIS AUTOS E DOIS CAMINHAO S/V,2,,,,,,2,,,0,,Longo da via,Bom,Sem defeito,Perfeito estado,Seca,Perfeito estado,Faixa de pedestre,Outras,,Dupla,Faixa contínua,,,,,,
2018-10-20,15:49:00,SEM VÍTIMA,FINALIZADA,ILHA DO RETIRO,AV ENGENHEIRO ABDIAS DE CARVALHO,,,,AV ENGENHEIRO ABDIAS DE CARVALHO,,,ILHA DO RETIRO,132,SUBURBIO,ABALROAMENTO TRANSVERSAL,ONIBUS E AUTO,1,,,,,1,,,,0,,Outros,Bom,Sem defeito,Perfeito estado,Seca,Perfeito estado,Não existe,Não há placas,,Dupla,Canteiro central,,,,,,
2018-10-20,16:27:00,SEM VÍTIMA,FINALIZADA,BOA VIAGEM,RUA FRANCISCO DA CUNHA,490,RUA PROFESSOR EDUARDO WANDERLEY FILHO,EM FRENTE AO EDF STUDIO BOA VIAGEM,RUA FRANCISCO DA CUNHA,490,EM FRENTE AO EDF STUDIO BOA VIAGEM,BOA VIAGEM,,CIDADE,ABALROAMENTO TRANSVERSAL,COLISAO ENTRE TRES AUTOS S/V,3,,,,,,,,,0,,Cruzamento,Bom,Não existe,Perfeito estado,Seca,Perfeito estado,Não existe,Outras,,Única,Não existe,,,,,,
2018-10-20,16:44:00,SEM VÍTIMA,FINALIZADA,PAISSANDU,RUA PAISSANDU,,,EM FRENTE AO GGE,RUA PAISSANDU,,EM FRENTE AO GGE,PAISSANDU,,SUBURBIO,COLISÃO TRASEIRA,COLISÃO SEM VÍTIMA,2,,,,,,,,,0,,Longo da via,Bom,Não existe,Perfeito estado,Seca,Perfeito estado,,Outras,,Dupla,Canteiro central,,,,,,
2018-10-20,17:17:00,SEM VÍTIMA,FINALIZADA,PINA,AV ANTONIO DE GOES,146,,AO LADO DO JCPM, SENTINO CENTRO DO RECIFE,AV ANTONIO DE GOES,146,AO LADO DO JCPM, SENTINO CENTRO DO RECIFE,PINA,,CIDADE,COLISÃO TRASEIRA,COLISÃO SEM VÍTIMA,2,,,,,,,,,0,,Longo da via,Bom,Sem defeito,Perfeito estado,Seca,Perfeito estado,Faixa de pedestre,Outras,60 km/h,Única,Faixa contínua,,,,
2018-10-20,18:00:00,SEM VÍTIMA,FINALIZADA,PINA,AV ENGENHEIRO DOMINGOS FERREIRA,149,,EM FRENTE AO IBMEC,AV ENGENHEIRO DOMINGOS FERREIRA,149,EM FRENTE AO IBMEC,PINA,,OUTRO,COLISÃO TRASEIRA,COLISÃO SEM VITIMAS,2,,,,,,,,,0,,Longo da via,Bom,Não existe,Perfeito estado,Seca,Perfeito estado,Outros,Outras,,Única,Faixa seccionada,,,,,,
2018-10-20,18:15:00,SEM VÍTIMA,FINALIZADA,BOA VIAGEM,AV BOA VIAGEM,5740,,,AV BOA VIAGEM,5740,,BOA VIAGEM,445,SUBURBIO,COLISÃO TRASEIRA,COLISÃO SEM VITIMAS,2,,,,,,,,,0,,Longo da via,Bom,Sem defeito,Perfeito estado,Seca,Perfeito estado,Faixa de pedestre,Não há placas,,Única,Faixa contínua,,,,,,
2018-10-20,19:57:00,SEM VÍTIMA,FINALIZADA,DERBY,AV GOVERNADOR AGAMENON MAGALHAES,,PRC DO DERBY,E/F AO BANCO BRADESCO, SNT BV / APÓS A RESTAURAÇÃO,AV GOVERNADOR AGAMENON MAGALHAES,,E/F AO BANCO BRADESCO, SNT BV / APÓS A RESTAURAÇÃO,DERBY,,SUBURBIO,ABALROAMENTO LONGITUDINAL,ENTRE 2 AUTOS. S/V,2,,,,,,,,,0,,Outros,Bom,Não existe,Perfeito estado,Seca,Perfeito estado,Não existe,Não há placas,,Dupla,Não existe,,,,
2018-10-20,23:16:00,SEM VÍTIMA,FINALIZADA,BEBERIBE,AV BEBERIBE,3387,,LADO OPOSTO AO Nº 3387,AV BEBERIBE,3387,LADO OPOSTO AO Nº 3387,BEBERIBE,,SUBURBIO,COLISÃO TRASEIRA,COLISÃO SEM VITIMAS,2,,,,,,,,,0,,Longo da via,Bom,Sem defeito,Perfeito estado,Seca,Perfeito estado,Não existe,Não há placas,50 km/h,Dupla,Faixa contínua,,,,,,
2018-10-20,23:40:00,SEM VÍTIMA,FINALIZADA,BARRO,AV DR JOSE RUFINO,,RUA AMADOR ARAUJO,EM FRENTE A PANIFICADORA TONY ALBUQUERQUE,AV DR JOSE RUFINO,,EM FRENTE A PANIFICADORA TONY ALBUQUERQUE,BARRO,539,SUBURBIO,COLISÃO TRASEIRA,COLISÃO SEM VITIMAS,3,,,,,,,,,0,,Longo da via,Bom,Intermitente,Perfeito estado,Seca,Perfeito estado,Outros,Outras,,Dupla,Faixa contínua,,,,,,
2018-10-21,01:34:00,SEM VÍTIMA,CANCELADA,BOA VIAGEM,RUA BELMONTE,,RUA JOSE DOMINGUES DA SILVA,CRUZAMENTO COM A RUA JOSÉ DOMINGUES DA SILVA // PRÓX AO EMPÓRIO DOS BICHOS // PRÓX A LANCHONETE OVERSIZE BURGUER,RUA BELMONTE,,CRUZAMENTO COM A RUA JOSÉ DOMINGUES DA SILVA // PRÓX AO EMPÓRIO DOS BICHOS // PRÓX A LANCHONETE OVERSIZE BURGUER,BOA VIAGEM,,,COLISÃO,COLISÃO ENTRE DOIS AUTOS, S/V.,2,,,,,,,,,0,,,,,,,,,,,,,,,,,
2018-10-21,04:34:00,COM VÍTIMA,FINALIZADA,SAN MARTIN,AV GENERAL SAN MARTIN,,,PROXIMO O HOSPITAL GETULIO VARGAS,AV GENERAL SAN MARTIN,,PROXIMO O HOSPITAL GETULIO VARGAS,SAN MARTIN,,,COLISÃO,COLISÃO ENTRE MOTO E AUTO C/V,1,1,,,,,,,,1,,,,,,,,,,,,,,,,,,
2018-10-21,05:55:00,SEM VÍTIMA,FINALIZADA,PAISSANDU,AV GOVERNADOR AGAMENON MAGALHAES,,,SENTIDO BOA VIAGEM EM FRENTE AO INSTITUTO CERVANTES SEMAFORO 069,AV GOVERNADOR AGAMENON MAGALHAES,,SENTIDO BOA VIAGEM EM FRENTE AO INSTITUTO CERVANTES SEMAFORO 069,PAISSANDU,69,OUTRO,COLISÃO TRASEIRA,COLISÃO SEM VITIMAS,2,,,,,,,,,0,,Longo da via,Bom,Sem defeito,Perfeito estado,Seca,Perfeito estado,Faixa de pedestre,,,Dupla,Canal,,,,,,
2018-10-21,06:38:00,COM VÍTIMA,FINALIZADA,PAISSANDU,AV GOVERNADOR AGAMENON MAGALHAES,,,EM FRENTE AO CERPE,AV GOVERNADOR AGAMENON MAGALHAES,,EM FRENTE AO CERPE,PAISSANDU,,,COLISÃO,COLISÃO ENTRE AUTO E MOTO,1,1,,,,,,,,1,,,,,,,,,,,,,,,,,,
2018-10-21,06:50:00,SEM VÍTIMA,FINALIZADA,CIDADE UNIVERSITÁRIA,RUA PROFESSOR ANTONIO COELHO,208,,EM FRENTE AO COLEGIO PONTUAL,RUA PROFESSOR ANTONIO COELHO,208,EM FRENTE AO COLEGIO PONTUAL,CIDADE UNIVERSITÁRIA,,SUBURBIO,COLISÃO FRONTAL,COLISÃO SEM VITIMAS,2,,,,,,,,,0,,Longo da via,Bom,Sem defeito,Perfeito estado,Seca,Perfeito estado,Não existe,Não há placas,,Dupla,Faixa seccionada,,,,,,
2018-10-21,08:11:00,SEM VÍTIMA,FINALIZADA,PRADO,AV ENGENHEIRO ABDIAS DE CARVALHO,,RUA MONSENHOR JULIO MARIA,,AV ENGENHEIRO ABDIAS DE CARVALHO,,,PRADO,,,ABALROAMENTO LONGITUDINAL,COLISÃO SEM VITIMAS,1,1,,,,,,,,0,,Longo da via,Bom,Não existe,Perfeito estado,Seca,Perfeito estado,Não existe,Outras,60 km/h,Dupla,Canteiro central,,,,,,
2018-10-21,10:51:00,SEM VÍTIMA,FINALIZADA,CIDADE UNIVERSITÁRIA,AV PROFESSOR LUIZ FREIRE,,,EM FRENTE AO COLÉGIO MILITAR,AV PROFESSOR LUIZ FREIRE,,EM FRENTE AO COLÉGIO MILITAR,CIDADE UNIVERSITÁRIA,,,ABALROAMENTO LONGITUDINAL,COLISÃO ENTRE AUTO E ONIBUS,1,,,,,1,,,,0,,Longo da via,Bom,Não existe,Perfeito estado,Seca,Perfeito estado,Não existe,Não há placas,,Única,Faixa seccionada,,,,,,
2018-10-21,11:33:00,SEM VÍTIMA,FINALIZADA,ESTÂNCIA,AV DR JOSE RUFINO,337,,E/F AO COLEGIO DECISÃO,AV DR JOSE RUFINO,337,E/F AO COLEGIO DECISÃO,ESTÂNCIA,,CIDADE,ABALROAMENTO LONGITUDINAL,SEM VÍTIMAS,2,,,,,,,,,0,,Longo da via,Bom,Não existe,Perfeito estado,Seca,Perfeito estado,Não existe,Outras,60 km/h,Dupla,Faixa contínua,,,,,,
2018-10-21,11:51:00,COM VÍTIMA,FINALIZADA,CASA AMARELA,AV NORTE,,AV PROFESSOR JOSE DOS ANJOS,COM PROF JOSÉ DOS ANJOS,AV NORTE,,COM PROF JOSÉ DOS ANJOS,CASA AMARELA,,,COLISÃO,COLISÃO ENTRE AUTO E MOTO COM VÍTIMA,1,1,,,,,,,,1,,,,,,,,,,,,,,,,,,
2018-10-21,12:21:00,SEM VÍTIMA,CANCELADA,SANTO AMARO,AV GOVERNADOR AGAMENON MAGALHAES,,,PROXIMO AO UPE E AO SEMÁFORO 465/ SENTIDO OLINDA,AV GOVERNADOR AGAMENON MAGALHAES,,PROXIMO AO UPE E AO SEMÁFORO 465/ SENTIDO OLINDA,SANTO AMARO,,,COLISÃO,COLISÃO SEM VÍTIMA,2,,,,,,,,,0,,,,,,,,,,,,,,,,,,
2018-10-21,12:26:00,SEM VÍTIMA,FINALIZADA,AREIAS,AV RECIFE,,AV CAPITAO GREGORIO DE CALDAS,COM O CRUZAMENTO DA GREGORIO DE CALDAS, NA FRENTE DO WALLMART,AV RECIFE,,COM O CRUZAMENTO DA GREGORIO DE CALDAS, NA FRENTE DO WALLMART,AREIAS,494,OUTRO,COLISÃO TRASEIRA,COLISÃO SEM VITIMAS,2,,,,,,,,,0,,Longo da via,Bom,Sem defeito,Perfeito estado,Seca,Perfeito estado,Não existe,Outras,,Dupla,Canteiro central,,,,
2018-10-21,14:15:00,SEM VÍTIMA,FINALIZADA,BOA VIAGEM,AV BOA VIAGEM,3672,RUA BRUNO VELOSO,COM RUA BRUNO VELOSO,AV BOA VIAGEM,3672,COM RUA BRUNO VELOSO,BOA VIAGEM,120,CIDADE,ABALROAMENTO LONGITUDINAL,COLISÃO ENVOLVENDO DOIS AUTOS SEM VÍTIMAS,2,,,,,,,,,0,,Longo da via,Bom,Sem defeito,Perfeito estado,Seca,Perfeito estado,Faixa de pedestre,,,Única,Faixa seccionada,,,,,,
2018-10-21,15:49:00,SEM VÍTIMA,FINALIZADA,SANTO AMARO,AV GOVERNADOR AGAMENON MAGALHAES,,,SOBRE O VIADUTO / EM FRENTE AO SHOPPING TACARUNA,AV GOVERNADOR AGAMENON MAGALHAES,,SOBRE O VIADUTO / EM FRENTE AO SHOPPING TACARUNA,SANTO AMARO,,SUBURBIO,COLISÃO TRASEIRA,COLISÃO SEM VITIMAS,3,,,,,,,,,0,,Viaduto,Bom,Não existe,Perfeito estado,Seca,Perfeito estado,Não existe,Não há placas,60 km/h,Única,Faixa seccionada,,,,,,
2018-10-21,17:21:00,COM VÍTIMA,EQUIPE EM DESLOCAMENTO,BOA VIAGEM,AV BOA VIAGEM,,,PRÓXIMO AO SEGUNDO JARDIM,AV BOA VIAGEM,,PRÓXIMO AO SEGUNDO JARDIM,BOA VIAGEM,,,ATROPELAMENTO,ATROPELAMENTO AUTO x PEDESTRE,1,,,,1,,,,,1,,,,,,,,,,,,,,,,,,
2018-10-21,19:48:00,SEM VÍTIMA,FINALIZADA,PINA,AV HERCULANO BANDEIRA,,,R. ARQUITETO AUGUSTO REINALDO,AV HERCULANO BANDEIRA,,R. ARQUITETO AUGUSTO REINALDO,PINA,660,SUBÚRBIO,ABALROAMENTO LONGITUDINAL,COLISÃO SEM SENTIMAS,2,,,,,,,,,0,,Cruzamento,Bom,Sem defeito,Perfeito estado,Seca,Perfeito estado,Faixa de pedestre,Outras,,Única,Faixa seccionada,,,,,,
2018-10-21,20:55:00,SEM VÍTIMA,FINALIZADA,AFLITOS,AV CONS ROSA E SILVA,1294,,ENF AO THE BRITISH COUNTRY CLUB// PRO PARLA PIZZA,AV CONS ROSA E SILVA,1294,ENF AO THE BRITISH COUNTRY CLUB// PRO PARLA PIZZA,AFLITOS,,SUBURBIO,ABALROAMENTO LONGITUDINAL,CAMINHAO X TOYOTA COROLA,1,,,,,,1,,,0,,Longo da via,Bom,Não existe,Perfeito estado,Seca,Perfeito estado,Não existe,Outras,40 km/h,Única,Faixa seccionada,,,,,,
2018-10-21,21:07:00,SEM VÍTIMA,FINALIZADA,ARRUDA,RUA SAO BENTO,1607,AV BEBERIBE,CRUZAMENTO COM A AV. BEBERIBE/ BAR BATE PAPO,RUA SAO BENTO,1607,CRUZAMENTO COM A AV. BEBERIBE/ BAR BATE PAPO,ARRUDA,,SUBURBIO,COLISÃO TRASEIRA,COLISÃO SEM VITIMAS,2,,,,,,,,,0,,Longo da via,Bom,Sem defeito,Ilegível,Seca,Mal iluminada,Não existe,Não há placas,,Dupla,Faixa seccionada,,,,,,
2018-10-21,21:18:00,SEM VÍTIMA,FINALIZADA,DERBY,RUA DR SEVERINO PINHEIRO,40,RUA JENER DE SOUZA,PROX. AO QUARTEL DO DERBY/ SEMAFOR 040,RUA DR SEVERINO PINHEIRO,40,PROX. AO QUARTEL DO DERBY/ SEMAFOR 040,DERBY,40,CIDADE,ABALROAMENTO LONGITUDINAL,COLISÃO SEM VITIMAS,1,,,,,1,,,,0,,Longo da via,Bom,Sem defeito,Perfeito estado,Seca,Perfeito estado,Faixa de pedestre,Outras,50 km/h,Dupla,Faixa contínua,,,,,,
2018-10-21,22:19:00,SEM VÍTIMA,CANCELADA,CORDEIRO,RUA GOMES TABORDA,,AV GENERAL SAN MARTIN,CRUZAMENTO COM GENERAL SAN MARTINS,RUA GOMES TABORDA,,CRUZAMENTO COM GENERAL SAN MARTINS,CORDEIRO,,,COLISÃO,ONIX X GOL,2,,,,,,,,,0,,,,,,,,,,,,,,,,,,
2018-10-22,01:09:00,SEM VÍTIMA,FINALIZADA,TAMARINEIRA,RUA PADRE ROMA,,RUA DO FUTURO,CRUZAMENTO COM A RUA DO FUTURO // SEMAFORO 223,RUA PADRE ROMA,,CRUZAMENTO COM A RUA DO FUTURO // SEMAFORO 223,TAMARINEIRA,223,SUBURBIO,COLISÃO TRASEIRA,TAXI X GOL // OBS:: SUSPEITA DE EMBRIAGUEZ,2,,,,,,,,,0,,Longo da via,Bom,Sem defeito,Perfeito estado,Seca,Perfeito estado,Faixa de pedestre,Não há placas,,Dupla,Canteiro central,,,,,,
2018-10-22,06:57:00,SEM VÍTIMA,FINALIZADA,BAIRRO DO RECIFE,AV GOVERNADOR AGAMENON MAGALHAES,,,SENTIDO BOA VIAGEM APOS O HOSPITAL DA RESTAURAÇÃO AO ALDO DO COLEGIO AMERICANO BATISTA,AV GOVERNADOR AGAMENON MAGALHAES,,SENTIDO BOA VIAGEM APOS O HOSPITAL DA RESTAURAÇÃO AO ALDO DO COLEGIO AMERICANO BATISTA,BAIRRO DO RECIFE,174,OUTRO,COLISÃO TRASEIRA,COLISÃO SEM VITIMAS,1,,,,,1,,,,0,,Longo da via,Bom,Sem defeito,Perfeito estado,Seca,Perfeito estado,Agente,Outras,60 km/h,Dupla,Faixa contínua,,,,,,
2018-10-22,07:33:00,SEM VÍTIMA,FINALIZADA,JAQUEIRA,PRC PROFESSOR FLEMING,35,,EM FRENTE A VERDFRUT,PRC PROFESSOR FLEMING,35,EM FRENTE A VERDFRUT,JAQUEIRA,,SUBURBIO,COLISÃO TRASEIRA,COLISÃO SEM VITIMAS,2,,,,,,,,,0,,Longo da via,Bom,Não existe,Perfeito estado,Seca,Perfeito estado,Faixa de pedestre,"Placas ""Pare""",,Única,Faixa contínua,,,,,,
2018-10-22,08:01:00,SEM VÍTIMA,FINALIZADA,BOA VIAGEM,AV BOA VIAGEM,3520,,EDF VILA DO CONDE,AV BOA VIAGEM,3520,EDF VILA DO CONDE,BOA VIAGEM,,CIDADE,ABALROAMENTO LONGITUDINAL,COLISÃO SEM VITIMAS,2,,,,,,,,,0,,Longo da via,Bom,Sem defeito,Perfeito estado,Seca,Perfeito estado,Não existe,Não há placas,,Única,Faixa seccionada,,,,,,
2018-10-22,08:16:00,SEM VÍTIMA,FINALIZADA,DERBY,RUA JENER DE SOUZA,,,AO LADO DA PRAÇA JENER DE SOUZA // SENTIDO QUATRO CANTOS,RUA JENER DE SOUZA,,AO LADO DA PRAÇA JENER DE SOUZA // SENTIDO QUATRO CANTOS,DERBY,,SUBURBIO,ABALROAMENTO TRANSVERSAL,COLISÃO S/V.,2,,,,,,,,,0,,Longo da via,Bom,Sem defeito,Incompleta,Seca,Perfeito estado,Não existe,"Placas ""Pare""",,Dupla,Canteiro central,,,,,,
2018-10-22,08:18:00,SEM VÍTIMA,FINALIZADA,BAIRRO DO RECIFE,RUA MADRE DEUS,,,PAÇO ALFÂNDEGA,RUA MADRE DEUS,,PAÇO ALFÂNDEGA,BAIRRO DO RECIFE,,CID/SUB,ABALROAMENTO LONGITUDINAL,COLISÃO DA SAVEIRO DA CTTU,2,,,,,,,,,0,,Longo da via,Bom,Não existe,Perfeito estado,Seca,Perfeito estado,Outros,Outras,30 km/h,Única,Faixa contínua,,,,,,
2018-10-22,08:23:00,SEM VÍTIMA,FINALIZADA,AREIAS,AV RECIFE,,,APOS O SUPERMERCADO WALMART EM FRENTE AO POSTO DE GASOLINA TOTAL,AV RECIFE,,APOS O SUPERMERCADO WALMART EM FRENTE AO POSTO DE GASOLINA TOTAL,AREIAS,,SUBURBIO,ABALROAMENTO LONGITUDINAL,COLISÃO SEM VITIMAS,1,,,,,,1,,,0,,Longo da via,Bom,Não existe,Incompleta,Seca,Perfeito estado,Não existe,Outras,60 km/h,Única,Faixa contínua,Faixa seccionada,,,,,
2018-10-22,08:29:00,COM VÍTIMA,FINALIZADA,SAN MARTIN,AV GENERAL SAN MARTIN,1371,,EM FRENTE A CHESF E AO IPA,AV GENERAL SAN MARTIN,1371,EM FRENTE A CHESF E AO IPA,SAN MARTIN,,SUB/CID,ABALROAMENTO TRANSVERSAL,COLISÃO COM VITIMA,1,1,,,,,,,,1,,Longo da via,Bom,Não existe,Perfeito estado,Seca,Perfeito estado,Não existe,Não há placas,40 km/h,Dupla,faixa,,,,,,
2018-10-22,08:39:00,SEM VÍTIMA,FINALIZADA,CASA FORTE,RUA EDSON ALVARES,,RUA DR SAMUEL LINS,PRÓX À PRAÇA CASA FORTE // PRÓX AO HAPVIDA,RUA EDSON ALVARES,,PRÓX À PRAÇA CASA FORTE // PRÓX AO HAPVIDA,CASA FORTE,,SUBURBIO,ABALROAMENTO TRANSVERSAL,COLISÃO ENTRE AUTOS S/V.,2,,,,,,,,,0,,Cruzamento,Bom,Não existe,Perfeito estado,Seca,Perfeito estado,Faixa de retenção,"Placas ""Pare""",,Dupla,Faixa seccionada,,,,,,
2018-10-22,09:20:00,SEM VÍTIMA,FINALIZADA,BOA VIAGEM,RUA ANTONIO FALCAO,1847,RUA DOS NAVEGANTES,ESCOLA ESTADUAL SARGENTO CAMARGO,RUA ANTONIO FALCAO,1847,ESCOLA ESTADUAL SARGENTO CAMARGO,BOA VIAGEM,,SUBÚRBIO,ABALROAMENTO TRANSVERSAL,COLISÃO SEM VITIMAS,2,,,,,,,,,0,,Cruzamento,Bom,Não existe,Incompleta,Seca,Perfeito estado,Não existe,"Placas ""Pare""",,Única,Não existe,,,,,,
2018-10-22,09:53:00,SEM VÍTIMA,FINALIZADA,BOA VIAGEM,AV ENGENHEIRO DOMINGOS FERREIRA,,,,AV ENGENHEIRO DOMINGOS FERREIRA,,,BOA VIAGEM,,SUBURBIO,COLISÃO TRASEIRA,ENTRE CAMINHÕES E VAN S/V.,1,1,,,,1,2,,1,0,,Longo da via,Bom,Não existe,Perfeito estado,Seca,Perfeito estado,Não existe,Não há placas,,Única,Faixa seccionada,Canteiro central,,,,,
2018-10-22,10:21:00,SEM VÍTIMA,FINALIZADA,CASA AMARELA,AV NORTE,6838,,E/F AO COLÉGIO CLOTILDE DE OLIVEIRA, SENTIDO TI MACAXEIRA.,AV NORTE,6838,E/F AO COLÉGIO CLOTILDE DE OLIVEIRA, SENTIDO TI MACAXEIRA.,CASA AMARELA,65,SUBÚRBIO,CHOQUE VEÍCULO PARADO,SEM VÍTIMAS. COLISÃO ENTRE MOTO E VT OFICIAL DA POLICIA CIVIL,,1,,,,,,1,,0,,Longo da via,Bom,Sem defeito,Perfeito estado,Seca,Perfeito estado,,Outras,60 km/h,Única,Faixa seccionada,,,,
2018-10-22,10:45:00,SEM VÍTIMA,FINALIZADA,BARRO,RUA PADRE NOBREGA,,AV DR JOSE RUFINO,E/F A CRECHE ESCOLA PRESIDENTE TANCREDO NEVES,RUA PADRE NOBREGA,,E/F A CRECHE ESCOLA PRESIDENTE TANCREDO NEVES,BARRO,,CIDADE,ABALROAMENTO LONGITUDINAL,SEM VÍTIMAS.,2,,,,,,,,,0,,Cruzamento,Bom,Não existe,Não existente,Seca,Perfeito estado,Não existe,Não há placas,,Dupla,Faixa seccionada,,,,,,