data,hora,natureza_acidente,situacao,bairro,endereco,numero,detalhe_endereco_acidente,complemento,endereco_cruzamento,numero_cruzamento,referencia_cruzamento,bairro_cruzamento,num_semaforo,sentido_via,tipo,descricao,auto,moto,ciclom,ciclista,pedestre,onibus,caminhao,viatura,outros,vitimas,vitimasfatais,acidente_verificado,tempo_clima,situacao_semaforo,sinalizacao,condicao_via,conservacao_via,ponto_controle,situacao_placa,velocidade_max_via,mao_direcao,divisao_via1,divisao_via2,divisao_via3,,,,
2018-10-23,16:17:00,SEM VÍTIMA,CANCELADA,BOA VIAGEM,RUA JOSE DA SILVA LUCENA,,RUA SARGENTO SILVINO DE MACEDO,NA RUA DO COLEGIO GGE E/F AO HOTEL JARDIM DO ALÁ,RUA JOSE DA SILVA LUCENA,,NA RUA DO COLEGIO GGE E/F AO HOTEL JARDIM DO ALÁ,BOA VIAGEM,273,,COLISÃO,COLISAO ENTRE DOIS AUTOS S/V,2,,,,,,,,,0,,,,,,,,,,,,,,,,,,
2018-10-23,16:22:00,SEM VÍTIMA,FINALIZADA,SÃO JOSÉ,AV SUL,2000,,EM FRENTE AO DEPOSITO DE VIDRO,AV SUL,2000,EM FRENTE AO DEPOSITO DE VIDRO,SÃO JOSÉ,,,COLISÃO,COLISÃO SEM VÍTIMA,1,,,,,,1,,,0,,,,,,,,,,,,,,,,,,
2018-10-23,16:30:00,SEM VÍTIMA,FINALIZADA,AFOGADOS,RUA SAO MIGUEL,1452,,PROX. AO BODE DO NO, EM FRENTE AO ARMAZEM CORAL,RUA SAO MIGUEL,1452,PROX. AO BODE DO NO, EM FRENTE AO ARMAZEM CORAL,AFOGADOS,,,ENGAVETAMENTO,TRES AUTOS S/V,3,,,,,,,,,0,,,,,,,,,,,,,,,,
2018-10-23,16:42:00,SEM VÍTIMA,FINALIZADA,CORDEIRO,AV GENERAL SAN MARTIN,,,E/F AO HOSPITAL GETULIO VARGAS,AV GENERAL SAN MARTIN,,E/F AO HOSPITAL GETULIO VARGAS,CORDEIRO,,,COLISÃO,COLISAO ENTRE DOIS AUTOS S/V,2,,,,,,,,,0,,,,,,,,,,,,,,,,,,
2018-10-23,17:25:00,SEM VÍTIMA,FINALIZADA,SAN MARTIN,RUA DELMIRO GOUVEIA,,,NO GIRADOURO DA CHESF ANTES DO CAIXA ELETRONICO S/T CAVALARIA,RUA DELMIRO GOUVEIA,,NO GIRADOURO DA CHESF ANTES DO CAIXA ELETRONICO S/T CAVALARIA,SAN MARTIN,,SUB/CID,COLISÃO,COLISAO ENTRE CAMINHAO E AUTO S/V,1,,,,,,1,,,0,,,,,,,,,,,,,,,,,,
2018-10-23,17:31:00,SEM VÍTIMA,FINALIZADA,BOA VISTA,AV GOVERNADOR CARLOS DE LIMA CAVALCANTI,,,PROXIMO AO COPE,AV GOVERNADOR CARLOS DE LIMA CAVALCANTI,,PROXIMO AO COPE,BOA VISTA,27,CID/SUB,COLISÃO,AUTO E ONIBUS ,2,,,,,,,,,0,,,,,,,,,,,,,,,,,,
2018-10-23,17:56:00,COM VÍTIMA,FINALIZADA,AREIAS,AV RECIFE,1015,,LADO OPOSTO À EMLURB,AV RECIFE,1015,LADO OPOSTO À EMLURB,AREIAS,,CID/SUB,COLISÃO COM CICLISTA,COLISÃO ENTRE AUTO E CICLISTA,1,,,1,,,,,,2,,Longo da via,Bom,Não existe,Perfeito estado,Seca,Perfeito estado,Não existe,Outras,,Dupla,Canteiro central,,,,,,
2018-10-23,18:19:00,COM VÍTIMA,EQUIPE EM DESLOCAMENTO,IPSEP,RUA JAMAICA,,RUA ITAJAI,PROX A FBV FACULDADE QUE FICA NA JEAN EMILE FAVRE,RUA JAMAICA,,PROX A FBV FACULDADE QUE FICA NA JEAN EMILE FAVRE,IPSEP,,,COLISÃO,FOX X MOTO,1,1,,,,,,,,1,,,,,,,,,,,,,,,,,,
2018-10-23,18:23:00,SEM VÍTIMA,FINALIZADA,DERBY,AV GOVERNADOR AGAMENON MAGALHAES,,AV GOVERNADOR CARLOS DE LIMA CAVALCANTI,E/F A PRC DO DERBY,AV GOVERNADOR AGAMENON MAGALHAES,,E/F A PRC DO DERBY,DERBY,75,,COLISÃO,ENTRE 2 AUTOS. S/V,2,,,,,,,,,0,,,,,,,,,,,,,,,,,,
2018-10-23,18:50:00,SEM VÍTIMA,FINALIZADA,CASA AMARELA,EST DO ARRAIAL,,RUA BELA VISTA,PROX A PAGUE MENOS E PAROQUIA SAO PAULO,EST DO ARRAIAL,,PROX A PAGUE MENOS E PAROQUIA SAO PAULO,CASA AMARELA,3380,,COLISÃO,PEUGEOT X SANDERO X HONDA CIT,3,,,,,,,,,0,,,,,,,,,,,,,,,,,,
2018-10-23,19:40:00,SEM VÍTIMA,CANCELADA,BOA VIAGEM,AV FERNANDO SIMOES BARBOSA,,RUA ERNESTO DE PAULA SANTOS,PROX A DROGASIL,AV FERNANDO SIMOES BARBOSA,,PROX A DROGASIL,BOA VIAGEM,329,,COLISÃO,CORSA RET X FORD K,2,,,,,,,,,0,,,,,,,,,,,,,,,,,,
2018-10-23,20:08:00,SEM VÍTIMA,FINALIZADA,BOA VIAGEM,AV CONSELHEIRO AGUIAR,,RUA ARTUR MUNIZ,PROXIMIDADES DA MCDONALDAS E EXTRA / AO LADO DO POSTO BR,AV CONSELHEIRO AGUIAR,,PROXIMIDADES DA MCDONALDAS E EXTRA / AO LADO DO POSTO BR,BOA VIAGEM,,,COLISÃO,ENTRE 2 AUTOS. S/V,2,,,,,,,,,0,,,,,,,,,,,,,,,,,,
2018-10-23,20:43:00,SEM VÍTIMA,FINALIZADA,BOA VIAGEM,RUA PROFESSOR AUGUSTO LINS E SILVA,62,RUA JOAO EUGENIO DE LIMA,PRÓX A PADARIA ALÉM DO PÃO / E AO LADO DO EDF PIAMONT,RUA PROFESSOR AUGUSTO LINS E SILVA,62,PRÓX A PADARIA ALÉM DO PÃO / E AO LADO DO EDF PIAMONT,BOA VIAGEM,,,COLISÃO,ENTRE 2 AUTOS. S/V,2,,,,,,,,,0,,,,,,,,,,,,,,,,,,
2018-10-23,22:15:00,COM VÍTIMA,FINALIZADA,TORRE,RUA REAL DA TORRE,,,E/F AO POSTO SHELL, SNT CAXANGÁ / PRÓX AO ATACADO DOS PRESENTES E CARREFOUR,RUA REAL DA TORRE,,E/F AO POSTO SHELL, SNT CAXANGÁ / PRÓX AO ATACADO DOS PRESENTES E CARREFOUR,TORRE,,,ENGAVETAMENTO,ENTRE 3 AUTOS. C/V,3,,,,,,,,,1,,,,,,,,,,,,,,,,
2018-10-24,07:45:00,SEM VÍTIMA,FINALIZADA,IPUTINGA,AV CAXANGA,,,E/F A FACIPE,AV CAXANGA,,E/F A FACIPE,IPUTINGA,231,SUB/CID,COLISÃO,SEM VÍTIMAS. VT 14 NO LOCAL.,2,,,,,,,,,0,,,,,,,,,,,,,,,,,,
2018-10-24,09:36:00,SEM VÍTIMA,FINALIZADA,BOA VIAGEM,RUA SA E SOUZA,,RUA BARAO DE SOUZA LEAO,EM FRENTE A ESCOLA BRIGADEIRO EDUARDO GOMES,RUA SA E SOUZA,,EM FRENTE A ESCOLA BRIGADEIRO EDUARDO GOMES,BOA VIAGEM,159,,COLISÃO,SEM VITIMAS,1,,,,,,1,,,0,,,,,,,,,,,,,,,,,,
2018-10-24,09:46:00,SEM VÍTIMA,FINALIZADA,ENCRUZILHADA,AV NORTE,,AV JOAO DE BARROS,EM FRENTE AO BANCO SANTANDER,AV NORTE,,EM FRENTE AO BANCO SANTANDER,ENCRUZILHADA,43,CID/SUB,COLISÃO,SEM VITIMAS/CTTU NO LOCAL GM,2,,,,,,,,,0,,,,,,,,,,,,,,,,,,
2018-10-24,10:07:00,COM VÍTIMA,FINALIZADA,AFOGADOS,RUA IMPERIAL,2077,,EM FRENTE A SECRETARIA DA FAZENDA,RUA IMPERIAL,2077,EM FRENTE A SECRETARIA DA FAZENDA,AFOGADOS,,CID/SUB,COLISÃO,COLISÃO COM UMA VITIMA AGUARDANDO SAMU,1,1,,,,,,,,1,,,,,,,,,,,,,,,,,,
2018-10-24,10:26:00,SEM VÍTIMA,FINALIZADA,SANTO AMARO,AV CRUZ CABUGA,,,EM FRENTE A HONDA / EM FRENTE A ESTAÇAO DO BRT ARARIPINA,AV CRUZ CABUGA,,EM FRENTE A HONDA / EM FRENTE A ESTAÇAO DO BRT ARARIPINA,SANTO AMARO,,SUB/CID,COLISÃO,ONIBUS E AUTO,1,,,,,1,,,,0,,,,,,,,,,,,,,,,,,
2018-10-24,10:38:00,SEM VÍTIMA,FINALIZADA,IPUTINGA,RUA MAURICIO DE NASSAU,430,,COND ABENCOADA POR DEUS,RUA MAURICIO DE NASSAU,430,COND ABENCOADA POR DEUS,IPUTINGA,,,COLISÃO,DOIS AUTOS,2,,,,,,,,,0,,,,,,,,,,,,,,,,,,
2018-10-24,10:46:00,SEM VÍTIMA,FINALIZADA,DERBY,RUA JOAQUIM NABUCO,,AV GOVERNADOR AGAMENON MAGALHAES,AO LADO DA RESTAURAÇAO,RUA JOAQUIM NABUCO,,AO LADO DA RESTAURAÇAO,DERBY,174,,COLISÃO,DOIS AUTOS,2,,,,,,,,,0,,,,,,,,,,,,,,,,,,
2018-10-24,10:55:00,SEM VÍTIMA,FINALIZADA,ARRUDA,RUA ALEGRE,87,,E/F AO MERCADÃO DO ÓLEO,RUA ALEGRE,87,E/F AO MERCADÃO DO ÓLEO,ARRUDA,,,COLISÃO,SEM VÍTIMAS,1,1,,,,,,,,0,,,,,,,,,,,,,,,,,,
2018-10-24,10:55:00,COM VÍTIMA,FINALIZADA,ROSARINHO,AV NORTE,3015,,EM FRENTE A PADARIA ROSARINHO,AV NORTE,3015,EM FRENTE A PADARIA ROSARINHO,ROSARINHO,,SUB/CID,COLISÃO COM CICLISTA,VT 31 NO QTH CILISTA E AUTO,1,,,1,,,,,,1,,,,,,,,,,,,,,,,,,
2018-10-24,10:59:00,SEM VÍTIMA,FINALIZADA,AFOGADOS,RUA IMPERIAL,2077,,AO LADO DA SECRETARIA DA FAZENDA,RUA IMPERIAL,2077,AO LADO DA SECRETARIA DA FAZENDA,AFOGADOS,,,COLISÃO,COLISÃO SEM VITIMAS,1,,,,,,1,,,0,,,,,,,,,,,,,,,,,,
2018-10-24,11:09:00,SEM VÍTIMA,FINALIZADA,IPSEP,AV RECIFE,1600,,EM FRENTE A SAO PAULO VEICULOS / SENT BOA VIAGEM,AV RECIFE,1600,EM FRENTE A SAO PAULO VEICULOS / SENT BOA VIAGEM,IPSEP,212,BOA VIAGEM,COLISÃO,TRES AUTOS,2,,,,,,1,,,0,,,,,,,,,,,,,,,,,,
2018-10-24,11:15:00,SEM VÍTIMA,FINALIZADA,SANTO AMARO,AV CRUZ CABUGA,,AV MARIO MELO,EM FRENTE A ASSEMBLEIA DE DEUS,AV CRUZ CABUGA,,EM FRENTE A ASSEMBLEIA DE DEUS,SANTO AMARO,,CID/SUB,COLISÃO,COLISÃO SEM VITIMAS,2,,,,,,,,,0,,,,,,,,,,,,,,,,,,
2018-10-24,11:41:00,SEM VÍTIMA,FINALIZADA,NOVA DESCOBERTA,RUA SANTA TEREZA,375,,NA ENTRADA DO CORREGO DA BICA EM FRENTE A LANCHONETE CANTINHO DA FATIMA,RUA SANTA TEREZA,375,NA ENTRADA DO CORREGO DA BICA EM FRENTE A LANCHONETE CANTINHO DA FATIMA,NOVA DESCOBERTA,,,COLISÃO,COLISÃO SEM VITIMAS,1,,,,,,1,,,0,,,,,,,,,,,,,,,,,,
2018-10-24,12:08:00,SEM VÍTIMA,FINALIZADA,IPSEP,AV RECIFE,,,PROXIMO AO SEMÁFORO 247/SENTIDO AEROPORTO,AV RECIFE,,PROXIMO AO SEMÁFORO 247/SENTIDO AEROPORTO,IPSEP,247,,COLISÃO,COLISÃO SEM VÍTIMA,2,,,,,,,,,0,,,,,,,,,,,,,,,,,,
2018-10-24,12:32:00,COM VÍTIMA,FINALIZADA,BOA VISTA,AV CONDE DA BOA VISTA,,,EM CIMA DA PONTE DUARTE COELHO, SENTIDO CENTRO,AV CONDE DA BOA VISTA,,EM CIMA DA PONTE DUARTE COELHO, SENTIDO CENTRO,BOA VISTA,,,COLISÃO COM CICLISTA,OINIBUS E CICLISTA C/V,,,,1,,1,,,,1,,,,,,,,,,,,,,,,
2018-10-24,13:51:00,SEM VÍTIMA,FINALIZADA,BOA VIAGEM,AV BOA VIAGEM,,,EM FRENTE AO PARQUE DONA LINDU, SEMAFORO 001,AV BOA VIAGEM,,EM FRENTE AO PARQUE DONA LINDU, SEMAFORO 001,BOA VIAGEM,1,,COLISÃO,DOIS AUTOS S/V,2,,,,,,,,,0,,,,,,,,,,,,,,,,
2018-10-24,14:04:00,SEM VÍTIMA,FINALIZADA,BOA VISTA,RUA AURORA,,,EM FRENTE AO EDIFICIO CAETÉ,RUA AURORA,,EM FRENTE AO EDIFICIO CAETÉ,BOA VISTA,,,COLISÃO,COLISÃO SEM VÍTIMA,2,,,,,,,,,0,,,,,,,,,,,,,,,,,,
2018-10-24,14:20:00,SEM VÍTIMA,FINALIZADA,NOVA DESCOBERTA,RUA ALTO DO MARACANA,95,,NA SUBIDA DO CAMPO DO UNIAO, PROCURAR O ALTO DO MERERE, QUANDO CHEGAR NO MERERE, PROCURAR A BARRACA DE DONA SONIA E OTAVIO DA GAIOLA,RUA ALTO DO MARACANA,95,NA SUBIDA DO CAMPO DO UNIAO, PROCURAR O ALTO DO MERERE, QUANDO CHEGAR NO MERERE, PROCURAR A BARRACA DE DONA SONIA E OTAVIO DA GAIOLA,NOVA DESCOBERTA,,,COLISÃO,COLISÃO SEM VÍTIMA,,2,,,,,,,,0,,,,,,,,,,,,
2018-10-24,14:23:00,SEM VÍTIMA,FINALIZADA,SANTO AMARO,AV MARIO MELO,,,EM FRENTE A ESCOLA SYLVIO RABELLO,AV MARIO MELO,,EM FRENTE A ESCOLA SYLVIO RABELLO,SANTO AMARO,,,COLISÃO,DOIS AUTOS S/V,2,,,,,,,,,0,,,,,,,,,,,,,,,,,,
2018-10-24,14:45:00,SEM VÍTIMA,FINALIZADA,JARDIM SÃO PAULO,AV RECIFE,,,EM FRENTE AO POSTO BR,AV RECIFE,,EM FRENTE AO POSTO BR,JARDIM SÃO PAULO,,,COLISÃO,COLISÃO SEM VÍTIMA,,,,,,,,,,0,,,,,,,,,,,,,,,,,,
2018-10-24,15:56:00,SEM VÍTIMA,FINALIZADA,BOA VIAGEM,RUA ALDEMAR DA COSTA ALMEIDA,140,RUA BELMONTE,AO LADO DA CHURRASCARIA DOIS IRMÃOS,RUA ALDEMAR DA COSTA ALMEIDA,140,AO LADO DA CHURRASCARIA DOIS IRMÃOS,BOA VIAGEM,,,COLISÃO,COLISÃO SEM VÍTIMA,1,,,,,1,,,,0,,,,,,,,,,,,,,,,,,
2018-10-24,16:04:00,SEM VÍTIMA,FINALIZADA,BAIRRO DO RECIFE,PTE CONDE MAURICIO DE NASSAU,,,REF: SOB O SEMÁFORO 165,PTE CONDE MAURICIO DE NASSAU,,REF: SOB O SEMÁFORO 165,BAIRRO DO RECIFE,,,COLISÃO,DOIS AUTO PASSEIO,2,,,,,,,,,0,,,,,,,,,,,,,,,,,,
2018-10-24,16:17:00,SEM VÍTIMA,FINALIZADA,TORRE,RUA REAL DA TORRE,360,,EM FRENTE A IGREJA PRESBITERIANA DA MADALENA,RUA REAL DA TORRE,360,EM FRENTE A IGREJA PRESBITERIANA DA MADALENA,TORRE,,,COLISÃO,COLISÃO SEM VÍTIMA,2,,,,,,,,,0,,,,,,,,,,,,,,,,,,
2018-10-24,16:42:00,SEM VÍTIMA,FINALIZADA,MADALENA,AV VISCONDE DE ALBUQUERQUE,,,EM FRENTE AO BOMPREÇO,AV VISCONDE DE ALBUQUERQUE,,EM FRENTE AO BOMPREÇO,MADALENA,,,ENGAVETAMENTO,SEM VÍTIMA,4,,,,,,,,,0,,,,,,,,,,,,,,,,,,
2018-10-24,16:57:00,SEM VÍTIMA,FINALIZADA,SANTO AMARO,RUA ODORICO MENDES,,AV GOVERNADOR AGAMENON MAGALHAES,AO LADO DO IC/ SENTIDO CAMPO GRANDE,RUA ODORICO MENDES,,AO LADO DO IC/ SENTIDO CAMPO GRANDE,SANTO AMARO,,,COLISÃO,COLISÃO SEM VÍTIMA,2,,,,,,,,,0,,,,,,,,,,,,,,,,,,
2018-10-24,17:12:00,SEM VÍTIMA,FINALIZADA,TORREÃO,AV NORTE,,,EM FRENTE A PRAÇA DA PICANHA,AV NORTE,,EM FRENTE A PRAÇA DA PICANHA,TORREÃO,,SUB/CID,COLISÃO,COLISÃO SEM VÍTIMA,2,,,,,,,,,0,,,,,,,,,,,,,,,,,,
2018-10-24,17:28:00,SEM VÍTIMA,FINALIZADA,BAIRRO DO RECIFE,AV ALFREDO LISBOA,,,EM FRENTE AO RESTAURANTE SEU BOTECO,AV ALFREDO LISBOA,,EM FRENTE AO RESTAURANTE SEU BOTECO,BAIRRO DO RECIFE,,,COLISÃO,COLISÃO SEM VÍTIMA,2,,,,,,,,,0,,,,,,,,,,,,,,,,,,
2018-10-24,18:05:00,SEM VÍTIMA,FINALIZADA,GRAÇAS,RUA SOUZA DE ANDRADE,50,RUA ABELARDO,PROX A ESCOLA MARISTA SAO LUIZ,RUA SOUZA DE ANDRADE,50,PROX A ESCOLA MARISTA SAO LUIZ,GRAÇAS,,,COLISÃO,MOTO X NISSAN MARCH,1,1,,,,,,,,0,,,,,,,,,,,,,,,,,,
2018-10-24,18:17:00,SEM VÍTIMA,FINALIZADA,BAIRRO DO RECIFE,RUA MADRE DEUS,,CAIS DA ALFANDEGA,ANTES DA PONTE GIRATORIA,RUA MADRE DEUS,,ANTES DA PONTE GIRATORIA,BAIRRO DO RECIFE,,,COLISÃO,CAMINHAO X AUTO OBS:: CLEBER JUNIOR X EMANUEL LUIZ AG DA CTTU NO LOCAL,1,,,,,,1,,,0,,,,,,,,,,,,,,,,,,
2018-10-24,19:36:00,SEM VÍTIMA,FINALIZADA,TOTÓ,RUA ONZE DE AGOSTO,635,RUA NELSON DE SENA,PROX AO CENTRO DE SAUDE BIDU KRAUSE,RUA ONZE DE AGOSTO,635,PROX AO CENTRO DE SAUDE BIDU KRAUSE,TOTÓ,,,COLISÃO,MOTO X GOL,1,1,,,,,,,,0,,,,,,,,,,,,,,,,,,
2018-10-24,19:50:00,SEM VÍTIMA,FINALIZADA,APIPUCOS,RUA DE APIPUCOS,,RUA MANDACARU,PROX AO POSTO BR NO FINAL DA MANDACARU,RUA DE APIPUCOS,,PROX AO POSTO BR NO FINAL DA MANDACARU,APIPUCOS,500,,COLISÃO,CAMINHAO CAÇAMBA X NISSAN,1,,,,,,1,,,0,,,,,,,,,,,,,,,,,,
2018-10-24,20:00:00,SEM VÍTIMA,FINALIZADA,TOTÓ,AV LIBERDADE,,RUA JUVENCIO MARQUES DA CUNHA,E/F AO MERCADO SUPERBOM E FARMACENTER / APÓS O ESPETINHO ENTRE AMIGOS,AV LIBERDADE,,E/F AO MERCADO SUPERBOM E FARMACENTER / APÓS O ESPETINHO ENTRE AMIGOS,TOTÓ,440,,COLISÃO,ENTRE AUTO E MOTO. S/V,1,1,,,,,,,,0,,,,,,,,,,,,,,,,,,
2018-10-24,20:33:00,COM VÍTIMA,CANCELADA,CORDEIRO,AV GENERAL SAN MARTIN,,,E/F A COMPAZ E FUNASE , SNT CORDEIRO,AV GENERAL SAN MARTIN,,E/F A COMPAZ E FUNASE , SNT CORDEIRO,CORDEIRO,,,COLISÃO,ENTRE AUTO E MOTO. C/V,1,1,,,,,,,,1,,,,,,,,,,,,,,,,
2018-10-24,21:08:00,SEM VÍTIMA,FINALIZADA,SÃO JOSÉ,AV SUL,,,POR BAIXO DO VIADUTO SÃO JOSÉ / E/F AO POSTO BR, SNT MARCO ZERO,AV SUL,,POR BAIXO DO VIADUTO SÃO JOSÉ / E/F AO POSTO BR, SNT MARCO ZERO,SÃO JOSÉ,,,COLISÃO,ENTRE AUTO E MOTO. S/V,1,1,,,,,,,,0,,,,,,,,,,,,,,,,
2018-10-24,21:21:00,COM VÍTIMA,FINALIZADA,CABANGA,VIADUTO CAPITAO TEMUDO,,VIADUTO CAPITAO TEMUDO,EM FRENTE AO FORUM JOANA BEZERRA,VIADUTO CAPITAO TEMUDO,,EM FRENTE AO FORUM JOANA BEZERRA,CABANGA,,,ATROPELAMENTO,AUTO,1,,,,1,,,,,1,,,,,,,,,,,,,,,,,,
2018-10-24,21:49:00,COM VÍTIMA,FINALIZADA,SAN MARTIN,RUA VINTE E UM DE ABRIL,2155,,PROXIMIDADES DA COBAL / E/F A DSF DA SUCATA,RUA VINTE E UM DE ABRIL,2155,PROXIMIDADES DA COBAL / E/F A DSF DA SUCATA,SAN MARTIN,,,ATROPELAMENTO,ENTRE MOTO X PEDESTRE,,1,,,1,,,,,1,,Longo da via,Bom,Não existe,Perfeito estado,Seca,Perfeito estado,,,,Dupla,FAIXA,,,,,,
2018-10-25,06:12:00,SEM VÍTIMA,FINALIZADA,MADALENA,AV BEIRA RIO,1651,RUA JOSE OSORIO,EDF SAINT PAUL,AV BEIRA RIO,1651,EDF SAINT PAUL,MADALENA,387,CIDADE,ABALROAMENTO TRANSVERSAL,COLISÃO ENTRE AUTOS S/V.,2,,,,,,,,,0,,Cruzamento,Bom,Sem defeito,Perfeito estado,Seca,Perfeito estado,Faixa de pedestre,Outras,40 km/h,Dupla,Faixa contínua,,,,,,
2018-10-25,06:27:00,COM VÍTIMA,CANCELADA,TORRÕES,AV ENGENHEIRO ABDIAS DE CARVALHO,,,PRÓX AO POSTO LUPP II,AV ENGENHEIRO ABDIAS DE CARVALHO,,PRÓX AO POSTO LUPP II,TORRÕES,,CID/SUB,COLISÃO,COLISÃO C/V.,2,1,,,,,,,,1,,,,,,,,,,,,,,,,,,
2018-10-25,07:37:00,SEM VÍTIMA,FINALIZADA,BOA VIAGEM,RUA DHALIA,1336,RUA FRANCISCO DA CUNHA,EDF TAUÁ,RUA DHALIA,1336,EDF TAUÁ,BOA VIAGEM,,CIDADE,ABALROAMENTO TRANSVERSAL,DOIS AUTOS,2,,,,,,,,,0,,Cruzamento,Bom,Não existe,Incompleta,Seca,Mal conservada,Não existe,"Placas ""Pare""",,Única,Não existe,,,,,,
2018-10-25,07:59:00,SEM VÍTIMA,FINALIZADA,BOA VIAGEM,AV BOA VIAGEM,5576,,PRÓX AO HOTEL GOLDEN PARK,AV BOA VIAGEM,5576,PRÓX AO HOTEL GOLDEN PARK,BOA VIAGEM,148,CIDADE,COLISÃO TRASEIRA,SEM VÍTIMAS,3,,,,,,,,,0,,Longo da via,Bom,Sem defeito,Perfeito estado,Seca,Perfeito estado,Não existe,Outras,40 km/h,Única,Faixa seccionada,,,,,,
2018-10-25,08:54:00,SEM VÍTIMA,CANCELADA,BOA VIAGEM,AVENIDA CELSO FURTADO (VIA MANGUE),,,VIA LESTE ,NA ALTURA DA ENTRADA DO TERRENO DA MARINHA,AVENIDA CELSO FURTADO (VIA MANGUE),,VIA LESTE ,NA ALTURA DA ENTRADA DO TERRENO DA MARINHA,BOA VIAGEM,,SUB/CID,COLISÃO,SEM VITIMAS,2,,,,,,,,,0,,,,,,,,,,,,,,,,
2018-10-25,09:13:00,SEM VÍTIMA,CANCELADA,BOA VISTA,AV LINS PETIT,419,RUA GENERAL JOAQUIM INACIO,PRÓX. AO ESPAÇO VIDA SAUDÁVEL,AV LINS PETIT,419,PRÓX. AO ESPAÇO VIDA SAUDÁVEL,BOA VISTA,,,COLISÃO,COLISÃO ENTRE AUTOS S/V.,2,,,,,,,,,0,,,,,,,,,,,,,,,,,,
2018-10-25,09:34:00,SEM VÍTIMA,CANCELADA,CASA AMARELA,RUA CONS PERETTI,144,RUA VISCONDE DE TAUNAY,RUA QUE DÁ ACESSO A GALERIA CASA AMARELA,RUA CONS PERETTI,144,RUA QUE DÁ ACESSO A GALERIA CASA AMARELA,CASA AMARELA,,CID/SUB,COLISÃO,SEM VITIMAS,1,,,,,1,,,,0,,,,,,,,,,,,,,,,,,
2018-10-25,09:36:00,SEM VÍTIMA,FINALIZADA,IPUTINGA,RUA MAURICIO DE NASSAU,,RUA ENGENHEIRO MOACYR PARAHYBA,SENT DETRAN / PROX AO HOSPITAL ALTINO VENTURA,RUA MAURICIO DE NASSAU,,SENT DETRAN / PROX AO HOSPITAL ALTINO VENTURA,IPUTINGA,,SUBURBIO,ABALROAMENTO TRANSVERSAL,AUTO PASSEIO E CAMINHAO DE PEQUENO PORTE,1,,,,,,1,,,0,,Cruzamento,Bom,Não existe,Perfeito estado,Seca,Perfeito estado,Não existe,Outras,,Dupla,Faixa contínua,,,,,,
2018-10-25,09:41:00,SEM VÍTIMA,FINALIZADA,IPUTINGA,RUA EMILIANO BRAGA,163,AV PROFESSOR MORAES REGO,PRÓX. AO PARAIBANO'S BAR,RUA EMILIANO BRAGA,163,PRÓX. AO PARAIBANO'S BAR,IPUTINGA,,SUBURBIO,ABALROAMENTO TRANSVERSAL,COLISÃO ENTRE AUTOS S/V.,2,,,,,,,,,0,,Longo da via,Bom,Não existe,Não existente,Seca,Perfeito estado,Não existe,Não há placas,,Única,Não existe,,,,,,
2018-10-25,10:25:00,COM VÍTIMA,FINALIZADA,CAXANGÁ,AV CAXANGA,,,EM FRENTE AO TERMINAL INTEGRADO DA CAXANGÁ,AV CAXANGA,,EM FRENTE AO TERMINAL INTEGRADO DA CAXANGÁ,CAXANGÁ,262,CID/SUB,ATROPELAMENTO,,,1,,,1,,,,,1,,Longo da via,Bom,Sem defeito,Perfeito estado,Seca,Perfeito estado,Faixa de pedestre,Outras,,Dupla,Canteiro central,,,,,,
2018-10-25,10:55:00,COM VÍTIMA,FINALIZADA,ENCRUZILHADA,RUA AMARO COUTINHO,255,RUA FERNANDO CESAR,PROX A ESQUINA GRILL / EM FRENTE A DONA COMEDORIA / PRAÇA DOS CAMINHONEIROS,RUA AMARO COUTINHO,255,PROX A ESQUINA GRILL / EM FRENTE A DONA COMEDORIA / PRAÇA DOS CAMINHONEIROS,ENCRUZILHADA,,SUB/CID,ABALROAMENTO TRANSVERSAL,AUTO E MOTO,1,1,,,,,,,,1,,Longo da via,Bom,Não existe,Perfeito estado,Seca,Perfeito estado,Não existe,"Placas ""Pare""",30 km/h,Dupla,Não existe,,,,,,
2018-10-25,11:19:00,SEM VÍTIMA,FINALIZADA,ILHA DO LEITE,RUA DR JOAO ASFORA,4771,AV GOVERNADOR AGAMENON MAGALHAES,CAIXA ECONÔMICA FEDERAL,RUA DR JOAO ASFORA,4771,CAIXA ECONÔMICA FEDERAL,ILHA DO LEITE,,CIDADE,ABALROAMENTO LONGITUDINAL,SEM VITIMAS,1,,,,,,1,,,0,,Longo da via,Bom,Não existe,Perfeito estado,Seca,Perfeito estado,Outros,Outras,,Única,Faixa seccionada,,,,,,
2018-10-25,11:54:00,COM VÍTIMA,FINALIZADA,ESPINHEIRO,AV NORTE,,,EM FRENTE AO CENTRO DA JUVENTUDE,AV NORTE,,EM FRENTE AO CENTRO DA JUVENTUDE,ESPINHEIRO,,SUB/CID,COLISÃO COM CICLISTA,VEÍCULO COLIDIU COM BICICLETA,1,,,1,,,,,,1,,Longo da via,Bom,Com defeito,Perfeito estado,Seca,Perfeito estado,Não existe,R6A e R6B,,Dupla,Canteiro central,,,,,,
2018-10-25,11:54:00,SEM VÍTIMA,CANCELADA,ESPINHEIRO,RUA DA HORA,1406,AV JOAO DE BARROS,ENFRENTE AO POSTO SHELL,RUA DA HORA,1406,ENFRENTE AO POSTO SHELL,ESPINHEIRO,,CID/SUB,COLISÃO,COLISÃO SEM VITIMAS,2,,,,,,,,,0,,,,,,,,,,,,,,,,,,