data,hora,natureza_acidente,situacao,bairro,endereco,numero,detalhe_endereco_acidente,complemento,endereco_cruzamento,numero_cruzamento,referencia_cruzamento,bairro_cruzamento,num_semaforo,sentido_via,tipo,descricao,auto,moto,ciclom,ciclista,pedestre,onibus,caminhao,viatura,outros,vitimas,vitimasfatais,acidente_verificado,tempo_clima,situacao_semaforo,sinalizacao,condicao_via,conservacao_via,ponto_controle,situacao_placa,velocidade_max_via,mao_direcao,divisao_via1,divisao_via2,divisao_via3,,,,
2018-10-25,12:01:00,SEM VÍTIMA,FINALIZADA,BOA VISTA,RUA AURORA,,,AO LADO DO CINEMA SAO LUIZ,RUA AURORA,,AO LADO DO CINEMA SAO LUIZ,BOA VISTA,162,OUTRO,ABALROAMENTO LONGITUDINAL,COLISAO ENTRE AUTO E MOTO S/V,1,1,,,,,,,,0,,Longo da via,Bom,Sem defeito,Perfeito estado,Seca,Perfeito estado,Agente,Outras,40 km/h,Única,Faixa contínua,,,,,,
2018-10-25,12:08:00,SEM VÍTIMA,CANCELADA,AFOGADOS,RUA COSME VIANA,150,RUA PIRAIBA,ANTES DO POSTO SETTA,RUA COSME VIANA,150,ANTES DO POSTO SETTA,AFOGADOS,,CID/SUB,COLISÃO,COLISAO ENTRE DOIS AUTOS S/V,2,,,,,,,,,0,,,,,,,,,,,,,,,,,,
2018-10-25,12:13:00,SEM VÍTIMA,FINALIZADA,BAIRRO DO RECIFE,AV ALFREDO LISBOA,18,,ENFRENTE A CAIXA CULTURAL,AV ALFREDO LISBOA,18,ENFRENTE A CAIXA CULTURAL,BAIRRO DO RECIFE,,OUTRO,ABALROAMENTO LONGITUDINAL,COLISÃO SEM VITIMAS,2,,,,,,,,,0,,Longo da via,Bom,Não existe,Perfeito estado,Seca,Perfeito estado,Faixa de pedestre,Outras,,Única,Faixa seccionada,,,,,,
2018-10-25,12:30:00,COM VÍTIMA,FINALIZADA,BOA VIAGEM,RUA VISCONDE DE JEQUITINHONHA,1656,RUA PROFESSOR MARIO CASTRO,,RUA VISCONDE DE JEQUITINHONHA,1656,,BOA VIAGEM,158,SUB/CID,ABALROAMENTO LONGITUDINAL,COLISAO ENTRE AUTO E MOTO COM DUAS VITIMAS,1,1,,,,,,,,2,,Longo da via,Bom,Sem defeito,Perfeito estado,Seca,Perfeito estado,Faixa de pedestre,R-19,60 km/h,Única,CANAL,,,,,,
2018-10-25,12:37:00,,CANCELADA,ARRUDA,EST VELHA DE AGUA FRIA,,AV PROFESSOR JOSE DOS ANJOS,DNOCS,EST VELHA DE AGUA FRIA,,DNOCS,ARRUDA,,,COLISÃO,COLISÃO COM VITIMA,1,1,,,,,,,,0,,,,,,,,,,,,,,,,,,
2018-10-25,12:41:00,SEM VÍTIMA,FINALIZADA,ARRUDA,AV PROFESSOR JOSE DOS ANJOS,306,RUA CONEGO BARATA,,AV PROFESSOR JOSE DOS ANJOS,306,,ARRUDA,306,SUBURBIO,COLISÃO TRASEIRA,COLISAO ENTRE AUTO E MOTO OFICIAL,1,1,,,,,,,,0,,Longo da via,Bom,Sem defeito,Perfeito estado,Seca,Perfeito estado,Faixa de pedestre,Outras,,Única,Faixa contínua,,,,,,
2018-10-25,13:35:00,SEM VÍTIMA,CANCELADA,CASA AMARELA,RUA PADRE LEMOS,58,,E/F AO ATACAREJO,RUA PADRE LEMOS,58,E/F AO ATACAREJO,CASA AMARELA,,,COLISÃO,COLISAO ENTRE AUTO E CAMINHAO S/V,1,,,,,,1,,,0,,,,,,,,,,,,,,,,,,
2018-10-25,13:39:00,SEM VÍTIMA,FINALIZADA,CASA AMARELA,EST DO ARRAIAL,3460,RUA DA HARMONIA,NA FRENTE DO INSS, PROX. A IGREJA DA HARMONIA,EST DO ARRAIAL,3460,NA FRENTE DO INSS, PROX. A IGREJA DA HARMONIA,CASA AMARELA,,SUBURBIO,COLISÃO TRASEIRA,COLISÃO SEM VITIMAS,1,,,,,1,,,,0,,Longo da via,Bom,Não existe,Perfeito estado,Seca,Perfeito estado,Não existe,Não há placas,40 km/h,Única,Faixa seccionada,,,,
2018-10-25,13:59:00,SEM VÍTIMA,FINALIZADA,BOA VIAGEM,RUA ANTONIO PASSOS,,RUA CAPITAO ZUZINHA,EM RENTE AO COLEGIO ELO,RUA ANTONIO PASSOS,,EM RENTE AO COLEGIO ELO,BOA VIAGEM,,CIDADE,CHOQUE VEÍCULO PARADO,DOIS AUTOS S/V,2,,,,,,,,,0,,Longo da via,Bom,Não existe,Não existente,Seca,Perfeito estado,Não existe,Não há placas,,Dupla,Não existe,,,,,,
2018-10-25,14:03:00,COM VÍTIMA,CANCELADA,SANTO AMARO,RUA COELHO LEITE,,,E/F AO ALMOXARIFADO DA SDS,RUA COELHO LEITE,,E/F AO ALMOXARIFADO DA SDS,SANTO AMARO,,,COLISÃO,COLISAO ENTRE AUTO E MOTO COM VITIMA,1,1,,,,,,,,1,,,,,,,,,,,,,,,,,,
2018-10-25,14:03:00,SEM VÍTIMA,FINALIZADA,IMBIRIBEIRA,AV MARECHAL MASCARENHAS DE MORAES,,,VIADULTO DO AEROPORTO,AV MARECHAL MASCARENHAS DE MORAES,,VIADULTO DO AEROPORTO,IMBIRIBEIRA,,SUBURBIO,ABALROAMENTO LONGITUDINAL,,1,,,,,1,,,,0,,Outros,Bom,Não existe,Perfeito estado,Seca,Perfeito estado,Não existe,Não há placas,,Única,Faixa seccionada,,,,,,
2018-10-25,14:06:00,SEM VÍTIMA,FINALIZADA,SÃO JOSÉ,RUA IMPERIAL,,TRV DO RAPOSO,EM FRENTE CM,RUA IMPERIAL,,EM FRENTE CM,SÃO JOSÉ,510,SUBURBIO,ABALROAMENTO TRANSVERSAL,DOIS AUTOS S/V,2,,,,,,,,,0,,Cruzamento,Bom,Sem defeito,Perfeito estado,Seca,Perfeito estado,Não existe,Não há placas,40 km/h,Única,Não existe,,,,,,
2018-10-25,14:32:00,SEM VÍTIMA,FINALIZADA,TORRÕES,RUA DELMIRO GOUVEIA,,AV ENGENHEIRO ABDIAS DE CARVALHO,YOKI GALETOS,RUA DELMIRO GOUVEIA,,YOKI GALETOS,TORRÕES,,OUTRO,ABALROAMENTO LONGITUDINAL,COLISÃO SEM VITIMA,1,,,,,,1,,,0,,Longo da via,Bom,Não existe,Não existente,Seca,Perfeito estado,Não existe,Não há placas,,Única,Não existe,,,,,,
2018-10-25,15:49:00,SEM VÍTIMA,FINALIZADA,GRAÇAS,RUA DO FUTURO,821,RUA JOSE CLEMENTINO,E/F ARCÁDIA RECEPÇOES,RUA DO FUTURO,821,E/F ARCÁDIA RECEPÇOES,GRAÇAS,,CIDADE,ABALROAMENTO LONGITUDINAL,COLISAO ENTRE DOIS AUTOS S/V,2,,,,,,,,,0,,Longo da via,Bom,Não existe,Perfeito estado,Seca,Perfeito estado,Não existe,Outras,,Única,Faixa seccionada,,,,,,
2018-10-25,17:02:00,SEM VÍTIMA,FINALIZADA,IMBIRIBEIRA,AV MARECHAL MASCARENHAS DE MORAES,,,EM FRENTE AO POSTO IPIRANGA,AV MARECHAL MASCARENHAS DE MORAES,,EM FRENTE AO POSTO IPIRANGA,IMBIRIBEIRA,,CIDADE,COLISÃO TRASEIRA,,2,,,,,,,,,0,,Longo da via,Bom,Não existe,Perfeito estado,Seca,Perfeito estado,Não existe,Outras,60 km/h,Dupla,Canteiro central,,,,,,
2018-10-25,17:30:00,COM VÍTIMA,FINALIZADA,BOA VIAGEM,AV BOA VIAGEM,4820,RUA CORONEL SERGIO HENRIQUE CARDIM,EM FRENTE AO EDIFÍCIO BELLA VISTA,AV BOA VIAGEM,4820,EM FRENTE AO EDIFÍCIO BELLA VISTA,BOA VIAGEM,4,SUB/CID,ABALROAMENTO LONGITUDINAL,COLISÃO COM VITIMA. MOTOCICLISTA AO SOLO , OUTRA PARTE SEGUIU DESTINO IGNORADO,1,1,,,,,,,,1,,Longo da via,Bom,Não existe,Perfeito estado,Seca,Perfeito estado,Não existe,Não há placas,60 km/h,Única,FAIXA,,,,,
2018-10-25,17:46:00,SEM VÍTIMA,CANCELADA,DERBY,RUA DR SEVERINO PINHEIRO,,,AO LADO DO QUARTEL DA PMPE,RUA DR SEVERINO PINHEIRO,,AO LADO DO QUARTEL DA PMPE,DERBY,,,COLISÃO,COLISÃO SEM VITIMAS,2,,,,,,,,,0,,,,,,,,,,,,,,,,,,
2018-10-25,18:01:00,SEM VÍTIMA,FINALIZADA,MADALENA,PRC DA BANDEIRA,,,PRÓXIMO AO SPORT CLUBE SENTIDO BR,PRC DA BANDEIRA,,PRÓXIMO AO SPORT CLUBE SENTIDO BR,MADALENA,,SUBURBIO,ABALROAMENTO LONGITUDINAL,,1,,,,,1,,,,0,,Longo da via,Bom,Não existe,Não existente,Seca,Perfeito estado,Não existe,Outras,,Única,,,,,,,
2018-10-25,18:02:00,COM VÍTIMA,FINALIZADA,TAMARINEIRA,AV NORTE,4014,RUA MARIO BHERING,PROX AGILIZE PROX AO ANTIGO HOTEL VIA NORTE,AV NORTE,4014,PROX AGILIZE PROX AO ANTIGO HOTEL VIA NORTE,TAMARINEIRA,,CID/SUB,COLISÃO COM CICLISTA,ONIBUS PEDROSA X CICLISTA,,,,1,,1,,,,1,,Longo da via,Bom,Não existe,Perfeito estado,Seca,Perfeito estado,Não existe,Não há placas,60 km/h,Dupla,FAIXA,,,,,,
2018-10-25,18:17:00,SEM VÍTIMA,FINALIZADA,BAIRRO DO RECIFE,RUA PRINCESA IZABEL,105,RUA DA UNIAO,EM FRENTE AO MB LANCHES,RUA PRINCESA IZABEL,105,EM FRENTE AO MB LANCHES,BAIRRO DO RECIFE,,CIDADE,COLISÃO TRASEIRA,VAN X ONIBUS GLOBO,,,,,,2,,,,0,,Longo da via,Bom,Não existe,Perfeito estado,Seca,Perfeito estado,Não existe,Não há placas,40 km/h,Única,Faixa seccionada,,,,,,
2018-10-25,18:35:00,COM VÍTIMA,FINALIZADA,IMBIRIBEIRA,AV MARECHAL MASCARENHAS DE MORAES,2671,RUA JATICY,DEPOIS DO GERALDAO,AV MARECHAL MASCARENHAS DE MORAES,2671,DEPOIS DO GERALDAO,IMBIRIBEIRA,289,CID/SUB,ABALROAMENTO TRANSVERSAL,NISSAN MARCH X MOTO,1,1,,,,,,,,1,,Longo da via,Bom,Não existe,Perfeito estado,Seca,Perfeito estado,Não existe,OUTRAS,60 km/h,Dupla,Canteiro central,,,,,,
2018-10-25,19:27:00,SEM VÍTIMA,FINALIZADA,VÁRZEA,RUA CORONEL PACHECO,2017,1 TRV JUSTICA E PAZ,E/F A PRC / PRÓX A GARAGEM DA MOBIBRASIL E DELEGACIA DA VÁRZEA / AO LADO DO TERMINAL,RUA CORONEL PACHECO,2017,E/F A PRC / PRÓX A GARAGEM DA MOBIBRASIL E DELEGACIA DA VÁRZEA / AO LADO DO TERMINAL,VÁRZEA,,CIDADE,ABALROAMENTO LONGITUDINAL,ENTRE ÕNIBUS E AUTO PASSEIO. S/V,1,,,,,1,,,,0,,Longo da via,Bom,Não existe,Ilegível,Seca,Perfeito estado,Não existe,"Placas ""Pare""",,Dupla,Não existe,,,,,,
2018-10-25,20:35:00,SEM VÍTIMA,FINALIZADA,IMBIRIBEIRA,AV GENERAL MAC ARTHUR,,AV MARECHAL MASCARENHAS DE MORAES,AO LADO DO BANCO ITAU,AV GENERAL MAC ARTHUR,,AO LADO DO BANCO ITAU,IMBIRIBEIRA,225,CIDADE,ABALROAMENTO LONGITUDINAL,HB 20 X SAVEIRO,2,,,,,,,,,0,,Cruzamento,Bom,Sem defeito,Ilegível,Seca,Mal iluminada,Não existe,Não há placas,60 km/h,Única,Não existe,,,,,,
2018-10-25,22:06:00,SEM VÍTIMA,CANCELADA,BOA VIAGEM,AV ENGENHEIRO DOMINGOS FERREIRA,683,,E/F A CLINICAL CENTER E IBIS HOTEL, LADO ESQUERDO, SNT PIEDADE,AV ENGENHEIRO DOMINGOS FERREIRA,683,E/F A CLINICAL CENTER E IBIS HOTEL, LADO ESQUERDO, SNT PIEDADE,BOA VIAGEM,,,COLISÃO,ENTRE 2 AUTOS. S/V,2,,,,,,,,,0,,,,,,,,,,,,,,
2018-10-25,22:44:00,SEM VÍTIMA,FINALIZADA,IBURA,RUA RIO XINGU,,RUA FLORES DA CUNHA,NA SUBIDA PROX A CURVA,RUA RIO XINGU,,NA SUBIDA PROX A CURVA,IBURA,,,ABALROAMENTO TRANSVERSAL,VAN X TIPO,,,,,,1,,,,0,,Cruzamento,Bom,Não existe,Incompleta,Seca,Perfeito estado,Não existe,Outras,,Dupla,Não existe,,,,,,
2018-10-25,23:07:00,COM VÍTIMA,FINALIZADA,CASA FORTE,RUA DA HARMONIA,109,RUA CONS NABUCO,PROXIMIDADES DA IGREJA DA HARMONIA / E/F A IGREJA INDEPENDENTE,RUA DA HARMONIA,109,PROXIMIDADES DA IGREJA DA HARMONIA / E/F A IGREJA INDEPENDENTE,CASA FORTE,,SUB/CID,ABALROAMENTO TRANSVERSAL,ENTRE AUTO E MOTO. C/V,1,1,,,,,,,,1,,Cruzamento,Bom,Não existe,,Seca,Perfeito estado,,Outras,,Dupla,Faixa,,,,,,
2018-10-25,23:56:00,SEM VÍTIMA,FINALIZADA,BOMBA DO HEMETÉRIO,RUA DO RIO,745,,POR TRAS DO SEXTAO DA BOMBA DO HEMETERO,RUA DO RIO,745,POR TRAS DO SEXTAO DA BOMBA DO HEMETERO,BOMBA DO HEMETÉRIO,,SUBURBIO,CHOQUE VEÍCULO PARADO,VT POLICA MILITAR X SIENA,1,,,,,,,1,,0,,Longo da via,Bom,Não existe,Não existente,Seca,Mal iluminada,Não existe,Não há placas,,Única,Não existe,,,,,,
2018-10-26,01:20:00,SEM VÍTIMA,CANCELADA,BOMBA DO HEMETÉRIO,RUA DO RIO,479,,PROX DO DUCA DO BAIXO,RUA DO RIO,479,PROX DO DUCA DO BAIXO,BOMBA DO HEMETÉRIO,,,COLISÃO,COLISÃO ENTRE DOIS AUTOS S/V,,,,,,,1,1,,0,,,,,,,,,,,,,,,,,,
2018-10-26,06:07:00,SEM VÍTIMA,FINALIZADA,VÁRZEA,RUA PROFESSOR ANTONIO COELHO,157,RUA AGRICOLANDIA,PROX AO EDIFICIO ANA CATARINA AO LADO DA INTEGRAÇÃO DA CAXANGA,RUA PROFESSOR ANTONIO COELHO,157,PROX AO EDIFICIO ANA CATARINA AO LADO DA INTEGRAÇÃO DA CAXANGA,VÁRZEA,,CIDADE,ABALROAMENTO TRANSVERSAL,COLISÃO SEM VITIMAS,1,1,,,,,,,,0,,Cruzamento,Bom,Sem defeito,Perfeito estado,Seca,Perfeito estado,Outros,Outras,,Dupla,Faixa seccionada,,,,,,
2018-10-26,07:22:00,SEM VÍTIMA,FINALIZADA,ARRUDA,RUA DAS MOCAS,402,,EM FRENTE A EMPRESA EXOMED,RUA DAS MOCAS,402,EM FRENTE A EMPRESA EXOMED,ARRUDA,,SUBURBIO,ABALROAMENTO LONGITUDINAL,DOIS AUTOS,2,,,,,,,,,0,,Longo da via,Bom,Não existe,Perfeito estado,Seca,Perfeito estado,Não existe,Não há placas,,Dupla,Faixa seccionada,,,,,,
2018-10-26,07:53:00,SEM VÍTIMA,FINALIZADA,JARDIM SÃO PAULO,RUA LEANDRO BARRETO,685,AV SAO PAULO,EM FRENTE A FARMACIA DIARIAMENTE,RUA LEANDRO BARRETO,685,EM FRENTE A FARMACIA DIARIAMENTE,JARDIM SÃO PAULO,507,SUBURBIO,ABALROAMENTO LONGITUDINAL,SEM VITIMAS,,,,,,1,1,,,0,,Outros,Bom,Sem defeito,Perfeito estado,Seca,Perfeito estado,Faixa de retenção,Outras,,Dupla,Faixa contínua,,,,,,
2018-10-26,07:59:00,SEM VÍTIMA,FINALIZADA,DERBY,RUA JORNALISTA PAULO BITTENCOURT,21,RUA DA BAIXA VERDE,PROX AO HOSPITAL DA RESTAURAÇÃO EM FRENTE A UM PONTO DE TAXI,RUA JORNALISTA PAULO BITTENCOURT,21,PROX AO HOSPITAL DA RESTAURAÇÃO EM FRENTE A UM PONTO DE TAXI,DERBY,,CIDADE,ABALROAMENTO TRANSVERSAL,COLISÃO SEM VITIMAS,2,,,,,,,,,0,,Longo da via,Bom,Não existe,Incompleta,Seca,Perfeito estado,Não existe,"Placas ""Pare""",,Dupla,Não existe,,,,,,
2018-10-26,07:59:00,SEM VÍTIMA,FINALIZADA,TAMARINEIRA,AV PROFESSOR JOSE DOS ANJOS,1561,,EM FRENTE AO CONJUNTO RESIDENCIAL NORTE,AV PROFESSOR JOSE DOS ANJOS,1561,EM FRENTE AO CONJUNTO RESIDENCIAL NORTE,TAMARINEIRA,,CIDADE,CHOQUE OBJETO FIXO,VEICULO CHOCOU-SE COM UMA ARVORE,1,,,,,,,,,0,,Longo da via,Bom,Não existe,Perfeito estado,Seca,Perfeito estado,Não existe,Outras,50 km/h,Dupla,Canal,,,,,,
2018-10-26,08:11:00,SEM VÍTIMA,FINALIZADA,SANTO AMARO,AV GOVERNADOR AGAMENON MAGALHAES,,,EM FRENTE AO RESIDENCIAL MARIA QUITERIA,AV GOVERNADOR AGAMENON MAGALHAES,,EM FRENTE AO RESIDENCIAL MARIA QUITERIA,SANTO AMARO,,SUBURBIO,ABALROAMENTO LONGITUDINAL,COLISÃO SEM VITIMAS,1,1,,,,,,,,0,,Longo da via,Bom,Não existe,Incompleta,Seca,Mal conservada,Não existe,Não há placas,60 km/h,Dupla,Canteiro central,,,,,,
2018-10-26,08:46:00,SEM VÍTIMA,FINALIZADA,MADALENA,RUA JOAO IVO DA SILVA,,,EMBAIXO DO TUNEL DA ABOLIÇÃO NA FAIXA DA DIREITA,RUA JOAO IVO DA SILVA,,EMBAIXO DO TUNEL DA ABOLIÇÃO NA FAIXA DA DIREITA,MADALENA,,CIDADE,COLISÃO TRASEIRA,SEM VITIMAS,3,,,,,,,,,0,,Longo da via,Bom,Não existe,Incompleta,Seca,Perfeito estado,Não existe,Outras,,Única,Faixa contínua,,,,,,
2018-10-26,08:58:00,SEM VÍTIMA,FINALIZADA,SAN MARTIN,AV ENGENHEIRO ABDIAS DE CARVALHO,819,,LADO OPOSTO A FUSAI,AV ENGENHEIRO ABDIAS DE CARVALHO,819,LADO OPOSTO A FUSAI,SAN MARTIN,,,ABALROAMENTO LONGITUDINAL,COLISÃO SEM VITIMAS VT 18 QTH,2,,,,,,,,,0,,Longo da via,Bom,Não existe,Perfeito estado,Seca,Perfeito estado,Não existe,Não há placas,,Dupla,Canteiro central,,,,,,
2018-10-26,09:04:00,COM VÍTIMA,FINALIZADA,CORDEIRO,AV CAXANGA,,,SENTIDO SUBÚRBIO /CIDADE, EM FRENTE A ACADEMIA DA CIDADE,AV CAXANGA,,SENTIDO SUBÚRBIO /CIDADE, EM FRENTE A ACADEMIA DA CIDADE,CORDEIRO,,SUB/CID,COLISÃO COM CICLISTA,A AGENTE INFORMOU QUE O VEÍCULO EVADIU-SE DO LOCAL, O PÉRITO INFORMOU QUE O IC, NÃO IRIA AO LOCAL,1,,,1,,,,,,1,,Longo da via,Bom,Não existe,Não existente,Seca,Perfeito estado,,R6A,,Única,Faixa seccionada,,
2018-10-26,09:36:00,SEM VÍTIMA,FINALIZADA,TORRÕES,RUA CLAUDIO BROTHERHOOD,1003,,EM FRENTE A GRANJA SUASSUI,RUA CLAUDIO BROTHERHOOD,1003,EM FRENTE A GRANJA SUASSUI,TORRÕES,,OUTRO,ABALROAMENTO TRANSVERSAL,COLISÃO SEM VITIMAS,1,,,,,,1,,,0,,Longo da via,Bom,Não existe,Não existente,Seca,Perfeito estado,Não existe,Não há placas,,Dupla,Não existe,,,,,,
2018-10-26,09:51:00,COM VÍTIMA,FINALIZADA,ILHA JOANA BEZERRA,PTE JOSE DE BARROS LIMA,,,SENTIDO OLINDA,PTE JOSE DE BARROS LIMA,,SENTIDO OLINDA,ILHA JOANA BEZERRA,,,COLISÃO TRASEIRA,A MOTOCICLETA COLIDIU NA TRAZEIRA DO AUTO,1,1,,,,,,,,1,,Ponte,Bom,Não existe,Incompleta,Seca,Mal conservada,Outros,Não há placas,60 km/h,Dupla,Canteiro central,,,,,,
2018-10-26,10:22:00,SEM VÍTIMA,FINALIZADA,BOA VIAGEM,RUA BARAO DE SOUZA LEAO,965,RUA ALMIRANTE TAMANDARE,EM FRENTE A LAVANDERIA NAPOLITANA,RUA BARAO DE SOUZA LEAO,965,EM FRENTE A LAVANDERIA NAPOLITANA,BOA VIAGEM,,SUBURBIO,ABALROAMENTO LONGITUDINAL,DOIS AUTOS,2,,,,,,,,,0,,Longo da via,Bom,Não existe,Perfeito estado,Seca,Perfeito estado,Não existe,Não há placas,,Única,Não existe,,,,,,
2018-10-26,10:42:00,SEM VÍTIMA,FINALIZADA,AFLITOS,AV CONS ROSA E SILVA,632,,EM FRENTE AS LOJAS MODO LAR,AV CONS ROSA E SILVA,632,EM FRENTE AS LOJAS MODO LAR,AFLITOS,46,SUBURBIO,COLISÃO TRASEIRA,DOIS AUTOS,2,,,,,,,,,0,,Longo da via,Bom,Sem defeito,Perfeito estado,Seca,Perfeito estado,Faixa de pedestre,Outras,,Única,Faixa contínua,Faixa seccionada,,,,,
2018-10-26,10:50:00,SEM VÍTIMA,FINALIZADA,SANTO AMARO,AV GOVERNADOR AGAMENON MAGALHAES,,,EM FRENTE AO CIRCULO MILITAR,NO INICIO DO VIADUTO JOÃO DE BARROS,AV GOVERNADOR AGAMENON MAGALHAES,,EM FRENTE AO CIRCULO MILITAR,NO INICIO DO VIADUTO JOÃO DE BARROS,SANTO AMARO,,OUTRO,COLISÃO TRASEIRA,SEM VITIMAS/VEÍCULO SEM CONDIÇOES DE SER REMOVIDO,2,,,,,,,,,0,,Longo da via,Bom,Não existe,Perfeito estado,Seca,Perfeito estado,Não existe,Não há placas,60 km/h,Dupla,Canteiro central,,,,
2018-10-26,10:53:00,SEM VÍTIMA,FINALIZADA,PINA,AV ANTONIO DE GOES,,RUA MANOEL DE BRITO,SOB O SEMÁFORO DE NÚMERO 103,AV ANTONIO DE GOES,,SOB O SEMÁFORO DE NÚMERO 103,PINA,103,CIDADE,ABALROAMENTO LONGITUDINAL,COLISÃO SEM VITIMAS,2,,,,,,,,,0,,Cruzamento,Bom,Sem defeito,Perfeito estado,Seca,Perfeito estado,Agente,Outras,60 km/h,Única,Faixa seccionada,Canteiro central,,,,,
2018-10-26,11:15:00,SEM VÍTIMA,FINALIZADA,ILHA DO RETIRO,RUA SPORT CLUBE DO RECIFE,,,ESTADIO ILHA DO RETIRO,RUA SPORT CLUBE DO RECIFE,,ESTADIO ILHA DO RETIRO,ILHA DO RETIRO,367,SUBURBIO,COLISÃO TRASEIRA,COLISÃO SEM VITIMAS,,2,,,,,,,,0,,Longo da via,Bom,Sem defeito,Perfeito estado,Seca,Perfeito estado,Agente,Outras,,Dupla,Canteiro central,,,,,,
2018-10-26,11:38:00,COM VÍTIMA,FINALIZADA,CAXANGÁ,AV CAXANGA,,,EM FRENTE AO HOSPITAL BARÃO DE LUCENA.,AV CAXANGA,,EM FRENTE AO HOSPITAL BARÃO DE LUCENA.,CAXANGÁ,,CID/SUB,ATROPELAMENTO,VITIMA AESPERA DO SAMU,,,,,1,1,,,,1,,Viaduto,Bom,Não existe,Não existente,Seca,Perfeito estado,Não existe,Não há placas,,Dupla,Canteiro central,,,,,,
2018-10-26,11:40:00,SEM VÍTIMA,FINALIZADA,BOA VIAGEM,RUA CAPITAO ZUZINHA,286,RUA JOSE DOMINGUES DA SILVA,EM FRENTE AO EDF SANTOS DUMONT,RUA CAPITAO ZUZINHA,286,EM FRENTE AO EDF SANTOS DUMONT,BOA VIAGEM,420,SUBURBIO,COLISÃO TRASEIRA,SEM VITIMA,1,,,,,1,,,,0,,Longo da via,Bom,Não existe,Perfeito estado,Seca,Perfeito estado,Não existe,Não há placas,60 km/h,Única,Outros,,,,,,
2018-10-26,12:20:00,SEM VÍTIMA,FINALIZADA,MANGUEIRA,AV CENTRAL,,,EM BAIXO DO PONTILHAO, PROX. A ESTAÇAO DA MANGUEIRA,AV CENTRAL,,EM BAIXO DO PONTILHAO, PROX. A ESTAÇAO DA MANGUEIRA,MANGUEIRA,,,COLISÃO,DOIS AUTOS S/V,2,,,,,,,,,0,,,,,,,,,,,,,,,,
2018-10-26,12:24:00,SEM VÍTIMA,FINALIZADA,BOA VIAGEM,RUA MARQUES DE VALENCA,666,RUA DR GASPAR REGUEIRA COSTA,EM FRENTE A OFICINA BAR,RUA MARQUES DE VALENCA,666,EM FRENTE A OFICINA BAR,BOA VIAGEM,,SUBURBIO,ABALROAMENTO LONGITUDINAL,DOIS AUTOS,2,,,,,,,,,0,,Longo da via,Bom,Não existe,Não existente,Seca,Perfeito estado,Não existe,Não há placas,,Dupla,Não existe,,,,,,
2018-10-26,12:28:00,SEM VÍTIMA,FINALIZADA,DERBY,AV GOVERNADOR AGAMENON MAGALHAES,3855,,EM FRENTE AO MAPFRE // SENTIDO OLINDA,AV GOVERNADOR AGAMENON MAGALHAES,3855,EM FRENTE AO MAPFRE // SENTIDO OLINDA,DERBY,,SUBURBIO,COLISÃO TRASEIRA,ENTRE AUTOS S/V.,2,,,,,,,,,0,,Longo da via,Bom,Sem defeito,Perfeito estado,Seca,Perfeito estado,Não existe,Não há placas,,Dupla,Faixa seccionada,Canteiro central,,,,,
2018-10-26,12:30:00,SEM VÍTIMA,FINALIZADA,COELHOS,RUA PADRE VENANCIO,,RUA DOS COELHOS,AO LADO DO HOSPITAL IMIP,RUA PADRE VENANCIO,,AO LADO DO HOSPITAL IMIP,COELHOS,,SUBURBIO,ABALROAMENTO TRANSVERSAL,AUTO E MOTO C/V,1,1,,,,,,,,0,,Cruzamento,Bom,Não existe,Incompleta,Seca,Perfeito estado,Não existe,Não há placas,,Dupla,Não existe,,,,,,