data,hora,natureza_acidente,situacao,bairro,endereco,numero,detalhe_endereco_acidente,complemento,endereco_cruzamento,numero_cruzamento,referencia_cruzamento,bairro_cruzamento,num_semaforo,sentido_via,tipo,descricao,auto,moto,ciclom,ciclista,pedestre,onibus,caminhao,viatura,outros,vitimas,vitimasfatais,acidente_verificado,tempo_clima,situacao_semaforo,sinalizacao,condicao_via,conservacao_via,ponto_controle,situacao_placa,velocidade_max_via,mao_direcao,divisao_via1,divisao_via2,divisao_via3,,,,
2018-10-29,22:17:00,SEM VÍTIMA,FINALIZADA,TORRE,RUA PADRE ANCHIETA,,RUA DAVINO PONTUAL,E/F A CASA DE FESTA DI BRANCO / PRÓX A LIVRARIA BOA VISTA E EDF RIO MAUÉS,RUA PADRE ANCHIETA,,E/F A CASA DE FESTA DI BRANCO / PRÓX A LIVRARIA BOA VISTA E EDF RIO MAUÉS,TORRE,,,COLISÃO,ENTRE 2 AUTOS. S/V,2,,,,,,,,,0,,,,,,,,,,,,,,,,,,
2018-10-30,01:40:00,SEM VÍTIMA,FINALIZADA,CAXANGÁ,AV CAXANGA,,AV AFONSO OLINDENSE,E/F AO TI DA CAXANGÁ E AO LADO DO POSTO SHELL,AV CAXANGA,,E/F AO TI DA CAXANGÁ E AO LADO DO POSTO SHELL,CAXANGÁ,,,COLISÃO,ENTRE 2 AUTOS. S/V,2,,,,,,,,,0,,,,,,,,,,,,,,,,,,
2018-10-30,06:52:00,COM VÍTIMA,FINALIZADA,SANTO AMARO,RUA DA AURORA,,AV NORTE,PONTE DO LIMOEIRO,RUA DA AURORA,,PONTE DO LIMOEIRO,SANTO AMARO,243,SUB/CID,ABALROAMENTO TRANSVERSAL,DOIS AUTOS - SENDO UMA VIATURA DE POLÍCIA DO MODELO GM SPIN POLÍCIA MILITAR,1,,,,,,,1,,3,,Cruzamento,Bom,Sem defeito,Perfeito estado,Seca,Perfeito estado,Faixa de pedestre,Não há placas,,Única,Canteiro central,,,,,,
2018-10-30,07:05:00,SEM VÍTIMA,FINALIZADA,IPSEP,AV RECIFE,3068,,EM FRENTE AO SUPERMERCADO ECONOMICO,AV RECIFE,3068,EM FRENTE AO SUPERMERCADO ECONOMICO,IPSEP,,,COLISÃO,DOIS AUTOS,2,,,,,,,,,0,,,,,,,,,,,,,,,,,,
2018-10-30,07:38:00,SEM VÍTIMA,FINALIZADA,ESTÂNCIA,AV RECIFE,,,PROX AO SUPERMERCADO WALMART EM FRENTE AO CONJUNTO IGNEZ ANDREAZZA,AV RECIFE,,PROX AO SUPERMERCADO WALMART EM FRENTE AO CONJUNTO IGNEZ ANDREAZZA,ESTÂNCIA,,BOA VIAGEM,COLISÃO,COLISÃO SEM VITIMAS,2,,,,,,,,,0,,,,,,,,,,,,,,,,,,
2018-10-30,07:54:00,SEM VÍTIMA,FINALIZADA,CASA AMARELA,AV NORTE,,AV PROFESSOR JOSE DOS ANJOS,EM FRENTE AO SESC,AV NORTE,,EM FRENTE AO SESC,CASA AMARELA,364,SUBÚRBIO,COLISÃO TRASEIRA,TRES AUTOS JORGE BARROS E PARAISO NO QTH PONTO FIXO,3,,,,,,,,,0,,Longo da via,Bom,Sem defeito,Perfeito estado,Seca,Perfeito estado,Agente,,,Dupla,Faixa contínua,Canteiro central,,,,,
2018-10-30,08:20:00,SEM VÍTIMA,FINALIZADA,ILHA DO RETIRO,RUA PADRE TEOFILO TWORZ,,RUA COSME VIANA,EM FRENTE A TUPAM, SENTIDO AFOGADOS,RUA PADRE TEOFILO TWORZ,,EM FRENTE A TUPAM, SENTIDO AFOGADOS,ILHA DO RETIRO,,,COLISÃO,AUTO E MOTO S/V,1,1,,,,,,,,0,,,,,,,,,,,,,,,,
2018-10-30,08:21:00,SEM VÍTIMA,FINALIZADA,ILHA DO RETIRO,RUA SPORT CLUBE DO RECIFE,,,EM FRENTE A LOJA DO SPORT CLUBE DO RECIFE,RUA SPORT CLUBE DO RECIFE,,EM FRENTE A LOJA DO SPORT CLUBE DO RECIFE,ILHA DO RETIRO,367,CIDADE,COLISÃO,COLISÃO SEM VITIMAS,1,1,,,,,,,,0,,,,,,,,,,,,,,,,,,
2018-10-30,08:53:00,SEM VÍTIMA,FINALIZADA,AFOGADOS,RUA JOAQUIM DE VASCONCELOS PEREIRA,,RUA SAO MIGUEL,E/F A ORAL SAÚDE,RUA JOAQUIM DE VASCONCELOS PEREIRA,,E/F A ORAL SAÚDE,AFOGADOS,132,,COLISÃO,SEM VÍTIMAS,1,,,,,1,,,,0,,,,,,,,,,,,,,,,,,
2018-10-30,08:53:00,SEM VÍTIMA,CANCELADA,BOA VIAGEM,AV ARMINDO MOURA,,RUA COSMORAMA,SENT PRAIA / INICIO DA VILA MILITAR,AV ARMINDO MOURA,,SENT PRAIA / INICIO DA VILA MILITAR,BOA VIAGEM,441,,COLISÃO,CAMINHAO E AUTO,1,,,,,,1,,,0,,,,,,,,,,,,,,,,,,
2018-10-30,09:04:00,SEM VÍTIMA,FINALIZADA,BOA VIAGEM,RUA JOSE DOMINGUES DA SILVA,116,,EM FRENTE AO EDF VIA SPAZIO,RUA JOSE DOMINGUES DA SILVA,116,EM FRENTE AO EDF VIA SPAZIO,BOA VIAGEM,,,COLISÃO,,2,,,,,,,,,0,,,,,,,,,,,,,,,,,,
2018-10-30,09:07:00,SEM VÍTIMA,FINALIZADA,BOA VIAGEM,RUA BRUNO VELOSO,,AV FERNANDO SIMOES BARBOSA,NA SAIDA DO SHOPPING CENTER RECIFE EM FRENTE AO POSTO POLICIAL DO 19, BATALHÃO,RUA BRUNO VELOSO,,NA SAIDA DO SHOPPING CENTER RECIFE EM FRENTE AO POSTO POLICIAL DO 19, BATALHÃO,BOA VIAGEM,,,COLISÃO,COLISÃO SEM VITIMAS,1,1,,,,,,,,0,,,,,,,,,,,,,,,,
2018-10-30,09:13:00,SEM VÍTIMA,FINALIZADA,DERBY,PRC DO DERBY,,RUA FELICIANO GOMES,PROX AO BANCO BRADESCO / PONTO DE TAXI,PRC DO DERBY,,PROX AO BANCO BRADESCO / PONTO DE TAXI,DERBY,,,COLISÃO,DOIS AUTOS,2,,,,,,,,,0,,,,,,,,,,,,,,,,,,
2018-10-30,09:42:00,SEM VÍTIMA,FINALIZADA,GRAÇAS,AV RUI BARBOSA,735,,EM FRENTE AO COLEGIO AGNES,AV RUI BARBOSA,735,EM FRENTE AO COLEGIO AGNES,GRAÇAS,,,COLISÃO,DOIS AUTOS S/V,2,,,,,,,,,0,,,,,,,,,,,,,,,,,,
2018-10-30,09:46:00,SEM VÍTIMA,FINALIZADA,SANTO AMARO,RUA COELHO LEITE,393,,E/F AO GALPÃO NÚMERO NÃO INFORMADO.,RUA COELHO LEITE,393,E/F AO GALPÃO NÚMERO NÃO INFORMADO.,SANTO AMARO,,,COLISÃO,SEM VÍTIMAS,1,,,,,,1,,,0,,,,,,,,,,,,,,,,,,
2018-10-30,10:10:00,SEM VÍTIMA,FINALIZADA,AREIAS,AV TAPAJOS,419,,EM FRENTE A ESCOLA MUNICIPAL GOVERNADOR MIGUEL ARRAES DE ALENCAR,AV TAPAJOS,419,EM FRENTE A ESCOLA MUNICIPAL GOVERNADOR MIGUEL ARRAES DE ALENCAR,AREIAS,,,COLISÃO,COLISÃO SEM VITIMAS,1,,,,,,1,,,0,,,,,,,,,,,,,,,,,,
2018-10-30,10:30:00,SEM VÍTIMA,FINALIZADA,BOA VIAGEM,RUA RIBEIRO DE BRITO,1250,RUA JONATHAS DE VASCONCELOS,EM FRENTE AO HOTEL NACIONAL,RUA RIBEIRO DE BRITO,1250,EM FRENTE AO HOTEL NACIONAL,BOA VIAGEM,,,COLISÃO,DOIS AUTOS S/V,2,,,,,,,,,0,,,,,,,,,,,,,,,,,,
2018-10-30,11:13:00,COM VÍTIMA,FINALIZADA,IMBIRIBEIRA,AV MARECHAL MASCARENHAS DE MORAES,4896,,PROX AO POSTO DE GASOLINA SHELL , TOLENTINO ENGENHARIA,AV MARECHAL MASCARENHAS DE MORAES,4896,PROX AO POSTO DE GASOLINA SHELL , TOLENTINO ENGENHARIA,IMBIRIBEIRA,,CID/SUB,COLISÃO TRASEIRA,COLISÃO COM VITIMA GM QTH,2,,,,,,,,,2,,Longo da via,Bom,Sem defeito,Perfeito estado,Seca,Perfeito estado,Faixa de pedestre,Não há placas,60 km/h,Dupla,Canteiro central,,,,
2018-10-30,11:37:00,SEM VÍTIMA,FINALIZADA,SÃO JOSÉ,RUA IMPERIAL,1006,TRV DO RAPOSO,E/F A CM,RUA IMPERIAL,1006,E/F A CM,SÃO JOSÉ,510,,COLISÃO,SEM VÍTIMAS,1,1,,,,,,,,0,,,,,,,,,,,,,,,,,,
2018-10-30,11:50:00,SEM VÍTIMA,FINALIZADA,ESPINHEIRO,RUA BARAO DE ITAMARACA,430,RUA RUI CALACA,PROX. A CULTURA INGLESA,RUA BARAO DE ITAMARACA,430,PROX. A CULTURA INGLESA,ESPINHEIRO,,,COLISÃO,DOIS AUTOS S/V,2,,,,,,,,,0,,,,,,,,,,,,,,,,,,
2018-10-30,12:26:00,SEM VÍTIMA,FINALIZADA,BOA VIAGEM,RUA DOS NAVEGANTES,1353,,EM FRENTE AO EDIFÍCIO DOM AFONSO HENRIQUE,RUA DOS NAVEGANTES,1353,EM FRENTE AO EDIFÍCIO DOM AFONSO HENRIQUE,BOA VIAGEM,,,COLISÃO,COLISÃO ENTRE AUTOS S/V - VT 32 NO QTH,1,1,,,,,,,,0,,,,,,,,,,,,,,,,,,
2018-10-30,12:28:00,SEM VÍTIMA,FINALIZADA,BOA VISTA,RUA DOM BOSCO,1040,,APOS O QUARTEL DA RP,RUA DOM BOSCO,1040,APOS O QUARTEL DA RP,BOA VISTA,,,COLISÃO,AUTO E ONIBUS ,1,,,,,1,,,,0,,,,,,,,,,,,,,,,,,
2018-10-30,12:44:00,SEM VÍTIMA,CANCELADA,CORDEIRO,RUA MAJOR QUINTEIRO,97,RUA RIBEIRO ROMA,PRÓX À EDUCANDÁRIO MARIA IMACULADA,RUA MAJOR QUINTEIRO,97,PRÓX À EDUCANDÁRIO MARIA IMACULADA,CORDEIRO,,,COLISÃO,ENTRE AUTOS S/V.,2,,,,,,,,,0,,,,,,,,,,,,,,,,,,
2018-10-30,12:46:00,COM VÍTIMA,FINALIZADA,TAMARINEIRA,EST VELHA DE AGUA FRIA,,AV PROFESSOR JOSE DOS ANJOS,E/F AO DNOCS,EST VELHA DE AGUA FRIA,,E/F AO DNOCS,TAMARINEIRA,306,CID/SUB,ABALROAMENTO LONGITUDINAL,COLISAO ENTRE AUTO E MOTO COM UMA VITIMA,1,1,,,,,,,,1,,Cruzamento,Bom,Sem defeito,Perfeito estado,Seca,Perfeito estado,,Não há placas,,Dupla,Canteiro central,,,,,,
2018-10-30,13:08:00,COM VÍTIMA,FINALIZADA,MADALENA,AV VISCONDE DE ALBUQUERQUE,,RUA BENFICA,EM FRENTE AO BOMPREÇO,AV VISCONDE DE ALBUQUERQUE,,EM FRENTE AO BOMPREÇO,MADALENA,51,CID/SUB,COLISÃO,CARROÇA TRANSITAVA NA FAIXA DE ONIBUS, QUANDO UM ONIBUS VEIO, E COLIDIU NA CARROÇA, ELA GIROU ATINGIDO UMA AMBULANCIA QUE ESTAVA PARADA.,,,,,,1,,1,1,1,,Longo da via,Bom,Sem defeito,Perfeito estado,Seca,Perfeito estado,Faixa de pedestre,,,Única,,,,
2018-10-30,13:33:00,SEM VÍTIMA,CANCELADA,BOA VIAGEM,AV ENGENHEIRO DOMINGOS FERREIRA,3814,,EM FRENTE AO LAÇA BURGUER, E A DROGASIL,AV ENGENHEIRO DOMINGOS FERREIRA,3814,EM FRENTE AO LAÇA BURGUER, E A DROGASIL,BOA VIAGEM,,,COLISÃO,DOIS AUTOS S/V,2,,,,,,,,,0,,,,,,,,,,,,,,,,
2018-10-30,13:40:00,SEM VÍTIMA,FINALIZADA,GRAÇAS,RUA DO FUTURO,375,RUA TEIXEIRA PINTO,AO LADO DA PADARIA TRIGOS MASSAS FINAS,RUA DO FUTURO,375,AO LADO DA PADARIA TRIGOS MASSAS FINAS,GRAÇAS,,,COLISÃO,DOIS AUTOS S/V,2,,,,,,,,,0,,,,,,,,,,,,,,,,,,
2018-10-30,13:52:00,SEM VÍTIMA,FINALIZADA,SANTO AMARO,AV GOVERNADOR AGAMENON MAGALHAES,,,NO VIADUTO DO TACARUNA S/T OLINDA,AV GOVERNADOR AGAMENON MAGALHAES,,NO VIADUTO DO TACARUNA S/T OLINDA,SANTO AMARO,,,ENGAVETAMENTO,ENGAVETAMENTO COM QUATRO AUTOS S/V,4,,,,,,,,,0,,,,,,,,,,,,,,,,,,
2018-10-26,13:30:00,COM VÍTIMA,FINALIZADA,ROSARINHO,AV NORTE,,AV JOAO DE BARROS,,AV NORTE,,,ROSARINHO,43,CID/SUB,COLISÃO COM CICLISTA,COLISÃO ENTRE DOIS CAMINHÕES E UM CICLISTA.,,,,1,,,2,,,1,,Longo da via,Bom,Sem defeito,Perfeito estado,Seca,Perfeito estado,Agente,,,Dupla,Canteiro central,,,,,,
2018-10-30,14:01:00,SEM VÍTIMA,CANCELADA,BOA VIAGEM,RUA ERNESTO DE PAULA SANTOS,,RUA AMALIA BERNARDINO DE SOUZA,ENTRE O POSTO PETROBRAS E A FACULDADE MAURICIO DE NASSAU,RUA ERNESTO DE PAULA SANTOS,,ENTRE O POSTO PETROBRAS E A FACULDADE MAURICIO DE NASSAU,BOA VIAGEM,,CID/SUB,COLISÃO,COLISAO ENTRE TRES AUTO S/V,3,,,,,,,,,0,,,,,,,,,,,,,,,,,,
2018-10-30,15:02:00,SEM VÍTIMA,FINALIZADA,CABANGA,RUA BITURI,291,,PRÓX. À COMPESA E À WAY LOCADORA DE VEÍCULOS.,RUA BITURI,291,PRÓX. À COMPESA E À WAY LOCADORA DE VEÍCULOS.,CABANGA,,,COLISÃO,ENTRE AUTO E ÔNIBUS S/V.,1,,,,,1,,,,0,,,,,,,,,,,,,,,,,,
2018-10-30,15:34:00,SEM VÍTIMA,FINALIZADA,CASA FORTE,AV DEZESSETE DE AGOSTO,,,EM FRENTE AO CPOR E AO IBAMA,AV DEZESSETE DE AGOSTO,,EM FRENTE AO CPOR E AO IBAMA,CASA FORTE,389,CIDADE,COLISÃO TRASEIRA,ENTRE AUTOS S/V.,3,,,,,,,,,0,,Longo da via,Bom,Sem defeito,Perfeito estado,Seca,Perfeito estado,Faixa de pedestre,Outras,,Dupla,Faixa seccionada,,,,,,
2018-10-30,16:26:00,SEM VÍTIMA,FINALIZADA,SÃO JOSÉ,C SANTA RITA,,,PRÓX À AGEMAR - ARMAZEM 18,C SANTA RITA,,PRÓX À AGEMAR - ARMAZEM 18,SÃO JOSÉ,,SUB/CID,COLISÃO,SEM VÍTIMAS,,1,,,,,1,,,0,,,,,,,,,,,,,,,,,,
2018-10-30,16:30:00,SEM VÍTIMA,FINALIZADA,PINA,AV CONSUL JOSEPH NOUJAIM,,,ACESSO AO SHOPPING RIOMAR NA RUA DO ATACADO DA CONSTRUÇÃO,AV CONSUL JOSEPH NOUJAIM,,ACESSO AO SHOPPING RIOMAR NA RUA DO ATACADO DA CONSTRUÇÃO,PINA,,,COLISÃO,VARIOS VEICULOS ESTACIONADOS E LOCAL PROIBIDO,1,,,,,1,,,,0,,,,,,,,,,,,,,,,,,
2018-10-30,17:21:00,COM VÍTIMA,FINALIZADA,SANTO AMARO,AV GOVERNADOR AGAMENON MAGALHAES,,,UNICORDIS, ANTES DO SEMÁFORO 378,AV GOVERNADOR AGAMENON MAGALHAES,,UNICORDIS, ANTES DO SEMÁFORO 378,SANTO AMARO,,CID/SUB,ACID. DE PERCURSO,MOTOQUEIRO FOI ATINGIDO POR LINHA DE PIPA,,1,,,,,,,,1,,Longo da via,Bom,Sem defeito,Perfeito estado,Seca,Perfeito estado,Não existe,Não há placas,60 km/h,Única,Canteiro central,,,,
2018-10-30,17:57:00,SEM VÍTIMA,CANCELADA,JARDIM SÃO PAULO,AV PIRACICABA,,,E/F AO DEPÓSITO DA LARANJA / PRÓX AO POSTO USF PLANETA DOS MACACOS ll,AV PIRACICABA,,E/F AO DEPÓSITO DA LARANJA / PRÓX AO POSTO USF PLANETA DOS MACACOS ll,JARDIM SÃO PAULO,,,COLISÃO,ENTRE ÕNIBUS E MICRO ÕNIBUS. S/V,,,,,,2,,,,0,,,,,,,,,,,,,,,,,,
2018-10-30,18:23:00,COM VÍTIMA,FINALIZADA,CAMPO GRANDE,RUA FRANKLIN TAVORA,650,RUA OLIVEIRA FONSECA,E/F AO EDF CORINTHIOS, COLÉGIO MARIO MELO,RUA FRANKLIN TAVORA,650,E/F AO EDF CORINTHIOS, COLÉGIO MARIO MELO,CAMPO GRANDE,,,ABALROAMENTO TRANSVERSAL,ENTRE AUTO E MOTO. C/V,1,1,,,,,,,,1,,Cruzamento,Bom,Não existe,Não existente,Seca,Perfeito estado,,Não há placas,,Dupla,FAIXA,,,,
2018-10-30,18:28:00,SEM VÍTIMA,FINALIZADA,BARRO,RUA ANDRE DIAS FIGUEREDO,,AV DR JOSE RUFINO,AO LADO DO POSTO IMPERIO // PARK SOCIETY,RUA ANDRE DIAS FIGUEREDO,,AO LADO DO POSTO IMPERIO // PARK SOCIETY,BARRO,,,COLISÃO,GRANDE SIENA X FIAT UNO,2,,,,,,,,,0,,,,,,,,,,,,,,,,,,
2018-10-30,20:54:00,SEM VÍTIMA,FINALIZADA,BOA VIAGEM,RUA ERNESTO DE PAULA SANTOS,,RUA TENENTE DOMINGOS DE BRITO,AO LADO DO POSTO SETTA,RUA ERNESTO DE PAULA SANTOS,,AO LADO DO POSTO SETTA,BOA VIAGEM,330,,COLISÃO,ENTRE 2 AUTOS. S/V,2,,,,,,,,,0,,,,,,,,,,,,,,,,,,
2018-10-31,07:36:00,COM VÍTIMA,FINALIZADA,MADALENA,RUA REAL DA TORRE,1121,RUA BENFICA,TUNÉL DA ABOLIÇÃO,RUA REAL DA TORRE,1121,TUNÉL DA ABOLIÇÃO,MADALENA,257,,ABALROAMENTO LONGITUDINAL,COLISÃO COM VITIMA,,1,,,,1,,,,2,,Longo da via,Bom,Sem defeito,Perfeito estado,Seca,Perfeito estado,Faixa de pedestre,Outras,,Dupla,Faixa contínua,,,,,,
2018-10-31,07:58:00,SEM VÍTIMA,FINALIZADA,IMBIRIBEIRA,RUA ARQUITETO LUIZ NUNES,1246,,EM FRENTE A ANTIGA VIVO,RUA ARQUITETO LUIZ NUNES,1246,EM FRENTE A ANTIGA VIVO,IMBIRIBEIRA,,SUB/CID,COLISÃO,SEM VITIMAS,2,,,,,,,,,0,,,,,,,,,,,,,,,,,,
2018-10-31,08:16:00,SEM VÍTIMA,FINALIZADA,IPSEP,RUA JEAN EMILE FAVRE,70,RUA IZABEL DE SOUZA,ESQ DA OFICINA ORIGINAL AUTO CENTER,RUA JEAN EMILE FAVRE,70,ESQ DA OFICINA ORIGINAL AUTO CENTER,IPSEP,,,COLISÃO,DOIS AUTOS,2,,,,,,,,,0,,,,,,,,,,,,,,,,,,
2018-10-31,08:24:00,SEM VÍTIMA,FINALIZADA,ILHA DO RETIRO,RUA SPORT CLUBE DO RECIFE,,,EM FRENTE A LOJA DO SPORT,RUA SPORT CLUBE DO RECIFE,,EM FRENTE A LOJA DO SPORT,ILHA DO RETIRO,,SUB/CID,COLISÃO,SEM VITIMAS,1,,,,,,1,,,0,,,,,,,,,,,,,,,,,,
2018-10-31,08:45:00,SEM VÍTIMA,FINALIZADA,SANTO AMARO,AV GOVERNADOR AGAMENON MAGALHAES,,,EM FRENTE AO UNICORDIS,AV GOVERNADOR AGAMENON MAGALHAES,,EM FRENTE AO UNICORDIS,SANTO AMARO,,SUB/CID,COLISÃO,SEM VITIMAS,1,,,,,1,,,,0,,,,,,,,,,,,,,,,,,
2018-10-31,08:50:00,SEM VÍTIMA,FINALIZADA,IMBIRIBEIRA,AV MARECHAL MASCARENHAS DE MORAES,,RUA PINTOR LULA CARDOSO AYRES,NO TREVO AO LADO DA ENTRADA DA RUA PINTOR LULA CARDOSO AYRES,AV MARECHAL MASCARENHAS DE MORAES,,NO TREVO AO LADO DA ENTRADA DA RUA PINTOR LULA CARDOSO AYRES,IMBIRIBEIRA,,CID/SUB,COLISÃO,SEM VITIMAS,2,,,,,,,,,0,,,,,,,,,,,,,,,,,,
2018-10-31,09:10:00,SEM VÍTIMA,FINALIZADA,BOA VIAGEM,AV BOA VIAGEM,,,E/F AO PARQUE DONA LINDU, NO LADO DIREITO DA VIA.,AV BOA VIAGEM,,E/F AO PARQUE DONA LINDU, NO LADO DIREITO DA VIA.,BOA VIAGEM,,,COLISÃO,SEM VÍTIMAS,2,,,,,,,,,0,,,,,,,,,,,,,,,,
2018-10-31,09:18:00,SEM VÍTIMA,FINALIZADA,MADALENA,RUA BENFICA,1150,RUA REAL DA TORRE,EM FRENTE AO MUSEU, E AO BANCO BRADESCO,RUA BENFICA,1150,EM FRENTE AO MUSEU, E AO BANCO BRADESCO,MADALENA,257,SUB/CID,COLISÃO,ENTRE DOIS AUTOS S/V,2,,,,,,,,,0,,,,,,,,,,,,,,,,
2018-10-31,09:30:00,SEM VÍTIMA,FINALIZADA,BAIRRO DO RECIFE,AV MILITAR,545,,EM FRENTE AO POSTO BR,AV MILITAR,545,EM FRENTE AO POSTO BR,BAIRRO DO RECIFE,,,COLISÃO,TRES AUTOS,3,,,,,,,,,0,,,,,,,,,,,,,,,,,,
2018-10-31,09:34:00,SEM VÍTIMA,FINALIZADA,TORRE,RUA REAL DA TORRE,,,EM FRENTE AO ATACADO DOS PRESENTES. SENTIDO TORRE,RUA REAL DA TORRE,,EM FRENTE AO ATACADO DOS PRESENTES. SENTIDO TORRE,TORRE,,,COLISÃO,,1,,,,,,1,,,0,,,,,,,,,,,,,,,,,,
2018-10-31,09:35:00,COM VÍTIMA,FINALIZADA,PINA,AVENIDA CELSO FURTADO (VIA MANGUE),,,POR TRAS DO AEROCLUBE, SENTIDO RIOMAR,AVENIDA CELSO FURTADO (VIA MANGUE),,POR TRAS DO AEROCLUBE, SENTIDO RIOMAR,PINA,,,COLISÃO,AUTO E MOTO C/V,1,1,,,,,,,,1,,,,,,,,,,,,,,,,
2018-10-31,10:47:00,SEM VÍTIMA,FINALIZADA,IBURA,RUA JATI,7,AV SANTOS,AO LADO DO COLEGIO MUNICIPAL CRISTIANO CORDEIRO,RUA JATI,7,AO LADO DO COLEGIO MUNICIPAL CRISTIANO CORDEIRO,IBURA,,CID/SUB,COLISÃO,COLISÃO ENTRE UM TAXI E UM ONIBUS SEGUIDA DE UM CHOQUE COM UM POSTE DE ALTA TENSÃO,CELPE NO LOCAL,SEM VITIMA,1,,,,,1,,,,0,,,,,,,,,,,,,,,,
2018-10-31,11:50:00,SEM VÍTIMA,FINALIZADA,CORDEIRO,AV CAXANGA,,,EM FRENTE AO TI CAXANGA,AV CAXANGA,,EM FRENTE AO TI CAXANGA,CORDEIRO,80,CID/SUB,ENGAVETAMENTO,TRES AUTOS PASSEIO E UMA VT DA PM,3,,,,,,,1,,0,,,,,,,,,,,,,,,,,,
2018-10-31,11:55:00,SEM VÍTIMA,FINALIZADA,BOA VIAGEM,RUA RIBEIRO DE BRITO,,RUA VISCONDE DE JEQUITINHONHA,EM FRENTE A A PADARIA RIO TEJU,RUA RIBEIRO DE BRITO,,EM FRENTE A A PADARIA RIO TEJU,BOA VIAGEM,298,,COLISÃO,SEM VITIMAS,CTTU NO LOCAL,2,,,,,,,,,0,,,,,,,,,,,,,,,,,
2018-10-31,11:57:00,SEM VÍTIMA,FINALIZADA,ILHA DO LEITE,AV GOVERNADOR AGAMENON MAGALHAES,4779,,E/F A O PRESARIAL ISAAC NEWTON,AV GOVERNADOR AGAMENON MAGALHAES,4779,E/F A O PRESARIAL ISAAC NEWTON,ILHA DO LEITE,,,ACID. DE PERCURSO,PLACA DE SINALIZAÇAO CAIU SOBRE VEICULO NA VIA,1,,,,,,,,,0,,,,,,,,,,,,,,,,,,
2018-10-31,12:00:00,SEM VÍTIMA,FINALIZADA,BAIRRO DO RECIFE,RUA SIQUEIRA CAMPOS,45,AV MARTINS DE BARROS,EM FRENTE AO SANTADER,RUA SIQUEIRA CAMPOS,45,EM FRENTE AO SANTADER,BAIRRO DO RECIFE,,,COLISÃO,ENTRE AUTO E ONIBUS ,1,,,,,1,,,,0,,,,,,,,,,,,,,,,,,
2018-10-31,12:13:00,COM VÍTIMA,FINALIZADA,AFOGADOS,RUA SAO MIGUEL,685,,PROX A IGREJA BATISTA E/F AO COLEGIO PAN AMERICANO,RUA SAO MIGUEL,685,PROX A IGREJA BATISTA E/F AO COLEGIO PAN AMERICANO,AFOGADOS,391,CID/SUB,ABALROAMENTO LONGITUDINAL,COLISAO ENTRE AUTO E MOTO COM UMA VITIMA,1,1,,,,,,,,1,,Longo da via,Bom,Sem defeito,Perfeito estado,Seca,Perfeito estado,Faixa de pedestre,OUTRAS,,Dupla,FAIXA,,,,,,
2018-10-31,12:14:00,SEM VÍTIMA,FINALIZADA,AREIAS,AV RECIFE,3587,,ENFRENTE A EMLURB,AV RECIFE,3587,ENFRENTE A EMLURB,AREIAS,,SUB/CID,COLISÃO,COLISÃO SEM VITIMAS,1,,,,,,1,,,0,,,,,,,,,,,,,,,,,,
2018-10-31,12:21:00,SEM VÍTIMA,FINALIZADA,BOA VIAGEM,RUA ERNESTO DE PAULA SANTOS,1235,,E/F A FARMACIA PAGUE MENOS,RUA ERNESTO DE PAULA SANTOS,1235,E/F A FARMACIA PAGUE MENOS,BOA VIAGEM,,,COLISÃO,COLISAO ENTRE AUTO E MOTO S/V,1,1,,,,,,,,0,,,,,,,,,,,,,,,,,,
2018-10-31,12:25:00,SEM VÍTIMA,FINALIZADA,BOA VIAGEM,RUA SARGENTO SILVINO DE MACEDO,550,,AO LADO DO POSTO DE SAUDE COQUEIRAL,RUA SARGENTO SILVINO DE MACEDO,550,AO LADO DO POSTO DE SAUDE COQUEIRAL,BOA VIAGEM,,,COLISÃO,COLISAO ENTRE DOIS AUTOS S/V,2,,,,,,,,,0,,,,,,,,,,,,,,,,,,
2018-10-31,12:35:00,SEM VÍTIMA,CANCELADA,ESTÂNCIA,RUA JOAO TEIXEIRA,,,E/F AO COLEGIO VISAO,RUA JOAO TEIXEIRA,,E/F AO COLEGIO VISAO,ESTÂNCIA,,,COLISÃO,COLISAO ENTRE DOIS AUTS S/V,2,,,,,,,,,0,,,,,,,,,,,,,,,,,,
2018-10-31,13:10:00,SEM VÍTIMA,FINALIZADA,BOA VISTA,AV MANOEL BORBA,786,,E/F AO ESPAÇO APRENDIZ,AV MANOEL BORBA,786,E/F AO ESPAÇO APRENDIZ,BOA VISTA,,,COLISÃO,COLISAO ENTRE DOIS AUTOS S/V,2,,,,,,,,,0,,,,,,,,,,,,,,,,,,
2018-10-31,13:36:00,SEM VÍTIMA,FINALIZADA,PARNAMIRIM,RUA DES GOIS CAVALCANTE,,,AO LADO DO HOSPITAL AGAMENON MAGALHAES,RUA DES GOIS CAVALCANTE,,AO LADO DO HOSPITAL AGAMENON MAGALHAES,PARNAMIRIM,,,COLISÃO,COLISSÃO ENTRE AUTO E ÔNIBUS SEM VÍTIMA,1,,,,,1,,,,0,,,,,,,,,,,,,,,,,,
2018-10-31,14:33:00,SEM VÍTIMA,FINALIZADA,DERBY,AV GOVERNADOR CARLOS DE LIMA CAVALCANTI,,RUA MIGUEL COUTO,LABO. LUCILO MARANHÃO,AV GOVERNADOR CARLOS DE LIMA CAVALCANTI,,LABO. LUCILO MARANHÃO,DERBY,,SUB/CID,COLISÃO,COLISÃO SEM VITIMAS,1,,,,,1,,,,0,,,,,,,,,,,,,,,,,,