data,hora,natureza_acidente,situacao,bairro,endereco,numero,detalhe_endereco_acidente,complemento,endereco_cruzamento,numero_cruzamento,referencia_cruzamento,bairro_cruzamento,num_semaforo,sentido_via,tipo,descricao,auto,moto,ciclom,ciclista,pedestre,onibus,caminhao,viatura,outros,vitimas,vitimasfatais,acidente_verificado,tempo_clima,situacao_semaforo,sinalizacao,condicao_via,conservacao_via,ponto_controle,situacao_placa,velocidade_max_via,mao_direcao,divisao_via1,divisao_via2,divisao_via3,,,,
2018-10-31,14:39:00,SEM VÍTIMA,FINALIZADA,CAMPO GRANDE,RUA CATULO DA PAIXAO CEARENSE,,RUA PROFESSOR FRANCISCO DA TRINDADE,,RUA CATULO DA PAIXAO CEARENSE,,,CAMPO GRANDE,,,COLISÃO,COLISÃO SEM VITIMAS,,,,,,,,,,0,,,,,,,,,,,,,,,,,,
2018-10-31,14:46:00,SEM VÍTIMA,FINALIZADA,IBURA,AV DOIS RIOS,,AV RECIFE,POR TRAS DO NUCLEO DA POLICIA,AV DOIS RIOS,,POR TRAS DO NUCLEO DA POLICIA,IBURA,,,COLISÃO,CLISAO ENTRE CARRETA E AUTO S/V,1,,,,,,1,,,0,,,,,,,,,,,,,,,,,,
2018-10-31,15:17:00,SEM VÍTIMA,CANCELADA,BOA VISTA,RUA IMPERATRIZ TEREZA CRISTINA,,RUA AURORA,NA ESQUINA DA PONTE DE FERRO, NA RUA DA IMPERATRIZ,RUA IMPERATRIZ TEREZA CRISTINA,,NA ESQUINA DA PONTE DE FERRO, NA RUA DA IMPERATRIZ,BOA VISTA,210,,COLISÃO,COLISAO ENTRE DOIS AUTOS S/V,2,,,,,,,,,0,,,,,,,,,,,,,,,,
2018-10-31,16:32:00,SEM VÍTIMA,FINALIZADA,CAMPINA DO BARRETO,AV CORREIA DE BRITO,208,,NO INICIO DO GIRADOURO DA ESTRADA BELEM ANTES DA EMPRESA BLINIO CAVALCANTE,AV CORREIA DE BRITO,208,NO INICIO DO GIRADOURO DA ESTRADA BELEM ANTES DA EMPRESA BLINIO CAVALCANTE,CAMPINA DO BARRETO,,,COLISÃO,COLSAO ENTRE DOIS AUTOS S/V,2,,,,,,,,,0,,,,,,,,,,,,,,,,,,
2018-10-31,16:50:00,SEM VÍTIMA,CANCELADA,PRADO,RUA SANTA EDWIRGES,182,RUA PINTO JUNIOR,PROX. AO CRUZAMENTO DA ABDIAS DE CARVALHO,RUA SANTA EDWIRGES,182,PROX. AO CRUZAMENTO DA ABDIAS DE CARVALHO,PRADO,,SUB/CID,COLISÃO,COLISÃO SEM VITIMAS,1,,,,,,,,1,0,,,,,,,,,,,,,,,,,,
2018-10-31,17:17:00,SEM VÍTIMA,FINALIZADA,VÁRZEA,AV CAXANGA,,,EM CIMA DA PONTE DA CAXANGÁ, APÓS A UPA,AV CAXANGA,,EM CIMA DA PONTE DA CAXANGÁ, APÓS A UPA,VÁRZEA,,SUB/CID,COLISÃO,COLISÃO AUTO E VT DA PM.,1,,,,,,,1,,0,,,,,,,,,,,,,,,,
2018-10-31,17:17:00,SEM VÍTIMA,FINALIZADA,BOA VIAGEM,RUA BARAO DE SOUZA LEAO,1241,AV DES JOSE NEVES,GALERIA, TREVO,RUA BARAO DE SOUZA LEAO,1241,GALERIA, TREVO,BOA VIAGEM,,CID/SUB,COLISÃO,COLISÃO SEM VITIMAS,2,,,,,,,,,0,,,,,,,,,,,,,,,,
2018-10-31,17:50:00,COM VÍTIMA,CANCELADA,CAMPO GRANDE,EST DE BELEM,,,E/F AO POSTO TOTAL / AO LADO DA CLINICA CENTER,EST DE BELEM,,E/F AO POSTO TOTAL / AO LADO DA CLINICA CENTER,CAMPO GRANDE,94,,COLISÃO,ENTRE 2 AUTOS. C/V,2,,,,,,,,,1,,,,,,,,,,,,,,,,,,
2018-10-31,18:07:00,SEM VÍTIMA,CANCELADA,CAMPO GRANDE,RUA ALMIRANTE BARROSO,,,ESQUINA COM O BAR ACORDE / E/F A MERCEARIA DOIS IRTMÃOS,RUA ALMIRANTE BARROSO,,ESQUINA COM O BAR ACORDE / E/F A MERCEARIA DOIS IRTMÃOS,CAMPO GRANDE,,,COLISÃO,ENTRE 2 AUTOS. S/V,2,,,,,,,,,0,,,,,,,,,,,,,,,,,,
2018-10-31,18:40:00,SEM VÍTIMA,FINALIZADA,IMBIRIBEIRA,AV MARECHAL MASCARENHAS DE MORAES,4223,,ENF A UPA DA IMBIRIBEIRA,AV MARECHAL MASCARENHAS DE MORAES,4223,ENF A UPA DA IMBIRIBEIRA,IMBIRIBEIRA,,SUB/CID,COLISÃO,ONIBUS X PALIO VINHO,1,,,,,1,,,,0,,,,,,,,,,,,,,,,,,
2018-10-31,18:45:00,COM VÍTIMA,FINALIZADA,BOA VISTA,AV CONDE DA BOA VISTA,1482,,AO LADO DA POLITEC E COPE / PRÓX AO POSTO BR. AO LADO DA PARADA Nº 180309.,AV CONDE DA BOA VISTA,1482,AO LADO DA POLITEC E COPE / PRÓX AO POSTO BR. AO LADO DA PARADA Nº 180309.,BOA VISTA,,CID/SUB,ATROPELAMENTO,ENTRE ÕNIBUS E PEDESTRE. C/V,,,,,1,1,,,,1,,Longo da via,Bom,Não existe,Ilegível,Seca,Mal iluminada,Não existe,Não há placas,60 km/h,Dupla,Não existe,,,,,,
2018-10-31,19:00:00,COM VÍTIMA,FINALIZADA,SAN MARTIN,AV GENERAL SAN MARTIN,2450,RUA PROFESSOR SILVIO DA CUNHA SANTOS,AO LADO DA ESCOLA ADVENTISTA,AV GENERAL SAN MARTIN,2450,AO LADO DA ESCOLA ADVENTISTA,SAN MARTIN,,CID/SUB,ATROPELAMENTO,ONIBUS X MOTO,,1,,,1,1,,,,1,,Cruzamento,Bom,Não existe,Perfeito estado,Seca,Perfeito estado,,,,Dupla,FAIXA,,,,,,
2018-10-31,19:32:00,SEM VÍTIMA,FINALIZADA,IMBIRIBEIRA,RUA ENGENHEIRO JOSE BRANDAO CAVALCANTE,95,RUA GENERAL GOES MONTEIRO,PRÓX A VW EXPRESS E ESTORIL DELICATESSEN,RUA ENGENHEIRO JOSE BRANDAO CAVALCANTE,95,PRÓX A VW EXPRESS E ESTORIL DELICATESSEN,IMBIRIBEIRA,,,COLISÃO,ENTRE 2 AUTOS. S/V,2,,,,,,,,,0,,,,,,,,,,,,,,,,,,
2018-10-31,19:37:00,SEM VÍTIMA,FINALIZADA,ILHA JOANA BEZERRA,PTE JOAQUIM CARDOSO,,,NO PÉ DA PONTE SENTIDO IMIP // EMBAIXO DO PONTILHAO DO METRO,PTE JOAQUIM CARDOSO,,NO PÉ DA PONTE SENTIDO IMIP // EMBAIXO DO PONTILHAO DO METRO,ILHA JOANA BEZERRA,,,COLISÃO,VT DA PM X MOTO X PALIO X PALIO,3,1,,,,,,,,0,,,,,,,,,,,,,,,,,,
2018-10-31,20:14:00,COM VÍTIMA,FINALIZADA,IPSEP,RUA ADERBAL DE MELO,260,RUA PROFESSOR JOSE VICENTE,PROX AO ANTIGO BATALHAO DECIMO NONO // FEIJOADA DO JOAO,RUA ADERBAL DE MELO,260,PROX AO ANTIGO BATALHAO DECIMO NONO // FEIJOADA DO JOAO,IPSEP,,,ATROPELAMENTO,GOL X PEDESTRE,1,,,,1,,,,,1,,Longo da via,Bom,Não existe,Incompleta,Seca,Perfeito estado,,Não há placas,30 km/h,Dupla,,,,,,,
2018-10-31,21:01:00,SEM VÍTIMA,FINALIZADA,IBURA,RUA EXP FRANCISCO VITORIANO,791,RUA JORNALISTA JOSE DE SA,PROX AO ARMAZEM JUPETE,RUA EXP FRANCISCO VITORIANO,791,PROX AO ARMAZEM JUPETE,IBURA,,,COLISÃO,FOX X CAMINHAO,1,,,,,,1,,,0,,,,,,,,,,,,,,,,,,
2018-10-31,21:50:00,SEM VÍTIMA,FINALIZADA,BOA VIAGEM,RUA PADRE LUIZ MARQUES TEIXEIRA,215,,PRÓX AO RESTAURANTE COSTA BRAVA / E/F AO EDF PEDRA BRAVA,RUA PADRE LUIZ MARQUES TEIXEIRA,215,PRÓX AO RESTAURANTE COSTA BRAVA / E/F AO EDF PEDRA BRAVA,BOA VIAGEM,,,COLISÃO,ENTRE AUTO E MOTO. S/V,1,1,,,,,,,,0,,,,,,,,,,,,,,,,,,
2018-10-31,22:23:00,SEM VÍTIMA,FINALIZADA,SANTO ANTÔNIO,RUA DO SOL,,RUA NOVA,PRX A PONTE DE FERRO,RUA DO SOL,,PRX A PONTE DE FERRO,SANTO ANTÔNIO,13,,COLISÃO,PALIO X ONIBUS ,1,,,,,1,,,,0,,,,,,,,,,,,,,,,,,
2018-11-01,02:13:00,SEM VÍTIMA,FINALIZADA,AFOGADOS,EST DO BONGI,,RUA COSME VIANA,EM FRENTE A IMBIRIBEIRA VEÍCULOS,EST DO BONGI,,EM FRENTE A IMBIRIBEIRA VEÍCULOS,AFOGADOS,100,CIDADE/SUBÚRBIO,ABALROAMENTO TRANSVERSAL,COLISÃO ENTRE DOIS AUTOS, S/V.,2,,,,,,,,,0,,Cruzamento,Bom,Intermitente,Perfeito estado,Seca,Perfeito estado,Outros,Outras,,Dupla,Faixa contínua,,,,,
2018-11-01,07:01:00,SEM VÍTIMA,CANCELADA,JARDIM SÃO PAULO,AV RECIFE,5705,,EM FRENTE DA IGREJA UNIVERSAL,AV RECIFE,5705,EM FRENTE DA IGREJA UNIVERSAL,JARDIM SÃO PAULO,,,COLISÃO,SEM VITIMAS /SENTIDO BOA VIAGEM,2,,,,,,,,,0,,Não informado,,,,,,,,,,,,,,,,
2018-11-01,08:00:00,SEM VÍTIMA,FINALIZADA,ILHA JOANA BEZERRA,PTE JOSE DE BARROS LIMA,,,SENTIDO AGAMENON MAGALHÃES. SOBRE O VIADUTO,PTE JOSE DE BARROS LIMA,,SENTIDO AGAMENON MAGALHÃES. SOBRE O VIADUTO,ILHA JOANA BEZERRA,,CIDADE,COLISÃO TRASEIRA,SEM VÍTIMAS,3,,,,,,,,,0,,Longo da via,Bom,Não existe,Perfeito estado,Seca,Perfeito estado,Não existe,Não há placas,60 km/h,Dupla,Canteiro central,,,,,,
2018-11-01,08:09:00,COM VÍTIMA,FINALIZADA,JARDIM SÃO PAULO,RUA LORENA,1020,RUA LEANDRO BARRETO,NA SUBIDA DO VIADUTO DE JARDIM SAO PAULO,RUA LORENA,1020,NA SUBIDA DO VIADUTO DE JARDIM SAO PAULO,JARDIM SÃO PAULO,,CIDADE,ABALROAMENTO TRANSVERSAL,MOTO / ONIBUS / AUTO PASSEIO,1,1,,,,1,,,,1,,Cruzamento,Bom,Não existe,Perfeito estado,Seca,Perfeito estado,OUTROS,Não há placas,30 km/h,Dupla,Canteiro central,,,,,,
2018-11-01,08:35:00,SEM VÍTIMA,FINALIZADA,BARRO,AV DR JOSE RUFINO,1771,,EM FRENTE AO CONDOMINIO MORADA DO BARRO,AV DR JOSE RUFINO,1771,EM FRENTE AO CONDOMINIO MORADA DO BARRO,BARRO,,SUBURBIO,COLISÃO TRASEIRA,SEM VITIMAS,1,,,,,,1,,,0,,Longo da via,Bom,Sem defeito,Perfeito estado,Seca,Perfeito estado,Não existe,Não há placas,,Dupla,Faixa seccionada,,,,,,
2018-11-01,08:47:00,COM VÍTIMA,FINALIZADA,BONGI,RUA SANTA EDWIRGES,,RUA PADRE TEOFILO TWORZ,EM FRENTE A IGREJA PRESBITERIANA DO PRADO,RUA SANTA EDWIRGES,,EM FRENTE A IGREJA PRESBITERIANA DO PRADO,BONGI,,SUBURBIO,ABALROAMENTO TRANSVERSAL,COLISÃO COM VITIMA A ESPERA DO SAMU,2,,,,,,,,,1,,Cruzamento,Bom,Não existe,Não existente,Seca,Perfeito estado,Não existe,Não há placas,,Única,,,,,,,
2018-11-01,09:07:00,SEM VÍTIMA,FINALIZADA,ÁGUA FRIA,EST VELHA DE AGUA FRIA,353,RUA BOMBA DO HEMETERIO,NO GIRADORO EM FRENTE AO POSTO NORTE BRAS,EST VELHA DE AGUA FRIA,353,NO GIRADORO EM FRENTE AO POSTO NORTE BRAS,ÁGUA FRIA,,SUBURBIO,ABALROAMENTO LONGITUDINAL,SEM VITIMAS,,1,,,,1,,,,0,,Outros,Bom,Não existe,Perfeito estado,Seca,Perfeito estado,Faixa de retenção,Não há placas,,Dupla,Canteiro central,,,,,,
2018-11-01,09:20:00,SEM VÍTIMA,FINALIZADA,CAMPO GRANDE,RUA MANUEL DE BARROS LIMA,153,RUA MARIO SETE,EM FRENTE AO EDIFICIO NORMA AFONSO,RUA MANUEL DE BARROS LIMA,153,EM FRENTE AO EDIFICIO NORMA AFONSO,CAMPO GRANDE,,SUBURBIO,ABALROAMENTO LONGITUDINAL,COLISÃO SEM VITIMAS,1,,,,,,1,,,0,,Longo da via,Bom,Não existe,Perfeito estado,Seca,Perfeito estado,Faixa de retenção,"Placas ""Pare""",,Única,Não existe,,,,,,
2018-11-01,10:17:00,SEM VÍTIMA,FINALIZADA,ESPINHEIRO,AV GOVERNADOR AGAMENON MAGALHAES,3158,,EM FRENTE A UNIMED RECIFE URGENCIA PEDIATRICA,AV GOVERNADOR AGAMENON MAGALHAES,3158,EM FRENTE A UNIMED RECIFE URGENCIA PEDIATRICA,ESPINHEIRO,,SUBURBIO,ABALROAMENTO LONGITUDINAL,SEM VITIMAS SENTIDO BOA VIAGEM,1,,,,,1,,,,0,,Longo da via,Bom,Não existe,Perfeito estado,Seca,Perfeito estado,Não existe,Não há placas,60 km/h,Única,Faixa contínua,,,,,,
2018-11-01,10:35:00,SEM VÍTIMA,FINALIZADA,AFOGADOS,RUA COSME VIANA,102,RUA TREZE DE AGOSTO,E/F A RECIFE RODAS,RUA COSME VIANA,102,E/F A RECIFE RODAS,AFOGADOS,426,CIDADE,COLISÃO TRASEIRA,SEM VÍTIMAS,2,,,,,,,,,0,,Cruzamento,Bom,Sem defeito,Perfeito estado,Molhada,Mal iluminada,Faixa de pedestre,Não há placas,,Única,Não existe,,,,,,
2018-11-01,10:51:00,SEM VÍTIMA,FINALIZADA,BOA VIAGEM,RUA JOAO CARDOSO AIRES,971,,RESTAURANTE DO BAMBAM,RUA JOAO CARDOSO AIRES,971,RESTAURANTE DO BAMBAM,BOA VIAGEM,,SUBURBIO,COLISÃO TRASEIRA,COLISÃO SEM VITIMAS,2,,,,,,,,,0,,Longo da via,Bom,Não existe,Não existente,Seca,Perfeito estado,Não existe,Não há placas,40 km/h,Dupla,Não existe,,,,,,
2018-11-01,11:58:00,SEM VÍTIMA,FINALIZADA,TORRE,RUA JOSE BONIFACIO,339,RUA CLOVIS BEVILAQUA,EM FRENTE ASFAB,RUA JOSE BONIFACIO,339,EM FRENTE ASFAB,TORRE,,OUTRO,ABALROAMENTO TRANSVERSAL,DOIS AUTOS / VT 16 NO QTH,2,,,,,,,,,0,,Outros,Bom,Sem defeito,Perfeito estado,Seca,Perfeito estado,Não existe,Não há placas,,Única,,,,,,,
2018-11-01,12:22:00,SEM VÍTIMA,FINALIZADA,BONGI,AV ENGENHEIRO ABDIAS DE CARVALHO,,,E/F A FACULDADE ESTÁCIO DE SÁ S/T CID,AV ENGENHEIRO ABDIAS DE CARVALHO,,E/F A FACULDADE ESTÁCIO DE SÁ S/T CID,BONGI,,CIDADE,COLISÃO TRASEIRA,COLISAO ENTRE DOIS AUTOS S/V,2,,,,,,,,,0,,Longo da via,Bom,Sem defeito,Perfeito estado,Seca,Perfeito estado,Não existe,Outras,,Dupla,Canteiro central,,,,,,
2018-11-01,12:33:00,SEM VÍTIMA,FINALIZADA,IPUTINGA,RUA PEREIRA COUTINHO FILHO,,RUA MAURICIO DE NASSAU,DEPOIS DA LOMBADA ELETRÔNICA,RUA PEREIRA COUTINHO FILHO,,DEPOIS DA LOMBADA ELETRÔNICA,IPUTINGA,,SUBURBIO,COLISÃO TRASEIRA,SEM VÍTIMAS,3,,,,,,,,,0,,Longo da via,Bom,Não existe,Perfeito estado,Seca,Perfeito estado,Não existe,Não há placas,40 km/h,Dupla,,,,,,,
2018-11-01,12:54:00,SEM VÍTIMA,CANCELADA,IBURA,AV PERNAMBUCO,279,,EM FRENTE A FARMA AGAPE,AV PERNAMBUCO,279,EM FRENTE A FARMA AGAPE,IBURA,,,COLISÃO,AUTO E ONIBUS,1,,,,,1,,,,0,,Não informado,,,,,,,,,,,,,,,,
2018-10-31,10:00:00,COM VÍTIMA,FINALIZADA,PINA,AVENIDA CELSO FURTADO (VIA MANGUE),,,ANTIGO AEROCLUBE,AVENIDA CELSO FURTADO (VIA MANGUE),,ANTIGO AEROCLUBE,PINA,,CIDADE,COLISÃO TRASEIRA,COLISÃO AUTO E MOTO.,1,1,,,,,,,,1,,Longo da via,Bom,Não existe,Perfeito estado,Seca,Perfeito estado,Não existe,Não há placas,,Dupla,Canteiro central,,,,,,
2018-10-31,18:15:00,COM VÍTIMA,FINALIZADA,SOLEDADE,AV OLIVEIRA LIMA,999,,EM FRENTE AO EDIFÍCIO ANA REGINA.,AV OLIVEIRA LIMA,999,EM FRENTE AO EDIFÍCIO ANA REGINA.,SOLEDADE,,CIDADE,ABALROAMENTO TRANSVERSAL,COLISÃO AUTO E MOTO.,1,1,,,,,,,,1,,Longo da via,Bom,Não existe,Perfeito estado,Seca,Perfeito estado,Não existe,R6A,,Única,Não existe,,,,,,
2018-11-01,13:47:00,SEM VÍTIMA,CANCELADA,AREIAS,AV RECIFE,1644,,EM FRENTE AO HOSPITAL GERAL DE AREIAS,AV RECIFE,1644,EM FRENTE AO HOSPITAL GERAL DE AREIAS,AREIAS,617,,COLISÃO,ENTRE AUTO E MOTO S/V.,1,1,,,,,,,,0,,Não informado,,,,,,,,,,,,,,,,
2018-11-01,14:18:00,SEM VÍTIMA,CANCELADA,SÃO JOSÉ,C SANTA RITA,,,EM FRENTE AO 16° BATALHÃO,C SANTA RITA,,EM FRENTE AO 16° BATALHÃO,SÃO JOSÉ,582,SUBURBIO,COLISÃO,ONIBUS E CAMINHÃO OFICIAL DO EXERCITO,,,,,,1,1,,,0,,Não informado,,,,,,,,,,,,,,,,
2018-11-01,14:43:00,SEM VÍTIMA,FINALIZADA,SÃO JOSÉ,RUA SAO JOAO,387,RUA SAO JOAO,EM FRENTE A SECRETARIA DA FAZENDA,RUA SAO JOAO,387,EM FRENTE A SECRETARIA DA FAZENDA,SÃO JOSÉ,54,SUBÚRBIO,CHOQUE VEÍCULO PARADO,DOIS AUTOS,2,,,,,,,,,0,,Longo da via,Bom,Sem defeito,Perfeito estado,Seca,Perfeito estado,Não existe,Não há placas,40 km/h,Única,Não existe,,,,,,
2018-11-01,14:47:00,SEM VÍTIMA,FINALIZADA,BOA VIAGEM,RUA RIBEIRO DE BRITO,1197,RUA CORONEL ANIZIO RODRIGUES COELHO,PRÓXIMO AO VIADUTO TRANCREDO NEVES,RUA RIBEIRO DE BRITO,1197,PRÓXIMO AO VIADUTO TRANCREDO NEVES,BOA VIAGEM,,SUBURBIO,ABALROAMENTO LONGITUDINAL,DOIS AUTO PASSEIOS,1,1,,,,,,,,0,,Cruzamento,Bom,Não existe,Perfeito estado,Seca,Perfeito estado,Não existe,Outras,60 km/h,Única,Faixa seccionada,,,,,,
2018-11-01,15:05:00,SEM VÍTIMA,FINALIZADA,TAMARINEIRA,AV PROFESSOR JOSE DOS ANJOS,,,PRÓX CANAL DO ARRUDA //SENTIDO ARRUDA,AV PROFESSOR JOSE DOS ANJOS,,PRÓX CANAL DO ARRUDA //SENTIDO ARRUDA,TAMARINEIRA,306,CIDADE,ABALROAMENTO LONGITUDINAL,ENTRE AUTOS S/V.,2,,,,,,,,,0,,Cruzamento,Bom,Sem defeito,Perfeito estado,Seca,Perfeito estado,Faixa de pedestre,Outras,,Dupla,Canteiro central,,,,,,
2018-11-01,15:22:00,SEM VÍTIMA,CANCELADA,CASA FORTE,AV FLOR DE SANTANA,,AV DEZESSETE DE AGOSTO,EM FRENTE A BURGUER KING,AV FLOR DE SANTANA,,EM FRENTE A BURGUER KING,CASA FORTE,614,,COLISÃO,DOIS AUTOS S/V,2,,,,,,,,,0,,Não informado,,,,,,,,,,,,,,,,
2018-11-01,15:39:00,SEM VÍTIMA,CANCELADA,BOA VIAGEM,AV BOA VIAGEM,6576,,ANTES DO DONA LINDU EDF CANAVAL,AV BOA VIAGEM,6576,ANTES DO DONA LINDU EDF CANAVAL,BOA VIAGEM,,,COLISÃO,COLISAO ENTRE DOIS AUTOS S/V,2,,,,,,,,,0,,Não informado,,,,,,,,,,,,,,,,
2018-11-01,16:00:00,SEM VÍTIMA,CANCELADA,CAXANGÁ,RUA SOUZA BANDEIRA,,,PROX. A DROGASIL VT-24 NO LOCAL GM CAIO MATOS,RUA SOUZA BANDEIRA,,PROX. A DROGASIL VT-24 NO LOCAL GM CAIO MATOS,CAXANGÁ,,,COLISÃO,MOTO E AUTO,1,1,,,,,,,,0,,Não informado,,,,,,,,,,,,,,,,
2018-11-01,16:24:00,SEM VÍTIMA,FINALIZADA,CASA AMARELA,RUA IRMA LUCIA,203,RUA RAIMUNDO FREIXEIRA,NA RUA DO SUPERMERCAO BOM DEMAIS,RUA IRMA LUCIA,203,NA RUA DO SUPERMERCAO BOM DEMAIS,CASA AMARELA,,SUBURBIO,ABALROAMENTO TRANSVERSAL,COLISAO ENTRE DOS AUTOS S/V,2,,,,,,,,,0,,Longo da via,Bom,Não existe,Perfeito estado,Seca,Perfeito estado,Não existe,Outras,30 km/h,Dupla,Faixa seccionada,,,,,,
2018-11-01,16:25:00,SEM VÍTIMA,FINALIZADA,BOA VISTA,AV MANOEL BORBA,384,RUA DA CONCEICAO,PRÓX. AO BRADESCO,AV MANOEL BORBA,384,PRÓX. AO BRADESCO,BOA VISTA,,SUBURBIO,ABALROAMENTO LONGITUDINAL,SEM VÍTIMAS.,1,,,,,,1,,,0,,Cruzamento,Bom,Sem defeito,Incompleta,Seca,Perfeito estado,Não existe,R-6a,,Única,Faixa seccionada,,,,,,
2018-11-01,16:30:00,SEM VÍTIMA,FINALIZADA,ENCRUZILHADA,RUA ALFREDO DE CASTRO,135,RUA CASTRO ALVES,PROX CAIXA ECONOMICA,RUA ALFREDO DE CASTRO,135,PROX CAIXA ECONOMICA,ENCRUZILHADA,666,SUBURBIO,ABALROAMENTO LONGITUDINAL,COLISAOENTRE ONIBUS E AUTO VT 13 NO LOCAL,1,,,,,1,,,,0,,Cruzamento,Bom,Sem defeito,Perfeito estado,Seca,Perfeito estado,Faixa de pedestre,Não há placas,,Única,Faixa contínua,,,,,,
2018-11-01,16:48:00,COM VÍTIMA,FINALIZADA,TORRÕES,AV ENGENHEIRO ABDIAS DE CARVALHO,,,ENTRE A VLT E A UPA,AV ENGENHEIRO ABDIAS DE CARVALHO,,ENTRE A VLT E A UPA,TORRÕES,272,CIDADE,COLISÃO TRASEIRA,ENTRE AUTO E MOTO C/V.,1,1,,,,,,,,1,,Longo da via,Bom,Sem defeito,Perfeito estado,Seca,Perfeito estado,Faixa de pedestre,Não há placas,,Única,,,,,,,
2018-11-01,16:49:00,SEM VÍTIMA,FINALIZADA,MUSTARDINHA,AV MANOEL GONCALVES DA LUZ,396,RUA JOSE MOREIRA REIS,EM FRENTE A BOKA LOKA LANCHES,AV MANOEL GONCALVES DA LUZ,396,EM FRENTE A BOKA LOKA LANCHES,MUSTARDINHA,,OUTRO,ABALROAMENTO TRANSVERSAL,AUTO E KOMBI,2,,,,,,,,,0,,Cruzamento,Bom,Não existe,Não existente,Seca,Perfeito estado,Não existe,Não há placas,,Dupla,Faixa seccionada,,,,,,
2018-11-01,17:02:00,SEM VÍTIMA,FINALIZADA,ENCRUZILHADA,AV BEBERIBE,247,RUA OLIMPIO DE ARROUXELAS GALVÃO,PROX AO BAR DIVINA BRASA E/F AO COMERCIO BETARA,AV BEBERIBE,247,RUA OLIMPIO DE ARROUXELAS GALVÃO,ENCRUZILHADA,,CIDADE,ABALROAMENTO TRANSVERSAL,COLISAO ENTRE DOIS AUTOS S/V,2,,,,,,,,,0,,Longo da via,Bom,Não existe,Perfeito estado,Seca,Perfeito estado,Outros,Outras,,Dupla,Faixa contínua,,,,,,
2018-11-01,17:12:00,SEM VÍTIMA,FINALIZADA,ARRUDA,AV BEBERIBE,,RUA DAS MOCAS,EM FRENTE AO ARMAZEM CORAL,AV BEBERIBE,,EM FRENTE AO ARMAZEM CORAL,ARRUDA,,CIDADE,ABALROAMENTO TRANSVERSAL,AUTO E MOTO,1,1,,,,,,,,0,,Cruzamento,Bom,Não existe,Perfeito estado,Seca,Perfeito estado,Não existe,Não há placas,60 km/h,Dupla,Faixa contínua,,,,,,
2018-11-01,17:14:00,SEM VÍTIMA,FINALIZADA,AFOGADOS,RUA DA PAZ,260,RUA JOAO CARLOS GUIMARAES,EM FRENTE À IGREJA UNIVERSAL // APÓS À CAIXA ECONÔMICA,RUA DA PAZ,260,EM FRENTE À IGREJA UNIVERSAL // APÓS À CAIXA ECONÔMICA,AFOGADOS,528,SUBURBIO,ABALROAMENTO LONGITUDINAL,ENTRE AUTO E ÔNIBUS S/V.,1,,,,,1,,,,0,,Longo da via,Bom,Sem defeito,Perfeito estado,Seca,Perfeito estado,Faixa de pedestre,Outras,60 km/h,Única,Faixa seccionada,,,,,,
2018-11-01,18:03:00,SEM VÍTIMA,CANCELADA,TORRÕES,AV ENGENHEIRO ABDIAS DE CARVALHO,200,,E/F A SOS AUTO PEÇAS E AO LADO DA PERNAMBUCO RODAS / PRÓXIMO A UPA TORRÕES,AV ENGENHEIRO ABDIAS DE CARVALHO,200,E/F A SOS AUTO PEÇAS E AO LADO DA PERNAMBUCO RODAS / PRÓXIMO A UPA TORRÕES,TORRÕES,272,CIDADE,COLISÃO,ENTRE AUTO PASSEIO E ÔNIBUS ESCOLAR. S/V,1,,,,,1,,,,0,,Não informado,,,,,,,,,,,,,,,,
2018-11-01,18:17:00,SEM VÍTIMA,FINALIZADA,ESTÂNCIA,AV RECIFE,,,E/F AO MAKRO. SNT AEROPORTO,AV RECIFE,,E/F AO MAKRO. SNT AEROPORTO,ESTÂNCIA,,SUBURBIO,COLISÃO TRASEIRA,ENTRE 2 AUTOS. S/V,2,,,,,,,,,0,,Longo da via,Bom,Não existe,Incompleta,Seca,Perfeito estado,Não existe,Não há placas,,Dupla,Canteiro central,,,,,,