data,hora,natureza_acidente,situacao,bairro,endereco,numero,detalhe_endereco_acidente,complemento,endereco_cruzamento,numero_cruzamento,referencia_cruzamento,bairro_cruzamento,num_semaforo,sentido_via,tipo,descricao,auto,moto,ciclom,ciclista,pedestre,onibus,caminhao,viatura,outros,vitimas,vitimasfatais,acidente_verificado,tempo_clima,situacao_semaforo,sinalizacao,condicao_via,conservacao_via,ponto_controle,situacao_placa,velocidade_max_via,mao_direcao,divisao_via1,divisao_via2,divisao_via3,,,,
2018-11-01,18:20:00,SEM VÍTIMA,CANCELADA,CORDEIRO,AV ENGENHEIRO ABDIAS DE CARVALHO,2880,,E/F AO RESTAURANTE CAMARÃO DO LEO,AV ENGENHEIRO ABDIAS DE CARVALHO,2880,E/F AO RESTAURANTE CAMARÃO DO LEO,CORDEIRO,,SUBURBIO,ENGAVETAMENTO,ENTRE MOTO E 2 AUTOS. S/V,2,1,,,,,,,,0,,Não informado,,,,,,,,,,,,,,,,
2018-11-01,18:35:00,SEM VÍTIMA,FINALIZADA,BOA VIAGEM,,,,POR TRÁS DO COLÉGIO MADRE DE DEUS / PRÓX AO POSTO BR,,,POR TRÁS DO COLÉGIO MADRE DE DEUS / PRÓX AO POSTO BR,BOA VIAGEM,,,COLISÃO TRASEIRA,ENTRE AUTO PASSEIO E ÕNIBUS. S/V,1,,,,,1,,,,0,,Cruzamento,Bom,Não existe,Perfeito estado,Seca,Perfeito estado,,,,Única,Faixa contínua,,,,,,
2018-11-01,18:38:00,SEM VÍTIMA,CANCELADA,BONGI,RUA DELMIRO GOUVEIA,333,,NNA PRAÇA DA CHESF,RUA DELMIRO GOUVEIA,333,NNA PRAÇA DA CHESF,BONGI,,CIDADE,COLISÃO,COLISÃO SEM VITIMAS,2,,,,,,,,,0,,Não informado,,,,,,,,,,,,,,,,
2018-11-01,18:48:00,SEM VÍTIMA,FINALIZADA,BOA VIAGEM,RUA BARAO DE SOUZA LEAO,1395,AV VINTE DE JANEIRO,E/F AO POSTO BR / PRÓX A FARMACIA DIARIAMANTE,RUA BARAO DE SOUZA LEAO,1395,E/F AO POSTO BR / PRÓX A FARMACIA DIARIAMANTE,BOA VIAGEM,644,SUBURBIO,ABALROAMENTO LONGITUDINAL,ENTRE AUTO E ÕNIBUS. S/V,1,,,,,1,,,,0,,Longo da via,Bom,Sem defeito,Perfeito estado,Seca,Perfeito estado,Não existe,Outras,,Única,Faixa seccionada,,,,,,
2018-11-01,19:05:00,SEM VÍTIMA,FINALIZADA,CABANGA,AV SUL,,,PROX. A ENTRADA PARA O CABANGA, JUNTO AO CANTEIRO EXISTE UMA OBRA DA COMPESA...PONTILHÃO DO METRO,AV SUL,,PROX. A ENTRADA PARA O CABANGA, JUNTO AO CANTEIRO EXISTE UMA OBRA DA COMPESA...PONTILHÃO DO METRO,CABANGA,,SUBÚRBIO/CIDADE,COLISÃO FRONTAL,entre onibus e auto. s/v,1,,,,,1,,,,0,,Longo da via,Bom,Não existe,Perfeito estado,Seca,Perfeito estado,Não existe,Não há placas,,Dupla,Faixa contínua,,,,
2018-11-01,19:08:00,SEM VÍTIMA,FINALIZADA,IPSEP,AV RECIFE,3068,,APOS A ENTRADA DO IBURA, SENTIDO CEASA NA FRENTE DO MERCADO ECONOMICO,AV RECIFE,3068,APOS A ENTRADA DO IBURA, SENTIDO CEASA NA FRENTE DO MERCADO ECONOMICO,IPSEP,,SUBURBIO,COLISÃO TRASEIRA,COLISÃO SEM VITIMAS,1,,,,,,,,1,0,,Longo da via,Bom,Não existe,Perfeito estado,Seca,Perfeito estado,Não existe,Não há placas,,Única,Faixa seccionada,,,,
2018-11-01,20:08:00,SEM VÍTIMA,FINALIZADA,PINA,AV REPUBLICA DO LIBANO,,,SOB A ALÇA DE ACESSO A VIA MANGUE,AV REPUBLICA DO LIBANO,,SOB A ALÇA DE ACESSO A VIA MANGUE,PINA,,CIDADE/SUBÚRBIO,ABALROAMENTO LONGITUDINAL,COLISÃO SEM VITIMAS,1,,,,,1,,,,0,,Longo da via,Bom,Não existe,Perfeito estado,Seca,Perfeito estado,Não existe,Outras,40 km/h,Única,Faixa contínua,,,,,,
2018-11-01,23:03:00,SEM VÍTIMA,FINALIZADA,TAMARINEIRA,AV CONS ROSA E SILVA,,RUA DR JOSE MARIA,POSTO SHELL,AV CONS ROSA E SILVA,,POSTO SHELL,TAMARINEIRA,253,,COLISÃO TRASEIRA,COLISÃO SEM VITIMAS,2,,,,,,,,,0,,Cruzamento,Bom,Sem defeito,Perfeito estado,Seca,Perfeito estado,Faixa de pedestre,Outras,,Única,Faixa seccionada,,,,,,
2018-11-02,04:47:00,SEM VÍTIMA,FINALIZADA,CASA AMARELA,RUA XAVANTES,150,RUA OSCAR DE BARROS,PRÓX AO CONSULTÓRIO DE OFTALMOLOGIA E PERÍCIA DO DETRAN // PRÓX AO MERCADINHO CANELA,RUA XAVANTES,150,PRÓX AO CONSULTÓRIO DE OFTALMOLOGIA E PERÍCIA DO DETRAN // PRÓX AO MERCADINHO CANELA,CASA AMARELA,,SUBURBIO,ABALROAMENTO LONGITUDINAL,COLISÃO ENTRE DOIS AUTOS, SEM VÍTIMAS,2,,,,,,,,,0,,Cruzamento,Bom,Não existe,Perfeito estado,Seca,Perfeito estado,Faixa de retenção,"Placas ""Pare""",,Dupla,Não existe,,,,,
2018-11-02,05:07:00,SEM VÍTIMA,FINALIZADA,ARRUDA,AV PROFESSOR JOSE DOS ANJOS,131,AV BEBERIBE,EM FRENTE AO POSTE Nº A 024663,AV PROFESSOR JOSE DOS ANJOS,131,EM FRENTE AO POSTE Nº A 024663,ARRUDA,131,CIDADE,COLISÃO TRASEIRA,COLISÃO ENTRE AUTO E VIATURA DO SAMU, SEM VÍTIMAS,1,,,,,,,1,,0,,Longo da via,Bom,Sem defeito,Perfeito estado,Seca,Perfeito estado,Faixa de pedestre,Outras,,Dupla,Faixa contínua,,,,,
2018-11-02,10:48:00,SEM VÍTIMA,FINALIZADA,ROSARINHO,RUA AMARO COUTINHO,,RUA PROFESSOR OTAVIO DE FREITAS,BOBYS BAR,RUA AMARO COUTINHO,,BOBYS BAR,ROSARINHO,,,ABALROAMENTO TRANSVERSAL,DOIS AUTOS,2,,,,,,,,,0,,Cruzamento,Bom,Não existe,Perfeito estado,Seca,Perfeito estado,Não existe,"Placas ""Pare""",40 km/h,Dupla,Não existe,,,,,,
2018-11-02,11:57:00,SEM VÍTIMA,FINALIZADA,VÁRZEA,RUA PROFESSOR ANTONIO COELHO,,RUA EMILIANO BRAGA,PRÓX AO TERMINAL DA CAXANGÁ,RUA PROFESSOR ANTONIO COELHO,,PRÓX AO TERMINAL DA CAXANGÁ,VÁRZEA,,CIDADE,ABALROAMENTO LONGITUDINAL,ENTRE AUTO E MOTO S/V.,1,1,,,,,,,,0,,Cruzamento,Bom,Não existe,Perfeito estado,Seca,Perfeito estado,Não existe,"Placas ""Pare""",,Dupla,Faixa seccionada,,,,,,
2018-11-02,12:24:00,SEM VÍTIMA,FINALIZADA,IMBIRIBEIRA,AV MARECHAL MASCARENHAS DE MORAES,570,RUA ARQUITETO FERNANDO ALMEIDA,EM FRENTE AO ARMAZÉM CORAL // SENTIDO AEROPORTO,AV MARECHAL MASCARENHAS DE MORAES,570,EM FRENTE AO ARMAZÉM CORAL // SENTIDO AEROPORTO,IMBIRIBEIRA,286,SUBURBIO,ABALROAMENTO LONGITUDINAL,ENTRE AUTOS S/V.,2,,,,,,,,,0,,Longo da via,Bom,Sem defeito,Perfeito estado,Seca,Perfeito estado,Faixa de retenção,Não há placas,60 km/h,Dupla,Canteiro central,,,,,,
2018-11-02,13:16:00,SEM VÍTIMA,CANCELADA,BOA VIAGEM,AV ENGENHEIRO DOMINGOS FERREIRA,,RUA BRUNO VELOSO,ESQUINA COM A ESCOLA MUNICIPAL DO LEÃO,AV ENGENHEIRO DOMINGOS FERREIRA,,ESQUINA COM A ESCOLA MUNICIPAL DO LEÃO,BOA VIAGEM,,,COLISÃO,ENTRE AUTOS S/V.,2,,,,,,,,,0,,Não informado,,,,,,,,,,,,,,,,
2018-11-02,15:17:00,SEM VÍTIMA,FINALIZADA,SANTO ANTÔNIO,AV MARTINS DE BARROS,,PRC DA REPUBLICA,SOB O SEMÁFORO 164,AV MARTINS DE BARROS,,SOB O SEMÁFORO 164,SANTO ANTÔNIO,164,SUBURBIO,CHOQUE VEÍCULO PARADO,COLISÃO SEM VITIMA,2,,,,,,,,,0,,Longo da via,Bom,Sem defeito,Perfeito estado,Seca,Perfeito estado,Faixa de pedestre,Não há placas,,Única,Faixa seccionada,,,,,,
2018-11-02,16:05:00,SEM VÍTIMA,FINALIZADA,IPSEP,AV RECIFE,,AV RAIMUNDO DINIZ,NA FRENTE DA ALIANCE AUTO,AV RECIFE,,NA FRENTE DA ALIANCE AUTO,IPSEP,247,,ABALROAMENTO TRANSVERSAL,COLISÃO SEM VITIMAS/ AUTO E MOTO, CO CONDUTOR DA MOTO ESTAVA FUGINDO DA BLITZ.... CONDUTOR POSSIVELMENTE ALCOOLIZADO,1,1,,,,,,,,0,,Longo da via,Bom,Sem defeito,Perfeito estado,Seca,Perfeito estado,Faixa de retenção,Não há placas,60 km/h,Única,Canteiro central,,,,,
2018-11-02,16:12:00,SEM VÍTIMA,CANCELADA,MANGUEIRA,RUA VINTE E UM DE ABRIL,2160,,TERMINAL DA MANGUEIRA,RUA VINTE E UM DE ABRIL,2160,TERMINAL DA MANGUEIRA,MANGUEIRA,,,COLISÃO,COLISÃO SEM VITIMA/ AUTO MOTO,1,1,,,,,,,,0,,Não informado,,,,,,,,,,,,,,,,
2018-11-02,16:15:00,SEM VÍTIMA,FINALIZADA,PRADO,RUA SANTA EDWIRGES,,RUA PADRE TEOFILO TWORZ,PROX A TUPÃN,RUA SANTA EDWIRGES,,PROX A TUPÃN,PRADO,,SUBURBIO,ABALROAMENTO TRANSVERSAL,COLISAO ENTRE DOIS AUTOS S/V,2,,,,,,,,,0,,Longo da via,Bom,Não existe,Ilegível,Seca,Perfeito estado,Faixa de retenção,Não há placas,40 km/h,Única,Canal,,,,,,
2018-11-02,16:16:00,SEM VÍTIMA,FINALIZADA,JARDIM SÃO PAULO,RUA LEANDRO BARRETO,1025,,SUBIDA DO VIADUTO, SENTIDO PADARIA LA ROQUE,RUA LEANDRO BARRETO,1025,SUBIDA DO VIADUTO, SENTIDO PADARIA LA ROQUE,JARDIM SÃO PAULO,,SUBURBIO,ABALROAMENTO TRANSVERSAL,COLISÃO SEM VITIMA,2,,,,,,,,,0,,Cruzamento,Bom,Não existe,Não existente,Seca,Perfeito estado,Não existe,Não há placas,,Dupla,Não existe,,,,
2018-11-02,16:59:00,SEM VÍTIMA,CANCELADA,VÁRZEA,RUA RORAIMA,638,,NA FRENTE DO ATACAREJO,RUA RORAIMA,638,NA FRENTE DO ATACAREJO,VÁRZEA,,,COLISÃO,COLISÃO SEM VITIMAS,2,,,,,,,,,0,,Não informado,,,,,,,,,,,,,,,,
2018-11-02,17:51:00,SEM VÍTIMA,FINALIZADA,CAXANGÁ,RUA RIBEIRO PESSOA,,RUA GASTAO VIDIGAL,AO LADO A UPA DA CAXANGÁ/ POSTO SHELL,RUA RIBEIRO PESSOA,,AO LADO A UPA DA CAXANGÁ/ POSTO SHELL,CAXANGÁ,281,CIDADE,ABALROAMENTO TRANSVERSAL,COLISÃO SEM VITIMAS,1,,,,,1,,,,0,,Longo da via,Bom,Sem defeito,Incompleta,Seca,Perfeito estado,Não existe,Não há placas,40 km/h,Dupla,Não existe,,,,,,
2018-11-02,18:04:00,SEM VÍTIMA,FINALIZADA,DOIS UNIDOS,AV CHAGAS FERREIRA,361,,,AV CHAGAS FERREIRA,361,,DOIS UNIDOS,,SUBURBIO,COLISÃO FRONTAL,COLISÃO SEM VITIMAS/ CONDUTOR APARENTEMENTE ALCOOLIZADO,3,1,,,,,,,,0,,Longo da via,Bom,Não existe,Perfeito estado,Seca,Perfeito estado,Não existe,Não há placas,,Dupla,Não existe,,,,,,
2018-11-02,18:15:00,SEM VÍTIMA,CANCELADA,AFLITOS,AV CONS ROSA E SILVA,901,,HABIBS,AV CONS ROSA E SILVA,901,HABIBS,AFLITOS,,,COLISÃO,COLISÃO SEM VITIMAS,2,,,,,,,,,0,,Não informado,,,,,,,,,,,,,,,,
2018-11-02,21:38:00,SEM VÍTIMA,FINALIZADA,PRADO,AV ENGENHEIRO ABDIAS DE CARVALHO,,RUA CARLOS GOMES,SEMÁFORO 057/ FARMÁCIA PAGUE MENOS,AV ENGENHEIRO ABDIAS DE CARVALHO,,SEMÁFORO 057/ FARMÁCIA PAGUE MENOS,PRADO,57,CIDADE,CHOQUE VEÍCULO PARADO,SIENA X SIENA,2,,,,,,,,,0,,Longo da via,Bom,Sem defeito,Perfeito estado,Seca,Perfeito estado,Faixa de retenção,Não há placas,,Dupla,Canteiro central,,,,,,
2018-11-02,23:19:00,SEM VÍTIMA,FINALIZADA,MADALENA,AV CAXANGA,487,RUA FAUSTO CARDOSO,ENF AO NUCLEO SAUDE,AV CAXANGA,487,ENF AO NUCLEO SAUDE,MADALENA,,CIDADE,ABALROAMENTO LONGITUDINAL,ONIX X GOL,2,,,,,,,,,0,,Longo da via,Bom,Não existe,Perfeito estado,Seca,Perfeito estado,Não existe,Não há placas,60 km/h,Única,Faixa seccionada,,,,,,
2018-11-03,00:36:00,SEM VÍTIMA,FINALIZADA,CASA AMARELA,RUA OSCAR DE BARROS,115,RUA CONS PERETTI,PRÓXIMO A GILSON CIDRIN,RUA OSCAR DE BARROS,115,PRÓXIMO A GILSON CIDRIN,CASA AMARELA,,SUBURBIO,ABALROAMENTO TRANSVERSAL,COLISÃO ENTRE DOIS AUTOS, SEM VITIMAS,2,,,,,,,,,0,,Longo da via,Bom,Não existe,Perfeito estado,Seca,Perfeito estado,Faixa de retenção,Outras,,Única,Não existe,,,,,
2018-11-03,08:05:00,COM VÍTIMA,FINALIZADA,ÁGUA FRIA,EST VELHA DE AGUA FRIA,353,RUA BOMBA DO HEMETERIO,EM FRENTE AO POSTO DE GASOLINA NORTE BRAS,EST VELHA DE AGUA FRIA,353,EM FRENTE AO POSTO DE GASOLINA NORTE BRAS,ÁGUA FRIA,,SUBURBIO,ABALROAMENTO TRANSVERSAL,COLISÃO COM VITIMA A ESPERA DO SAMU,,1,,,,1,,,,2,,Cruzamento,Bom,Não existe,Perfeito estado,Seca,Perfeito estado,Outros,Outras,,Dupla,Blocos,,,,,,
2018-11-03,10:21:00,SEM VÍTIMA,FINALIZADA,CASA AMARELA,RUA CONS NABUCO,4155,,ARRAIAL FARMA,RUA CONS NABUCO,4155,ARRAIAL FARMA,CASA AMARELA,,SUBURBIO,ABALROAMENTO LONGITUDINAL,COLISÃO SEM VITIMAS,3,,,,,,,,,0,,Longo da via,Bom,Não existe,Perfeito estado,Seca,Perfeito estado,,Outras,,Dupla,,,,,,,
2018-11-03,10:52:00,SEM VÍTIMA,FINALIZADA,AFOGADOS,RUA NICOLAU PEREIRA,385,,EM FRENTE AO TERMINAL INTEGRADO DE AFOGADOS, PROX. A DEFENSORIA PUBLICA,RUA NICOLAU PEREIRA,385,EM FRENTE AO TERMINAL INTEGRADO DE AFOGADOS, PROX. A DEFENSORIA PUBLICA,AFOGADOS,,CIDADE,CHOQUE VEÍCULO PARADO,ONIBUS E CAMINHÃO,,,,,,1,1,,,0,,Longo da via,Bom,Não existe,Perfeito estado,Seca,Perfeito estado,Não existe,Não há placas,,Única,Não existe,,,,
2018-11-03,10:59:00,SEM VÍTIMA,CANCELADA,ÁGUA FRIA,RUA SAO SEBASTIAO,872,,EM FRENTE A IGREJA BATISTA ESPERANÇA, APOS O MERCADO DANIELE,RUA SAO SEBASTIAO,872,EM FRENTE A IGREJA BATISTA ESPERANÇA, APOS O MERCADO DANIELE,ÁGUA FRIA,,,COLISÃO,MOTO E AUTO,1,1,,,,,,,,0,,Não informado,,,,,,,,,,,,,,
2018-11-03,12:03:00,SEM VÍTIMA,CANCELADA,BOA VIAGEM,RUA MARIA CAROLINA,661,RUA MINISTRO NELSON HUNGRIA,E/F AO HTEL BRISTOL,RUA MARIA CAROLINA,661,E/F AO HTEL BRISTOL,BOA VIAGEM,,,COLISÃO,COLISAO ENTRE DOIS AUTOS S/V,2,,,,,,,,,0,,Não informado,,,,,,,,,,,,,,,,
2018-11-03,12:49:00,SEM VÍTIMA,CANCELADA,BEBERIBE,PRC DA CONVENCAO,45,,EM FRENTE A ESPOSENDE,PRC DA CONVENCAO,45,EM FRENTE A ESPOSENDE,BEBERIBE,,,COLISÃO,ONIBUS E MOTO,1,1,,,,,,,,0,,Não informado,,,,,,,,,,,,,,,,
2018-11-03,13:31:00,COM VÍTIMA,FINALIZADA,ÁGUA FRIA,AV BEBERIBE,2595,,EM FENTE À ESCOLA PROF. PEDRO AUGUSTO,AV BEBERIBE,2595,EM FENTE À ESCOLA PROF. PEDRO AUGUSTO,ÁGUA FRIA,,CIDADE,COLISÃO COM CICLISTA,ÔNIBUS X CICLISTA,,,,1,,1,,,,1,,Longo da via,Bom,Não existe,Não existente,Seca,Perfeito estado,Faixa de pedestre,,,Dupla,FAIXA,,,,,,
2018-11-03,16:02:00,SEM VÍTIMA,FINALIZADA,PARNAMIRIM,RUA SEBASTIAO ALVES,,RUA PADRE ROMA,PRÓX AO RESTAURANTE FACA BUTECO,RUA SEBASTIAO ALVES,,PRÓX AO RESTAURANTE FACA BUTECO,PARNAMIRIM,,OUTRO,ABALROAMENTO LONGITUDINAL,ENTRE AUTOS S/V.,2,,,,,,,,,0,,Longo da via,Bom,Não existe,Perfeito estado,Seca,Perfeito estado,Não existe,Outras,20 km/h,Única,Não existe,,,,,,
2018-11-03,16:13:00,SEM VÍTIMA,FINALIZADA,AFOGADOS,RUA DA PAZ,161,RUA NICOLAU PEREIRA,SOB O SEMÁFORO DE NÚMERO 073,RUA DA PAZ,161,SOB O SEMÁFORO DE NÚMERO 073,AFOGADOS,73,SUBURBIO,ABALROAMENTO TRANSVERSAL,DOIS AUTOS,2,,,,,,,,,0,,Cruzamento,Bom,Sem defeito,Ilegível,Seca,Perfeito estado,Não existe,Não há placas,,Única,Não existe,,,,,,
2018-11-03,16:35:00,COM VÍTIMA,FINALIZADA,PAISSANDU,AV GOVERNADOR AGAMENON MAGALHAES,,RUA PAISSANDU,PROX AO HOSPITAL PORTUGUES,AV GOVERNADOR AGAMENON MAGALHAES,,PROX AO HOSPITAL PORTUGUES,PAISSANDU,69,,ABALROAMENTO LONGITUDINAL,COLISAO ENTRE AUTO E MOTO COM DUAS VITIMAS VT 22 NO LOCAL,1,1,,,,,,,,1,,Cruzamento,Bom,Sem defeito,Perfeito estado,Seca,Perfeito estado,Faixa de pedestre,R-19,60 km/h,Dupla,CANAL,,,,,,
2018-11-03,18:58:00,COM VÍTIMA,FINALIZADA,NOVA DESCOBERTA,RUA CORREGO DA AREIA,835,,ENF AO ARMAZEM DOIS IRMAOS,RUA CORREGO DA AREIA,835,ENF AO ARMAZEM DOIS IRMAOS,NOVA DESCOBERTA,,SUBURBIO,ABALROAMENTO LONGITUDINAL,TAXI X CARROÇA PARA CAVELO,1,,,,,,,,1,1,,Longo da via,Bom,Não existe,Não existente,Seca,Perfeito estado,Não existe,Não há placas,,Dupla,Não existe,,,,,,
2018-11-03,19:43:00,COM VÍTIMA,CANCELADA,BOA VISTA,RUA DR JOSE MARIANO,,RUA VELHA,EM CIMA DA PONTE,RUA DR JOSE MARIANO,,EM CIMA DA PONTE,BOA VISTA,,,ACID. DE PERCURSO,CONDUTORA DA MOTO PERDEU O CONTROLE E BATEU NO CANTEIRO.,,1,,,,,,,,1,,Não informado,,,,,,,,,,,,,,,,
2018-11-03,19:53:00,COM VÍTIMA,CANCELADA,IPSEP,AV RECIFE,,,PIZARIA ATLÂNTICO,AV RECIFE,,PIZARIA ATLÂNTICO,IPSEP,,,COLISÃO,ACIDENTE COM MOTO E AUTO,1,1,,,,,,,,2,,Não informado,,,,,,,,,,,,,,,,
2018-11-03,20:11:00,SEM VÍTIMA,FINALIZADA,TAMARINEIRA,AV NORTE,3652,,ALARM CENTER,AV NORTE,3652,ALARM CENTER,TAMARINEIRA,,SUBURBIO,ABALROAMENTO LONGITUDINAL,ENTRE ÔNIBUS E AUTO C/V.,1,,,,,1,,,,0,,Longo da via,Bom,Não existe,Perfeito estado,Seca,Perfeito estado,Não existe,Não há placas,,Única,Faixa seccionada,,,,,,
2018-11-03,22:15:00,COM VÍTIMA,FINALIZADA,BOA VIAGEM,RUA DES JOAO PAES,,AV DES JOSE NEVES,EM FRENTE à FERREIRA PINTO,RUA DES JOAO PAES,,EM FRENTE à FERREIRA PINTO,BOA VIAGEM,567,CIDADE,ABALROAMENTO TRANSVERSAL,ENTRE AUTO E MOTO C/V.,1,1,,,,,,,,1,,Cruzamento,Bom,Sem defeito,Perfeito estado,Seca,Perfeito estado,,,,Única,,,,,,,
2018-11-03,22:44:00,SEM VÍTIMA,CANCELADA,BOA VIAGEM,AV BOA VIAGEM,3870,RUA RIBEIRO DE BRITO,ENF AO QUIOSQUE 28 // DEPOIS DA RIBEIRO DE BRITO,AV BOA VIAGEM,3870,ENF AO QUIOSQUE 28 // DEPOIS DA RIBEIRO DE BRITO,BOA VIAGEM,,,COLISÃO,TAXI X FIESTA,2,,,,,,,,,0,,Não informado,,,,,,,,,,,,,,,,
2018-11-03,23:25:00,COM VÍTIMA,CANCELADA,BOA VIAGEM,AV DES JOSE NEVES,,RUA DES JOAO PAES,PROX A FERREIRA PINTO DE BOA VIAGEM,AV DES JOSE NEVES,,PROX A FERREIRA PINTO DE BOA VIAGEM,BOA VIAGEM,,,COLISÃO,CORSA X MOTO,1,1,,,,,,,,1,,Não informado,,,,,,,,,,,,,,,,
2018-11-04,01:43:00,SEM VÍTIMA,FINALIZADA,TORRE,AV BEIRA RIO,879,,EM FRENTE AO EDF. QUATRO ESTAÇÕES,AV BEIRA RIO,879,EM FRENTE AO EDF. QUATRO ESTAÇÕES,TORRE,,SUBURBIO,CHOQUE,TRÊS AUTOS,5,,,,,,,,,0,,Longo da via,Bom,Sem defeito,Perfeito estado,Seca,Perfeito estado,Não existe,Outras,40 km/h,Dupla,Faixa contínua,,,,,,
2018-11-04,09:35:00,SEM VÍTIMA,FINALIZADA,TEJIPIÓ,AV DR JOSE RUFINO,3048,,EM FRENTE A ESCOLA ESTADUAL ALBERTO TORRES,AV DR JOSE RUFINO,3048,EM FRENTE A ESCOLA ESTADUAL ALBERTO TORRES,TEJIPIÓ,,SUBURBIO,COLISÃO TRASEIRA,SEM VITIMAS,2,,,,,,,,,0,,Longo da via,Bom,Não existe,Perfeito estado,Seca,Perfeito estado,Não existe,Outras,,Dupla,Faixa contínua,,,,,,
2018-11-04,11:43:00,SEM VÍTIMA,FINALIZADA,ESPINHEIRO,AV CONS ROSA E SILVA,,,EM FRENTE AO HOSPITAL DOS SERVIDORES DO ESTADO,AV CONS ROSA E SILVA,,EM FRENTE AO HOSPITAL DOS SERVIDORES DO ESTADO,ESPINHEIRO,,CIDADE,ABALROAMENTO LONGITUDINAL,SEM VITIMAS,2,,,,,,,,,0,,Longo da via,Bom,Sem defeito,Perfeito estado,Seca,Perfeito estado,Não existe,Outras,,Única,Não existe,,,,,,
2018-11-04,12:18:00,SEM VÍTIMA,CANCELADA,BOA VIAGEM,AV ENGENHEIRO DOMINGOS FERREIRA,439,,EM FRENTE AO AO HOTEL VELA BRANCA,AV ENGENHEIRO DOMINGOS FERREIRA,439,EM FRENTE AO AO HOTEL VELA BRANCA,BOA VIAGEM,,,COLISÃO,SEM VITIMAS ,NA FAIXA DA ESQUERDA SENT/PIEDADE,2,,,,,,,,,0,,Não informado,,,,,,,,,,,,,,,
2018-11-04,12:58:00,SEM VÍTIMA,FINALIZADA,BOA VIAGEM,AV DES JOSE NEVES,,RUA BARAO DE SOUZA LEAO,NA ALTIURA DO SUPERMERCADO TREVO,AV DES JOSE NEVES,,NA ALTIURA DO SUPERMERCADO TREVO,BOA VIAGEM,476,SUBURBIO,COLISÃO TRASEIRA,IX 35 X PEUGEOT,2,,,,,,,,,0,,Longo da via,Bom,Sem defeito,Perfeito estado,Seca,Perfeito estado,Não existe,Outras,,Única,Faixa seccionada,,,,,,
2018-11-04,13:40:00,COM VÍTIMA,FINALIZADA,TAMARINEIRA,AV PROFESSOR JOSE DOS ANJOS,4200,RUA CABO ARAGAO,ENF AO HOTEL NEXOS,AV PROFESSOR JOSE DOS ANJOS,4200,ENF AO HOTEL NEXOS,TAMARINEIRA,,CIDADE,COLISÃO COM CICLISTA,MOTO X CICLISTA,,1,,1,,,,,,1,,Longo da via,Bom,Não existe,Perfeito estado,Seca,Perfeito estado,Não existe,Não há placas,50 km/h,Única,Faixa seccionada,,,,,,
2018-11-04,15:42:00,COM VÍTIMA,FINALIZADA,BOA VIAGEM,RUA VISCONDE DE JEQUITINHONHA,1140,,ANTES DO DONA LINDU,RUA VISCONDE DE JEQUITINHONHA,1140,ANTES DO DONA LINDU,BOA VIAGEM,,SUBURBIO,COLISÃO TRASEIRA,COLISAÃO COM VITIMA,1,1,,,,,,,,2,,Longo da via,Bom,Não existe,Perfeito estado,Seca,Perfeito estado,Faixa de pedestre,Não há placas,,Única,,,,,,,
2018-11-04,16:31:00,COM VÍTIMA,FINALIZADA,ARRUDA,AV BEBERIBE,,,PROX AO POSTO DE COMBUSTIVEL PETROBRAS E BOMPREÇO, EM FRENTE À PIZZARIA DO CHICÃO,AV BEBERIBE,,PROX AO POSTO DE COMBUSTIVEL PETROBRAS E BOMPREÇO, EM FRENTE À PIZZARIA DO CHICÃO,ARRUDA,,SUBURBIO,COLISÃO TRASEIRA,DOIS AUTOS OBS:: SAMU ESTA QUERENDO REMOVER A VITIMA MAS ESTA TENDO DIFICULDADE DEVIDO O TRANSITO,1,1,,,,,,,,1,,Longo da via,Bom,Não existe,Perfeito estado,Seca,Perfeito estado,Não existe,OUTROS,,Dupla,FAIXA,,,,