data,hora,natureza_acidente,situacao,bairro,endereco,numero,detalhe_endereco_acidente,complemento,endereco_cruzamento,numero_cruzamento,referencia_cruzamento,bairro_cruzamento,num_semaforo,sentido_via,tipo,descricao,auto,moto,ciclom,ciclista,pedestre,onibus,caminhao,viatura,outros,vitimas,vitimasfatais,acidente_verificado,tempo_clima,situacao_semaforo,sinalizacao,condicao_via,conservacao_via,ponto_controle,situacao_placa,velocidade_max_via,mao_direcao,divisao_via1,divisao_via2,divisao_via3,,,,
2018-11-04,16:43:00,SEM VÍTIMA,CANCELADA,DOIS IRMÃOS,EST DO PASSARINHO,,,POR TRAS DA CASA DO EX GOVERNADOR EDUARDO CAMPOS,EST DO PASSARINHO,,POR TRAS DA CASA DO EX GOVERNADOR EDUARDO CAMPOS,DOIS IRMÃOS,,,COLISÃO,SAVEIRO X JEEP DA TV TRIBUNA,2,,,,,,,,,0,,Não informado,,,,,,,,,,,,,,,,
2018-11-04,18:26:00,SEM VÍTIMA,FINALIZADA,AREIAS,AV DR JOSE RUFINO,841,,ENF AO COLEGIO JOSE MARIANO // APOIS O CENTRO DE TREINAMENTO DA HONDA,AV DR JOSE RUFINO,841,ENF AO COLEGIO JOSE MARIANO // APOIS O CENTRO DE TREINAMENTO DA HONDA,AREIAS,,CIDADE,ABALROAMENTO LONGITUDINAL,PALIO X CORSA,2,,,,,,,,,0,,Longo da via,Bom,Não existe,Perfeito estado,Seca,Perfeito estado,,,,Dupla,,,,,,,
2018-11-04,18:37:00,SEM VÍTIMA,FINALIZADA,BOA VIAGEM,RUA PADRE BERNADINO PESSOA,408,RUA FRANCISCO DA CUNHA,PROX A HAMBURGUERIA GAMES,RUA PADRE BERNADINO PESSOA,408,PROX A HAMBURGUERIA GAMES,BOA VIAGEM,,CIDADE,ABALROAMENTO LONGITUDINAL,ONIX X HONDA CIVIC,2,,,,,,,,,0,,Longo da via,Bom,Não existe,Perfeito estado,Seca,Perfeito estado,Não existe,Não há placas,,Única,Faixa contínua,,,,,,
2018-11-04,19:07:00,SEM VÍTIMA,FINALIZADA,IPUTINGA,RUA MAURICIO DE NASSAU,42,,PROX A LOMBADA ELETRONICA // UNIDADE DE SAUDE FAMILIA,RUA MAURICIO DE NASSAU,42,PROX A LOMBADA ELETRONICA // UNIDADE DE SAUDE FAMILIA,IPUTINGA,,SUBURBIO,ABALROAMENTO LONGITUDINAL,UNO X CELTA,2,,,,,,,,,0,,Longo da via,Bom,Sem defeito,Perfeito estado,Seca,Perfeito estado,Outros,Outras,40 km/h,Dupla,Faixa contínua,,,,,,
2018-11-04,19:11:00,SEM VÍTIMA,FINALIZADA,SANTO AMARO,AV NORTE,,,E/F AO CENTERLEO E APÓS O VIADUTO,AV NORTE,,E/F AO CENTERLEO E APÓS O VIADUTO,SANTO AMARO,97,CIDADE,ABALROAMENTO LONGITUDINAL,ENTRE ÕNIBUS E AUTO PASSEIO. S/V,1,,,,,1,,,,0,,Longo da via,Bom,Sem defeito,Perfeito estado,Seca,Perfeito estado,Outros,Outras,,Dupla,Faixa contínua,,,,,,
2018-11-04,19:34:00,SEM VÍTIMA,FINALIZADA,ROSARINHO,RUA TELES JUNIOR,,RUA DES MARTINS PEREIRA,E/F AO RESTAURANTE FERNANDOS / PRÓX AO POSTO SHELL E ITAU,RUA TELES JUNIOR,,E/F AO RESTAURANTE FERNANDOS / PRÓX AO POSTO SHELL E ITAU,ROSARINHO,157,SUBURBIO,ABALROAMENTO TRANSVERSAL,ENTRE 2 AUTOS. S/V,2,,,,,,,,,0,,Cruzamento,Bom,Não existe,Perfeito estado,Seca,Perfeito estado,Outros,"Placas ""Pare""",,Dupla,Faixa contínua,,,,,,
2018-11-04,20:23:00,SEM VÍTIMA,FINALIZADA,BAIRRO DO RECIFE,AV ALFREDO LISBOA,,,ENF A CAIXA ECONOMICA CULTURAL NO CONTORNO DA PRC MARCO ZERO,AV ALFREDO LISBOA,,ENF A CAIXA ECONOMICA CULTURAL NO CONTORNO DA PRC MARCO ZERO,BAIRRO DO RECIFE,,SUBURBIO,ABALROAMENTO LONGITUDINAL,HILUX X PEUGEOT OBS:: SUSPEITA DE EMBRIAGUEZ,2,,,,,,,,,0,,Longo da via,Bom,Não existe,Perfeito estado,Seca,Perfeito estado,Não existe,Não há placas,30 km/h,Única,Não existe,,,,,,
2018-11-04,20:37:00,COM VÍTIMA,FINALIZADA,PINA,AV ENGENHEIRO DOMINGOS FERREIRA,,RUA TOME GIBSON,PROXIMO AO SEMAFORO Nº200,AV ENGENHEIRO DOMINGOS FERREIRA,,PROXIMO AO SEMAFORO Nº200,PINA,200,SUBURBIO,ATROPELAMENTO,ATROPELAMENTO AUTO E PEDESTRE,1,,,,1,,,,,1,,Longo da via,Bom,Sem defeito,Perfeito estado,Seca,Perfeito estado,,R-32,,Única,Canteiro central,,,,,,
2018-11-04,20:40:00,VÍTIMA FATAL,FINALIZADA,BOA VISTA,RUA JOAO FERNANDES VIEIRA,S/N,,PROXIMIDADES DO HOSPITAL DE FRATURAS / APÓS A PRC PARQUE AMORIM,RUA JOAO FERNANDES VIEIRA,S/N,PROXIMIDADES DO HOSPITAL DE FRATURAS / APÓS A PRC PARQUE AMORIM,BOA VISTA,,CIDADE,CHOQUE OBJETO FIXO,CHOQUE ENTRE AUTO E ÁRVORE NO LOCAL. C/V,1,,,,,,,,,1,1,Longo da via,Bom,Não existe,Perfeito estado,Seca,Perfeito estado,,,,Única,,,,,,,
2018-11-05,03:59:00,SEM VÍTIMA,FINALIZADA,CAXANGÁ,AV CAXANGA,,,EM FRENTE A IGREJA PAZ E VIDA // EM FRENTE AO GOLF CLUBE,AV CAXANGA,,EM FRENTE A IGREJA PAZ E VIDA // EM FRENTE AO GOLF CLUBE,CAXANGÁ,,CIDADE,CHOQUE OBJETO FIXO,VEÍCULO CHOCOU-SE CONTRA UMA PLACA INFORMATIVA,1,,,,,,,,,0,,Longo da via,Bom,Não existe,Perfeito estado,Seca,Perfeito estado,Outros,Outras,,Única,Canteiro central,,,,,,
2018-11-05,05:55:00,SEM VÍTIMA,FINALIZADA,PAISSANDU,RUA PAISSANDU,707,,EM FRENTE AO HOSPITAL SÃO MARCOS,RUA PAISSANDU,707,EM FRENTE AO HOSPITAL SÃO MARCOS,PAISSANDU,,CIDADE,ABALROAMENTO LONGITUDINAL,COLISÃO ENTRE DOIS AUTOS, SEM VÍTIMAS,1,,,,,,,,1,0,,Longo da via,Bom,Não existe,Perfeito estado,Seca,Perfeito estado,Não existe,Não há placas,40 km/h,Única,Canteiro central,,,,,
2018-11-05,07:06:00,SEM VÍTIMA,CANCELADA,JARDIM SÃO PAULO,RUA LEANDRO BARRETO,517,,EM FRENTE A PADARIA LA ROQUE,RUA LEANDRO BARRETO,517,EM FRENTE A PADARIA LA ROQUE,JARDIM SÃO PAULO,,,COLISÃO,COLISÃO SEM VITIMAS,1,,,,,1,,,,0,,Não informado,,,,,,,,,,,,,,,,
2018-11-05,07:16:00,SEM VÍTIMA,FINALIZADA,PINA,AV ANTONIO DE GOES,146,,EM FRENTE A LOJA CASA DA BATERIA,AV ANTONIO DE GOES,146,EM FRENTE A LOJA CASA DA BATERIA,PINA,226,CIDADE,COLISÃO TRASEIRA,SEM VÍTIMAS. GM (PONTO FIXO) NO LOCAL.,2,,,,,,,,,0,,Longo da via,Bom,Sem defeito,Perfeito estado,Seca,Perfeito estado,Agente,Não há placas,60 km/h,Única,Canteiro central,,,,,,
2018-11-05,07:33:00,COM VÍTIMA,FINALIZADA,BOA VIAGEM,RUA CACHOEIRA,101,,EM FRENTE AO RESTAURANTE FOGÃO A LENHA E A FACULDADE BOA VIAGEM,RUA CACHOEIRA,101,EM FRENTE AO RESTAURANTE FOGÃO A LENHA E A FACULDADE BOA VIAGEM,BOA VIAGEM,,SUBURBIO,ABALROAMENTO LONGITUDINAL,COLISÃO COM VITIMA SOCORRIDA PELO SAMU,1,1,,,,,,,,1,,Longo da via,Bom,Não existe,Não existente,Seca,Mal iluminada,Não existe,Não há placas,40 km/h,Dupla,Não existe,,,,,,
2018-11-05,07:46:00,SEM VÍTIMA,FINALIZADA,PRADO,RUA RICARDO SALAZAR,83,,EM FRENTE A GEOSISTEMAS,RUA RICARDO SALAZAR,83,EM FRENTE A GEOSISTEMAS,PRADO,,CIDADE,ABALROAMENTO LONGITUDINAL,DOIS AUTOS E UMA MOTO,2,1,,,,,,,,0,,Longo da via,Bom,Não existe,Não existente,Seca,Perfeito estado,Não existe,Não há placas,,Única,Não existe,,,,,,
2018-11-05,07:48:00,SEM VÍTIMA,FINALIZADA,BOA VISTA,RUA DO HOSPICIO,,,EM FRENTE OA COLÉGIO JOÃO BARBALHO,RUA DO HOSPICIO,,EM FRENTE OA COLÉGIO JOÃO BARBALHO,BOA VISTA,,SUBURBIO,ABALROAMENTO TRANSVERSAL,AUTO E MOTOCICLETA,1,1,,,,,,,,0,,Longo da via,Bom,Sem defeito,Ilegível,Seca,Perfeito estado,,,,,,,,,,,
2018-11-05,08:01:00,SEM VÍTIMA,CANCELADA,BOA VISTA,RUA DO HOSPICIO,,,,RUA DO HOSPICIO,,,BOA VISTA,,,COLISÃO,COLISÃO SEM VITIMAS GM QTH,1,1,,,,,,,,0,,Não informado,,,,,,,,,,,,,,,,
2018-11-05,08:29:00,SEM VÍTIMA,FINALIZADA,IPSEP,RUA JEAN EMILE FAVRE,1300,,EM FRENTE AO RESTAURANTE KI SABOR,RUA JEAN EMILE FAVRE,1300,EM FRENTE AO RESTAURANTE KI SABOR,IPSEP,,CIDADE,ABALROAMENTO TRANSVERSAL,ONIBUS E AUTO PASSEIO,1,,,,,1,,,,0,,Longo da via,Bom,Não existe,Perfeito estado,Seca,Perfeito estado,Faixa de pedestre,Outras,,Dupla,Faixa seccionada,,,,,,
2018-11-05,08:57:00,SEM VÍTIMA,CANCELADA,BAIRRO DO RECIFE,RUA MADRE DEUS,,,NO COMEÇO DA PONTE GIRATORIA,RUA MADRE DEUS,,NO COMEÇO DA PONTE GIRATORIA,BAIRRO DO RECIFE,,TORRE GEMEAS,COLISÃO,COLISÃO SEM VITIMAS,2,,,,,,,,,0,,Não informado,,,,,,,,,,,,,,,,
2018-11-05,09:29:00,COM VÍTIMA,FINALIZADA,CAXANGÁ,AV CAXANGA,5073,,J E G ALUMINÍNIOS,AV CAXANGA,5073,J E G ALUMINÍNIOS,CAXANGÁ,228,CIDADE,COLISÃO TRASEIRA,COM DUAS VITIMAS EM ATENDIMENTO PELO SAMU. VT 14 NO LOCAL,1,1,,,,,,,,2,,Longo da via,Bom,Sem defeito,Perfeito estado,Seca,Perfeito estado,Faixa de pedestre,R-6a,,Dupla,Canteiro central,,,,,,
2018-11-05,09:42:00,SEM VÍTIMA,FINALIZADA,CASA FORTE,AV DEZESSETE DE AGOSTO,1986,RUA JADER DE ANDRADE,ESQUINA COM O LABORATÓRIO MARCELO MAGALHÃES,AV DEZESSETE DE AGOSTO,1986,ESQUINA COM O LABORATÓRIO MARCELO MAGALHÃES,CASA FORTE,,SUBURBIO,ABALROAMENTO LONGITUDINAL,DOIS AUTOS VT 13 NO QTH,2,,,,,,,,,0,,Longo da via,Bom,Não existe,Perfeito estado,Seca,Perfeito estado,Não existe,Não há placas,60 km/h,Dupla,Faixa contínua,,,,,,
2018-11-05,09:44:00,SEM VÍTIMA,FINALIZADA,TORRE,RUA DOM MANOEL DA COSTA,405,RUA PADRE LANDIM,ESCOLA MUNICIPAL PAROQUIAL CRISTO REI,RUA DOM MANOEL DA COSTA,405,ESCOLA MUNICIPAL PAROQUIAL CRISTO REI,TORRE,,,ABALROAMENTO TRANSVERSAL,COLISÃO SEM VITIMAS,2,,,,,,,,,0,,Cruzamento,Bom,Sem defeito,Incompleta,Seca,Perfeito estado,Faixa de pedestre,Não há placas,,Única,Faixa seccionada,,,,,,
2018-11-05,10:18:00,SEM VÍTIMA,FINALIZADA,DERBY,PRC DO DERBY,,,EM FRENTE A PRAÇA DO DERBY,PRC DO DERBY,,EM FRENTE A PRAÇA DO DERBY,DERBY,75,SUBURBIO,ABALROAMENTO LONGITUDINAL,COLISÃO SEM VITIMAS,1,,,,,1,,,,0,,Longo da via,Bom,Sem defeito,Perfeito estado,Seca,Perfeito estado,Faixa de pedestre,Outras,60 km/h,Dupla,Canteiro central,,,,,,
2018-11-05,10:47:00,SEM VÍTIMA,FINALIZADA,PINA,RUA JOAQUIM CARNEIRO DA SILVA,256,,EM FRENTE A PRAÇA MARCOS ANTONIO VILLAÇA,RUA JOAQUIM CARNEIRO DA SILVA,256,EM FRENTE A PRAÇA MARCOS ANTONIO VILLAÇA,PINA,,SUBURBIO,ABALROAMENTO LONGITUDINAL,COLISÃO SEM VITIMAS,1,,,,,,1,,,0,,Longo da via,Bom,Não existe,Não existente,Seca,Mal conservada,Não existe,Não há placas,,Dupla,Não existe,,,,,,
2018-11-05,11:54:00,SEM VÍTIMA,CANCELADA,MADALENA,RUA REAL DA TORRE,,,E/F AO MERCADO DA MADALENA,RUA REAL DA TORRE,,E/F AO MERCADO DA MADALENA,MADALENA,179,,COLISÃO,COLISAO ENTRE DOIS AUTOS S/V,2,,,,,,,,,0,,Não informado,,,,,,,,,,,,,,,,
2018-11-05,12:14:00,SEM VÍTIMA,FINALIZADA,SAN MARTIN,AV ENGENHEIRO ABDIAS DE CARVALHO,,,PRAÇA DA CHESF,AV ENGENHEIRO ABDIAS DE CARVALHO,,PRAÇA DA CHESF,SAN MARTIN,375,CIDADE,COLISÃO TRASEIRA,COLISÃO SEM VITIMAS,2,,,,,,,,,0,,Longo da via,Bom,Sem defeito,Perfeito estado,Seca,Perfeito estado,Faixa de pedestre,Não há placas,,Dupla,Canteiro central,,,,,,
2018-11-05,12:30:00,SEM VÍTIMA,FINALIZADA,IBURA,RUA RIO XINGU,,,AO LADO DO POSTO BR,RUA RIO XINGU,,AO LADO DO POSTO BR,IBURA,,SUBURBIO,ABALROAMENTO LONGITUDINAL,CLISAO ENTRE AUTO E MOTO S/V,1,1,,,,,,,,0,,Longo da via,Bom,Não existe,Perfeito estado,Seca,Perfeito estado,Não existe,Não há placas,40 km/h,Dupla,Não existe,,,,,,
2018-11-05,12:46:00,SEM VÍTIMA,FINALIZADA,NOVA DESCOBERTA,COR DO BOLEIRO,,,NO TERMINAL DO CORREGO DA AREIA,COR DO BOLEIRO,,NO TERMINAL DO CORREGO DA AREIA,NOVA DESCOBERTA,,SUBURBIO,ABALROAMENTO LONGITUDINAL,COLISAO ENTRE CARRETA E AUTO S/V,1,,,,,,1,,,0,,Longo da via,Bom,Não existe,Não existente,Seca,Perfeito estado,,Não há placas,,Dupla,,,,,,,
2018-11-05,12:52:00,SEM VÍTIMA,FINALIZADA,AFOGADOS,RUA DA PAZ,,,EM FRENTE A CAIXA ECONOMICA,RUA DA PAZ,,EM FRENTE A CAIXA ECONOMICA,AFOGADOS,73,,COLISÃO TRASEIRA,COLISÃO SEM VITIMAS,,1,,,,1,,,,0,,Longo da via,Bom,Sem defeito,Não existente,Seca,Perfeito estado,Não existe,Não há placas,,Única,Não existe,,,,,,
2018-11-05,12:58:00,SEM VÍTIMA,CANCELADA,VÁRZEA,AV AFONSO OLINDENSE,,,EM FRENTE AO ARMAZEM KIOSK,AV AFONSO OLINDENSE,,EM FRENTE AO ARMAZEM KIOSK,VÁRZEA,,CIDADE,COLISÃO,COLISÃO SEM VITIMAS,,1,,,,,1,,,0,,Não informado,,,,,,,,,,,,,,,,
2018-11-05,13:46:00,SEM VÍTIMA,FINALIZADA,TORREÃO,RUA DJALMA FARIAS,58,RUA LADARIO DE SOUZA,EM FRENTE AO ADVOGADOS MONTEIRO DE FREITAS,RUA DJALMA FARIAS,58,EM FRENTE AO ADVOGADOS MONTEIRO DE FREITAS,TORREÃO,,SUBURBIO,ABALROAMENTO TRANSVERSAL,COLISÃO SEM VITIMAS,2,,,,,,,,,0,,Cruzamento,Bom,Não existe,Perfeito estado,Seca,Perfeito estado,Outros,Não há placas,30 km/h,Dupla,Faixa seccionada,,,,,,
2018-11-05,14:27:00,SEM VÍTIMA,FINALIZADA,DERBY,AV GOVERNADOR AGAMENON MAGALHAES,,,E/F A URGENCIA PEDIATRICA DA UNIMED PISTA LOCAL S/T BOA VIAGEM,AV GOVERNADOR AGAMENON MAGALHAES,,E/F A URGENCIA PEDIATRICA DA UNIMED PISTA LOCAL S/T BOA VIAGEM,DERBY,,SUBURBIO,COLISÃO TRASEIRA,COLISAO ENTRE TRES AUTOS S/V,3,,,,,,,,,0,,Longo da via,Bom,Não existe,Perfeito estado,Seca,Perfeito estado,Não existe,Não há placas,,Única,Faixa seccionada,,,,,,
2018-11-05,14:40:00,SEM VÍTIMA,FINALIZADA,BOA VIAGEM,AV FERNANDO SIMOES BARBOSA,329,,E/F AO RESTAURANTE PONTEIO,AV FERNANDO SIMOES BARBOSA,329,E/F AO RESTAURANTE PONTEIO,BOA VIAGEM,329,SUBURBIO,ABALROAMENTO LONGITUDINAL,COLISAO ENTRE DOIS AUTOS S/V,2,,,,,,,,,0,,Longo da via,Bom,Sem defeito,Perfeito estado,Seca,Perfeito estado,Faixa de retenção,R-6a,,Única,Faixa seccionada,,,,,,
2018-11-05,14:49:00,SEM VÍTIMA,FINALIZADA,SANTO ANTÔNIO,AV MARTINS DE BARROS,,RUA SIQUEIRA CAMPOS,E/F AO BANCO SANTANDER,AV MARTINS DE BARROS,,E/F AO BANCO SANTANDER,SANTO ANTÔNIO,,,ABALROAMENTO LONGITUDINAL,COLISAO ENTRE AUTO E ONIBUS S/V,1,,,,,1,,,,0,,Longo da via,Bom,Sem defeito,Perfeito estado,Seca,Perfeito estado,Faixa de pedestre,R-6a,40 km/h,Única,Faixa seccionada,,,,,,
2018-11-05,15:14:00,SEM VÍTIMA,FINALIZADA,TORREÃO,AV NORTE,,RUA DJALMA FARIAS,E/F A ESQUINA DA PICANHA S/T SUB,AV NORTE,,E/F A ESQUINA DA PICANHA S/T SUB,TORREÃO,,SUBURBIO,ABALROAMENTO LONGITUDINAL,COLISAO ENTRE DOIS AUTOS S/V,2,,,,,,,,,0,,Outros,Bom,Não existe,Perfeito estado,Seca,Perfeito estado,,"Placas ""Pare""",,Dupla,Canteiro central,,,,,,
2018-11-05,15:22:00,SEM VÍTIMA,FINALIZADA,PRADO,AV ENGENHEIRO ABDIAS DE CARVALHO,,RUA CARLOS GOMES,EM FRENTE A PAGUE MENOS,AV ENGENHEIRO ABDIAS DE CARVALHO,,EM FRENTE A PAGUE MENOS,PRADO,57,SUBURBIO,COLISÃO TRASEIRA,COLISÃO SEM VITIMAS GM QTH,3,,,,,,,,,0,,Longo da via,Bom,Sem defeito,Perfeito estado,Seca,Perfeito estado,Faixa de pedestre,Não há placas,,Dupla,Canteiro central,,,,,,
2018-11-05,15:35:00,SEM VÍTIMA,FINALIZADA,IMBIRIBEIRA,RUA SARGENTO SILVIO DELMAR HOLLEMBACH,147,,E/F A EMPRESA MK CLEAN GALPAO 02 PROX A TOP MIX,RUA SARGENTO SILVIO DELMAR HOLLEMBACH,147,E/F A EMPRESA MK CLEAN GALPAO 02 PROX A TOP MIX,IMBIRIBEIRA,,SUBURBIO,ABALROAMENTO LONGITUDINAL,COLISAO ENTRE CAMINHAO E AUTO S/V,1,,,,,,1,,,0,,Longo da via,Bom,Não existe,Ilegível,Seca,Perfeito estado,Não existe,Não há placas,,Dupla,Não existe,,,,,,
2018-11-05,15:42:00,SEM VÍTIMA,FINALIZADA,BOA VISTA,RUA ALMEIDA CUNHA,,,EM FRENTE AO ESTACIONAMENTO DA UNIVERSIDADE CATOLICA,RUA ALMEIDA CUNHA,,EM FRENTE AO ESTACIONAMENTO DA UNIVERSIDADE CATOLICA,BOA VISTA,,CIDADE,ABALROAMENTO LONGITUDINAL,COLISÃO SEM VITIMAS,2,,,,,,,,,0,,Longo da via,Bom,Não existe,Incompleta,Seca,Perfeito estado,Não existe,Outras,,Única,Não existe,,,,,,
2018-11-05,16:31:00,SEM VÍTIMA,FINALIZADA,AFLITOS,AV CONS ROSA E SILVA,1241,RUA TEIXEIRA PINTO,,AV CONS ROSA E SILVA,1241,,AFLITOS,,SUBURBIO,ABALROAMENTO LONGITUDINAL,COLISAO ENTE DOIS AUTOS S/V,2,,,,,,,,,0,,Longo da via,Bom,Não existe,Perfeito estado,Seca,Perfeito estado,Outros,R-6a,,Única,Faixa seccionada,,,,,,
2018-11-05,16:46:00,COM VÍTIMA,FINALIZADA,IPUTINGA,RUA MAURICIO DE NASSAU,,1TR SANTA LUCIA,PROX AO GOE EM FRENTE AO SUPERMERCADO RENDE MAIS,RUA MAURICIO DE NASSAU,,PROX AO GOE EM FRENTE AO SUPERMERCADO RENDE MAIS,IPUTINGA,109,CIDADE,COLISÃO,COLISÃO COM VITIMA A ESPERA DO SAMU,1,1,,,,,,,,1,,Não informado,,,,,,,,,,,,,,,,
2018-11-05,17:06:00,SEM VÍTIMA,FINALIZADA,IMBIRIBEIRA,RUA JAMAICA,71,RUA IZABEL DE SOUZA,E/F AO MARTELINHO DE OURO,RUA JAMAICA,71,E/F AO MARTELINHO DE OURO,IMBIRIBEIRA,,CIDADE,ABALROAMENTO TRANSVERSAL,COLISAO ENTRE DOIS AUTOS S/V,2,,,,,,,,,0,,Cruzamento,Bom,Não existe,Incompleta,Seca,Perfeito estado,Não existe,"Placas ""Pare""",,Única,Faixa seccionada,,,,,,
2018-11-05,17:18:00,SEM VÍTIMA,CANCELADA,SÃO JOSÉ,AV SUL,,,,AV SUL,,,SÃO JOSÉ,205,,COLISÃO,,1,1,,,,,,,,0,,Não informado,,,,,,,,,,,,,,,,
2018-11-05,17:21:00,SEM VÍTIMA,FINALIZADA,ROSARINHO,AV SANTOS DUMONT,819,,ANTES DA PADARIA DO ROSARINHO,AV SANTOS DUMONT,819,ANTES DA PADARIA DO ROSARINHO,ROSARINHO,,CIDADE,ABALROAMENTO LONGITUDINAL,COLISO ENTRE CAMINHAO E AUTO S/V,1,,,,,,1,,,0,,Longo da via,Bom,Não existe,Perfeito estado,Seca,Perfeito estado,Não existe,Não há placas,,Única,Faixa seccionada,,,,,,
2018-11-05,18:48:00,COM VÍTIMA,FINALIZADA,ESPINHEIRO,RUA MARQUES DO PARANA,,RUA ALFREDO DE CARVALHO,POR TRAS DO MINISTERIO DO TRABALHO,RUA MARQUES DO PARANA,,POR TRAS DO MINISTERIO DO TRABALHO,ESPINHEIRO,,CIDADE,COLISÃO TRASEIRA,MOTO X TAXI,1,1,,,,,,,,1,,Cruzamento,Bom,Não existe,Perfeito estado,Seca,Perfeito estado,,"Placas ""Pare""",,Única,,,,,,,
2018-11-05,18:59:00,SEM VÍTIMA,FINALIZADA,BOA VISTA,RUA DAS NINFAS,235,RUA DO PROGRESSO,PROX AO CURSO GRAU TENICO,RUA DAS NINFAS,235,PROX AO CURSO GRAU TENICO,BOA VISTA,,CIDADE,ABALROAMENTO TRANSVERSAL,GOL X RENNO,2,,,,,,,,,0,,Cruzamento,Bom,Não existe,Incompleta,Seca,Mal iluminada,Não existe,R-6a,30 km/h,Dupla,Não existe,,,,,,
2018-11-05,19:38:00,SEM VÍTIMA,FINALIZADA,PRADO,AV ENGENHEIRO ABDIAS DE CARVALHO,1671,RUA RANDOLFO PINTO FERREIRA,PROX AO POSTO PETROBRAS // E RECUPERADORA DE PERNAMBUCO DE TAMBORES,AV ENGENHEIRO ABDIAS DE CARVALHO,1671,PROX AO POSTO PETROBRAS // E RECUPERADORA DE PERNAMBUCO DE TAMBORES,PRADO,,CIDADE,ABALROAMENTO LONGITUDINAL,CAMINHAO SKOL X ETIOS,1,,,,,,1,,,0,,Longo da via,Bom,Não existe,Perfeito estado,,,,Outras,60 km/h,Dupla,Canteiro central,,,,,,
2018-11-05,19:49:00,SEM VÍTIMA,FINALIZADA,BAIRRO DO RECIFE,RUA MARIZ E BARROS,173,,POSTO PETROBRAS,RUA MARIZ E BARROS,173,POSTO PETROBRAS,BAIRRO DO RECIFE,,SUBURBIO,ABALROAMENTO TRANSVERSAL,VOYAGE X FIAT PUNTO,2,,,,,,,,,0,,Cruzamento,Bom,Não existe,Não existente,Seca,Perfeito estado,Não existe,"Placas ""Pare""",,Única,Não existe,,,,,,
2018-11-05,19:56:00,COM VÍTIMA,FINALIZADA,ESPINHEIRO,AV NORTE,,,EM FRENTE AO SUPERMERCADO EXTRA BOM,AV NORTE,,EM FRENTE AO SUPERMERCADO EXTRA BOM,ESPINHEIRO,,CIDADE,COLISÃO TRASEIRA,,1,1,,,,,,,,1,,Longo da via,Bom,Sem defeito,Incompleta,Seca,Perfeito estado,Não existe,Não há placas,,Dupla,Canteiro central,,,,,,
2018-11-05,19:57:00,SEM VÍTIMA,FINALIZADA,CASA AMARELA,RUA DA HARMONIA,,RUA CONS NABUCO,PROX AO COLEGIO APOIO E CASA DE FESTA PLANETA A,RUA DA HARMONIA,,PROX AO COLEGIO APOIO E CASA DE FESTA PLANETA A,CASA AMARELA,,,ABALROAMENTO TRANSVERSAL,COROLLA X SIENA,2,,,,,,,,,0,,Cruzamento,Bom,Não existe,Incompleta,Seca,Perfeito estado,Faixa de pedestre,Outras,,Dupla,Faixa seccionada,,,,,,
2018-11-05,21:26:00,SEM VÍTIMA,FINALIZADA,CORDEIRO,AV CAXANGA,1360,RUA MAJOR QUINTEIRO,ANF A VAUARCONDICIONADO PARA AUTOS,AV CAXANGA,1360,ANF A VAUARCONDICIONADO PARA AUTOS,CORDEIRO,,SUBURBIO,COLISÃO TRASEIRA,HONDA CIT X ECOSPORT,2,,,,,,,,,0,,Longo da via,Bom,Não existe,Perfeito estado,Seca,Perfeito estado,Não existe,Outras,,Dupla,Canteiro central,,,,,,