data,hora,natureza_acidente,situacao,bairro,endereco,numero,detalhe_endereco_acidente,complemento,endereco_cruzamento,numero_cruzamento,referencia_cruzamento,bairro_cruzamento,num_semaforo,sentido_via,tipo,descricao,auto,moto,ciclom,ciclista,pedestre,onibus,caminhao,viatura,outros,vitimas,vitimasfatais,acidente_verificado,tempo_clima,situacao_semaforo,sinalizacao,condicao_via,conservacao_via,ponto_controle,situacao_placa,velocidade_max_via,mao_direcao,divisao_via1,divisao_via2,divisao_via3,,,,
2018-11-05,21:52:00,SEM VÍTIMA,FINALIZADA,AFOGADOS,RUA SANTOS ARAUJO,,,ENF A FACULDADE FAREC,RUA SANTOS ARAUJO,,ENF A FACULDADE FAREC,AFOGADOS,,CIDADE,ABALROAMENTO LONGITUDINAL,CAMINHAO X AUTO,1,,,,,,1,,,0,,Outros,Bom,Não existe,Perfeito estado,Seca,Mal iluminada,Não existe,Outras,40 km/h,Única,Faixa contínua,,,,,,
2018-11-06,07:29:00,SEM VÍTIMA,FINALIZADA,DERBY,PRC DO DERBY,,RUA JENER DE SOUZA,E/F AO QUARTEL DO DERBY,PRC DO DERBY,,E/F AO QUARTEL DO DERBY,DERBY,40,CIDADE,ABALROAMENTO TRANSVERSAL,SEM VÍTIMAS. GM NO LOCAL.,2,,,,,,,,,0,,Cruzamento,Bom,Sem defeito,Perfeito estado,Seca,Perfeito estado,Faixa de pedestre,Não há placas,50 km/h,Dupla,Faixa contínua,,,,,,
2018-11-06,07:48:00,SEM VÍTIMA,FINALIZADA,BOA VIAGEM,RUA PADRE CARAPUCEIRO,590,,E/F AO COLEGIO MOTIVO,RUA PADRE CARAPUCEIRO,590,E/F AO COLEGIO MOTIVO,BOA VIAGEM,,SUBURBIO,ABALROAMENTO LONGITUDINAL,SEM VÍTIMAS.,1,,,,,1,,,,0,,Longo da via,Bom,Não existe,Perfeito estado,Seca,Perfeito estado,Não existe,Outras,,Única,Faixa seccionada,,,,,,
2018-11-06,07:48:00,SEM VÍTIMA,FINALIZADA,IPSEP,AV RECIFE,,RUA GONCALVES DE MAGALHAES,,AV RECIFE,,,IPSEP,393,CIDADE,ABALROAMENTO TRANSVERSAL,DOIS AUTO,2,,,,,,,,,0,,Longo da via,Bom,Sem defeito,Perfeito estado,Seca,Perfeito estado,Não existe,Outras,40 km/h,Única,Não existe,,,,,,
2018-11-06,08:05:00,SEM VÍTIMA,CANCELADA,BOA VIAGEM,RUA PADRE CARAPUCEIRO,,RUA GENERAL EDSON AMANCIO RAMALHO,EM FRENTE AO COLEGIO MOTIVO,RUA PADRE CARAPUCEIRO,,EM FRENTE AO COLEGIO MOTIVO,BOA VIAGEM,,,COLISÃO,AUTO E ONIBUS ,,,,,,,,,,0,,Não informado,,,,,,,,,,,,,,,,
2018-11-06,08:07:00,COM VÍTIMA,FINALIZADA,SANTO AMARO,AV CRUZ CABUGA,304,,EM FRENTE AO GINÁSIO PERNAMBUCANO,AV CRUZ CABUGA,304,EM FRENTE AO GINÁSIO PERNAMBUCANO,SANTO AMARO,,CIDADE,ATROPELAMENTO,,,,,,1,1,,,,1,,Longo da via,Bom,Não existe,Perfeito estado,Seca,Mal conservada,,Não há placas,,Dupla,Faixa,,,,,,
2018-11-06,08:40:00,SEM VÍTIMA,FINALIZADA,BOA VISTA,RUA JOAO LIRA,,RUA DO HOSPICIO,EM FRENTE A ESCOLA SIZENANDO SILVEIRA,RUA JOAO LIRA,,EM FRENTE A ESCOLA SIZENANDO SILVEIRA,BOA VISTA,32,CIDADE,COLISÃO TRASEIRA,DOIS AUTOS,2,,,,,,,,,0,,Longo da via,Bom,Sem defeito,Perfeito estado,Seca,Perfeito estado,Faixa de pedestre,Outras,40 km/h,Única,Faixa seccionada,,,,,,
2018-11-06,08:50:00,SEM VÍTIMA,CANCELADA,PRADO,AV ENGENHEIRO ABDIAS DE CARVALHO,400,,EM FRENTE A GALERIA JAIME CAVALCANTI,AV ENGENHEIRO ABDIAS DE CARVALHO,400,EM FRENTE A GALERIA JAIME CAVALCANTI,PRADO,,CIDADE,COLISÃO,,3,,,,,,,,,0,,Não informado,,,,,,,,,,,,,,,,
2018-11-06,09:13:00,SEM VÍTIMA,FINALIZADA,AFOGADOS,AV SUL,,,E/F A POLICLÍNICA AGAMENON MAGALHÃES, SENTIDO LARGO DA PAZ,AV SUL,,E/F A POLICLÍNICA AGAMENON MAGALHÃES, SENTIDO LARGO DA PAZ,AFOGADOS,,CIDADE,ABALROAMENTO LONGITUDINAL,SEM VÍTIMAS,1,,,,,,1,,,0,,Longo da via,Bom,Não existe,Perfeito estado,Seca,Perfeito estado,Não existe,Não há placas,40 km/h,Única,Não existe,,,,
2018-11-06,09:25:00,COM VÍTIMA,FINALIZADA,MADALENA,AV CAXANGA,673,,E/F A PROVEL VISTORIAS,AV CAXANGA,673,E/F A PROVEL VISTORIAS,MADALENA,,CIDADE,ATROPELAMENTO,COM UMA VÍTIMA,,1,,,1,,,,,1,,Longo da via,Bom,Não existe,Perfeito estado,Seca,Perfeito estado,,Outras,,Dupla,Canteiro central,,,,,,
2018-11-06,09:27:00,SEM VÍTIMA,CANCELADA,BOA VIAGEM,RUA VISCONDE DE JEQUITINHONHA,406,RUA ERNESTO DE PAULA SANTOS,EM FRENTE AO MERCADO SOBERANO,RUA VISCONDE DE JEQUITINHONHA,406,EM FRENTE AO MERCADO SOBERANO,BOA VIAGEM,,,COLISÃO,AUTO E CAMINHAO S/V,1,,,,,,1,,,0,,Não informado,,,,,,,,,,,,,,,,
2018-11-06,10:22:00,SEM VÍTIMA,FINALIZADA,ILHA DO LEITE,AV GOVERNADOR AGAMENON MAGALHAES,4779,,EM FRENTE AO EMPRESARIAL ISAAC NEWTON,AV GOVERNADOR AGAMENON MAGALHAES,4779,EM FRENTE AO EMPRESARIAL ISAAC NEWTON,ILHA DO LEITE,,OUTRO,COLISÃO TRASEIRA,AUTO E MOTO / SENT OLINDA,1,1,,,,,,,,0,,Longo da via,Bom,Não existe,Perfeito estado,Seca,Perfeito estado,Não existe,Não há placas,60 km/h,Dupla,Canteiro central,,,,,,
2018-11-06,10:32:00,COM VÍTIMA,FINALIZADA,SAN MARTIN,AV GENERAL SAN MARTIN,,,EM FRENTE AO PORTAo DOS FUNDOS DO COMPAZ /,AV GENERAL SAN MARTIN,,EM FRENTE AO PORTAo DOS FUNDOS DO COMPAZ /,SAN MARTIN,,,ABALROAMENTO LONGITUDINAL,,1,1,,,,,,,,1,,Longo da via,Bom,Não existe,Perfeito estado,Seca,Perfeito estado,Não existe,R-6a,,Dupla,Faixa,,,,,,
2018-11-06,10:35:00,SEM VÍTIMA,FINALIZADA,SÃO JOSÉ,RUA IMPERIAL,2256,,NA SUBIDA DA PONTE, SENTIDO AFOGADOS,RUA IMPERIAL,2256,NA SUBIDA DA PONTE, SENTIDO AFOGADOS,SÃO JOSÉ,,SUBURBIO,ABALROAMENTO LONGITUDINAL,AUTO E CAMINHAO,1,,,,,,1,,,0,,Longo da via,Bom,Não existe,Incompleta,Seca,Perfeito estado,Não existe,Outras,,Única,Não existe,,,,
2018-11-06,10:35:00,SEM VÍTIMA,FINALIZADA,MADALENA,RUA DR BERARDO,136,RUA JOSE HIGINO,AO LADO DO SEMOC,RUA DR BERARDO,136,AO LADO DO SEMOC,MADALENA,,OUTRO,ABALROAMENTO TRANSVERSAL,SEM VÍTIMAS,2,,,,,,,,,0,,Cruzamento,Bom,Não existe,Incompleta,Seca,Perfeito estado,Faixa de retenção,"Placas ""Pare""",,Única,Não existe,,,,,,
2018-11-06,11:37:00,SEM VÍTIMA,FINALIZADA,DERBY,AV GOVERNADOR AGAMENON MAGALHAES,211,AV CONDE DA BOA VISTA,EM FRENTE AO Nº 211,AV GOVERNADOR AGAMENON MAGALHAES,211,EM FRENTE AO Nº 211,DERBY,,OUTRO,COLISÃO TRASEIRA,ONIBUS E AUTO / VALDEMIR CESAR PONTO FOXO NO QTH,1,,,,,1,,,,0,,Longo da via,Bom,Sem defeito,Perfeito estado,Seca,Perfeito estado,Não existe,Não há placas,60 km/h,Dupla,Canteiro central,,,,,,
2018-11-06,12:00:00,COM VÍTIMA,FINALIZADA,BOA VIAGEM,RUA WALDEMAR NERY CARNEIRO MONTEIRO,391,RUA COPACABANA,NA RUA DO TERMINAL DE SETUABAL,RUA WALDEMAR NERY CARNEIRO MONTEIRO,391,NA RUA DO TERMINAL DE SETUABAL,BOA VIAGEM,,SUBURBIO,ABALROAMENTO TRANSVERSAL,AUTO E MOTO C/V,1,1,,,,,,,,1,,Cruzamento,Bom,Não existe,Não existente,Seca,Perfeito estado,Não existe,Não há placas,30 km/h,,Não existe,,,,,,
2018-11-06,12:29:00,SEM VÍTIMA,FINALIZADA,ILHA JOANA BEZERRA,VIADUTO CAPITAO TEMUDO,,,AO LADO DO FORUM DA JOANA BEZERRA,VIADUTO CAPITAO TEMUDO,,AO LADO DO FORUM DA JOANA BEZERRA,ILHA JOANA BEZERRA,,CIDADE,ABALROAMENTO TRANSVERSAL,AUTO E MOTO SEM VITIMA,1,1,,,,,,,,0,,Longo da via,Bom,Não existe,Perfeito estado,Seca,Perfeito estado,Não existe,Não há placas,60 km/h,Dupla,Faixa seccionada,,,,,,
2018-11-06,12:32:00,SEM VÍTIMA,FINALIZADA,JARDIM SÃO PAULO,RUA DR PEDRO LUIZ OSORIO,37,RUA CARLOS ALBERTO VALENCA,CRUZAMENTO COM A RUA CARLOS ALBERTO VALENÇA,RUA DR PEDRO LUIZ OSORIO,37,CRUZAMENTO COM A RUA CARLOS ALBERTO VALENÇA,JARDIM SÃO PAULO,,,ABALROAMENTO TRANSVERSAL,DOIS AUTOS S/V,2,,,,,,,,,0,,Cruzamento,Bom,Não existe,Não existente,Seca,Perfeito estado,Não existe,Não há placas,,Dupla,Não existe,,,,,,
2018-11-06,12:32:00,SEM VÍTIMA,FINALIZADA,CASA FORTE,RUA VISCONDE DE OURO PRETO,548,,NA PRÇA DE CASA FORTE E/F A MATRIZ DE CASA FORTE,RUA VISCONDE DE OURO PRETO,548,NA PRÇA DE CASA FORTE E/F A MATRIZ DE CASA FORTE,CASA FORTE,,SUBURBIO,ABALROAMENTO LONGITUDINAL,COLISAO ENTRE CAMINHAO DA CELPE E AUTO S/V,1,,,,,,1,,,0,,Cruzamento,Bom,Não existe,Perfeito estado,Seca,Perfeito estado,Não existe,Não há placas,,Única,,,,,,,
2018-11-06,13:31:00,SEM VÍTIMA,FINALIZADA,BOA VISTA,RUA JOAO FERNANDES VIEIRA,405,,EM FRENTE AO POSTO SHELL, E A VARA DA INFANCIA,RUA JOAO FERNANDES VIEIRA,405,EM FRENTE AO POSTO SHELL, E A VARA DA INFANCIA,BOA VISTA,,CIDADE,COLISÃO TRASEIRA,DOIS AUTOS S/V,2,,,,,,,,,0,,Longo da via,Bom,Não existe,Perfeito estado,Seca,Perfeito estado,Faixa de pedestre,Outras,,Única,Faixa contínua,,,,
2018-11-06,13:56:00,SEM VÍTIMA,FINALIZADA,MACAXEIRA,AV DA RECUPERACAO,,,NA ROTATORIA, EM FRENTE AO TERMINAL DA MACAXEIRA,NA ENTRADA E SAIDA DOS ONIBUS,AV DA RECUPERACAO,,NA ROTATORIA, EM FRENTE AO TERMINAL DA MACAXEIRA,NA ENTRADA E SAIDA DOS ONIBUS,MACAXEIRA,,SUBURBIO,COLISÃO TRASEIRA,AUTO E ONIBUS DA MOBI,1,,,,,1,,,,0,,Outros,Bom,Não existe,Perfeito estado,Seca,Perfeito estado,Não existe,Não há placas,,Única,Canteiro central,,
2018-11-06,14:15:00,SEM VÍTIMA,FINALIZADA,DOIS UNIDOS,RUA PEREIRA BARRETO,,,APOS A FONTE DE AGUA SANTA MARIA E/F AO BAR DA PISCINA,RUA PEREIRA BARRETO,,APOS A FONTE DE AGUA SANTA MARIA E/F AO BAR DA PISCINA,DOIS UNIDOS,,SUBURBIO,CHOQUE VEÍCULO PARADO,COLISAO AUTO E TRATOR,1,,,,,,,,1,0,,Longo da via,Bom,Não existe,Não existente,Seca,Mal conservada,Não existe,Não há placas,40 km/h,Dupla,,,,,,,
2018-11-06,14:38:00,SEM VÍTIMA,FINALIZADA,TEJIPIÓ,RUA FALCAO DE LACERDA,288,,NA ENTRADA DO PACHECO, PRAÇA,RUA FALCAO DE LACERDA,288,NA ENTRADA DO PACHECO, PRAÇA,TEJIPIÓ,,SUBURBIO,ABALROAMENTO LONGITUDINAL,COLISÃO SEM VITIMAS,1,,,,,1,,,,0,,Longo da via,Bom,Não existe,Perfeito estado,Seca,Perfeito estado,Não existe,R-6a,50 km/h,Dupla,Faixa contínua,,,,
2018-11-06,14:40:00,COM VÍTIMA,FINALIZADA,ENGENHO DO MEIO,RUA CARNEIRO DE MARIZ,258,RUA MANUEL ALVES DEUSDARA,EM FRENTE AO MERCADO O BARATAO,RUA CARNEIRO DE MARIZ,258,EM FRENTE AO MERCADO O BARATAO,ENGENHO DO MEIO,,SUBURBIO,ABALROAMENTO TRANSVERSAL,AUTO E MOTO C/V,1,1,,,,,,,,1,,Cruzamento,Bom,Não existe,Não existente,Seca,Perfeito estado,Não existe,"Placas ""Dê a preferência""",,Dupla,Não existe,,,,,,
2018-11-06,15:35:00,SEM VÍTIMA,CANCELADA,BOA VISTA,RUA DOM BOSCO,,AV CONDE DA BOA VISTA,AO LADO DO COLÉGIO AMERICANO BATISTA,RUA DOM BOSCO,,AO LADO DO COLÉGIO AMERICANO BATISTA,BOA VISTA,,,COLISÃO,DOIS ÔNIBUS S/V,,,,,,2,,,,0,,Não informado,,,,,,,,,,,,,,,,
2018-11-06,15:40:00,SEM VÍTIMA,FINALIZADA,IPUTINGA,AV CAXANGA,,EST DO BARBALHO,NA FRENTE DO WALL MART,AV CAXANGA,,NA FRENTE DO WALL MART,IPUTINGA,633,CIDADE,COLISÃO TRASEIRA,COLISÃO SEM VITIMAS,2,,,,,,,,,0,,Longo da via,Bom,Sem defeito,Ilegível,Seca,Mal conservada,Não existe,Não há placas,,Dupla,Canteiro central,,,,,,
2018-11-06,16:08:00,SEM VÍTIMA,FINALIZADA,IPSEP,RUA JEAN EMILE FAVRE,,,AO LADO DO COLEGIO LEONOR, EM FRENTE A PRAÇA DA MAURICEA,RUA JEAN EMILE FAVRE,,AO LADO DO COLEGIO LEONOR, EM FRENTE A PRAÇA DA MAURICEA,IPSEP,564,,ABALROAMENTO LONGITUDINAL,AUTO E CAMINHAO,1,,,,,,1,,,0,,Longo da via,Bom,Não existe,Perfeito estado,Seca,Perfeito estado,Não existe,,,Dupla,Faixa seccionada,,,,
2018-11-06,16:25:00,SEM VÍTIMA,FINALIZADA,TORRE,AV BEIRA RIO,,RUA CONDE DE IRAJA,NA PONTE DA TORRE,AV BEIRA RIO,,NA PONTE DA TORRE,TORRE,630,SUBÚRBIO,ABALROAMENTO LONGITUDINAL,COLISÃO SEM VITIMAS,1,1,,,,,,,,0,,Longo da via,Bom,Sem defeito,Perfeito estado,Seca,Perfeito estado,Faixa de pedestre,Não há placas,,Única,Faixa contínua,,,,,,
2018-11-06,16:27:00,SEM VÍTIMA,FINALIZADA,ILHA DO LEITE,PRC MIGUEL DE CERVANTES,60,,PRAÇA MIGUEL DE CERVANTES,PRC MIGUEL DE CERVANTES,60,PRAÇA MIGUEL DE CERVANTES,ILHA DO LEITE,,SUBÚRBIO,ABALROAMENTO TRANSVERSAL,AUTO E MICRO ONIBUS DA PREFEITURA DE PANELAS,1,,,,,1,,,,0,,Outros,Bom,Não existe,Perfeito estado,Seca,Perfeito estado,Outros,"Placas ""Pare""",40 km/h,,Canteiro central,,,,,,
2018-11-06,16:35:00,SEM VÍTIMA,FINALIZADA,MADALENA,RUA BENFICA,,RUA BENFICA,EM FRENTE AO MUSEU DA ABOLIÇÃO,RUA BENFICA,,EM FRENTE AO MUSEU DA ABOLIÇÃO,MADALENA,257,CIDADE,COLISÃO TRASEIRA,COLISAO ENTRE VT DA PM E AUTO S/V VT 20 NO LOCAL,2,,,,,,,,,0,,Longo da via,Bom,Sem defeito,,Seca,Perfeito estado,Faixa de pedestre,,,Única,Faixa contínua,,,,,,
2018-11-06,16:46:00,SEM VÍTIMA,FINALIZADA,BAIRRO DO RECIFE,CAIS DO APOLO,,,TRF 5º REGIÃO,CAIS DO APOLO,,TRF 5º REGIÃO,BAIRRO DO RECIFE,,CIDADE,ABALROAMENTO LONGITUDINAL,AUTO E CAMINHAO S/V,1,,,,,,1,,,0,,Longo da via,Bom,Não existe,Perfeito estado,Seca,Perfeito estado,Não existe,Outras,,Dupla,Canteiro central,,,,,,
2018-11-06,17:58:00,SEM VÍTIMA,FINALIZADA,PINA,AV ENGENHEIRO DOMINGOS FERREIRA,890,RUA TOME GIBSON,E/F A ESCOLA MUNICIPAL OSVALDO LIMA FILHO - FAIXA DA DIREITA / PRÓX A CLINICAL CENTER E AO EDF GBC,AV ENGENHEIRO DOMINGOS FERREIRA,890,E/F A ESCOLA MUNICIPAL OSVALDO LIMA FILHO - FAIXA DA DIREITA / PRÓX A CLINICAL CENTER E AO EDF GBC,PINA,,SUBURBIO,COLISÃO TRASEIRA,ENTRE 3 AUTOS, S/V,3,,,,,,,,,0,,Longo da via,Bom,Não existe,Perfeito estado,Seca,Perfeito estado,Agente,Não há placas,60 km/h,Única,Canteiro central,,,,,
2018-11-06,18:23:00,SEM VÍTIMA,FINALIZADA,MACAXEIRA,AV NORTE,,,NO RETORNO POR BAIXO DO VIADUTO AO LADO DA INTEGRAÇAO DA MACAXEIRA,AV NORTE,,NO RETORNO POR BAIXO DO VIADUTO AO LADO DA INTEGRAÇAO DA MACAXEIRA,MACAXEIRA,,SUBURBIO,CHOQUE VEÍCULO PARADO,ONIBUS X MOTO,,1,,,,1,,,,0,,Outros,Bom,Não existe,Perfeito estado,Seca,Perfeito estado,Não existe,Outras,40 km/h,Única,Canteiro central,,,,,,
2018-11-06,18:27:00,COM VÍTIMA,FINALIZADA,HIPÓDROMO,RUA FONSECA OLIVEIRA,67,RUA NOGUEIRA LIMA,E/F A PRC DO HIPÓDROMO ( NA ÁREA DE ACADEMIA ) / PRÓX AO POSTO POLÍCIAL E COLÉGIO CLOVIS,RUA FONSECA OLIVEIRA,67,E/F A PRC DO HIPÓDROMO ( NA ÁREA DE ACADEMIA ) / PRÓX AO POSTO POLÍCIAL E COLÉGIO CLOVIS,HIPÓDROMO,,CIDADE,ATROPELAMENTO,ENTRE AUTO E PEDESTRE. C/V,1,,,,1,,,,,1,,Longo da via,Bom,Não existe,Perfeito estado,Seca,Perfeito estado,Faixa de retenção,"Placas ""Pare""",20 km/h,Dupla,Faixa,,,,,,
2018-11-06,18:41:00,COM VÍTIMA,FINALIZADA,ÁGUA FRIA,RUA JULIO JOSE DE SOUZA,215,AV ANIBAL BENEVOLO,PRÓXIMO AO ANTIGO CORREGO DA PADARIA / RECANTO NORDESTINO,RUA JULIO JOSE DE SOUZA,215,PRÓXIMO AO ANTIGO CORREGO DA PADARIA / RECANTO NORDESTINO,ÁGUA FRIA,,CIDADE,CHOQUE OBJETO FIXO,CAMINHÃO PERDEU O CONTROLE E CHOCOU-SE CONTRA RESIDÊNCIA - MORADORA DA RESIDÊNCIA SENDO SOCORRIDA PELOS BOMBEIROS,,,,,,,1,,,1,,Não informado,Bom,Não existe,Incompleta,Seca,Mal conservada,Não existe,Não há placas,20 km/h,Dupla,Não existe,,,,,,
2018-11-06,19:20:00,SEM VÍTIMA,FINALIZADA,BAIRRO DO RECIFE,AV MILITAR,545,,E/F AO POSTO BR E SHELL , SNT RECIFE ANTIGO,AV MILITAR,545,E/F AO POSTO BR E SHELL , SNT RECIFE ANTIGO,BAIRRO DO RECIFE,,CIDADE,ABALROAMENTO TRANSVERSAL,ENTRE AUTO E CAMINHÃO- S/V,1,,,,,,1,,,0,,Longo da via,Bom,Não existe,Perfeito estado,Seca,Perfeito estado,Não existe,Não há placas,,Dupla,Faixa seccionada,,,,
2018-11-06,21:57:00,COM VÍTIMA,FINALIZADA,AREIAS,AV DR JOSE RUFINO,1099,,E/F AO SENAI E HONDA / SNT CIDADE/SUB,AV DR JOSE RUFINO,1099,E/F AO SENAI E HONDA / SNT CIDADE/SUB,AREIAS,,SUBURBIO,ABALROAMENTO LONGITUDINAL,ENTRE AUTO E MOTO. C/V,1,1,,,,,,,,1,,Longo da via,Bom,Não existe,Perfeito estado,Seca,Perfeito estado,,Outras,50 km/h,Dupla,Faixa,,,,,,
2018-11-06,23:19:00,SEM VÍTIMA,FINALIZADA,IBURA,AV DOIS RIOS,,,E/F A POLICLÍNICA ARNALDO MARQUES / APÓS O VIADUTO / PRÓX AO MALICE HOTEL,AV DOIS RIOS,,E/F A POLICLÍNICA ARNALDO MARQUES / APÓS O VIADUTO / PRÓX AO MALICE HOTEL,IBURA,,SUBURBIO,ABALROAMENTO LONGITUDINAL,ENTRE AUTO ( VEÍCULO DA TV TRIBUNA ) E CAMINHÃO. S/V,1,,,,,,1,,,0,,Outros,Bom,Não existe,Perfeito estado,Seca,Perfeito estado,Outros,Outras,,Dupla,Faixa contínua,,,,,,
2018-11-07,04:51:00,SEM VÍTIMA,FINALIZADA,PINA,AV ANTONIO DE GOES,,RUA MANOEL DE BRITO,EM FRENTE AO POSTO PETROBRAS, EM FRENTE AO EMPRESÁRIO JOPIN,AV ANTONIO DE GOES,,EM FRENTE AO POSTO PETROBRAS, EM FRENTE AO EMPRESÁRIO JOPIN,PINA,103,CIDADE,CHOQUE OBJETO FIXO,VEÍCULO SE CHOCOU COM UM POSTE,1,,,,,,,,,0,,Cruzamento,Bom,Sem defeito,Perfeito estado,Seca,Perfeito estado,Faixa de pedestre,,,Única,Canteiro central,,,,
2018-11-07,07:00:00,COM VÍTIMA,FINALIZADA,JIQUIÁ,RUA SAO MIGUEL,1850,,PRÓX AO ATACAREJO LEMUEL,RUA SAO MIGUEL,1850,PRÓX AO ATACAREJO LEMUEL,JIQUIÁ,425,SUBURBIO,COLISÃO TRASEIRA,S/V,1,,,,,,1,,,1,,Longo da via,Bom,Sem defeito,Perfeito estado,Seca,Perfeito estado,Faixa de pedestre,Outras,,Dupla,Faixa,,,,,,
2018-11-07,07:10:00,SEM VÍTIMA,FINALIZADA,IPSEP,AV RECIFE,1089,,E/F A AMERICA FILM, SENTIDO BOA VIAGEM,AV RECIFE,1089,E/F A AMERICA FILM, SENTIDO BOA VIAGEM,IPSEP,393,OUTRO,COLISÃO TRASEIRA,SEM VÍTIMAS,3,,,,,,,,,0,,Longo da via,Bom,Sem defeito,Perfeito estado,Seca,Perfeito estado,Não existe,Outras,60 km/h,Dupla,Faixa seccionada,,,,
2018-11-07,07:13:00,COM VÍTIMA,FINALIZADA,IBURA,AV RECIFE,2734,AV DOM HELDER CAMARA,PRÓX À LOCADORA DE VANS,AV RECIFE,2734,PRÓX À LOCADORA DE VANS,IBURA,16,SUBURBIO,COLISÃO COM CICLISTA,MOTO X CICLISTA - GM NO QTH,,1,,1,,,,,,1,,Cruzamento,Bom,Sem defeito,Perfeito estado,Seca,Perfeito estado,Agente,,,Dupla,Faixa,,,,,,
2018-11-07,08:53:00,SEM VÍTIMA,FINALIZADA,PINA,AV HERCULANO BANDEIRA,1001,,EM FRENTE AO ATACADO DA CONSTRUÇÃO,AV HERCULANO BANDEIRA,1001,EM FRENTE AO ATACADO DA CONSTRUÇÃO,PINA,,SUBURBIO,ABALROAMENTO TRANSVERSAL,SEM VITIMAS,1,1,,,,,,,,0,,Longo da via,Bom,Não existe,Não existente,Seca,Perfeito estado,Não existe,Não há placas,,Única,Faixa contínua,,,,,,
2018-11-07,08:36:00,COM VÍTIMA,FINALIZADA,PRADO,AV ENGENHEIRO ABDIAS DE CARVALHO,,RUA JOAO IVO DA SILVA,EM FRENTE AO HABIB'S,AV ENGENHEIRO ABDIAS DE CARVALHO,,EM FRENTE AO HABIB'S,PRADO,,SUBURBIO,COLISÃO,COM VÍTIMA,1,1,,,,,,,,1,,Longo da via,Bom,Sem defeito,,Seca,Perfeito estado,Agente,R-6a,,Dupla,Canteiro central,,,,,,
2018-11-07,08:47:00,SEM VÍTIMA,FINALIZADA,SANTO AMARO,PTE DO LIMOEIRO,,,NA DESCIDA PONTE, AO LADO DO POSTO DE GASOLINA.,PTE DO LIMOEIRO,,NA DESCIDA PONTE, AO LADO DO POSTO DE GASOLINA.,SANTO AMARO,,,COLISÃO TRASEIRA,SEM VÍTIMAS,3,,,,,,,,,0,,Ponte,Bom,Não existe,Perfeito estado,Seca,Perfeito estado,Não existe,Não há placas,,Dupla,Não existe,,,,
2018-11-07,09:02:00,SEM VÍTIMA,CANCELADA,PINA,AV HERCULANO BANDEIRA,,,E/F AO ATACADÃO DA CONSTRUÇÃO,AV HERCULANO BANDEIRA,,E/F AO ATACADÃO DA CONSTRUÇÃO,PINA,,,COLISÃO,SEM VÍTIMAS. VT 31 NO LOCAL,1,1,,,,,,,,0,,Não informado,,,,,,,,,,,,,,,,
2018-11-07,09:05:00,SEM VÍTIMA,FINALIZADA,BOA VIAGEM,RUA VISCONDE DE JEQUITINHONHA,,RUA BALTAZAR PASSOS,BEIRA CANAL,RUA VISCONDE DE JEQUITINHONHA,,BEIRA CANAL,BOA VIAGEM,154,,ABALROAMENTO TRANSVERSAL,SEM VITIMAS,2,,,,,,,,,0,,Cruzamento,Bom,Sem defeito,Perfeito estado,Seca,Perfeito estado,Faixa de pedestre,Outras,60 km/h,Dupla,Faixa contínua,,,,,,
2018-11-07,09:17:00,SEM VÍTIMA,FINALIZADA,IPSEP,AV RECIFE,,,EDMILSON DO RADIADOR,AV RECIFE,,EDMILSON DO RADIADOR,IPSEP,393,SUBURBIO,COLISÃO TRASEIRA,,3,,,,,,,,,0,,Longo da via,Bom,Sem defeito,Perfeito estado,Seca,Perfeito estado,Faixa de pedestre,Não há placas,,Dupla,Canteiro central,,,,,,