data,hora,natureza_acidente,situacao,bairro,endereco,numero,detalhe_endereco_acidente,complemento,endereco_cruzamento,numero_cruzamento,referencia_cruzamento,bairro_cruzamento,num_semaforo,sentido_via,tipo,descricao,auto,moto,ciclom,ciclista,pedestre,onibus,caminhao,viatura,outros,vitimas,vitimasfatais,acidente_verificado,tempo_clima,situacao_semaforo,sinalizacao,condicao_via,conservacao_via,ponto_controle,situacao_placa,velocidade_max_via,mao_direcao,divisao_via1,divisao_via2,divisao_via3,,,,
2018-11-07,09:19:00,SEM VÍTIMA,FINALIZADA,SANTO AMARO,AV CRUZ CABUGA,,,EM FRENTE AO HOSPITAL DO CANCER,AV CRUZ CABUGA,,EM FRENTE AO HOSPITAL DO CANCER,SANTO AMARO,202,CIDADE,ABALROAMENTO LONGITUDINAL,SEM VITIMAS,1,,,,,,1,,,0,,Cruzamento,Bom,Sem defeito,Ilegível,Seca,,Faixa de retenção,R-6a,,Dupla,Blocos,,,,,,
2018-11-07,09:23:00,SEM VÍTIMA,FINALIZADA,BOA VIAGEM,AV BOA VIAGEM,1998,RUA PROFESSOR OSIAS RIBEIRO,EM FRENTE AO TERCEIRO JARDIM,AV BOA VIAGEM,1998,EM FRENTE AO TERCEIRO JARDIM,BOA VIAGEM,117,CIDADE,ABALROAMENTO TRANSVERSAL,ENTRE AUTOS S/V.,2,,,,,,,,,0,,Longo da via,Bom,Não existe,Perfeito estado,Seca,Perfeito estado,Não existe,Outras,,Única,Não existe,,,,,,
2018-11-07,09:30:00,SEM VÍTIMA,FINALIZADA,BOA VISTA,RUA DO ARAGAO,,,EM FRENTE A OTICA JESSE,RUA DO ARAGAO,,EM FRENTE A OTICA JESSE,BOA VISTA,,CIDADE,ABALROAMENTO LONGITUDINAL,DOIS AUTOS,2,,,,,,,,,0,,Longo da via,Bom,Sem defeito,Perfeito estado,Seca,Perfeito estado,,Outras,,Única,,,,,,,
2018-11-07,09:31:00,COM VÍTIMA,FINALIZADA,BONGI,RUA COSME VIANA,,EST DO BONGI,PRÓX À IMBIRIBEIRA VEÍCULOS,RUA COSME VIANA,,PRÓX À IMBIRIBEIRA VEÍCULOS,BONGI,100,SUBURBIO,ABALROAMENTO TRANSVERSAL,ENTRE AUTO E MOTO C/V.,1,1,,,,,,,,1,,Longo da via,Bom,Sem defeito,Perfeito estado,Seca,Perfeito estado,Agente,Outras,,Dupla,Faixa,,,,,,
2018-11-07,09:55:00,COM VÍTIMA,FINALIZADA,TORRE,RUA JOSE BONIFACIO,,RUA CONDE DE IRAJA,EM FRENTE A PADARIA NOVA ARMADA,RUA JOSE BONIFACIO,,EM FRENTE A PADARIA NOVA ARMADA,TORRE,191,,ABALROAMENTO TRANSVERSAL,COM UMA VITIMA/SAMU NO LOCAL,1,1,,,,,,,,1,,Cruzamento,Bom,Sem defeito,Perfeito estado,Seca,Perfeito estado,Faixa de pedestre,Outras,,Única,Faixa,,,,,,
2018-11-07,10:56:00,SEM VÍTIMA,FINALIZADA,BONGI,RUA DELMIRO GOUVEIA,,,EM FRENTE A CHESF / LADO DIREITO DA VIA,RUA DELMIRO GOUVEIA,,EM FRENTE A CHESF / LADO DIREITO DA VIA,BONGI,,CIDADE,ABALROAMENTO TRANSVERSAL,TRES AUTOS,3,,,,,,,,,0,,Longo da via,Bom,Não existe,Não existente,Seca,Perfeito estado,Não existe,Não há placas,,Dupla,Faixa contínua,,,,,,
2018-11-07,11:29:00,SEM VÍTIMA,CANCELADA,JARDIM SÃO PAULO,AV LIBERDADE,,EST DO CURADO,ESQ COM A OFICINA DE MARCIO CARBURADOR,AV LIBERDADE,,ESQ COM A OFICINA DE MARCIO CARBURADOR,JARDIM SÃO PAULO,,,COLISÃO,ONIBUS E MOTO,,1,,,,1,,,,0,,Não informado,,,,,,,,,,,,,,,,
2018-11-07,11:54:00,SEM VÍTIMA,CANCELADA,DERBY,AV ENGENHEIRO AGAMENON DE MAGALHAES MELO,,,EM FRENTE AO HOSPITAL PORTUGUÊS,AV ENGENHEIRO AGAMENON DE MAGALHAES MELO,,EM FRENTE AO HOSPITAL PORTUGUÊS,DERBY,,,COLISÃO,COLISÃO ENTRE DOIS AUTOS,,,,,,,,,,0,,Não informado,,,,,,,,,,,,,,,,
2018-11-07,12:04:00,SEM VÍTIMA,FINALIZADA,SÃO JOSÉ,C SANTA RITA,,,LADO OPOSTO AO CONSÓRCIO GRANDE RECIFE,C SANTA RITA,,LADO OPOSTO AO CONSÓRCIO GRANDE RECIFE,SÃO JOSÉ,,CIDADE,COLISÃO TRASEIRA,COLISÃO ENVOLVENDO A VT 29 DA CTTU,1,,,,,,,1,,0,,Longo da via,Bom,Sem defeito,Perfeito estado,Seca,Perfeito estado,Faixa de pedestre,,60 km/h,Única,Faixa contínua,,,,,,
2018-11-07,12:05:00,SEM VÍTIMA,FINALIZADA,CAMPO GRANDE,RUA ODORICO MENDES,523,RUA ESBERARD,PRÓX. À JUNIOR EQUIPADORA,RUA ODORICO MENDES,523,PRÓX. À JUNIOR EQUIPADORA,CAMPO GRANDE,,CIDADE,ABALROAMENTO LONGITUDINAL,ENTRE AUTOS S/V.,2,,,,,,,,,0,,Outros,Bom,Não existe,Perfeito estado,Seca,Perfeito estado,Faixa de retenção,Outras,,Dupla,Não existe,,,,,,
2018-11-07,12:49:00,SEM VÍTIMA,FINALIZADA,BOA VISTA,RUA DOM BOSCO,1216,AV CONDE DA BOA VISTA,PROX. AO POSTO IPIRANGA, NO FINAL DA BOA VISTA,RUA DOM BOSCO,1216,PROX. AO POSTO IPIRANGA, NO FINAL DA BOA VISTA,BOA VISTA,,SUBURBIO,ABALROAMENTO LONGITUDINAL,AUTO E ONIBUS S/V,1,,,,,1,,,,0,,Longo da via,Bom,Sem defeito,Perfeito estado,Seca,Perfeito estado,Agente,Não há placas,,Única,Faixa seccionada,,,,
2018-11-07,12:44:00,SEM VÍTIMA,FINALIZADA,BOA VIAGEM,AV ARMINDO MOURA,500,,BASE AÉREA,AV ARMINDO MOURA,500,BASE AÉREA,BOA VIAGEM,,CIDADE,COLISÃO TRASEIRA,TRES AUTOS,3,,,,,,,,,0,,Longo da via,Bom,Não existe,Perfeito estado,Seca,Perfeito estado,Não existe,R-6a,40 km/h,Única,Faixa seccionada,,,,,,
2018-11-07,13:12:00,SEM VÍTIMA,CANCELADA,AFOGADOS,RUA VINTE E UM DE ABRIL,,,EM FRENTE À GALERIA VINTE E UM CENTER,RUA VINTE E UM DE ABRIL,,EM FRENTE À GALERIA VINTE E UM CENTER,AFOGADOS,245,,COLISÃO,ENTRE AUTOS E MOTO S/V.,2,,1,,,,,,,0,,Não informado,,,,,,,,,,,,,,,,
2018-11-07,13:35:00,SEM VÍTIMA,FINALIZADA,CABANGA,PRC GOVERNADOR PAULO GUERRA,,,EM CIMA DO VIADUTO SENT. BOA VIAGEM,PRC GOVERNADOR PAULO GUERRA,,EM CIMA DO VIADUTO SENT. BOA VIAGEM,CABANGA,662,SUBURBIO,COLISÃO TRASEIRA,DOIS AUTO,2,,,,,,,,,0,,Longo da via,Bom,Sem defeito,Perfeito estado,Seca,Perfeito estado,Faixa de pedestre,,60 km/h,,,,,,,,
2018-11-07,13:53:00,SEM VÍTIMA,FINALIZADA,BOA VIAGEM,AV DOM JOAO VI,,RUA JOSE DA SILVA LUCENA,EM FRENTE AO COLÉGIO GGE,AV DOM JOAO VI,,EM FRENTE AO COLÉGIO GGE,BOA VIAGEM,,SUBURBIO,COLISÃO TRASEIRA,ENTRE AUTOS S/V.,2,,,,,,,,,0,,Longo da via,,Não existe,Perfeito estado,Seca,Perfeito estado,Não existe,,,Única,Faixa contínua,,,,,,
2018-11-07,14:29:00,COM VÍTIMA,FINALIZADA,ARRUDA,RUA JOSE DOS SANTOS,179,,PRÓX AO ESTÁDIO DO ARRUDA,RUA JOSE DOS SANTOS,179,PRÓX AO ESTÁDIO DO ARRUDA,ARRUDA,,CIDADE,CHOQUE VEÍCULO PARADO,ENTRE AUTOS C/V.,3,,,,,,,,,1,,Longo da via,Chuvoso,Não existe,Incompleta,Molhada,Perfeito estado,Outros,Outras,,Dupla,Canteiro central,,,,,,
2018-11-07,15:19:00,SEM VÍTIMA,FINALIZADA,BOA VIAGEM,RUA FREI LEANDRO,1318,RUA RAUL AZEDO,E/F A GALRIA CENTRO SUL,RUA FREI LEANDRO,1318,E/F A GALRIA CENTRO SUL,BOA VIAGEM,,,ABALROAMENTO LONGITUDINAL,COLISAO ENTRE DOIS CAMINHOES S/V,,,,,,,2,,,0,,Cruzamento,Bom,Não existe,Perfeito estado,Seca,Perfeito estado,Não existe,Não há placas,,Única,Faixa seccionada,,,,,,
2018-11-07,16:16:00,SEM VÍTIMA,CANCELADA,JAQUEIRA,RUA DO FUTURO,,,E/F A ENTRADA DO POSTO POLICIAL DA JAQUEIRA,RUA DO FUTURO,,E/F A ENTRADA DO POSTO POLICIAL DA JAQUEIRA,JAQUEIRA,,,COLISÃO,,2,,,,,,,,,0,,Não informado,,,,,,,,,,,,,,,,
2018-11-07,16:31:00,SEM VÍTIMA,CANCELADA,JAQUEIRA,RUA DO FUTURO,,,EM FRENTE AO PARQUE DA JAQUEIRA,RUA DO FUTURO,,EM FRENTE AO PARQUE DA JAQUEIRA,JAQUEIRA,406,,COLISÃO,ENTRE AUTOS S/V.,2,,,,,,,,,0,,Não informado,,,,,,,,,,,,,,,,
2018-11-07,16:58:00,SEM VÍTIMA,FINALIZADA,IMBIRIBEIRA,AV MARECHAL MASCARENHAS DE MORAES,,,EM FRENTE À FERREIRA COSTA,AV MARECHAL MASCARENHAS DE MORAES,,EM FRENTE À FERREIRA COSTA,IMBIRIBEIRA,386,CIDADE,COLISÃO TRASEIRA,ENTRE AUTOS S/V.,2,,,,,,,,,0,,Longo da via,Chuvoso,Sem defeito,Perfeito estado,Molhada,Perfeito estado,Não existe,R-6a,60 km/h,Única,Faixa seccionada,,,,,,
2018-11-07,17:06:00,SEM VÍTIMA,FINALIZADA,BOA VIAGEM,AV ENGENHEIRO DOMINGOS FERREIRA,4172,,APOS O BRADSCO PROX AO RESTAURANTE DOM FERRERO,AV ENGENHEIRO DOMINGOS FERREIRA,4172,APOS O BRADSCO PROX AO RESTAURANTE DOM FERRERO,BOA VIAGEM,,SUBURBIO,ABALROAMENTO LONGITUDINAL,COLISAO ENTRE VT A CIVL E AUTO S/V,1,,,,,,,1,,0,,Longo da via,Chuvoso,Não existe,Perfeito estado,Molhada,Perfeito estado,Não existe,Outras,60 km/h,Dupla,Canteiro central,,,,,,
2018-11-07,17:07:00,SEM VÍTIMA,FINALIZADA,SÃO JOSÉ,AV DANTAS BARRETO,,RUA IMPERIAL,PRÓX À PRAÇA SERGIO LORÊTO,AV DANTAS BARRETO,,PRÓX À PRAÇA SERGIO LORÊTO,SÃO JOSÉ,35,SUBURBIO,ABALROAMENTO LONGITUDINAL,ÔNIBUS X MOTO S/V.,1,1,,,,,,,,0,,Cruzamento,Chuvoso,Sem defeito,Perfeito estado,Molhada,Perfeito estado,Não existe,Não há placas,,Dupla,Não existe,,,,,,
2018-11-07,18:01:00,SEM VÍTIMA,CANCELADA,SAN MARTIN,AV GENERAL SAN MARTIN,,,AO LADO DA CHESF, APOS A CAVALARIA JUNTO A PARADA DE ONIBUS,AV GENERAL SAN MARTIN,,AO LADO DA CHESF, APOS A CAVALARIA JUNTO A PARADA DE ONIBUS,SAN MARTIN,,CIDADE,COLISÃO,COLISÃO SEM VITIMAS,2,,,,,,,,,0,,Não informado,,,,,,,,,,,,,,
2018-11-07,18:15:00,SEM VÍTIMA,FINALIZADA,IMBIRIBEIRA,AV MARECHAL MASCARENHAS DE MORAES,,,EM FRENTE A FERREIRA COSTA,AV MARECHAL MASCARENHAS DE MORAES,,EM FRENTE A FERREIRA COSTA,IMBIRIBEIRA,386,CIDADE,COLISÃO TRASEIRA,COLISÃO SEM VÍTIMAS,2,,,,,,,,,0,,Longo da via,Chuvoso,Sem defeito,Perfeito estado,Molhada,Perfeito estado,Faixa de pedestre,,60 km/h,Dupla,Canteiro central,,,,,,
2018-11-07,18:20:00,COM VÍTIMA,FINALIZADA,BOA VIAGEM,AV CONSELHEIRO AGUIAR,4777,,E/F AO BANCO DO BRADESCO DO TERMINAL DE BV,AV CONSELHEIRO AGUIAR,4777,E/F AO BANCO DO BRADESCO DO TERMINAL DE BV,BOA VIAGEM,,CIDADE,COLISÃO COM CICLISTA,ENTRE AUTO E CICLISTA. C/V,1,,,1,,,,,,1,,Longo da via,Chuvoso,Não existe,Perfeito estado,Molhada,Perfeito estado,Não existe,Não há placas,,Única,Faixa,,,,,,
2018-11-07,18:23:00,SEM VÍTIMA,FINALIZADA,IPSEP,RUA SAO NICOLAU,260,,ESQUINA COM A AGENCIA MULTI MARQUES / PRÓX AO CANAL / SNT IBURA,RUA SAO NICOLAU,260,ESQUINA COM A AGENCIA MULTI MARQUES / PRÓX AO CANAL / SNT IBURA,IPSEP,,SUBURBIO,ABALROAMENTO TRANSVERSAL,ENTRE AUTO E MOTO. S/V,1,1,,,,,,,,0,,Longo da via,Bom,Sem defeito,Perfeito estado,Seca,Perfeito estado,Agente,R-6a,,Única,Não existe,,,,,,
2018-11-07,18:42:00,SEM VÍTIMA,CANCELADA,IPSEP,RUA ITACARE,120,,E/F AO RESIDENCE JANDIR / PRÓX A PRC DA MAURICEIA,RUA ITACARE,120,E/F AO RESIDENCE JANDIR / PRÓX A PRC DA MAURICEIA,IPSEP,,,ENGAVETAMENTO,ENTRE ÕNIBUS E AUTO. S/V,1,,,,,1,,,,0,,Não informado,,,,,,,,,,,,,,,,
2018-11-07,18:49:00,SEM VÍTIMA,CANCELADA,CIDADE UNIVERSITÁRIA,AV DOS ECONOMISTAS,,,AO LADO DA BIBLIOTECA CENTRAL,AV DOS ECONOMISTAS,,AO LADO DA BIBLIOTECA CENTRAL,CIDADE UNIVERSITÁRIA,,,COLISÃO,COLISÃO SEM VITIMAS,1,,,,,,,,1,0,,Não informado,,,,,,,,,,,,,,,,
2018-11-07,19:11:00,SEM VÍTIMA,FINALIZADA,COQUEIRAL,RUA ALTO DA BELA VISTA,173,,PRÓX A TORRE DA CLARO / NA SUBIDA DA LADEIRA,RUA ALTO DA BELA VISTA,173,PRÓX A TORRE DA CLARO / NA SUBIDA DA LADEIRA,COQUEIRAL,,SUBURBIO,CHOQUE VEÍCULO PARADO,ENTRE CAMINHÃO E AUTO PASSEIO. S/V,2,,,,,,1,,,0,,Longo da via,Chuvoso,Não existe,Perfeito estado,Molhada,Perfeito estado,,,,Dupla,,,,,,,
2018-11-07,19:32:00,SEM VÍTIMA,FINALIZADA,PRADO,RUA SANTA EDWIRGES,295,RUA PADRE TEOFILO TWORZ,PRÓX AO ARQUIVO DE PEQUENAS CAUSAS E E/F A IGREJA PRESBITERIANA DO PRADO,RUA SANTA EDWIRGES,295,PRÓX AO ARQUIVO DE PEQUENAS CAUSAS E E/F A IGREJA PRESBITERIANA DO PRADO,PRADO,,CIDADE,ABALROAMENTO TRANSVERSAL,ENTRE AUTO E MOTO. S/V,1,1,,,,,,,,0,,Cruzamento,Chuvoso,Não existe,Incompleta,Molhada,Mal iluminada,,Outras,,Única,Não existe,,,,,,
2018-11-07,20:41:00,SEM VÍTIMA,FINALIZADA,BOA VIAGEM,RUA DEZ DE JULHO,429,,APÓS O AEROPORTO / E/F A CASA DE EVENTOS MAISON CHRISTAL,RUA DEZ DE JULHO,429,APÓS O AEROPORTO / E/F A CASA DE EVENTOS MAISON CHRISTAL,BOA VIAGEM,,SUBURBIO,ABALROAMENTO LONGITUDINAL,ENTRE ÕNIBUS E AUTO. S/V,1,,,,,1,,,,0,,Cruzamento,Chuvoso,Não existe,Perfeito estado,Molhada,Perfeito estado,Não existe,Não há placas,,Única,Faixa seccionada,,,,,,
2018-11-07,20:55:00,COM VÍTIMA,FINALIZADA,AFOGADOS,EST DOS REMEDIOS,,EST DO BONGI,POSTO BR.,EST DOS REMEDIOS,,POSTO BR.,AFOGADOS,394,CIDADE,COLISÃO COM CICLISTA,VT DA PM DA LEI SECA,1,,,1,,,,,,1,,Esquina,Chuvoso,Sem defeito,Perfeito estado,Molhada,Perfeito estado,Faixa de pedestre,Outras,,Única,Faixa,,,,,,
2018-11-07,20:58:00,SEM VÍTIMA,FINALIZADA,MANGABEIRA,AV PROFESSOR JOSE DOS ANJOS,,,AO LADO DO MURO DA DNOCS E CANAL DO ARRUDA,AV PROFESSOR JOSE DOS ANJOS,,AO LADO DO MURO DA DNOCS E CANAL DO ARRUDA,MANGABEIRA,,SUBURBIO,ABALROAMENTO LONGITUDINAL,ENTRE 2 AUTOS. S/V,2,,,,,,,,,0,,Longo da via,Chuvoso,Não existe,Perfeito estado,Molhada,Perfeito estado,Outros,Outras,,Dupla,Canal,,,,,,
2018-11-07,21:03:00,SEM VÍTIMA,FINALIZADA,TEJIPIÓ,AV DR JOSE RUFINO,,,NA FRENTE DO 14 BCOM,AV DR JOSE RUFINO,,NA FRENTE DO 14 BCOM,TEJIPIÓ,208,CIDADE,COLISÃO TRASEIRA,COLISÃO SEM VITIMAS,2,,,,,,,,,0,,Longo da via,Chuvoso,Sem defeito,Perfeito estado,Molhada,Mal iluminada,Não existe,Não há placas,,Dupla,Faixa contínua,,,,,,
2018-11-07,21:13:00,SEM VÍTIMA,CANCELADA,CAXANGÁ,AV CAXANGA,,,E/F AO RESIDENCIAL CAXANGÁ , SNT SUB/CID,AV CAXANGA,,E/F AO RESIDENCIAL CAXANGÁ , SNT SUB/CID,CAXANGÁ,,,COLISÃO,ENTRE 2 AUTOS. S/V,2,,,,,,,,,0,,Não informado,,,,,,,,,,,,,,
2018-11-07,21:23:00,COM VÍTIMA,FINALIZADA,JORDÃO,AV MARIA IRENE,193,,CAPELINHA SÃ JOÃO BATISTA, PROX. AO MURO DA BASE AEREA,AV MARIA IRENE,193,CAPELINHA SÃ JOÃO BATISTA, PROX. AO MURO DA BASE AEREA,JORDÃO,,SUBURBIO,ABALROAMENTO TRANSVERSAL,COLISÃO COM VITIMA/ VITIMA ESTA NA AMBULANCIA DO SAMU,,1,,,,,1,,,1,,Longo da via,Chuvoso,Não existe,Incompleta,Molhada,Mal iluminada,,Outras,,Dupla,Não existe,,,,
2018-11-07,22:21:00,SEM VÍTIMA,FINALIZADA,BOA VISTA,RUA DA AURORA,,RUA PRINCESA IZABEL,E/F A POLICIA CIVIL / PRÓX AO 13 DE MAIO,RUA DA AURORA,,E/F A POLICIA CIVIL / PRÓX AO 13 DE MAIO,BOA VISTA,22,SUBURBIO,ABALROAMENTO TRANSVERSAL,ENTRE ÕNIBUS E AUTO. S/V,1,,,,,1,,,,0,,Cruzamento,Bom,Sem defeito,Perfeito estado,Seca,Perfeito estado,Outros,R-6a,,Única,Faixa seccionada,,,,,,
2018-11-08,05:16:00,SEM VÍTIMA,CANCELADA,CASA FORTE,AV DEZESSETE DE AGOSTO,,,EM FRENTE A PRAÇA DE CASA FORTE // AO LADO DO RESTAURANTE LA FONDUE,AV DEZESSETE DE AGOSTO,,EM FRENTE A PRAÇA DE CASA FORTE // AO LADO DO RESTAURANTE LA FONDUE,CASA FORTE,,,CHOQUE,VEÍCULO CHOCOU-SE CONTRA UM POSTE,1,,,,,,,,,0,,Não informado,,,,,,,,,,,,,,,,
2018-11-08,06:14:00,SEM VÍTIMA,FINALIZADA,BARRO,AV DR JOSE RUFINO,,,PROX AO COLEGIO ALBERTO TORRE NA DESCIDA DO VIADUTO DO BARRO,AV DR JOSE RUFINO,,PROX AO COLEGIO ALBERTO TORRE NA DESCIDA DO VIADUTO DO BARRO,BARRO,,SUBURBIO,ABALROAMENTO TRANSVERSAL,COLISÃO SEM VITIMAS,1,,,,,1,,,,0,,Longo da via,Bom,Não existe,Perfeito estado,Seca,Perfeito estado,Não existe,Não há placas,,Dupla,Faixa contínua,,,,,,
2018-11-08,07:09:00,COM VÍTIMA,FINALIZADA,BOA VIAGEM,AV ENGENHEIRO DOMINGOS FERREIRA,230,RUA TOME GIBSON,ESCOLA MUNICIPAL OSWALDO LIMA FILHO,AV ENGENHEIRO DOMINGOS FERREIRA,230,ESCOLA MUNICIPAL OSWALDO LIMA FILHO,BOA VIAGEM,200,SUBURBIO,ABALROAMENTO LONGITUDINAL,,1,1,,,,,,,,1,,Cruzamento,Bom,Sem defeito,Perfeito estado,Seca,Perfeito estado,Faixa de pedestre,Outras,,Única,Canteiro central,,,,,,
2018-11-08,07:47:00,SEM VÍTIMA,FINALIZADA,AFOGADOS,AV DR JOSE RUFINO,728,RUA BEZERRA DA PALMA,NA ESQUINA DO QUARTEL DO 14° BATALHAO LOGISTICO,AV DR JOSE RUFINO,728,NA ESQUINA DO QUARTEL DO 14° BATALHAO LOGISTICO,AFOGADOS,,,ABALROAMENTO TRANSVERSAL,COLISAO ENTRE AUTO E MOTO S/V,1,1,,,,,,,,0,,Cruzamento,Bom,Não existe,Perfeito estado,Seca,Perfeito estado,Não existe,Não há placas,,Dupla,Faixa contínua,,,,,,
2018-11-08,08:08:00,SEM VÍTIMA,FINALIZADA,PINA,AV BOA VIAGEM,1070,,EM FRENTE AO HOTEL MARANTE PLAZA,AV BOA VIAGEM,1070,EM FRENTE AO HOTEL MARANTE PLAZA,PINA,,CIDADE,ABALROAMENTO TRANSVERSAL,,2,,,,,,,,,0,,Longo da via,Bom,Não existe,Perfeito estado,Seca,Perfeito estado,Não existe,Outras,,Única,Faixa seccionada,,,,,,
2018-11-08,09:02:00,COM VÍTIMA,FINALIZADA,CORDEIRO,AV CAXANGA,2477,,AO LADO DA ESTAÇÃO DO BRT SENTIDO CENTRO,AV CAXANGA,2477,AO LADO DA ESTAÇÃO DO BRT SENTIDO CENTRO,CORDEIRO,,CIDADE,COLISÃO TRASEIRA,COLISÃO ENTRE AUTO E MOTO COM VÍTIMA,1,1,,,,,,,,1,,Longo da via,Bom,Sem defeito,Perfeito estado,Seca,Perfeito estado,Outros,R-6a,,Dupla,Canteiro central,,,,,,
2018-11-08,09:03:00,COM VÍTIMA,FINALIZADA,PINA,AV HERCULANO BANDEIRA,,RUA ARQUITETO AUGUSTO REINALDO,EM FRENTE AO ATACADO DA CONSTRUÇAO,AV HERCULANO BANDEIRA,,EM FRENTE AO ATACADO DA CONSTRUÇAO,PINA,660,SUBURBIO,ABALROAMENTO TRANSVERSAL,MOTO E TAXI // STEFANI PF NO QTH,1,1,,,,,,,,1,,Cruzamento,Bom,Com defeito,Perfeito estado,Seca,Perfeito estado,Faixa de pedestre,Outras,,Única,Faixa,,,,,,
2018-11-08,09:10:00,SEM VÍTIMA,CANCELADA,AFOGADOS,RUA QUITERIO INACIO DE MELLO,,RUA SAO MIGUEL,EM FRENTE AO REI DO FAROL,RUA QUITERIO INACIO DE MELLO,,EM FRENTE AO REI DO FAROL,AFOGADOS,,,COLISÃO,CARRETA E AOUTO PASSEIO,1,,,,,,1,,,0,,Não informado,,,,,,,,,,,,,,,,
2018-11-08,09:16:00,SEM VÍTIMA,FINALIZADA,AREIAS,AV RECIFE,1766,,EM FRENTE A EMLURB, APOS O GALETUS, SENTIDO BOA VIAGEM,AV RECIFE,1766,EM FRENTE A EMLURB, APOS O GALETUS, SENTIDO BOA VIAGEM,AREIAS,,CIDADE,ABALROAMENTO LONGITUDINAL,AUTO E VAN S/V,2,,,,,,,,,0,,Longo da via,Bom,Não existe,Perfeito estado,Seca,Perfeito estado,,Outras,,Dupla,Canteiro central,,
2018-11-08,10:16:00,SEM VÍTIMA,FINALIZADA,ROSARINHO,RUA REGUEIRA COSTA,429,AV NORTE,EM FRENTE AO CHINA CABELEIREIRO,RUA REGUEIRA COSTA,429,EM FRENTE AO CHINA CABELEIREIRO,ROSARINHO,456,SUBURBIO,ABALROAMENTO LONGITUDINAL,COLISÃO SEM VITIMAS,2,,,,,,,,,0,,Cruzamento,Bom,Sem defeito,Perfeito estado,Seca,Perfeito estado,Faixa de pedestre,Outras,,Única,Outros,,,,,,
2018-11-08,10:51:00,SEM VÍTIMA,FINALIZADA,ESPINHEIRO,RUA MARQUES DO PARANA,214,RUA DR FERNANDO ALLAIN,EM FRENTE AO GRUPO ECOGREEN,RUA MARQUES DO PARANA,214,EM FRENTE AO GRUPO ECOGREEN,ESPINHEIRO,,SUBURBIO,ABALROAMENTO LONGITUDINAL,DOIS AUTOS S/V,2,,,,,,,,,0,,Outros,Bom,Não existe,Perfeito estado,Seca,Perfeito estado,Não existe,Outras,,Dupla,Faixa seccionada,,,,,,
2018-11-08,11:00:00,SEM VÍTIMA,FINALIZADA,IMBIRIBEIRA,AV MARECHAL MASCARENHAS DE MORAES,,,EM FRENTE AO BANCO ITAU / SENT AEROPORTO,AV MARECHAL MASCARENHAS DE MORAES,,EM FRENTE AO BANCO ITAU / SENT AEROPORTO,IMBIRIBEIRA,225,SUBURBIO,COLISÃO TRASEIRA,DOIS AUTOS,2,,,,,,,,,0,,Longo da via,Bom,Sem defeito,Perfeito estado,Seca,Mal conservada,Faixa de pedestre,Não há placas,,Dupla,Faixa seccionada,,,,,,
2018-11-08,11:53:00,COM VÍTIMA,FINALIZADA,MUSTARDINHA,AV MANOEL GONCALVES DA LUZ,548,,,AV MANOEL GONCALVES DA LUZ,548,,MUSTARDINHA,,,COLISÃO COM CICLISTA,CAMINHÃO E CICLISTA,,,,1,,,1,,,1,,Longo da via,Bom,Não existe,Perfeito estado,Seca,Perfeito estado,Não existe,R-6a,,Dupla,Faixa,,,,,,
2018-11-08,12:01:00,SEM VÍTIMA,CANCELADA,SAN MARTIN,AV GENERAL SAN MARTIN,493,,PROX AO HOSPITAL GETULIO VARGAS EM FRENTE AO CENTRO AUTOMOTIVO,AV GENERAL SAN MARTIN,493,PROX AO HOSPITAL GETULIO VARGAS EM FRENTE AO CENTRO AUTOMOTIVO,SAN MARTIN,,,COLISÃO,COLISÃO SEM VITIMAS,2,,,,,,,,,0,,Não informado,,,,,,,,,,,,,,,,