data,hora,natureza_acidente,situacao,bairro,endereco,numero,detalhe_endereco_acidente,complemento,endereco_cruzamento,numero_cruzamento,referencia_cruzamento,bairro_cruzamento,num_semaforo,sentido_via,tipo,descricao,auto,moto,ciclom,ciclista,pedestre,onibus,caminhao,viatura,outros,vitimas,vitimasfatais,acidente_verificado,tempo_clima,situacao_semaforo,sinalizacao,condicao_via,conservacao_via,ponto_controle,situacao_placa,velocidade_max_via,mao_direcao,divisao_via1,divisao_via2,divisao_via3,,,,
2018-11-08,12:19:00,COM VÍTIMA,FINALIZADA,CORDEIRO,AV CAXANGA,2093,,E/F A EXPOSIÇAO DE ANIMAIS S/T CID,AV CAXANGA,2093,E/F A EXPOSIÇAO DE ANIMAIS S/T CID,CORDEIRO,,CIDADE,COLISÃO TRASEIRA,COLISAO ENTRE AUTO E DUAS MOTOS S/V,1,2,,,,,,,,1,,Longo da via,Bom,Não existe,Perfeito estado,Seca,Perfeito estado,Não existe,Não há placas,,Única,Faixa,,,,,,
2018-11-08,13:07:00,COM VÍTIMA,FINALIZADA,IBURA,AV DOIS RIOS,,,LADEIRA DA COHAB,AV DOIS RIOS,,LADEIRA DA COHAB,IBURA,,CIDADE,COLISÃO FRONTAL,COLISÃO COM VITIMA,1,1,,,,,,,,2,,Longo da via,Bom,Não existe,Perfeito estado,Seca,Perfeito estado,Não existe,Não há placas,,Dupla,Faixa,,,,,,
2018-11-08,13:10:00,SEM VÍTIMA,FINALIZADA,PINA,AV CONSELHEIRO AGUIAR,,,EM FRENTE AO SO CALDINHO GUAIAMUM,AV CONSELHEIRO AGUIAR,,EM FRENTE AO SO CALDINHO GUAIAMUM,PINA,,CIDADE,ABALROAMENTO LONGITUDINAL,COLISAO ENTRE ONIBUS E AUTO S/V,1,,,,,1,,,,0,,Longo da via,Bom,Não existe,Perfeito estado,Seca,Perfeito estado,Não existe,Outras,60 km/h,Única,Faixa seccionada,,,,,,
2018-11-08,13:32:00,SEM VÍTIMA,FINALIZADA,VÁRZEA,AV AFONSO OLINDENSE,1667,,COLÉGIO MAZZARELLO,AV AFONSO OLINDENSE,1667,COLÉGIO MAZZARELLO,VÁRZEA,,SUBURBIO,COLISÃO TRASEIRA,ENTRE AUTOS S/V.,2,,,,,,,,,0,,Longo da via,Bom,Sem defeito,Perfeito estado,Seca,Perfeito estado,Faixa de pedestre,Não há placas,,Dupla,Faixa contínua,,,,,,
2018-11-08,14:31:00,SEM VÍTIMA,FINALIZADA,BAIRRO DO RECIFE,RUA DO BOM JESUS,125,AV BARBOSA LIMA,PRÓX À CAIXA CULTURAL,RUA DO BOM JESUS,125,PRÓX À CAIXA CULTURAL,BAIRRO DO RECIFE,,CIDADE,ABALROAMENTO LONGITUDINAL,ENTRE AUTOS S/V.,2,,,,,,,,,0,,Cruzamento,Bom,Não existe,Incompleta,Seca,Perfeito estado,Outros,Outras,,Única,Não existe,,,,,,
2018-11-08,14:38:00,SEM VÍTIMA,FINALIZADA,IMBIRIBEIRA,AV MARECHAL MASCARENHAS DE MORAES,,,EM FRENTE AO VIADUTO GOV. MIGUEL ARRAES,AV MARECHAL MASCARENHAS DE MORAES,,EM FRENTE AO VIADUTO GOV. MIGUEL ARRAES,IMBIRIBEIRA,,SUBURBIO,ABALROAMENTO LONGITUDINAL,COLISÃO SEM VITIMAS,1,,,,,1,,,,0,,Longo da via,Bom,Não existe,Perfeito estado,Seca,Perfeito estado,Não existe,Não há placas,,Única,Faixa seccionada,,,,,,
2018-11-08,14:49:00,SEM VÍTIMA,FINALIZADA,BOA VISTA,RUA JOSE DE ALENCAR,137,RUA BARAO DE SAO BORJA,HOTEL BOA VISTA,RUA JOSE DE ALENCAR,137,HOTEL BOA VISTA,BOA VISTA,,CIDADE,ABALROAMENTO TRANSVERSAL,COLISÃO SEM VITIMAS,2,,,,,,,,,0,,Cruzamento,Bom,Sem defeito,Incompleta,Seca,Perfeito estado,Faixa de retenção,"Placas ""Pare""",,Única,Faixa seccionada,,,,,,
2018-11-08,16:07:00,SEM VÍTIMA,CANCELADA,PARNAMIRIM,RUA ANDRE CAVALCANTE,,AV PARNAMIRIM,PRÓX. AO SANTANDER.,RUA ANDRE CAVALCANTE,,PRÓX. AO SANTANDER.,PARNAMIRIM,,,COLISÃO,ENTRE AUTOS S/V.,2,,,,,,,,,0,,Não informado,,,,,,,,,,,,,,,,
2018-11-08,16:46:00,SEM VÍTIMA,FINALIZADA,SÃO JOSÉ,RUA FLORIANO PEIXOTO,307,RUA DO PEIXOTO,LEVI ART,RUA FLORIANO PEIXOTO,307,LEVI ART,SÃO JOSÉ,,SUBURBIO,ABALROAMENTO TRANSVERSAL,COLISÃO SEM VITIMAS,1,,,,,1,,,,0,,Longo da via,Bom,Não existe,Não existente,Seca,Perfeito estado,Não existe,Não há placas,,Única,Não existe,,,,,,
2018-11-08,17:52:00,COM VÍTIMA,FINALIZADA,TORRÕES,AV ENGENHEIRO ABDIAS DE CARVALHO,240,RUA QUINZE DE MARCO,,AV ENGENHEIRO ABDIAS DE CARVALHO,240,,TORRÕES,422,SUBURBIO,COLISÃO,COLISÃO ENTRE AUTO E MOTO (AUTO EVADIU SE DO LOCAL),1,1,,,,,,,,1,,Longo da via,Bom,Sem defeito,Perfeito estado,Seca,Perfeito estado,Outros,Outras,,Dupla,Canteiro central,,,,,,
2018-11-08,19:55:00,SEM VÍTIMA,FINALIZADA,IPUTINGA,EST DO BARBALHO,,RUA QUIPAPA,,EST DO BARBALHO,,,IPUTINGA,,SUBURBIO,ABALROAMENTO TRANSVERSAL,COLISÃO SEM VITIMAS,1,1,,,,,,,,0,,Longo da via,Bom,Não existe,Perfeito estado,Seca,Perfeito estado,Outros,Outras,,Dupla,Faixa contínua,,,,,,
2018-11-08,20:00:00,COM VÍTIMA,FINALIZADA,AFOGADOS,RUA SAO MIGUEL,176,,ENF AO DEPATRI,RUA SAO MIGUEL,176,ENF AO DEPATRI,AFOGADOS,300,SUBURBIO,ATROPELAMENTO,BMW X PEDESTRE OBS:: VT DA POLICIA NO LOCAL,1,,,,1,,,,,1,,Longo da via,Bom,Sem defeito,Perfeito estado,Seca,Perfeito estado,Faixa de retenção,Não há placas,,Dupla,Faixa,,,,,,
2018-11-08,20:21:00,SEM VÍTIMA,FINALIZADA,BOA VIAGEM,RUA PROFESSOR JOAO MEDEIROS,,RUA JACK AYRES,POSTO DE GASOLINA IPIRANGA,RUA PROFESSOR JOAO MEDEIROS,,POSTO DE GASOLINA IPIRANGA,BOA VIAGEM,,,ABALROAMENTO LONGITUDINAL,COLISÃO SEM VITIMAS,2,,,,,,,,,0,,Outros,Bom,Sem defeito,Ilegível,Seca,Mal iluminada,Faixa de pedestre,Não há placas,,Dupla,Faixa seccionada,,,,,,
2018-11-08,20:22:00,SEM VÍTIMA,FINALIZADA,SÃO JOSÉ,RUA VINTE E QUATRO DE MAIO,,AV DANTAS BARRETO,,RUA VINTE E QUATRO DE MAIO,,,SÃO JOSÉ,,,ABALROAMENTO LONGITUDINAL,ONIBUS X CELTA,1,,,,,1,,,,0,,Outros,Bom,Sem defeito,Incompleta,Seca,Mal iluminada,Não existe,Outras,,Única,Não existe,,,,,,
2018-11-08,21:05:00,SEM VÍTIMA,FINALIZADA,AFOGADOS,RUA SAO MIGUEL,558,RUA OLIMPIO CHACON,,RUA SAO MIGUEL,558,,AFOGADOS,,CIDADE,ABALROAMENTO TRANSVERSAL,COLISÃO SEM VITIMAS,2,,,,,,,,,0,,Outros,Bom,Não existe,Perfeito estado,Seca,Perfeito estado,Não existe,Outras,40 km/h,Única,Faixa seccionada,,,,,,
2018-11-08,21:18:00,SEM VÍTIMA,FINALIZADA,CORDEIRO,AV MARIO ALVARES PEREIRA DE LYRA,100,,MERCADINHO O BARATAO // PERTO DO CANAL CAVOUVO,AV MARIO ALVARES PEREIRA DE LYRA,100,MERCADINHO O BARATAO // PERTO DO CANAL CAVOUVO,CORDEIRO,,SUBURBIO,CHOQUE VEÍCULO PARADO,COLISAO ENTRE DOIS AUTO QUE SE CHOCOU-SE COM MERCADINHO,2,,,,,,,,,0,,Longo da via,Bom,Não existe,Ilegível,Seca,Perfeito estado,Outros,Não há placas,,Única,Não existe,,,,,,
2018-11-08,21:16:00,SEM VÍTIMA,FINALIZADA,DERBY,RUA HENRIQUE DIAS,,AV GOVERNADOR AGAMENON MAGALHAES,NA FRENTE DO SPETTUS,RUA HENRIQUE DIAS,,NA FRENTE DO SPETTUS,DERBY,68,SUBURBIO,ABALROAMENTO LONGITUDINAL,COLISÃO SEM VITIMAS,2,,,,,,,,,0,,Cruzamento,Bom,Sem defeito,Perfeito estado,Seca,Perfeito estado,Não existe,Não há placas,40 km/h,Única,Faixa contínua,,,,,,
2018-11-08,22:23:00,SEM VÍTIMA,FINALIZADA,BOA VIAGEM,AV ENGENHEIRO DOMINGOS FERREIRA,,RUA CORONEL BENEDITO CHAVES,PROX A DELEGACIA DE BOA VIAGEM,AV ENGENHEIRO DOMINGOS FERREIRA,,PROX A DELEGACIA DE BOA VIAGEM,BOA VIAGEM,128,SUBURBIO,COLISÃO TRASEIRA,HB 20 X A 3,2,,,,,,,,,0,,Outros,Bom,Sem defeito,Perfeito estado,Seca,Perfeito estado,Outros,R-6a,,Única,Canteiro central,,,,,,
2018-11-09,00:13:00,SEM VÍTIMA,FINALIZADA,BOA VIAGEM,RUA SARGENTO SILVINO DE MACEDO,,RUA JOSE DA SILVA LUCENA,PROXIMO A LACOMEX,RUA SARGENTO SILVINO DE MACEDO,,PROXIMO A LACOMEX,BOA VIAGEM,,SUBURBIO,ABALROAMENTO TRANSVERSAL,COLISÃO ENTRE DOIS AUTO SEM VITIMAS,2,,,,,,,,,0,,Cruzamento,Chuvoso,Não existe,Incompleta,Molhada,Perfeito estado,Não existe,"Placas ""Pare""",,Única,Não existe,,,,,,
2018-11-09,01:00:00,SEM VÍTIMA,CANCELADA,BOA VIAGEM,AV BOA VIAGEM,4070,,EM FRENTE AO HOTEL GRAND MERCURE (ANTIGO RECIFE PALACE),AV BOA VIAGEM,4070,EM FRENTE AO HOTEL GRAND MERCURE (ANTIGO RECIFE PALACE),BOA VIAGEM,,,COLISÃO,COLISÃO ENTRE DOIS AUTOS, SEM VÍTIMAS,2,,,,,,,,,0,,Não informado,,,,,,,,,,,,,,,
2018-11-09,05:44:00,COM VÍTIMA,FINALIZADA,IPSEP,AV RECIFE,,RUA GONCALVES DE MAGALHAES,PRÓX AO SAL E BRASA E POSTO BR,AV RECIFE,,PRÓX AO SAL E BRASA E POSTO BR,IPSEP,393,SUBURBIO,ABALROAMENTO LONGITUDINAL,COLISÃO ENTRE AUTO E MOTO , COM VÍTIMAS,1,1,,,,,,,,1,,Longo da via,Bom,Sem defeito,Ilegível,Seca,Mal conservada,Não existe,Não há placas,60 km/h,Única,Faixa contínua,,,,,
2018-11-09,05:59:00,SEM VÍTIMA,FINALIZADA,BOA VISTA,AV GOVERNADOR AGAMENON MAGALHAES,34,RUA DR BANDEIRA FILHO,PRÓX AO CLUBE PORTUGUÊS // EM FRENTE AO WALLMART,AV GOVERNADOR AGAMENON MAGALHAES,34,PRÓX AO CLUBE PORTUGUÊS // EM FRENTE AO WALLMART,BOA VISTA,713,SUBURBIO,COLISÃO TRASEIRA,COLISÃO ENTRE DOIS AUTOS, S/V.,2,,,,,,,,,0,,Longo da via,Bom,Sem defeito,Perfeito estado,Seca,Perfeito estado,Faixa de pedestre,Outras,60 km/h,Única,Faixa seccionada,,,,,
2018-11-09,07:07:00,SEM VÍTIMA,FINALIZADA,AFOGADOS,RUA AUGUSTO CALHEIROS,,RUA CINCO DE NOVEMBRO,,RUA AUGUSTO CALHEIROS,,,AFOGADOS,,SUBURBIO,ABALROAMENTO TRANSVERSAL,COLISÃO SEM VITIMAS,2,,,,,,,,,0,,Outros,Bom,Não existe,Não existente,Seca,Perfeito estado,Não existe,Não há placas,,Dupla,Não existe,,,,,,
2018-11-09,07:32:00,SEM VÍTIMA,CANCELADA,VÁRZEA,AV JOAQUIM RIBEIRO,,RUA RIBEIRO PESSOA,EM FRENTE A GRANERO TRANSPORTES,AV JOAQUIM RIBEIRO,,EM FRENTE A GRANERO TRANSPORTES,VÁRZEA,93,,COLISÃO,AUTO E CAMINHÃO,1,,,,,,1,,,0,,Não informado,,,,,,,,,,,,,,,,
2018-11-09,07:33:00,SEM VÍTIMA,FINALIZADA,BOA VIAGEM,RUA RIO AZUL,,,RUA DO POSTO SHELL / RUA DO SUPERMERCADO TREVO,RUA RIO AZUL,,RUA DO POSTO SHELL / RUA DO SUPERMERCADO TREVO,BOA VIAGEM,,CIDADE,COLISÃO TRASEIRA,DOIS AUTOS,2,,,,,,,,,0,,Longo da via,Bom,Não existe,Perfeito estado,Seca,Perfeito estado,Não existe,Não há placas,50 km/h,Dupla,Canteiro central,,,,,,
2018-11-09,08:00:00,SEM VÍTIMA,FINALIZADA,ENCRUZILHADA,EST DE BELEM,190,RUA DONA JULIETA,EM FRENTE A IGREJA NOSSA SENHORA DE BELEM,EST DE BELEM,190,EM FRENTE A IGREJA NOSSA SENHORA DE BELEM,ENCRUZILHADA,,CIDADE,ABALROAMENTO TRANSVERSAL,COLISÃO SEM VITIMAS GM QTH,2,,,,,,,,,0,,Longo da via,Bom,Não existe,Perfeito estado,Seca,Perfeito estado,Não existe,Não há placas,,Dupla,Faixa contínua,,,,,,
2018-11-09,08:14:00,SEM VÍTIMA,FINALIZADA,MADALENA,RUA JOSE OSORIO,430,RUA REAL DA TORRE,EM FRENTE AO POSTO DE GASOLINA BR,RUA JOSE OSORIO,430,EM FRENTE AO POSTO DE GASOLINA BR,MADALENA,179,SUBURBIO,COLISÃO TRASEIRA,COLISÃO SEM VITIMAS,2,,,,,,,,,0,,Longo da via,Bom,Sem defeito,Perfeito estado,Seca,Perfeito estado,Agente,Outras,60 km/h,Única,Faixa seccionada,,,,,,
2018-11-09,08:28:00,SEM VÍTIMA,FINALIZADA,AREIAS,AV RECIFE,,RUA AURORA CACOTE,AO LADO DO RESTAURANTE GALETUS,AV RECIFE,,AO LADO DO RESTAURANTE GALETUS,AREIAS,,CIDADE,ABALROAMENTO LONGITUDINAL,COLISÃO SEM VITIMAS,2,,,,,,,,,0,,Longo da via,Bom,Não existe,Incompleta,Seca,Perfeito estado,Não existe,"Placas ""Pare""",,Única,Faixa seccionada,,,,,,
2018-11-09,08:28:00,SEM VÍTIMA,FINALIZADA,IMBIRIBEIRA,AV MARECHAL MASCARENHAS DE MORAES,,RUA CORONEL FABRICIANO,UPA DA IMBIRIBEIRA,AV MARECHAL MASCARENHAS DE MORAES,,UPA DA IMBIRIBEIRA,IMBIRIBEIRA,310,CIDADE,ABALROAMENTO LONGITUDINAL,CAMINHÃO E AUTO,1,,,,,,1,,,0,,Cruzamento,Bom,Sem defeito,Perfeito estado,Seca,Perfeito estado,Faixa de pedestre,Não há placas,60 km/h,Única,Canteiro central,,,,,,
2018-11-09,08:31:00,SEM VÍTIMA,FINALIZADA,BOA VIAGEM,RUA PROFESSOR JOAO MEDEIROS,,,DE ESQUINA COM A CHURRASCARIA PAJUÇARA,RUA PROFESSOR JOAO MEDEIROS,,DE ESQUINA COM A CHURRASCARIA PAJUÇARA,BOA VIAGEM,,CIDADE,COLISÃO TRASEIRA,COLISÃO SEM VITIMAS,2,,,,,,,,,0,,Longo da via,Bom,Não existe,Perfeito estado,Seca,Perfeito estado,Não existe,Não há placas,,Dupla,Canal,,,,,,
2018-11-09,08:36:00,COM VÍTIMA,FINALIZADA,GRAÇAS,RUA SOUZA DE ANDRADE,241,RUA ANTONIO NOVAIS,POR TRAS DO COLEGIO SÃO LUIZ,RUA SOUZA DE ANDRADE,241,POR TRAS DO COLEGIO SÃO LUIZ,GRAÇAS,,CIDADE,ABALROAMENTO TRANSVERSAL,COLISÃO COM 1 VITIMA A ESPERA DO SAMU,1,1,,,,,,,,1,,Cruzamento,Bom,Não existe,Não existente,Seca,Perfeito estado,Não existe,Não há placas,30 km/h,Dupla,Não existe,,,,,,
2018-11-09,08:39:00,SEM VÍTIMA,CANCELADA,CAXANGÁ,RUA GENERAL POLIDORO,4617,,AO LADO DA FIAT ITALIANA,RUA GENERAL POLIDORO,4617,AO LADO DA FIAT ITALIANA,CAXANGÁ,608,CIDADE,COLISÃO,SEM VÍTIMAS,3,,,,,,,,,0,,Não informado,,,,,,,,,,,,,,,,
2018-11-09,08:49:00,COM VÍTIMA,FINALIZADA,BOA VIAGEM,AV FERNANDO SIMOES BARBOSA,,RUA BRUNO VELOSO,E/F A R2 ACADEMIA, SENTIDO AV BOA VIAGEM,AV FERNANDO SIMOES BARBOSA,,E/F A R2 ACADEMIA, SENTIDO AV BOA VIAGEM,BOA VIAGEM,335,,ABALROAMENTO TRANSVERSAL,UMA VÍTIMA. BATEDORES NO LOCAL. MT 13 E MT 21,1,1,,,,,,,,1,,Cruzamento,Bom,Sem defeito,Perfeito estado,Seca,Perfeito estado,Faixa de pedestre,Outras,,Dupla,Canteiro central,,,,
2018-11-09,08:51:00,COM VÍTIMA,FINALIZADA,CAMPO GRANDE,RUA ODORICO MENDES,413,RUA GUAICURUS,EM FRENTE AO SUPERMERCADO STILLOS,RUA ODORICO MENDES,413,EM FRENTE AO SUPERMERCADO STILLOS,CAMPO GRANDE,,SUBURBIO,ABALROAMENTO TRANSVERSAL,MOTO E AUTO,1,1,,,,,,,,1,,Longo da via,Bom,Não existe,Perfeito estado,Seca,Perfeito estado,Outros,R-6a,,Dupla,Faixa contínua,,,,,,
2018-11-09,09:28:00,SEM VÍTIMA,FINALIZADA,ENCRUZILHADA,AV NORTE,2160,,EM FRENTE A RENAULT,AV NORTE,2160,EM FRENTE A RENAULT,ENCRUZILHADA,,CID/ SUB,ATROPELAMENTO,PEDESTRE E AUTO,1,,,,1,,,,,0,,Longo da via,Bom,Sem defeito,Perfeito estado,Seca,Perfeito estado,Agente,Não há placas,60 km/h,,,,,,,,
2018-11-09,10:06:00,SEM VÍTIMA,FINALIZADA,AFOGADOS,RUA SAO MIGUEL,,,,RUA SAO MIGUEL,,,AFOGADOS,423,CIDADE,COLISÃO TRASEIRA,SEM VITIMAS,1,,,,,,,1,,0,,Longo da via,Bom,Sem defeito,Perfeito estado,Seca,Perfeito estado,Faixa de pedestre,Outras,,Dupla,Faixa contínua,,,,,,
2018-11-09,10:09:00,SEM VÍTIMA,CANCELADA,GRAÇAS,AV GOVERNADOR AGAMENON MAGALHAES,,,POR TRAS DO CLUBE PORTUGUES / PISTA LOCAL / SENT BOA VIAGEM,AV GOVERNADOR AGAMENON MAGALHAES,,POR TRAS DO CLUBE PORTUGUES / PISTA LOCAL / SENT BOA VIAGEM,GRAÇAS,,,COLISÃO,MOTO E AUTO,1,1,,,,,,,,0,,Não informado,,,,,,,,,,,,,,,,
2018-11-09,10:25:00,SEM VÍTIMA,FINALIZADA,BOA VIAGEM,AV DES JOSE NEVES,,,SENT SHOPPING / BEIRA DANAL / APOS O SUPERMERCADO TREVO,AV DES JOSE NEVES,,SENT SHOPPING / BEIRA DANAL / APOS O SUPERMERCADO TREVO,BOA VIAGEM,,CIDADE,COLISÃO TRASEIRA,DOIS AUTOS,2,,,,,,,,,0,,Longo da via,Bom,Não existe,Ilegível,Seca,Mal conservada,,Não há placas,60 km/h,Única,,,,,,,
2018-11-12,14:48:00,SEM VÍTIMA,FINALIZADA,BOA VISTA,RUA DA AURORA,425,,EM FRENTE A AGÊNCIA DO TRABALHO,RUA DA AURORA,425,EM FRENTE A AGÊNCIA DO TRABALHO,BOA VISTA,,CIDADE,ABALROAMENTO LONGITUDINAL,ONIBUS E AUTO,1,,,,,1,,,,0,,Longo da via,Bom,Sem defeito,Perfeito estado,Seca,Mal conservada,Outros,Outras,,Única,Faixa seccionada,,,,,,
2018-11-09,10:33:00,COM VÍTIMA,FINALIZADA,SÃO JOSÉ,AV SUL,,,OFICINA DO ABELARDO,AV SUL,,OFICINA DO ABELARDO,SÃO JOSÉ,,CIDADE,CAPOTAMENTO,VITIMA NO AGUARDO DO SOCORRO,,1,,,,,,,,1,,Longo da via,Bom,Não existe,Incompleta,Molhada,Perfeito estado,Não existe,Não há placas,60 km/h,Dupla,Canteiro central,,,,,,
2018-11-09,10:42:00,SEM VÍTIMA,FINALIZADA,DERBY,PRC DO DERBY,,AV GOVERNADOR AGAMENON MAGALHAES,SOB O SEMÁFORO 075 - SENTIDO SUBÚRBIO/ CIDADE,PRC DO DERBY,,SOB O SEMÁFORO 075 - SENTIDO SUBÚRBIO/ CIDADE,DERBY,75,CIDADE,COLISÃO TRASEIRA,AMBULANCIA E AUTO,1,,,,,,,1,,0,,Outros,Bom,Sem defeito,Perfeito estado,Seca,Perfeito estado,Faixa de pedestre,R-6c,50 km/h,Dupla,Outros,,,,,,
2018-11-09,10:52:00,SEM VÍTIMA,FINALIZADA,DOIS IRMÃOS,RUA DOIS IRMAOS,,,SOB O SEMÁFORO,RUA DOIS IRMAOS,,SOB O SEMÁFORO,DOIS IRMÃOS,416,SUBURBIO,COLISÃO TRASEIRA,SEM VÍTIMA,2,,,,,,,,,0,,Longo da via,Bom,Com defeito,Incompleta,Seca,Perfeito estado,Agente,Não há placas,60 km/h,Dupla,Faixa contínua,,,,,,
2018-11-09,11:01:00,SEM VÍTIMA,CANCELADA,AFOGADOS,RUA SAO MIGUEL,1285,,E/F AO DEPOSITO DA AMANCO,RUA SAO MIGUEL,1285,E/F AO DEPOSITO DA AMANCO,AFOGADOS,,CIDADE,COLISÃO,SEM VÍTIMAS,1,,,,,,1,,,0,,Não informado,,,,,,,,,,,,,,,,
2018-11-09,11:05:00,SEM VÍTIMA,FINALIZADA,PARNAMIRIM,AV PARNAMIRIM,380,,EM FRENTE AO BANCO SANTANDER,AV PARNAMIRIM,380,EM FRENTE AO BANCO SANTANDER,PARNAMIRIM,,CIDADE,ABALROAMENTO LONGITUDINAL,DOIS AUTOS,2,,,,,,,,,0,,Longo da via,Bom,Não existe,Perfeito estado,Seca,Perfeito estado,Outros,R-6a,60 km/h,Única,Faixa contínua,,,,,,
2018-11-09,11:09:00,SEM VÍTIMA,FINALIZADA,BOA VIAGEM,RUA SETUBAL,156,,EM FRENTE AO NÚMERO 156,RUA SETUBAL,156,EM FRENTE AO NÚMERO 156,BOA VIAGEM,,CIDADE,ABALROAMENTO LONGITUDINAL,COLISÃO SEM VITIMAS,2,,,,,,,,,0,,Longo da via,Bom,Sem defeito,Não existente,Seca,Perfeito estado,Não existe,Não há placas,40 km/h,Única,Não existe,,,,,,
2018-11-09,11:33:00,COM VÍTIMA,FINALIZADA,CAMPO GRANDE,RUA VISCONDE DE CAIRU,21,RUA SEBASTIAO GALVAO,E/F A RESIDENCA.,RUA VISCONDE DE CAIRU,21,E/F A RESIDENCA.,CAMPO GRANDE,,SUBURBIO,CHOQUE OBJETO FIXO,COM UMA VÍTIMA JÁ SOCORRIDA PELO SAMU,1,,,,,,,,,1,,Esquina,Bom,Não existe,Perfeito estado,Seca,Perfeito estado,Não existe,Outras,,Dupla,Não existe,,,,,,
2018-11-09,11:47:00,SEM VÍTIMA,FINALIZADA,BOA VIAGEM,RUA PADRE BERNADINO PESSOA,429,,EM FRENTE AO COLEGIO SANTA MARIA,RUA PADRE BERNADINO PESSOA,429,EM FRENTE AO COLEGIO SANTA MARIA,BOA VIAGEM,,,ABALROAMENTO LONGITUDINAL,DOIS AUTOS BATEDORES KAIKE E IVAN MOURA NO LOCAL,2,,,,,,,,,0,,Longo da via,Bom,Não existe,Perfeito estado,Seca,Perfeito estado,Faixa de pedestre,Não há placas,,Única,Não existe,,,,,,
2018-11-09,11:51:00,SEM VÍTIMA,FINALIZADA,CASA AMARELA,AV NORTE,,RUA PADRE LEMOS,NA ENTRADA DO VASCO DA GAMA EM FRENTE AO POSTO DE GASOLINA BR,AV NORTE,,NA ENTRADA DO VASCO DA GAMA EM FRENTE AO POSTO DE GASOLINA BR,CASA AMARELA,66,CIDADE,COLISÃO TRASEIRA,COLISÃO SEM VITIMAS,1,,,,,,1,,,0,,Cruzamento,Bom,Sem defeito,Não existente,Seca,Perfeito estado,Não existe,Não há placas,,Dupla,Canteiro central,,,,,,
2018-11-09,11:52:00,SEM VÍTIMA,FINALIZADA,JORDÃO,RUA BOANERGES PEREIRA,113A,,LADO OPOSTO A PADARIA DELICIAS DO TRIGO,RUA BOANERGES PEREIRA,113A,LADO OPOSTO A PADARIA DELICIAS DO TRIGO,JORDÃO,,SUBURBIO,CHOQUE OBJETO FIXO,CHOQUE EM MURO DE RESIDENCIA, SEGUIDO DE CHOQUE EM VEÍCULO,2,,,,,,,,,0,,Longo da via,Bom,Não existe,Incompleta,Seca,Perfeito estado,Não existe,Não há placas,,Dupla,Não existe,,,,,
2018-11-09,11:57:00,SEM VÍTIMA,FINALIZADA,CASA AMARELA,AV NORTE,,,SEMÁFORO DE Nº 095,AV NORTE,,SEMÁFORO DE Nº 095,CASA AMARELA,,SUBURBIO,COLISÃO TRASEIRA,DOIS AUTOS,2,,,,,,,,,0,,Longo da via,Bom,Sem defeito,Perfeito estado,Seca,Perfeito estado,Não existe,Não há placas,60 km/h,Dupla,Canteiro central,,,,,,
2018-11-09,12:36:00,SEM VÍTIMA,FINALIZADA,BOA VIAGEM,RUA COPACABANA,580,,,RUA COPACABANA,580,,BOA VIAGEM,,SUBURBIO,ABALROAMENTO LONGITUDINAL,ONIBUS E AUTO,1,,,,,1,,,,0,,Longo da via,Bom,Não existe,,Seca,Perfeito estado,Não existe,Não há placas,,Dupla,Não existe,,,,,,