data,hora,natureza_acidente,situacao,bairro,endereco,numero,detalhe_endereco_acidente,complemento,endereco_cruzamento,numero_cruzamento,referencia_cruzamento,bairro_cruzamento,num_semaforo,sentido_via,tipo,descricao,auto,moto,ciclom,ciclista,pedestre,onibus,caminhao,viatura,outros,vitimas,vitimasfatais,acidente_verificado,tempo_clima,situacao_semaforo,sinalizacao,condicao_via,conservacao_via,ponto_controle,situacao_placa,velocidade_max_via,mao_direcao,divisao_via1,divisao_via2,divisao_via3,,,,
2018-11-09,12:44:00,SEM VÍTIMA,FINALIZADA,BOA VIAGEM,AV ENGENHEIRO DOMINGOS FERREIRA,,,LADO OPOSTO AO Nº 2655-A,AV ENGENHEIRO DOMINGOS FERREIRA,,LADO OPOSTO AO Nº 2655-A,BOA VIAGEM,,SUBURBIO,ABALROAMENTO LONGITUDINAL,ONIBUS E AUTO,1,,,,,1,,,,0,,Longo da via,Bom,Não existe,Perfeito estado,Seca,Perfeito estado,Outros,Outras,60 km/h,Dupla,Canteiro central,,,,,,
2018-11-09,12:57:00,SEM VÍTIMA,FINALIZADA,MADALENA,RUA PAISSANDU,,PRC DA BANDEIRA,EM FRENTE AO SPORT,RUA PAISSANDU,,EM FRENTE AO SPORT,MADALENA,367,SUBURBIO,ABALROAMENTO TRANSVERSAL,AUTO E CAMINHÃO,1,,,,,,1,,,0,,Longo da via,Bom,Sem defeito,Perfeito estado,Seca,Perfeito estado,Faixa de pedestre,Outras,,Única,Faixa seccionada,,,,,,
2018-11-09,13:38:00,SEM VÍTIMA,FINALIZADA,PINA,PTE GOVERNADOR PAULO GUERRA,,,SOBRE A PONTE GOV PAULO GUERRA,PTE GOVERNADOR PAULO GUERRA,,SOBRE A PONTE GOV PAULO GUERRA,PINA,,SUBURBIO,COLISÃO TRASEIRA,DOIS AUTOS,2,,,,,,,,,0,,Viaduto,Bom,Não existe,Perfeito estado,Seca,Perfeito estado,Não existe,Outras,60 km/h,Única,Faixa contínua,,,,,,
2018-11-09,13:42:00,SEM VÍTIMA,FINALIZADA,BOA VIAGEM,AV ENGENHEIRO DOMINGOS FERREIRA,668,,EM FRENTE AO MARANTE EXECUTIVE HOTEL,AV ENGENHEIRO DOMINGOS FERREIRA,668,EM FRENTE AO MARANTE EXECUTIVE HOTEL,BOA VIAGEM,,SUBURBIO,ABALROAMENTO TRANSVERSAL,ONIBUS E AUTO,1,,,,,1,,,,0,,Longo da via,Bom,Não existe,Perfeito estado,Seca,Perfeito estado,Não existe,Outras,60 km/h,Única,Canteiro central,,,,,,
2018-11-09,13:46:00,SEM VÍTIMA,FINALIZADA,CASA AMARELA,EST DO ARRAIAL,,RUA PADRE LEMOS,EM FRENTE AO MERCADO DE CASA AMARELA,EST DO ARRAIAL,,EM FRENTE AO MERCADO DE CASA AMARELA,CASA AMARELA,404,CID/SUB,COLISÃO TRASEIRA,ENTRE AUTOS S/V.,2,,,,,,,,,0,,Cruzamento,Bom,Sem defeito,Perfeito estado,Seca,Perfeito estado,Agente,Outras,40 km/h,Dupla,Faixa contínua,,,,,,
2018-11-09,13:59:00,SEM VÍTIMA,FINALIZADA,ÁGUA FRIA,RUA DA REGENERACAO,,,SEMÁFORO 662,RUA DA REGENERACAO,,SEMÁFORO 662,ÁGUA FRIA,,SUBURBIO,ABALROAMENTO LONGITUDINAL,DOIS AUTOS,2,,,,,,,,,0,,Longo da via,Bom,Sem defeito,Perfeito estado,Seca,Perfeito estado,,R-6a,,Única,Faixa seccionada,,,,,,
2018-11-09,14:06:00,SEM VÍTIMA,FINALIZADA,BOA VIAGEM,AV ENGENHEIRO DOMINGOS FERREIRA,2200,,EM FRENTE À IMOBILIÁRIA PAULO MIRANDA,AV ENGENHEIRO DOMINGOS FERREIRA,2200,EM FRENTE À IMOBILIÁRIA PAULO MIRANDA,BOA VIAGEM,484,SUBURBIO,COLISÃO TRASEIRA,ENTRE AUTOS S/V.,2,,,,,,,,,0,,Longo da via,Bom,Sem defeito,Perfeito estado,Seca,Perfeito estado,Faixa de pedestre,,,Única,Faixa seccionada,,,,,,
2018-11-09,14:23:00,SEM VÍTIMA,CANCELADA,VASCO DA GAMA,RUA VASCO DA GAMA,,,SESI DO VASCO,RUA VASCO DA GAMA,,SESI DO VASCO,VASCO DA GAMA,,,COLISÃO,SEM VÍTIMA,1,1,,,,,,,,0,,,,,,,,,,,,,,,,,,
2018-11-09,14:27:00,SEM VÍTIMA,FINALIZADA,VASCO DA GAMA,RUA VASCO DA GAMA,145,,EM FRENTE AO SESI DO VASCO,RUA VASCO DA GAMA,145,EM FRENTE AO SESI DO VASCO,VASCO DA GAMA,,CIDADE,ABALROAMENTO LONGITUDINAL,MOTO E AUTO,1,1,,,,,,,,0,,Longo da via,Bom,Não existe,Não existente,Seca,Perfeito estado,Não existe,R-6a,,Dupla,Não existe,,,,,,
2018-11-09,14:44:00,SEM VÍTIMA,FINALIZADA,MUSTARDINHA,AV MANOEL GONCALVES DA LUZ,44,,PROX. A STAR MOTOS, EM FRENTE A PRAÇA DO ABC,AV MANOEL GONCALVES DA LUZ,44,PROX. A STAR MOTOS, EM FRENTE A PRAÇA DO ABC,MUSTARDINHA,,,COLISÃO,MOTO E AUTO,1,1,,,,,,,,0,,,,,,,,,,,,,,,,
2018-11-09,16:19:00,COM VÍTIMA,FINALIZADA,GUABIRABA,AV DA RECUPERACAO,1014,RUA DAS FLORES,PROX A UPINHA,AV DA RECUPERACAO,1014,PROX A UPINHA,GUABIRABA,,SUBURBIO,COLISÃO TRASEIRA,MOTO E CAMINHÃO,,1,,,,,1,,,1,,Longo da via,Bom,Não existe,Perfeito estado,Seca,Perfeito estado,,Não há placas,,Dupla,Faixa seccionada,,,,,,
2018-11-09,16:33:00,COM VÍTIMA,FINALIZADA,CAXANGÁ,AV CAXANGA,,,EM FRENTE A IGREJA CATOLICA, CENTRO PASTORAL PE. OSCAR MARTINS,AV CAXANGA,,EM FRENTE A IGREJA CATOLICA, CENTRO PASTORAL PE. OSCAR MARTINS,CAXANGÁ,,,ABALROAMENTO LONGITUDINAL,DUAS MOTOS VT- 15 GM,,2,,,,,,,,2,,Longo da via,Bom,Sem defeito,Perfeito estado,Molhada,Perfeito estado,Outros,Outras,,Única,Canteiro central,,,,
2018-11-09,17:03:00,SEM VÍTIMA,FINALIZADA,BOA VIAGEM,RUA CORONEL ANIZIO RODRIGUES COELHO,907-A,,,RUA CORONEL ANIZIO RODRIGUES COELHO,907-A,,BOA VIAGEM,,,COLISÃO,DOIS AUTOS PASSEIO,2,,,,,,,,,0,,,,,,,,,,,,,,,,,,
2018-11-09,17:16:00,SEM VÍTIMA,FINALIZADA,MACAXEIRA,AV JOSE AMERICO DE ALMEIDA,230,1 TRV JUSTICA E PAZ,TRANSPORTADORA AVANÇO,AV JOSE AMERICO DE ALMEIDA,230,TRANSPORTADORA AVANÇO,MACAXEIRA,,,ABALROAMENTO LONGITUDINAL,COLISÃO SEM VITIMA,,1,,,,,1,,,0,,Cruzamento,Bom,Não existe,Não existente,Seca,Perfeito estado,Não existe,Não há placas,30 km/h,Única,Não existe,,,,,,
2018-11-09,17:50:00,SEM VÍTIMA,FINALIZADA,TORRE,RUA MARQUES DE MARICA,1238,,PRÓX. PRAÇA DA TORRE ( PRAÇA PROF BARRETO CAMPELO ),RUA MARQUES DE MARICA,1238,PRÓX. PRAÇA DA TORRE ( PRAÇA PROF BARRETO CAMPELO ),TORRE,,SUBURBIO,ABALROAMENTO LONGITUDINAL,COLISÃO SEM VITIMA,1,,,,,1,,,,0,,Cruzamento,Bom,Não existe,Não existente,Seca,Perfeito estado,Não existe,Não há placas,,Única,Blocos,,,,,,
2018-11-09,17:58:00,SEM VÍTIMA,FINALIZADA,ESPINHEIRO,RUA BARAO DE ITAMARACA,,,NA FRENTE DA CAFE MAIS PROSA,RUA BARAO DE ITAMARACA,,NA FRENTE DA CAFE MAIS PROSA,ESPINHEIRO,,,COLISÃO,COLISÃO SEM VITIMA,2,,,,,,,,,0,,,,,,,,,,,,,,,,,,
2018-11-09,17:59:00,SEM VÍTIMA,FINALIZADA,BOA VIAGEM,RUA PROF AURELIO DE CASTRO CAVALCANTI,,RUA WALDEMAR NERY CARNEIRO MONTEIRO,PROX A ESCOLA GRANDE PASSO,RUA PROF AURELIO DE CASTRO CAVALCANTI,,PROX A ESCOLA GRANDE PASSO,BOA VIAGEM,,,ABALROAMENTO LONGITUDINAL,HONDA CIT X SIENA,2,,,,,,,,,0,,,Bom,Não existe,Perfeito estado,Seca,Perfeito estado,Não existe,Outras,,Única,Não existe,,,,,,
2018-11-09,17:59:00,COM VÍTIMA,FINALIZADA,CASA AMARELA,AV NORTE,6020,,DESCONTÃO,AV NORTE,6020,DESCONTÃO,CASA AMARELA,,SUBURBIO,ABALROAMENTO LONGITUDINAL,COM VÍTIMA , SOCORRIDA PELO SAMU,1,1,,,,,,,,2,,Longo da via,Bom,Não existe,Perfeito estado,Seca,Perfeito estado,Não existe,Não há placas,,Dupla,Canteiro central,,,,,
2018-11-09,18:21:00,COM VÍTIMA,FINALIZADA,IMBIRIBEIRA,RUA JAMAICA,,RUA ITAJAI,,RUA JAMAICA,,,IMBIRIBEIRA,,CIDADE,ABALROAMENTO TRANSVERSAL,COLISÃO COM VITIMAS ENTRE AUTO E MOTO,1,1,,,,,,,,3,,Cruzamento,Bom,Não existe,Incompleta,Seca,Perfeito estado,Faixa de pedestre,R-6a,,Única,Faixa contínua,,,,,,
2018-11-09,18:32:00,SEM VÍTIMA,FINALIZADA,IMBIRIBEIRA,AV MARECHAL MASCARENHAS DE MORAES,2666,,GERALDÃO , AO LADO DO POSTO BR,AV MARECHAL MASCARENHAS DE MORAES,2666,GERALDÃO , AO LADO DO POSTO BR,IMBIRIBEIRA,289,SUBURBIO,ABALROAMENTO LONGITUDINAL,COLISÃO SEM VITIMA,2,,,,,,,,,0,,Longo da via,Bom,Sem defeito,Perfeito estado,Seca,Perfeito estado,Não existe,Outras,60 km/h,Dupla,Faixa seccionada,,,,
2018-11-09,18:39:00,COM VÍTIMA,CANCELADA,SANTO AMARO,AV GOVERNADOR AGAMENON MAGALHAES,,,DEPOIS DO VIADUTO DA AV NORTE SENTIDO OLINDA ANTES DO RETORNO DA ENCRUZILHADA E TORREAO,AV GOVERNADOR AGAMENON MAGALHAES,,DEPOIS DO VIADUTO DA AV NORTE SENTIDO OLINDA ANTES DO RETORNO DA ENCRUZILHADA E TORREAO,SANTO AMARO,,,COLISÃO,FAIT X MOTO OBS:: VITIMAS DENTRO DO CANAL,1,1,,,,,,,,2,,,,,,,,,,,,,,,,,,
2018-11-09,18:42:00,SEM VÍTIMA,FINALIZADA,ILHA DO LEITE,RUA GENERAL JOAQUIM INACIO,830,,,RUA GENERAL JOAQUIM INACIO,830,,ILHA DO LEITE,,SUBURBIO,ABALROAMENTO LONGITUDINAL,COLISÃO SEM VITIMA,1,,,,,1,,,,0,,Longo da via,Bom,Não existe,Perfeito estado,Seca,Perfeito estado,,,,Única,Faixa,,,,,,
2018-11-09,18:58:00,COM VÍTIMA,FINALIZADA,IPUTINGA,RUA BOM PASTOR,,RUA MAURICEIA,NO FINAL DO CANAL DO CAVUCO,RUA BOM PASTOR,,NO FINAL DO CANAL DO CAVUCO,IPUTINGA,652,SUBURBIO,COLISÃO FRONTAL,COLISÃO COM VITIMA,,2,,,,,,,,1,,Cruzamento,Bom,Sem defeito,Perfeito estado,Seca,Perfeito estado,Não existe,Não há placas,30 km/h,Dupla,Não existe,,,,,,
2018-11-09,19:08:00,COM VÍTIMA,FINALIZADA,DERBY,AV GOVERNADOR AGAMENON MAGALHAES,,RUA DR BANDEIRA FILHO,ENF AO MECDONALD´S PROX A EMBRATEL SENTIDO BOA VIAGEM,AV GOVERNADOR AGAMENON MAGALHAES,,ENF AO MECDONALD´S PROX A EMBRATEL SENTIDO BOA VIAGEM,DERBY,173,SUBURBIO,ABALROAMENTO LONGITUDINAL,ONIX X MOTO,1,1,,,,,,,,2,,Longo da via,Bom,Sem defeito,Perfeito estado,Seca,Perfeito estado,Faixa de pedestre,,,Dupla,Canal,,,,,,
2018-11-09,19:24:00,COM VÍTIMA,FINALIZADA,IMBIRIBEIRA,RUA PAMPULHA,160,RUA ITAJAI,ENF A PANIFICADORA VALE DO RIO DOCE. CASA BRANCA BUFFET E RECEPÇÕES.,RUA PAMPULHA,160,ENF A PANIFICADORA VALE DO RIO DOCE. CASA BRANCA BUFFET E RECEPÇÕES.,IMBIRIBEIRA,,CIDADE,ABALROAMENTO TRANSVERSAL,MOTO X PRISMA TAXI,1,1,,,,,,,,1,,Cruzamento,Bom,Não existe,Perfeito estado,Seca,Perfeito estado,Não existe,"Placas ""Pare""",,Única,Não existe,,,,,,
2018-11-09,19:40:00,SEM VÍTIMA,CANCELADA,ILHA DO LEITE,RUA GENERAL JOAQUIM INACIO,,AV FREI MATIAS TEVES,PROX A FARMACIA INDEPENDENTE,RUA GENERAL JOAQUIM INACIO,,PROX A FARMACIA INDEPENDENTE,ILHA DO LEITE,,,COLISÃO,ONIBUS CIDADE ALTA X AUTO,1,,,,,1,,,,0,,,,,,,,,,,,,,,,,,
2018-11-09,19:50:00,SEM VÍTIMA,CANCELADA,JOANA BEZERRA,,,,SOBRE O VIADUTO DA JOANA BEZERRA, SENTIDO PINA,,,SOBRE O VIADUTO DA JOANA BEZERRA, SENTIDO PINA,JOANA BEZERRA,,,COLISÃO,COLISÃO SE VITIMAS,2,,,,,,,,,0,,,,,,,,,,,,,,,,
2018-11-09,21:42:00,COM VÍTIMA,FINALIZADA,DERBY,AV GOVERNADOR AGAMENON MAGALHAES,,PRC DO DERBY,PROX A PRC DO DERBY SENTIDO BOA VIAGEM,AV GOVERNADOR AGAMENON MAGALHAES,,PROX A PRC DO DERBY SENTIDO BOA VIAGEM,DERBY,75,SUBURBIO,ABALROAMENTO LONGITUDINAL,SIENA X MOTO,1,1,,,,,,,,1,,Cruzamento,Bom,Sem defeito,Perfeito estado,Seca,Perfeito estado,Faixa de pedestre,,,Dupla,Canal,,,,,,
2018-11-09,22:01:00,COM VÍTIMA,CANCELADA,IPUTINGA,EST DO BARBALHO,,RUA GENESIO TEOFILO BEZERRA FILHO,PROX AO CASARAO DO BARBALHO :: OBS VT DA POLICIA NO LOCAL,EST DO BARBALHO,,PROX AO CASARAO DO BARBALHO :: OBS VT DA POLICIA NO LOCAL,IPUTINGA,,,COLISÃO,PALIO X CELTA X MOTO,2,1,,,,,,,,1,,,,,,,,,,,,,,,,,,
2018-11-09,22:19:00,SEM VÍTIMA,FINALIZADA,LINHA DO TIRO,RUA URIEL DE HOLANDA,,RUA GUAPIACU,,RUA URIEL DE HOLANDA,,,LINHA DO TIRO,,CIDADE,ABALROAMENTO LONGITUDINAL,COLISÃO SEM VITIMAS,1,1,,,,,,,,0,,Longo da via,Bom,Não existe,Não existente,Seca,Outros,Não existe,Não há placas,40 km/h,Dupla,Não existe,,,,,,
2018-11-09,23:25:00,SEM VÍTIMA,FINALIZADA,CASA AMARELA,AV NORTE,,RUA GOMES COUTINHO,PROX. AO SESC DE CASA AMARELA E O POSTO BR,AV NORTE,,PROX. AO SESC DE CASA AMARELA E O POSTO BR,CASA AMARELA,643,,ABALROAMENTO TRANSVERSAL,COLISÃO COM VÍTIMAS/ BOMBEIRO NO LOCAL,,1,,,,,,1,,0,,Cruzamento,Bom,Sem defeito,Perfeito estado,Seca,Perfeito estado,Faixa de pedestre,,,Dupla,Canteiro central,,,,,,
2018-11-10,04:07:00,SEM VÍTIMA,CANCELADA,ESPINHEIRO,RUA VENEZUELA,,,EM FRENTE AO BAR WINNER // PRÓX AO ENTRE AMIGOS,RUA VENEZUELA,,EM FRENTE AO BAR WINNER // PRÓX AO ENTRE AMIGOS,ESPINHEIRO,,,COLISÃO,COLISÃO ENTRE DOIS AUTOS, SEM VÍTIMAS,2,,,,,,,,,0,,,,,,,,,,,,,,,,,
2018-11-10,07:02:00,SEM VÍTIMA,FINALIZADA,BOA VIAGEM,AV BOA VIAGEM,756,,SEGUNDO JARDIM EM FRENTE AO EDIFICIO PLACE VENDOME,AV BOA VIAGEM,756,SEGUNDO JARDIM EM FRENTE AO EDIFICIO PLACE VENDOME,BOA VIAGEM,3,CIDADE,COLISÃO TRASEIRA,COLISÃO SEM VITIMAS,2,,,,,,,,,0,,Longo da via,Bom,Com defeito,Perfeito estado,Seca,Perfeito estado,Faixa de pedestre,Não há placas,,Única,Faixa contínua,,,,,,
2018-11-10,07:40:00,SEM VÍTIMA,CANCELADA,TAMARINEIRA,RUA ISAAC SALAZAR,45 B,,EM FRENTE AO EDIFICIO ACACIA,RUA ISAAC SALAZAR,45 B,EM FRENTE AO EDIFICIO ACACIA,TAMARINEIRA,,,COLISÃO,COLISÃO SEM VITIMAS,2,,,,,,,,,0,,,,,,,,,,,,,,,,,,
2018-11-10,08:07:00,SEM VÍTIMA,FINALIZADA,GRAÇAS,AV RUI BARBOSA,,AV GOVERNADOR AGAMENON MAGALHAES,,AV RUI BARBOSA,,,GRAÇAS,37,CIDADE,ABALROAMENTO LONGITUDINAL,DOIS AUTOS,2,,,,,,,,,0,,Longo da via,Bom,Sem defeito,Perfeito estado,Seca,Perfeito estado,Não existe,Não há placas,40 km/h,Única,Faixa seccionada,,,,,,
2018-11-10,08:51:00,SEM VÍTIMA,FINALIZADA,PRADO,AV ENGENHEIRO ABDIAS DE CARVALHO,,RUA JOAO IVO DA SILVA,,AV ENGENHEIRO ABDIAS DE CARVALHO,,,PRADO,132,SUBURBIO,COLISÃO TRASEIRA,SEM VÍTIMAS,2,,,,,,,,,0,,Cruzamento,Bom,Sem defeito,Perfeito estado,Seca,Perfeito estado,Agente,Outras,60 km/h,Dupla,Canteiro central,,,,,,
2018-11-10,09:12:00,SEM VÍTIMA,FINALIZADA,JIQUIÁ,AV DR JOSE RUFINO,,RUA JOAO TEIXEIRA,,AV DR JOSE RUFINO,,,JIQUIÁ,82,CIDADE,COLISÃO TRASEIRA,DOIS AUTOS,2,,,,,,,,,0,,Cruzamento,Bom,Sem defeito,Perfeito estado,Seca,Perfeito estado,Faixa de retenção,Não há placas,60 km/h,Dupla,Faixa contínua,,,,,,
2018-11-10,09:20:00,SEM VÍTIMA,FINALIZADA,CAMPO GRANDE,RUA SAO CAETANO,119,,RUA VISCONDE DE CAIRÚ,RUA SAO CAETANO,119,RUA VISCONDE DE CAIRÚ,CAMPO GRANDE,,,ABALROAMENTO TRANSVERSAL,SEM VÍTIMAS,2,,,,,,,,,0,,Outros,Bom,Não existe,Não existente,Seca,Perfeito estado,Não existe,Não há placas,30 km/h,Dupla,Não existe,,,,,,
2018-11-10,10:59:00,SEM VÍTIMA,FINALIZADA,AFOGADOS,EST DOS REMEDIOS,774,,EM FRENTE A JADLOG,EST DOS REMEDIOS,774,EM FRENTE A JADLOG,AFOGADOS,,SUBURBIO,COLISÃO TRASEIRA,SEM VÍTIMAS,2,,,,,1,,,,0,,Longo da via,Bom,Não existe,Perfeito estado,Seca,Perfeito estado,Não existe,Outras,,Única,Faixa contínua,,,,,,
2018-11-10,11:01:00,SEM VÍTIMA,FINALIZADA,AFOGADOS,RUA MOTOCOLOMBO,,RUA PROFESSOR AUGUSTO WANDERLEY FILHO,NA DESCIDA DA PONTE MOTOCOLOMBO,RUA MOTOCOLOMBO,,NA DESCIDA DA PONTE MOTOCOLOMBO,AFOGADOS,39,SUBURBIO,ABALROAMENTO LONGITUDINAL,COLISÃO SEM VITIMAS,1,1,,,,,,,,0,,Cruzamento,Bom,Sem defeito,Perfeito estado,Seca,Perfeito estado,Não existe,R-6a,,Única,Não existe,,,,,,
2018-11-10,11:08:00,SEM VÍTIMA,FINALIZADA,ESPINHEIRO,AV GOVERNADOR AGAMENON MAGALHAES,,,FRENTE AO CÍRCULO MILITAR,AV GOVERNADOR AGAMENON MAGALHAES,,FRENTE AO CÍRCULO MILITAR,ESPINHEIRO,,CID/SUB,COLISÃO TRASEIRA,COLISÃO SEM VITIMAS,4,,,,,,,,,0,,Longo da via,Bom,Não existe,Perfeito estado,Seca,Perfeito estado,Não existe,Outras,,Dupla,Canteiro central,,,,,,
2018-11-10,11:19:00,SEM VÍTIMA,FINALIZADA,DERBY,AV GOVERNADOR AGAMENON MAGALHAES,,,EM FRENTE A PRAÇA DO DERBY,AV GOVERNADOR AGAMENON MAGALHAES,,EM FRENTE A PRAÇA DO DERBY,DERBY,417,SUBURBIO,COLISÃO TRASEIRA,COLISÃO SEM VITIMAS,2,,,,,,,,,0,,Longo da via,Bom,Sem defeito,Perfeito estado,Seca,Perfeito estado,Faixa de pedestre,Não há placas,,Dupla,Canal,,,,,,
2018-11-10,12:21:00,SEM VÍTIMA,FINALIZADA,BEBERIBE,AV BEBERIBE,,,EM FRENTE À FARMÁCIA DROGASIL E AO POSTO SHELL,AV BEBERIBE,,EM FRENTE À FARMÁCIA DROGASIL E AO POSTO SHELL,BEBERIBE,,,COLISÃO,AUTO X ÔNIBUS S/V.,1,,,,,1,,,,0,,,,,,,,,,,,,,,,,,
2018-11-10,13:59:00,SEM VÍTIMA,FINALIZADA,IPSEP,RUA ITAIMBE,154,,,RUA ITAIMBE,154,,IPSEP,,SUBURBIO,COLISÃO TRASEIRA,,2,,,,,,,,,0,,Longo da via,Bom,Não existe,Não existente,Seca,Perfeito estado,Não existe,Não há placas,30 km/h,Dupla,Não existe,,,,,,
2018-11-10,14:39:00,COM VÍTIMA,FINALIZADA,AFOGADOS,RUA IMPERIAL,,TRV DO RAPOSO,,RUA IMPERIAL,,,AFOGADOS,510,SUBURBIO,ABALROAMENTO TRANSVERSAL,AUTO E MOTO C/V,1,1,,,,,,,,1,,Cruzamento,Bom,Sem defeito,Não existente,Seca,Perfeito estado,Não existe,R-6a,,Única,Não existe,,,,,,
2018-11-10,14:46:00,SEM VÍTIMA,FINALIZADA,AFOGADOS,RUA SAO MIGUEL,113,RUA PEDRO CABRAL DE OLIVEIRA,TEMPERO DO CAMPO SELF SERVICE,RUA SAO MIGUEL,113,TEMPERO DO CAMPO SELF SERVICE,AFOGADOS,,CIDADE,ABALROAMENTO TRANSVERSAL,ÔNIBUS X AUTO S/V.,1,,,,,1,,,,0,,Outros,Bom,Não existe,Perfeito estado,Seca,Perfeito estado,Não existe,Outras,,Dupla,Faixa contínua,,,,,,
2018-11-10,15:20:00,SEM VÍTIMA,FINALIZADA,TORRE,RUA JOSE BONIFACIO,,RUA MARCOS FREIRE,,RUA JOSE BONIFACIO,,,TORRE,487,,ABALROAMENTO LONGITUDINAL,ENTRE AUTOS S/V.,2,,,,,,,,,0,,Cruzamento,Bom,Sem defeito,Perfeito estado,Seca,Perfeito estado,Agente,,,Única,Faixa contínua,,,,,,
2018-11-10,15:46:00,COM VÍTIMA,FINALIZADA,SANTO AMARO,AV DR JAYME DA FONTE,68,,PRÓX AO CAMPO DO ONZE,AV DR JAYME DA FONTE,68,PRÓX AO CAMPO DO ONZE,SANTO AMARO,,CIDADE,COLISÃO TRASEIRA,ENTRE MOTOS C/V,,2,,,,,,,,1,,Longo da via,Bom,Não existe,Perfeito estado,Seca,Perfeito estado,Não existe,Não há placas,,Dupla,Canteiro central,,,,,,
2018-11-10,15:51:00,SEM VÍTIMA,FINALIZADA,ÁGUA FRIA,AV BEBERIBE,,,LADO OPOSTO AO MERCADO DE ÁGUA FRIA,AV BEBERIBE,,LADO OPOSTO AO MERCADO DE ÁGUA FRIA,ÁGUA FRIA,405,,ABALROAMENTO LONGITUDINAL,AUTO E CAMINHAO,1,,,,,,1,,,0,,Longo da via,Bom,Sem defeito,Perfeito estado,Seca,Perfeito estado,Faixa de pedestre,Outras,,Dupla,Faixa contínua,,,,,,
2018-11-10,16:00:00,SEM VÍTIMA,FINALIZADA,SÃO JOSÉ,AV SUL,,,,AV SUL,,,SÃO JOSÉ,260,CIDADE,CHOQUE VEÍCULO PARADO,DOIS AUTOS S/V,2,,,,,,,,,0,,Longo da via,Bom,Sem defeito,Ilegível,Seca,Perfeito estado,,Outras,60 km/h,Única,Canteiro central,,,,,,
2018-11-10,16:44:00,COM VÍTIMA,FINALIZADA,IPUTINGA,RUA TERRA GRANDE,,RUA BARAO DE ITAPISSUMA,EM FRENTE AO PORTAO DO DETRAN,RUA TERRA GRANDE,,EM FRENTE AO PORTAO DO DETRAN,IPUTINGA,,,COLISÃO COM CICLISTA,AUTO E CICLISTA C/V,1,,,1,,,,,,1,,Longo da via,Bom,Não existe,,Seca,Perfeito estado,Não existe,,,Dupla,,,,,,,
2018-11-10,17:44:00,SEM VÍTIMA,FINALIZADA,MACAXEIRA,AV NORTE,,,NA ROTATORIA, EM FRENTE AO TI MACAXEIRA,AV NORTE,,NA ROTATORIA, EM FRENTE AO TI MACAXEIRA,MACAXEIRA,,SUBURBIO,COLISÃO TRASEIRA,AUTO E ONIBUS S/V,1,,,,,1,,,,0,,Outros,Bom,Não existe,Não existente,Seca,Perfeito estado,Não existe,Não há placas,,Única,Não existe,,,,
2018-11-10,18:05:00,SEM VÍTIMA,CANCELADA,CASA AMARELA,AV NORTE,5071,,ENF AO REI DA PICANHA,AV NORTE,5071,ENF AO REI DA PICANHA,CASA AMARELA,,SUBURBIO,COLISÃO TRASEIRA,2 MOTOS,,2,,,,,,,,0,,Longo da via,Bom,Sem defeito,Perfeito estado,Seca,Perfeito estado,Outros,Outras,,Única,Faixa seccionada,,,,,,
2018-11-10,18:18:00,SEM VÍTIMA,CANCELADA,MADALENA,AV JOSE GONCALVES DE MEDEIROS,95,RUA COMENDADOR BENTO AGUIAR,PROX A FARMACIA PÁGUE MENOS,AV JOSE GONCALVES DE MEDEIROS,95,PROX A FARMACIA PÁGUE MENOS,MADALENA,,,COLISÃO,FORD K X SIENA,2,,,,,,,,,0,,,,,,,,,,,,,,,,,,