data,hora,natureza_acidente,situacao,bairro,endereco,numero,detalhe_endereco_acidente,complemento,endereco_cruzamento,numero_cruzamento,referencia_cruzamento,bairro_cruzamento,num_semaforo,sentido_via,tipo,descricao,auto,moto,ciclom,ciclista,pedestre,onibus,caminhao,viatura,outros,vitimas,vitimasfatais,acidente_verificado,tempo_clima,situacao_semaforo,sinalizacao,condicao_via,conservacao_via,ponto_controle,situacao_placa,velocidade_max_via,mao_direcao,divisao_via1,divisao_via2,divisao_via3,,,,
2018-11-10,19:54:00,SEM VÍTIMA,FINALIZADA,CAXANGÁ,AV CAXANGA,,,SEMÁFORO 080,AV CAXANGA,,SEMÁFORO 080,CAXANGÁ,80,SUBURBIO,ABALROAMENTO LONGITUDINAL,ENTRE ÔNIBUS BRT E AUTO PASSEIO. S/V,1,,,,,1,,,,0,,Longo da via,Bom,Sem defeito,Perfeito estado,Seca,Perfeito estado,,,,Única,Canteiro central,,,,,,
2018-11-10,22:25:00,SEM VÍTIMA,FINALIZADA,ESPINHEIRO,RUA DO ESPINHEIRO,,RUA SANTO ELIAS,PROX AO POSTO IPIRANGA,RUA DO ESPINHEIRO,,PROX AO POSTO IPIRANGA,ESPINHEIRO,,CIDADE,ABALROAMENTO TRANSVERSAL,COBOLT X CORSA,2,,,,,,,,,0,,Cruzamento,Bom,,Perfeito estado,Seca,Perfeito estado,Agente,"Placas ""Pare""",,Única,Faixa seccionada,,,,,,
2018-11-10,22:50:00,COM VÍTIMA,FINALIZADA,IMBIRIBEIRA,RUA LISBOA,20,,AO LADO DA FACULDADE BV / PRÓX A DANCIN DAYS,RUA LISBOA,20,AO LADO DA FACULDADE BV / PRÓX A DANCIN DAYS,IMBIRIBEIRA,,CIDADE,ATROPELAMENTO,ENTRE VT POLICIAL E CRIANÇA. C/V,,,,,1,,,1,,2,,Outros,Bom,Não existe,Não existente,Seca,Mal iluminada,Não existe,Não há placas,,Dupla,Não existe,,,,,,
2018-11-10,23:01:00,SEM VÍTIMA,FINALIZADA,VÁRZEA,AV CAXANGA,,RUA GASTAO VIDIGAL,PRÓX AO SEMÁFORO 281 E DO POSTO SHELL / E/F AO TERMINAL DA VÁRZEA / AO LADO DO MOTEL FERRARI,AV CAXANGA,,PRÓX AO SEMÁFORO 281 E DO POSTO SHELL / E/F AO TERMINAL DA VÁRZEA / AO LADO DO MOTEL FERRARI,VÁRZEA,281,SUBURBIO,ABALROAMENTO LONGITUDINAL,ENTRE ÕNIBUS E AUTO. S/V,1,,,,,1,,,,0,,Cruzamento,Bom,Sem defeito,Perfeito estado,Seca,Perfeito estado,Não existe,Outras,60 km/h,Dupla,Canteiro central,,,,,,
2018-11-11,00:10:00,SEM VÍTIMA,FINALIZADA,COELHOS,RUA DR JOSE MARIANO,,RUA VELHA,,RUA DR JOSE MARIANO,,,COELHOS,209,,ABALROAMENTO TRANSVERSAL,COLISÃO ENTRE DOIS AUTOS. S/V.,2,,,,,,,,,0,,Cruzamento,Bom,Intermitente,Incompleta,Seca,Perfeito estado,Não existe,Outras,,Única,Não existe,,,,,,
2018-11-11,05:04:00,SEM VÍTIMA,FINALIZADA,MADALENA,AV VISCONDE DE ALBUQUERQUE,882,,PRAÇA EÇA DE QUEIROZ,AV VISCONDE DE ALBUQUERQUE,882,PRAÇA EÇA DE QUEIROZ,MADALENA,,CIDADE,COLISÃO FRONTAL,ENTRE 2 AUTOS E AMBULÂNCIA. S/V,3,,,,,,,,,0,,Longo da via,Bom,Não existe,Perfeito estado,Seca,Perfeito estado,Não existe,Não há placas,,Única,Faixa seccionada,,,,,,
2018-11-11,05:12:00,SEM VÍTIMA,FINALIZADA,BOA VIAGEM,AV BOA VIAGEM,5152,RUA AQUIDABA,EDF CORONADO,AV BOA VIAGEM,5152,EDF CORONADO,BOA VIAGEM,,CIDADE,CHOQUE VEÍCULO PARADO,VEÍCULO CHOCOU-SE CONTRA OUTRO ESTACIONADO, E EM SEGUIDA CAPOTOU.,2,,,,,,,,,0,,Longo da via,Bom,Não existe,Perfeito estado,Seca,Perfeito estado,Não existe,Outras,60 km/h,Única,Faixa seccionada,,,,,
2018-11-11,05:36:00,SEM VÍTIMA,FINALIZADA,AREIAS,AV RECIFE,573,,BR NUNCK E CAMINHÕES,AV RECIFE,573,BR NUNCK E CAMINHÕES,AREIAS,620,CIDADE,ABALROAMENTO TRANSVERSAL,ENTRE 2 AUTOS,2,,,,,,,,,0,,Longo da via,Bom,Sem defeito,Perfeito estado,Seca,Perfeito estado,Não existe,Não há placas,50 km/h,,,,,,,,
2018-11-11,07:09:00,SEM VÍTIMA,FINALIZADA,GRAÇAS,RUA DAS CREOULAS,210,,POR TRAS DO HOSPITAL SANTA JOANA EM FRENTE A FARMACIA BONGI,RUA DAS CREOULAS,210,POR TRAS DO HOSPITAL SANTA JOANA EM FRENTE A FARMACIA BONGI,GRAÇAS,,CIDADE,CHOQUE VEÍCULO PARADO,COLISÃO EM SEGUIDA DE CAPOTAMENTO SEM VITIMAS,2,,,,,,,,,0,,Longo da via,Bom,Não existe,Perfeito estado,Seca,Perfeito estado,Não existe,R-6a,,Única,Faixa seccionada,,,,,,
2018-11-11,09:27:00,SEM VÍTIMA,FINALIZADA,BOA VIAGEM,RUA SA E SOUZA,723,RUA BARAO DE SOUZA LEAO,EM FRENTE AO COLEGIO SANTOS DUMONT,RUA SA E SOUZA,723,EM FRENTE AO COLEGIO SANTOS DUMONT,BOA VIAGEM,159,,ABALROAMENTO TRANSVERSAL,COLISÃO SEM VITIMAS,1,,,,,1,,,,0,,Cruzamento,Bom,Sem defeito,Perfeito estado,Seca,Perfeito estado,Faixa de pedestre,,,Dupla,Faixa seccionada,,,,,,
2018-11-11,09:37:00,SEM VÍTIMA,CANCELADA,IMBIRIBEIRA,AV MARECHAL MASCARENHAS DE MORAES,,,EM FRENTE A LOCALIZA / SENT AFOGADOS,AV MARECHAL MASCARENHAS DE MORAES,,EM FRENTE A LOCALIZA / SENT AFOGADOS,IMBIRIBEIRA,,,COLISÃO,DOIS TAXIS,2,,,,,,,,,0,,,,,,,,,,,,,,,,,,
2018-11-11,09:57:00,SEM VÍTIMA,FINALIZADA,ESPINHEIRO,RUA PADRE ROMA,,,PROX AS CASAS JOSE ARAUJO,RUA PADRE ROMA,,PROX AS CASAS JOSE ARAUJO,ESPINHEIRO,,,COLISÃO,COLISÃO SEM VITIMAS VT 32 QTH,2,,,,,,,,,0,,,,,,,,,,,,,,,,,,
2018-11-11,11:41:00,SEM VÍTIMA,FINALIZADA,IBURA,RUA DR BENIGNO JORDAO DE VASCONCELOS,145,,,RUA DR BENIGNO JORDAO DE VASCONCELOS,145,,IBURA,,SUBURBIO,CHOQUE VEÍCULO PARADO,SEM VÍTIMAS.,1,,,,,1,,,,0,,Longo da via,Bom,Não existe,Incompleta,Seca,Perfeito estado,Não existe,Outras,,Dupla,Não existe,,,,,,
2018-11-11,12:25:00,SEM VÍTIMA,FINALIZADA,VÁRZEA,RUA MARECHAL MANOEL LUIS OSORIO,314,RUA PROFESSOR CHAVES BATISTA,EM FRENTE A EMERGENCIA DA HAPVIDA,RUA MARECHAL MANOEL LUIS OSORIO,314,EM FRENTE A EMERGENCIA DA HAPVIDA,VÁRZEA,,,COLISÃO,SEM VITIMAS,1,,,,,,,,1,0,,,,,,,,,,,,,,,,,,
2018-11-11,13:03:00,COM VÍTIMA,FINALIZADA,BOA VIAGEM,AV ENGENHEIRO DOMINGOS FERREIRA,4023,RUA RIBEIRO DE BRITO,GALERIA BOA VIAGEM,AV ENGENHEIRO DOMINGOS FERREIRA,4023,GALERIA BOA VIAGEM,BOA VIAGEM,155,SUBURBIO,COLISÃO TRASEIRA,AUTO E MOTO C/V,1,1,,,,,,,,1,,Longo da via,Bom,Sem defeito,Perfeito estado,Seca,Perfeito estado,Faixa de pedestre,R-6a,60 km/h,Única,Faixa,,,,,,
2018-11-11,13:27:00,SEM VÍTIMA,FINALIZADA,IPSEP,AV RECIFE,1405,,APÓS O CRUZAMENTO DO RESTAURANTE SAL E BRASA ,SENTIDO BR 101,AV RECIFE,1405,APÓS O CRUZAMENTO DO RESTAURANTE SAL E BRASA ,SENTIDO BR 101,IPSEP,,SUBURBIO,COLISÃO TRASEIRA,SEM VITIMAS,3,,,,,,,,,0,,Longo da via,Bom,Sem defeito,Perfeito estado,Seca,Perfeito estado,Não existe,R-6a,60 km/h,Dupla,Canteiro central,,,,
2018-11-11,14:00:00,SEM VÍTIMA,FINALIZADA,BOA VIAGEM,RUA ERNESTO DE PAULA SANTOS,960,RUA TENENTE DOMINGOS DE BRITO,POSTO SELECT,RUA ERNESTO DE PAULA SANTOS,960,POSTO SELECT,BOA VIAGEM,,CIDADE,ABALROAMENTO TRANSVERSAL,AUTO E MOTO,2,,,,,,,,,0,,Cruzamento,Bom,Sem defeito,Perfeito estado,Seca,Perfeito estado,Faixa de pedestre,Não há placas,,Única,Faixa seccionada,,,,,,
2018-11-11,14:40:00,SEM VÍTIMA,FINALIZADA,IMBIRIBEIRA,AV MARECHAL MASCARENHAS DE MORAES,945,,EM FRENTE AO ESTACIONAMENTO DA GRILLO,AV MARECHAL MASCARENHAS DE MORAES,945,EM FRENTE AO ESTACIONAMENTO DA GRILLO,IMBIRIBEIRA,396,CIDADE,COLISÃO TRASEIRA,TRES VEÍCULO ,SEM VITIMAS,3,,,,,,,,,0,,Longo da via,Bom,Sem defeito,Perfeito estado,Seca,Perfeito estado,Faixa de pedestre,R-6a,60 km/h,Única,Canteiro central,,,,,
2018-11-11,15:39:00,COM VÍTIMA,FINALIZADA,CABANGA,PTE AGAMENON MAGALHAES,,,PRÓXIMO A LOMBADA ELETRÔNICA,PTE AGAMENON MAGALHAES,,PRÓXIMO A LOMBADA ELETRÔNICA,CABANGA,,CIDADE,COLISÃO COM CICLISTA,MOTO E CICLISTA,,1,,1,,,,,,1,,Ponte,Bom,Não existe,Perfeito estado,Seca,Perfeito estado,,Outras,40 km/h,Única,Faixa,,,,,,
2018-11-11,16:31:00,COM VÍTIMA,FINALIZADA,HIPÓDROMO,RUA MADRE ROSA GATTORNO,,RUA FRANCISCO BERENGUER,PROX. A PRAÇA DO HIPODROMO, POR TRAS DO CAMPO DO ARRUDA,RUA MADRE ROSA GATTORNO,,PROX. A PRAÇA DO HIPODROMO, POR TRAS DO CAMPO DO ARRUDA,HIPÓDROMO,,SUBURBIO,ABALROAMENTO TRANSVERSAL,AUTO E MOTO C/V,1,1,,,,,,,,1,,Longo da via,Bom,Não existe,Ilegível,Seca,Perfeito estado,Não existe,Não há placas,,Dupla,Não existe,,,,
2018-11-11,17:18:00,SEM VÍTIMA,FINALIZADA,BOA VIAGEM,RUA COPACABANA,,RUA WALDEMAR NERY CARNEIRO MONTEIRO,LAVA JATO WASH,RUA COPACABANA,,LAVA JATO WASH,BOA VIAGEM,,,ABALROAMENTO LONGITUDINAL,DOIS AUTOS S/V,2,,,,,,,,,0,,Longo da via,Bom,,Perfeito estado,Seca,Perfeito estado,Não existe,Outras,,Única,Faixa seccionada,,,,,,
2018-11-11,17:29:00,SEM VÍTIMA,FINALIZADA,CORDEIRO,RUA SIGISMUNDO GONCALVES,230,,PROX. A IGREJA BATISTA, EM FRENTE AO EDF. MORADA DOS RODRIGUES,RUA SIGISMUNDO GONCALVES,230,PROX. A IGREJA BATISTA, EM FRENTE AO EDF. MORADA DOS RODRIGUES,CORDEIRO,,,CHOQUE OBJETO FIXO,VEICULO ESTACIONADO EM CIMA DA CALÇADA,1,,,,,,,,,0,,,,,,,,,,,,,,,,
2018-11-11,17:57:00,SEM VÍTIMA,FINALIZADA,PINA,AV ANTONIO DE GOES,,,LADO OPOSTO IMAGEM E SOM,AV ANTONIO DE GOES,,LADO OPOSTO IMAGEM E SOM,PINA,,CIDADE,ABALROAMENTO LONGITUDINAL,ENTRE AUTO E MOTO. C/V,1,1,,,,,,,,0,,Longo da via,Bom,Não existe,Perfeito estado,Seca,Perfeito estado,Faixa de pedestre,Outras,,Única,Faixa contínua,,,,,,
2018-11-11,19:10:00,SEM VÍTIMA,CANCELADA,PRADO,AV ENGENHEIRO ABDIAS DE CARVALHO,,RUA CARLOS GOMES,ENTRE A FARMÁCIA PAGUE MENOS E POSTO DISLUB,AV ENGENHEIRO ABDIAS DE CARVALHO,,ENTRE A FARMÁCIA PAGUE MENOS E POSTO DISLUB,PRADO,57,,COLISÃO,ENTRE 2 MOTOS. S/V,,2,,,,,,,,0,,,,,,,,,,,,,,,,,,
2018-11-11,19:26:00,COM VÍTIMA,FINALIZADA,IPSEP,RUA ITACARI,162,RUA ITAJAI,PROX A GOCIL VIGILANCIA,RUA ITACARI,162,PROX A GOCIL VIGILANCIA,IPSEP,,SUBURBIO,ABALROAMENTO TRANSVERSAL,SAFIRA X MOTO,1,1,,,,,,,,2,,Cruzamento,Bom,Não existe,Perfeito estado,Seca,Perfeito estado,,,,Única,,,,,,,
2018-11-12,01:48:00,SEM VÍTIMA,FINALIZADA,BOMBA DO HEMETÉRIO,RUA BOMBA DO HEMETERIO,,RUA ANTONIO PORFIRIO DE SANTANA,PROXIMO A CASA DE SHOW GIGANTE DO SAMBA,RUA BOMBA DO HEMETERIO,,PROXIMO A CASA DE SHOW GIGANTE DO SAMBA,BOMBA DO HEMETÉRIO,,,COLISÃO FRONTAL,AUTO E MOTO,1,1,,,,,,,,0,,Longo da via,Bom,Não existe,Perfeito estado,Seca,Perfeito estado,Não existe,R-6a,,Dupla,Faixa seccionada,,,,,,
2018-11-12,07:02:00,SEM VÍTIMA,FINALIZADA,VÁRZEA,AV CAXANGA,5717,,EM FRENTE AO TI DA CAXANGA,AV CAXANGA,5717,EM FRENTE AO TI DA CAXANGA,VÁRZEA,262,CIDADE,COLISÃO TRASEIRA,TRES VEÍCULO ,SEM VITIMAS,3,,,,,,,,,0,,Longo da via,Bom,Sem defeito,Perfeito estado,Seca,Perfeito estado,Faixa de pedestre,Outras,,Dupla,Canteiro central,,,,,
2018-11-12,07:08:00,COM VÍTIMA,CANCELADA,BEBERIBE,RUA JOAO UZEDA LUNA,102,,EM FRENTE A GRANJA DO NEGO,RUA JOAO UZEDA LUNA,102,EM FRENTE A GRANJA DO NEGO,BEBERIBE,,,COLISÃO,COM VITIMA / MOTO E AUTO,1,1,,,,,,,,1,,,,,,,,,,,,,,,,,,
2018-11-12,07:19:00,SEM VÍTIMA,CANCELADA,SÃO JOSÉ,AV SUL,1036,,OFICINA ABELARDO,AV SUL,1036,OFICINA ABELARDO,SÃO JOSÉ,205,CIDADE,COLISÃO TRASEIRA,COLISÃO ENTRE AUTOS SEM VÍTIMAS,2,,,,,,,,,0,,,,,,,,,,,,,,,,,,
2018-11-12,07:36:00,SEM VÍTIMA,FINALIZADA,CASA FORTE,AV DEZESSETE DE AGOSTO,,,EM FRENTE AO CENTRO MEDICO ERMIRIO DE MORAES,AV DEZESSETE DE AGOSTO,,EM FRENTE AO CENTRO MEDICO ERMIRIO DE MORAES,CASA FORTE,,CIDADE,COLISÃO TRASEIRA,COLISAO ENTRE DOIS AUTOS S/V,2,,,,,,,,,0,,Longo da via,Bom,Não existe,Perfeito estado,Seca,Perfeito estado,Não existe,Não há placas,60 km/h,Dupla,Faixa contínua,,,,,,
2018-11-12,07:42:00,SEM VÍTIMA,FINALIZADA,SAN MARTIN,AV GENERAL SAN MARTIN,,,AO LADO DA PRAÇA DE SAN MARTIN,AV GENERAL SAN MARTIN,,AO LADO DA PRAÇA DE SAN MARTIN,SAN MARTIN,326,SUBURBIO,COLISÃO FRONTAL,S/V,2,,,,,,,,,0,,Cruzamento,Bom,Sem defeito,Perfeito estado,Seca,Perfeito estado,Faixa de pedestre,R-6a,,Dupla,Faixa contínua,,,,,,
2018-11-12,08:06:00,SEM VÍTIMA,FINALIZADA,AFOGADOS,RUA QUITERIO INACIO DE MELLO,,RUA SAO MIGUEL,PRÓXIMO AO SEMÁFORO 333,RUA QUITERIO INACIO DE MELLO,,PRÓXIMO AO SEMÁFORO 333,AFOGADOS,333,CIDADE,ABALROAMENTO LONGITUDINAL,COLISÃO SEM VITIMA,1,,,,,,1,,,0,,Longo da via,Bom,Sem defeito,Perfeito estado,Seca,Perfeito estado,Não existe,Outras,40 km/h,Única,,,,,,,
2018-11-12,08:13:00,SEM VÍTIMA,FINALIZADA,BOA VIAGEM,AV ENGENHEIRO DOMINGOS FERREIRA,212,RUA ARTUR MUNIZ,E/F A FIGUEIRÊDO PAZ CADA DO AR CONDDICIONADO,AV ENGENHEIRO DOMINGOS FERREIRA,212,E/F A FIGUEIRÊDO PAZ CADA DO AR CONDDICIONADO,BOA VIAGEM,380,SUBURBIO,ABALROAMENTO LONGITUDINAL,SEM VÍTIMAS,2,,,,,,,,,0,,Cruzamento,Bom,Sem defeito,Perfeito estado,Seca,Perfeito estado,Não existe,Não há placas,60 km/h,Única,Canteiro central,,,,,,
2018-11-12,08:39:00,COM VÍTIMA,FINALIZADA,CASA FORTE,AV DEZESSETE DE AGOSTO,,RUA JORGE DE ALBUQUERQUE,EM FRETE AO POSTO DISLUB,AV DEZESSETE DE AGOSTO,,EM FRETE AO POSTO DISLUB,CASA FORTE,,,ACID. DE PERCURSO,QUEDA DE PEDESTRE AO TENTAR DESCER DO COLETIVO.,,,,,,1,,,,1,,Longo da via,Bom,Não existe,Perfeito estado,Seca,Perfeito estado,Não existe,Não há placas,60 km/h,Dupla,Faixa contínua,,,,,,
2018-11-12,08:41:00,SEM VÍTIMA,FINALIZADA,TORRÕES,RUA DR MIGUEL VIEIRA FERREIRA,408,,E/F AO EDF. MORENO, DE FRONTE A BENTOS PIZZA,RUA DR MIGUEL VIEIRA FERREIRA,408,E/F AO EDF. MORENO, DE FRONTE A BENTOS PIZZA,TORRÕES,,,ABALROAMENTO LONGITUDINAL,,1,1,,,,,,,,0,,Longo da via,Bom,Não existe,Perfeito estado,Seca,Perfeito estado,Não existe,R-6a,30 km/h,Dupla,Não existe,,,,
2018-11-12,08:43:00,SEM VÍTIMA,FINALIZADA,BOA VISTA,RUA OSVALDO CRUZ,393,,RUA DA SECREDARIA DA SAUDE,RUA OSVALDO CRUZ,393,RUA DA SECREDARIA DA SAUDE,BOA VISTA,,CIDADE,COLISÃO,DOIS AUTOS,2,,,,,,,,,0,,Longo da via,Bom,Não existe,Incompleta,Seca,Perfeito estado,Não existe,Não há placas,,Única,Não existe,,,,,,
2018-11-12,08:51:00,SEM VÍTIMA,FINALIZADA,BOA VIAGEM,RUA WALDEMAR NERY CARNEIRO MONTEIRO,,RUA COPACABANA,EM FRENTE A PADARIA SETUBAL,RUA WALDEMAR NERY CARNEIRO MONTEIRO,,EM FRENTE A PADARIA SETUBAL,BOA VIAGEM,,CIDADE,ABALROAMENTO LONGITUDINAL,SEM VITIMAS,2,,,,,,,,,0,,Cruzamento,Bom,Não existe,Incompleta,Seca,Perfeito estado,Outros,Não há placas,,Dupla,Outros,,,,,,
2018-11-12,09:06:00,SEM VÍTIMA,FINALIZADA,AFOGADOS,AV SUL,,,EM FRENTE A ESTACÃO METRO DE AFOGADOS,AV SUL,,EM FRENTE A ESTACÃO METRO DE AFOGADOS,AFOGADOS,,CIDADE,ABALROAMENTO LONGITUDINAL,SEM VITIMAS NO LOCAL VT 12 CTTU,1,,,,,,1,,,0,,Longo da via,Bom,Não existe,Perfeito estado,Seca,Perfeito estado,Não existe,Outras,,Única,,,,,,,
2018-11-12,09:07:00,COM VÍTIMA,FINALIZADA,TAMARINEIRA,EST VELHA DE AGUA FRIA,596,RUA CONEGO BARATA,EM FRENTE A QUITANDA DO BAIRRO E PADARIA MANÁ,EST VELHA DE AGUA FRIA,596,EM FRENTE A QUITANDA DO BAIRRO E PADARIA MANÁ,TAMARINEIRA,,SUBURBIO,ABALROAMENTO LONGITUDINAL,MOTO E ONIBUS,,1,,,,1,,,,1,,Longo da via,Bom,Sem defeito,Perfeito estado,Seca,Perfeito estado,Não existe,Não há placas,,Dupla,Faixa,,,,,,
2018-11-12,09:24:00,COM VÍTIMA,FINALIZADA,BOA VISTA,RUA BARAO DE SAO BORJA,,RUA JOSE DE ALENCAR,EM FRENTE AO HOTEL BOA VISTA,RUA BARAO DE SAO BORJA,,EM FRENTE AO HOTEL BOA VISTA,BOA VISTA,,CIDADE,ABALROAMENTO TRANSVERSAL,VITIMA SOCORRIDA PELO SAMU,1,1,,,,,,,,1,,Cruzamento,Bom,Não existe,Não existente,Seca,Perfeito estado,Não existe,"Placas ""Pare""",30 km/h,Única,Faixa contínua,,,,,,
2018-11-12,10:19:00,COM VÍTIMA,CANCELADA,SANTO ANTÔNIO,RUA FLORIANO PEIXOTO,671,,E/F A SANTOS FERRAGEM,RUA FLORIANO PEIXOTO,671,E/F A SANTOS FERRAGEM,SANTO ANTÔNIO,,,COLISÃO,COM UMA VÍTIMA EM ATENDIMENTO PELO SAMU,1,1,,,,,,,,1,,,,,,,,,,,,,,,,,,
2018-11-12,10:38:00,SEM VÍTIMA,FINALIZADA,BOA VIAGEM,RUA AMALIA BERNARDINO DE SOUZA,,RUA ERNESTO DE PAULA SANTOS,ESQUINA COM A UNINASSAU,RUA AMALIA BERNARDINO DE SOUZA,,ESQUINA COM A UNINASSAU,BOA VIAGEM,,SUBURBIO,ABALROAMENTO LONGITUDINAL,SEM VITIMAS,2,,,,,,,,,0,,Cruzamento,Bom,Não existe,Perfeito estado,Seca,Perfeito estado,Não existe,Não há placas,,Dupla,Não existe,,,,,,
2018-11-12,10:43:00,COM VÍTIMA,FINALIZADA,SANTO ANTÔNIO,RUA FLORIANO PEIXOTO,,,PROX. AO METRO DO RECIFE, ANTES DA SECRETARIA DA FAZENDA,RUA FLORIANO PEIXOTO,,PROX. AO METRO DO RECIFE, ANTES DA SECRETARIA DA FAZENDA,SANTO ANTÔNIO,,,COLISÃO,AUTO E MOTO C/V,1,1,,,,,,,,1,,,,,,,,,,,,,,,,
2018-11-12,10:48:00,SEM VÍTIMA,FINALIZADA,AFOGADOS,EST DOS REMEDIOS,1276,RUA COTUNGUBA,AO LADO DA MAXAUTOS PEÇAS,EST DOS REMEDIOS,1276,AO LADO DA MAXAUTOS PEÇAS,AFOGADOS,,OUTRO,CHOQUE VEÍCULO PARADO,AUTO E CAMINHAO S/V,1,,,,,,1,,,0,,Outros,Bom,Não existe,Perfeito estado,Seca,Perfeito estado,Não existe,Outras,,Única,Faixa seccionada,,,,,,
2018-11-12,11:03:00,SEM VÍTIMA,FINALIZADA,IMBIRIBEIRA,AV MARECHAL MASCARENHAS DE MORAES,4537,,,AV MARECHAL MASCARENHAS DE MORAES,4537,,IMBIRIBEIRA,,CIDADE,COLISÃO TRASEIRA,SEM VITIMAS /CTTU NO LOCAL,2,,,,,,,,,0,,Longo da via,Bom,Não existe,Perfeito estado,Seca,Perfeito estado,Não existe,Não há placas,60 km/h,Única,Canteiro central,,,,,,
2018-11-12,11:15:00,SEM VÍTIMA,CANCELADA,AFOGADOS,RUA TRES DE AGOSTO,88,RUA COSME VIANA,,RUA TRES DE AGOSTO,88,,AFOGADOS,,,COLISÃO,SEM VITIMAS,2,,,,,,,,,0,,,,,,,,,,,,,,,,,,
2018-11-12,11:22:00,SEM VÍTIMA,FINALIZADA,ARRUDA,AV PROFESSOR JOSE DOS ANJOS,,,AO LADO DO DENOX / BEIRA DO CANAL,AV PROFESSOR JOSE DOS ANJOS,,AO LADO DO DENOX / BEIRA DO CANAL,ARRUDA,306,SUBURBIO,COLISÃO TRASEIRA,DOIS AUTOS,2,,,,,,,,,0,,Cruzamento,Bom,Sem defeito,Perfeito estado,Seca,Perfeito estado,Outros,Outras,,Dupla,Canal,,,,,,
2018-11-12,12:01:00,SEM VÍTIMA,FINALIZADA,IMBIRIBEIRA,RUA GENERAL GOES MONTEIRO,95,RUA ENGENHEIRO JOSE BRANDAO CAVALCANTE,PROX A LAGOA DO ARAÇA,RUA GENERAL GOES MONTEIRO,95,PROX A LAGOA DO ARAÇA,IMBIRIBEIRA,,SUBURBIO,ABALROAMENTO TRANSVERSAL,COLISAO ENTRE DOIS AUTOS S/V,2,,,,,,,,,0,,Cruzamento,Bom,Não existe,Incompleta,Seca,Mal conservada,Não existe,"Placas ""Pare""",,Dupla,Não existe,,,,,,
2018-11-12,12:09:00,SEM VÍTIMA,FINALIZADA,AFOGADOS,EST DOS REMEDIOS,1232,,FRENTE A VIA MAR AUTOMARCAS,EST DOS REMEDIOS,1232,FRENTE A VIA MAR AUTOMARCAS,AFOGADOS,394,CIDADE,ABALROAMENTO LONGITUDINAL,COLISAO ENTRE AUTO E MOTO S/V,1,1,,,,,,,,0,,Longo da via,Bom,Sem defeito,Perfeito estado,Seca,Perfeito estado,Faixa de pedestre,Outras,,Única,,,,,,,
2018-11-12,12:41:00,SEM VÍTIMA,FINALIZADA,APIPUCOS,RUA DE APIPUCOS,117,,APOS A ESCOLA SILVA JARDIM,RUA DE APIPUCOS,117,APOS A ESCOLA SILVA JARDIM,APIPUCOS,,SUBURBIO,COLISÃO TRASEIRA,COLISAO ENTRE DOIS AUTOS S/V,1,1,,,,,,,,0,,Longo da via,Bom,Não existe,Perfeito estado,Seca,Perfeito estado,Não existe,Outras,,Dupla,Faixa contínua,,,,,,
2018-11-12,13:30:00,COM VÍTIMA,FINALIZADA,BOA VIAGEM,AV ARMINDO MOURA,500,,EM FRENTE AO SEGUNDO COMAR,AV ARMINDO MOURA,500,EM FRENTE AO SEGUNDO COMAR,BOA VIAGEM,,,ABALROAMENTO LONGITUDINAL,DOIS AUTOS E UMA MOTONETA,2,,1,,,,,,,1,,Longo da via,Bom,Não existe,Perfeito estado,Seca,Perfeito estado,,,40 km/h,Dupla,Faixa,,,,,,
2018-11-12,13:47:00,COM VÍTIMA,FINALIZADA,DERBY,AV GOVERNADOR CARLOS DE LIMA CAVALCANTI,,RUA MIGUEL COUTO,LUCILO MARANHÃO,AV GOVERNADOR CARLOS DE LIMA CAVALCANTI,,LUCILO MARANHÃO,DERBY,,CIDADE,ABALROAMENTO LONGITUDINAL,COLISÃO ENTRE CARRO E MOTO/ COM VITIMA,1,1,,,,,,,,1,,Longo da via,Bom,Não existe,Perfeito estado,Seca,Perfeito estado,,Outras,,Dupla,Canteiro central,,,,,,