data,hora,natureza_acidente,situacao,bairro,endereco,numero,detalhe_endereco_acidente,complemento,endereco_cruzamento,numero_cruzamento,referencia_cruzamento,bairro_cruzamento,num_semaforo,sentido_via,tipo,descricao,auto,moto,ciclom,ciclista,pedestre,onibus,caminhao,viatura,outros,vitimas,vitimasfatais,acidente_verificado,tempo_clima,situacao_semaforo,sinalizacao,condicao_via,conservacao_via,ponto_controle,situacao_placa,velocidade_max_via,mao_direcao,divisao_via1,divisao_via2,divisao_via3,,,,
2018-11-12,13:45:00,SEM VÍTIMA,FINALIZADA,BOA VIAGEM,AV ENGENHEIRO DOMINGOS FERREIRA,,RUA FELIX DE BRITO E MELO,E/F A FLORICULTURA BOA VIAGEM,AV ENGENHEIRO DOMINGOS FERREIRA,,E/F A FLORICULTURA BOA VIAGEM,BOA VIAGEM,,SUBURBIO,ABALROAMENTO LONGITUDINAL,COLISAO ENTRE DOS AUTOS S/V,2,,,,,,,,,0,,Cruzamento,Bom,Sem defeito,Perfeito estado,Seca,Perfeito estado,Faixa de pedestre,Outras,60 km/h,Dupla,Canteiro central,,,,,,
2018-11-12,13:48:00,COM VÍTIMA,FINALIZADA,PARNAMIRIM,RUA JOAO TUDE DE MELO,,,EM FRENTE AO GUAIAMUM GIGANTE,RUA JOAO TUDE DE MELO,,EM FRENTE AO GUAIAMUM GIGANTE,PARNAMIRIM,,CIDADE,ABALROAMENTO LONGITUDINAL,DOIS AUTOS E UMA MOTO C/V,2,1,,,,,,,,2,,Longo da via,Bom,Não existe,Perfeito estado,Seca,Perfeito estado,Não existe,Não há placas,60 km/h,Única,Não existe,,,,,,
2018-11-12,13:53:00,SEM VÍTIMA,FINALIZADA,ILHA DO RETIRO,RUA BEIRA RIO,,,PROX. AO CLUB DO SPÓRT, APOS O TUNEL,RUA BEIRA RIO,,PROX. AO CLUB DO SPÓRT, APOS O TUNEL,ILHA DO RETIRO,,CIDADE,ABALROAMENTO LONGITUDINAL,COLISÃO SEM VITIMAS,1,,,,,,1,,,0,,Longo da via,Bom,Não existe,Perfeito estado,Seca,Perfeito estado,Não existe,Não há placas,,Única,Faixa contínua,,,,
2018-11-12,14:07:00,SEM VÍTIMA,FINALIZADA,IPSEP,RUA MARIA JOSE MOTA DA SILVEIRA,46,RUA DEPUTADO EDSON MOURY FERNANDES,,RUA MARIA JOSE MOTA DA SILVEIRA,46,,IPSEP,,SUBURBIO,ABALROAMENTO LONGITUDINAL,ENTRE DOIS AUTOS S/V,2,,,,,,,,,0,,Longo da via,Bom,Não existe,,Seca,Perfeito estado,Não existe,Não há placas,,Única,Não existe,,,,,,
2018-11-12,15:12:00,SEM VÍTIMA,CANCELADA,SÃO JOSÉ,RUA IMPERIAL,120,,EM FRENTE AO POSTO BR DESATIVADO,RUA IMPERIAL,120,EM FRENTE AO POSTO BR DESATIVADO,SÃO JOSÉ,,,COLISÃO,DOIS AUTOS S/V,2,,,,,,,,,0,,,,,,,,,,,,,,,,,,
2018-11-12,15:15:00,SEM VÍTIMA,FINALIZADA,CAMPO GRANDE,,,AV PROFESSOR JOSE DOS ANJOS,PROX.A O ANTIGO MATADOURO DE PEIXINHO,,,PROX.A O ANTIGO MATADOURO DE PEIXINHO,CAMPO GRANDE,563,CIDADE,COLISÃO TRASEIRA,COLISÃO SEM VITIMAS,2,,,,,,,,,0,,Outros,Bom,Sem defeito,Perfeito estado,Seca,Perfeito estado,Outros,Não há placas,,Dupla,Faixa seccionada,,,,,,
2018-11-12,15:17:00,SEM VÍTIMA,FINALIZADA,JORDÃO,AV MARIA IRENE,1225,1 TRV JUSTICA E PAZ,PROX A MW MODAS E ACESSORIOS,AV MARIA IRENE,1225,PROX A MW MODAS E ACESSORIOS,JORDÃO,,CIDADE,ABALROAMENTO TRANSVERSAL,COLISAO ENTRE DOIS AUTOS S/V,2,,,,,,,,,0,,Outros,Bom,Não existe,Não existente,Seca,Perfeito estado,Não existe,Não há placas,,Dupla,Não existe,,,,,,
2018-11-12,15:28:00,SEM VÍTIMA,CANCELADA,AFOGADOS,RUA COSME VIANA,,EST DO BONGI,CONCESSIONÁRIA BUDA PESTE,RUA COSME VIANA,,CONCESSIONÁRIA BUDA PESTE,AFOGADOS,,,COLISÃO,COLISÃO SEM VITIMAS,2,,,,,,,,,0,,,,,,,,,,,,,,,,,,
2018-11-12,15:57:00,SEM VÍTIMA,FINALIZADA,CASA FORTE,AV DEZESSETE DE AGOSTO,,,ESQUINA COM A FARMÁCIA PAGUE MENOS,AV DEZESSETE DE AGOSTO,,ESQUINA COM A FARMÁCIA PAGUE MENOS,CASA FORTE,614,SUBURBIO,ABALROAMENTO LONGITUDINAL,COLISÃO SEM VITIMAS,1,,,,,1,,,,0,,Longo da via,Bom,Sem defeito,Perfeito estado,Seca,Perfeito estado,Não existe,Não há placas,60 km/h,Dupla,Faixa contínua,,,,,,
2018-11-12,16:02:00,COM VÍTIMA,FINALIZADA,VÁRZEA,AV JOAQUIM RIBEIRO,,AV CAXANGA,NA FRENTE DA UPA,AV JOAQUIM RIBEIRO,,NA FRENTE DA UPA,VÁRZEA,281,SUBURBIO,ABALROAMENTO TRANSVERSAL,COLISÃO COM VITMAS,1,1,,,,,,,,1,,Cruzamento,Bom,Sem defeito,Perfeito estado,Seca,Perfeito estado,Faixa de pedestre,Outras,,Dupla,Canteiro central,,,,,,
2018-11-12,16:03:00,COM VÍTIMA,CANCELADA,CAXANGÁ,AV CAXANGA,,RUA RIBEIRO PESSOA,UPA DA CAXANGÁ,AV CAXANGA,,UPA DA CAXANGÁ,CAXANGÁ,,SUBURBIO,COLISÃO,COLISÃO COM VITMAS,,,,,,,,,,1,,,,,,,,,,,,,,,,,,
2018-11-12,16:06:00,SEM VÍTIMA,FINALIZADA,GRAÇAS,,,AV GOVERNADOR AGAMENON MAGALHAES,EM FRENTE A IGREJA BATISTA,,,EM FRENTE A IGREJA BATISTA,GRAÇAS,,,ABALROAMENTO TRANSVERSAL,COLISAO ENTRE DOIS AUTOS S/V,2,,,,,,,,,0,,Cruzamento,Bom,Sem defeito,Perfeito estado,Seca,Perfeito estado,Faixa de pedestre,Outras,,Única,Faixa contínua,,,,,,
2018-11-12,16:33:00,SEM VÍTIMA,FINALIZADA,AREIAS,RUA AURORA CACOTE,602,,FARMÁCIA DO TRABALHADOR,RUA AURORA CACOTE,602,FARMÁCIA DO TRABALHADOR,AREIAS,,SUBURBIO,COLISÃO TRASEIRA,COLISAO ENTRE DOIS AUTO S/V,2,,,,,,,,,0,,Longo da via,Bom,Não existe,Perfeito estado,Seca,Perfeito estado,Não existe,Outras,,Dupla,Faixa seccionada,,,,,,
2018-11-12,17:50:00,SEM VÍTIMA,FINALIZADA,BOA VISTA,AV GOVERNADOR AGAMENON MAGALHAES,,RUA JOAQUIM NABUCO,E/F AO COLÉGIO AMERICANO BATISTA, SNT OLINDA / PRÓX AO CONTATO E HR,AV GOVERNADOR AGAMENON MAGALHAES,,E/F AO COLÉGIO AMERICANO BATISTA, SNT OLINDA / PRÓX AO CONTATO E HR,BOA VISTA,,CID/SUB,ABALROAMENTO LONGITUDINAL,ENTRE AUTO E ÕNIBUS. S/V,1,,,,,1,,,,0,,Cruzamento,Bom,Sem defeito,Perfeito estado,Seca,Perfeito estado,Agente,Outras,60 km/h,Dupla,Canteiro central,,,,
2018-11-12,18:11:00,SEM VÍTIMA,FINALIZADA,PINA,RUA ARQUITETO AUGUSTO REINALDO,,,,RUA ARQUITETO AUGUSTO REINALDO,,,PINA,,,ABALROAMENTO LONGITUDINAL,ENTRE AUTO E CAMINHÃO. S/V,1,,,,,,1,,,0,,Cruzamento,Bom,Não existe,Perfeito estado,Seca,Perfeito estado,Faixa de pedestre,R-6a,,Única,Não existe,,,,,,
2018-11-12,18:33:00,SEM VÍTIMA,CANCELADA,SANTO AMARO,RUA AFONSO PENA,,RUA DO PRINCIPE,NA RUA DA UNIV CATÓLICA,RUA AFONSO PENA,,NA RUA DA UNIV CATÓLICA,SANTO AMARO,,,COLISÃO,ENTRE SAMU E AUTO PASSEIO. S/V,2,,,,,,,,,0,,,,,,,,,,,,,,,,,,
2018-11-12,18:41:00,SEM VÍTIMA,EQUIPE EM DESLOCAMENTO,MANGUEIRA,AV CENTRAL,10 B,,E/F A ESTAÇÃO MANGUEIRA,AV CENTRAL,10 B,E/F A ESTAÇÃO MANGUEIRA,MANGUEIRA,,SUBURBIO,COLISÃO,ENTRE AUTO E ÕNIBUS. S/V,1,,,,,1,,,,0,,,,,,,,,,,,,,,,,,
2018-11-12,19:07:00,SEM VÍTIMA,FINALIZADA,ROSARINHO,RUA AMARO COUTINHO,210,,RUA PROFESSOR OTAVIO DE FREITAS,RUA AMARO COUTINHO,210,RUA PROFESSOR OTAVIO DE FREITAS,ROSARINHO,,CIDADE,ABALROAMENTO TRANSVERSAL,ENTRE 2 AUTOS. S/V,2,,,,,,,,,0,,Cruzamento,Bom,Não existe,Incompleta,Seca,Perfeito estado,Não existe,"Placas ""Pare""",30 km/h,Dupla,Não existe,,,,,,
2018-11-12,19:14:00,SEM VÍTIMA,FINALIZADA,ILHA DO LEITE,AV GOVERNADOR AGAMENON MAGALHAES,,,E/F AO EMPRESARIAL ISAAC NEWTON, SNT ZONA NORTE / APÓS A PONTE DO FÓRUM,AV GOVERNADOR AGAMENON MAGALHAES,,E/F AO EMPRESARIAL ISAAC NEWTON, SNT ZONA NORTE / APÓS A PONTE DO FÓRUM,ILHA DO LEITE,,SUBURBIO,COLISÃO TRASEIRA,,2,,,,,,,,,0,,Longo da via,Bom,Sem defeito,Perfeito estado,Seca,Perfeito estado,Outros,Outras,,Única,Canteiro central,,,,
2018-11-12,19:32:00,SEM VÍTIMA,FINALIZADA,IMBIRIBEIRA,RUA PARIS,118,RUA NAPOLIS,PROX A SAAB ENGENHARIA,RUA PARIS,118,PROX A SAAB ENGENHARIA,IMBIRIBEIRA,,SUBURBIO,ABALROAMENTO TRANSVERSAL,PALIO X IX 35,2,,,,,,,,1,0,,Longo da via,Bom,Não existe,Perfeito estado,Seca,Perfeito estado,Não existe,Não há placas,50 km/h,Dupla,Faixa contínua,,,,,,
2018-11-12,19:47:00,COM VÍTIMA,FINALIZADA,ARRUDA,RUA DAS MOCAS,107,RUA DA REGENERACAO,PRÓX AO CALDINHO SEM NOME / AO LADO DA ARRUDA RAÇÕES E GRANJA MD,RUA DAS MOCAS,107,PRÓX AO CALDINHO SEM NOME / AO LADO DA ARRUDA RAÇÕES E GRANJA MD,ARRUDA,,,COLISÃO FRONTAL,ENTRE 2 MOTOS. C/V,,2,,,,,,,,3,,Cruzamento,Bom,Sem defeito,Incompleta,Seca,Mal iluminada,Faixa de pedestre,Não há placas,,Dupla,Faixa seccionada,,,,,,
2018-11-12,21:32:00,SEM VÍTIMA,FINALIZADA,CASA FORTE,AV DEZESSETE DE AGOSTO,,,E/F A PRC DA VITÓRIA RÉGIA E PRÓX A CIA PEÇASANAS / SNT DOIS IRMÃOS,AV DEZESSETE DE AGOSTO,,E/F A PRC DA VITÓRIA RÉGIA E PRÓX A CIA PEÇASANAS / SNT DOIS IRMÃOS,CASA FORTE,372,,COLISÃO TRASEIRA,ENTRE MOTO E AUTO. S/V,1,1,,,,,,,,0,,Longo da via,Bom,Sem defeito,Perfeito estado,Seca,Perfeito estado,Não existe,Não há placas,60 km/h,Dupla,Faixa seccionada,,,,,,
2018-11-12,21:37:00,COM VÍTIMA,FINALIZADA,BONGI,AV ENGENHEIRO ABDIAS DE CARVALHO,,,ENF A FACULDADE ESTACIO,AV ENGENHEIRO ABDIAS DE CARVALHO,,ENF A FACULDADE ESTACIO,BONGI,328,SUBURBIO,COLISÃO TRASEIRA,VAN MASTER X MOTO,,1,,,,1,,,,1,,Longo da via,Bom,Sem defeito,Perfeito estado,Seca,Perfeito estado,Faixa de pedestre,Outras,,Dupla,Canteiro central,,,,,,
2018-11-12,22:41:00,SEM VÍTIMA,FINALIZADA,PRADO,AV ENGENHEIRO ABDIAS DE CARVALHO,,,ENF A FACULDADE ESTACIO,AV ENGENHEIRO ABDIAS DE CARVALHO,,ENF A FACULDADE ESTACIO,PRADO,,SUBURBIO,ABALROAMENTO LONGITUDINAL,CAMINHAO X GOL,1,,,,,,1,,,0,,Longo da via,Bom,Sem defeito,Perfeito estado,Seca,Perfeito estado,Não existe,Outras,,Única,Não existe,,,,,,
2018-11-13,00:14:00,COM VÍTIMA,FINALIZADA,TORRE,RUA REAL DA TORRE,,RUA VISCONDE DE ITAPARICA,PROXIMO A ESCOLA DESPERTAR, APÓS A CURVA DO CARREFOUR,RUA REAL DA TORRE,,PROXIMO A ESCOLA DESPERTAR, APÓS A CURVA DO CARREFOUR,TORRE,,CIDADE,ABALROAMENTO TRANSVERSAL,ENTRE UM AUTO E MOTO,1,1,,,,,,,,1,,Cruzamento,Bom,Não existe,Perfeito estado,Seca,Perfeito estado,Faixa de pedestre,Outras,50 km/h,Única,Não existe,,,,
2018-11-13,00:51:00,SEM VÍTIMA,CANCELADA,CASA AMARELA,RUA SURUBIM,157,,RUA PADRE LEMOS, APÓS A LOJA KINITOS,RUA SURUBIM,157,RUA PADRE LEMOS, APÓS A LOJA KINITOS,CASA AMARELA,,,CHOQUE,CONDUTOR PERDEU O CONTROLE DO VEÍCULO E CHOCOU-SE COM O MURO DE UMA RESIDÊNCIA,1,,,,,,,,,0,,,,,,,,,,,,,,,,
2018-11-13,06:21:00,COM VÍTIMA,FINALIZADA,BOA VIAGEM,AV ENGENHEIRO DOMINGOS FERREIRA,,,EM FRENTE AO CARREFOUR / EM FRENTE AO EDF. CORINA,AV ENGENHEIRO DOMINGOS FERREIRA,,EM FRENTE AO CARREFOUR / EM FRENTE AO EDF. CORINA,BOA VIAGEM,,SUBURBIO,ATROPELAMENTO,COM UMA VITIMA,1,,,,1,,,,,1,,Longo da via,Bom,Não existe,Perfeito estado,Seca,Perfeito estado,,Não há placas,60 km/h,Única,Canteiro central,,,,,,
2018-11-13,06:23:00,COM VÍTIMA,FINALIZADA,SÃO JOSÉ,AV SUL,,AV DANTAS BARRETO,PRÓX À PRAÇA SERGIO LORETO,AV SUL,,PRÓX À PRAÇA SERGIO LORETO,SÃO JOSÉ,311,CIDADE,COLISÃO TRASEIRA,AUTO X MOTO - VT-14 NO QTH,1,1,,,,,,,,1,,Cruzamento,Bom,Com defeito,,Seca,Perfeito estado,Outros,Outras,,Única,Canteiro central,,,,,,
2018-11-13,07:00:00,SEM VÍTIMA,FINALIZADA,ESPINHEIRO,RUA DA HORA,,RUA QUARENTA E OITO,EM FRENTE A FARMACIA INDEPENDENTE,RUA DA HORA,,EM FRENTE A FARMACIA INDEPENDENTE,ESPINHEIRO,21,CIDADE,ABALROAMENTO LONGITUDINAL,SEM VITIMAS,2,,,,,,,,,0,,Cruzamento,Bom,Sem defeito,Perfeito estado,Seca,Perfeito estado,Faixa de pedestre,R-6a,,Única,Faixa contínua,,,,,,
2018-11-13,07:08:00,SEM VÍTIMA,FINALIZADA,IMBIRIBEIRA,AV MARECHAL MASCARENHAS DE MORAES,,,LADO OPOSTO A SUPERMODAS,AV MARECHAL MASCARENHAS DE MORAES,,LADO OPOSTO A SUPERMODAS,IMBIRIBEIRA,,CIDADE,ABALROAMENTO LONGITUDINAL,SEM VITIMAS,1,,,,,1,,,,0,,Longo da via,Bom,Não existe,Perfeito estado,Seca,,Não existe,Outras,,Dupla,Não existe,,,,,,
2018-11-13,07:31:00,VÍTIMA FATAL,FINALIZADA,SAN MARTIN,AV ENGENHEIRO ABDIAS DE CARVALHO,,AV GENERAL SAN MARTIN,,AV ENGENHEIRO ABDIAS DE CARVALHO,,,SAN MARTIN,58,CIDADE,ABALROAMENTO TRANSVERSAL,,2,,,,,,,,,0,1,Cruzamento,Bom,Sem defeito,Perfeito estado,Seca,Perfeito estado,Faixa de pedestre,Não há placas,,Dupla,Canteiro central,,,,,,
2018-11-13,08:06:00,SEM VÍTIMA,FINALIZADA,BOA VIAGEM,AV BOA VIAGEM,618,RUA VICENCIA,,AV BOA VIAGEM,618,,BOA VIAGEM,,CIDADE,ABALROAMENTO TRANSVERSAL,DOIS AUTOS,2,,,,,,,,,0,,Longo da via,Bom,Não existe,Perfeito estado,Seca,Perfeito estado,Não existe,Não há placas,60 km/h,Única,Faixa seccionada,,,,,,
2018-11-13,08:39:00,SEM VÍTIMA,FINALIZADA,AFOGADOS,RUA DA PAZ,107,,PRÓXIMO AO CRUZAMENTO DA RUA NICOLAU PEREIRA,RUA DA PAZ,107,PRÓXIMO AO CRUZAMENTO DA RUA NICOLAU PEREIRA,AFOGADOS,,SUBURBIO,ABALROAMENTO LONGITUDINAL,SEM VÍTIMAS,1,,,,,,,,1,0,,Longo da via,Bom,Não existe,Incompleta,Seca,Perfeito estado,Não existe,Não há placas,,Única,Não existe,,,,,,
2018-11-13,09:01:00,SEM VÍTIMA,FINALIZADA,SANTO AMARO,AV NORTE,699,RUA TREZE DE MAIO,EM FRENTE A PRAÇA,AV NORTE,699,EM FRENTE A PRAÇA,SANTO AMARO,,CIDADE,ABALROAMENTO LONGITUDINAL,DOIS AUTOS,2,,,,,,,,,0,,Longo da via,Bom,Sem defeito,Perfeito estado,Seca,Mal conservada,Faixa de retenção,Outras,60 km/h,Dupla,Canteiro central,,,,,,
2018-11-13,09:49:00,SEM VÍTIMA,FINALIZADA,BOA VISTA,RUA DA SOLEDADE,,RUA DO PROGRESSO,PRÓX À FUNDAÇÃO ALTINO VENTURA,RUA DA SOLEDADE,,PRÓX À FUNDAÇÃO ALTINO VENTURA,BOA VISTA,,,COLISÃO,ENTRE AUTOS S/V.,2,,,,,,,,,0,,,,,,,,,,,,,,,,,,
2018-11-13,10:02:00,SEM VÍTIMA,FINALIZADA,VÁRZEA,RUA PROFESSOR CHAVES BATISTA,,AV CAXANGA,AO LADO DO RESTAURANTE BOI E BRASA,E EM FRENTE AO POSTO DISLUB,RUA PROFESSOR CHAVES BATISTA,,AO LADO DO RESTAURANTE BOI E BRASA,E EM FRENTE AO POSTO DISLUB,VÁRZEA,230,CIDADE,COLISÃO,SEM VITIMAS,1,,,,,1,,,,0,,Cruzamento,Bom,Sem defeito,Perfeito estado,Seca,Perfeito estado,Faixa de pedestre,Outras,,Única,Não existe,,,,
2018-11-13,10:17:00,SEM VÍTIMA,FINALIZADA,ESPINHEIRO,RUA DA HORA,456,RUA SANTO ELIAS,EM FRENTE A GALERIA MARIO MELO,RUA DA HORA,456,EM FRENTE A GALERIA MARIO MELO,ESPINHEIRO,,SUBURBIO,ABALROAMENTO LONGITUDINAL,SEM VITIMAS,2,,,,,,,,,0,,Longo da via,Bom,Não existe,Perfeito estado,Seca,Perfeito estado,Não existe,Não há placas,,Única,Faixa seccionada,,,,,,
2018-11-13,10:19:00,SEM VÍTIMA,FINALIZADA,BOA VISTA,RUA DO PRINCIPE,,RUA BISPO CARDOSO AYRES,EM FRENTE AO CENTRO EMPRESARIAL DO PRINCIPE,RUA DO PRINCIPE,,EM FRENTE AO CENTRO EMPRESARIAL DO PRINCIPE,BOA VISTA,176,CIDADE,COLISÃO TRASEIRA,TRES AUTOS / BT 06 E 23 NO QTH,3,,,,,,,,,0,,Longo da via,Bom,Sem defeito,Perfeito estado,Seca,Perfeito estado,Faixa de pedestre,Outras,,Única,,,,,,,
2018-11-13,11:05:00,SEM VÍTIMA,CANCELADA,AFOGADOS,RUA ANTONIO MACARIO,61,LARGO DA PAZ,E/F A UM PREDIO SEM NOME,RUA ANTONIO MACARIO,61,E/F A UM PREDIO SEM NOME,AFOGADOS,,,COLISÃO,SEM VÍTIMAS,1,,,,,,1,,,0,,,,,,,,,,,,,,,,,,
2018-11-13,11:21:00,SEM VÍTIMA,FINALIZADA,ILHA DO LEITE,AV BEIRA RIO,,RUA FRANCISCO ALVES,E/F AO HOPE EMERGENCIA GERAL,AV BEIRA RIO,,E/F AO HOPE EMERGENCIA GERAL,ILHA DO LEITE,,CIDADE,ABALROAMENTO LONGITUDINAL,SEM VÍTIMAS,2,,,,,,,,,0,,Longo da via,Bom,Não existe,Perfeito estado,Seca,Perfeito estado,Não existe,Não há placas,,Única,Faixa contínua,,,,,,
2018-11-13,13:24:00,COM VÍTIMA,CANCELADA,BOA VIAGEM,RUA BARAO DE SOUZA LEAO,300,,EM FRENTE AO COLEGIO BRIGADEIRO EDUARDO GOMES,RUA BARAO DE SOUZA LEAO,300,EM FRENTE AO COLEGIO BRIGADEIRO EDUARDO GOMES,BOA VIAGEM,,,COLISÃO,AUTO E MOTO C/V,1,1,,,,,,,,2,,,,,,,,,,,,,,,,,,
2018-11-13,14:24:00,SEM VÍTIMA,CANCELADA,BOA VIAGEM,AV ENGENHEIRO DOMINGOS FERREIRA,2640,,NO POSTO DE GASOLINA BR,AV ENGENHEIRO DOMINGOS FERREIRA,2640,NO POSTO DE GASOLINA BR,BOA VIAGEM,,,COLISÃO,DOIS AUTOS,2,,,,,,,,,0,,,,,,,,,,,,,,,,,,
2018-11-13,14:50:00,SEM VÍTIMA,FINALIZADA,SÃO JOSÉ,TRV DO RAPOSO,161,,,TRV DO RAPOSO,161,,SÃO JOSÉ,,SUBURBIO,COLISÃO TRASEIRA,ENTRE AUTOS S/V.,2,,,,,,,,,0,,Longo da via,Bom,Não existe,Perfeito estado,Seca,Perfeito estado,Não existe,Outras,,Única,Faixa contínua,,,,,,
2018-11-13,15:31:00,SEM VÍTIMA,FINALIZADA,IPSEP,RUA SAO NICOLAU,,RUA PROFESSOR JOSE VICENTE,V8 MULTIMARCAS,RUA SAO NICOLAU,,V8 MULTIMARCAS,IPSEP,,SUBURBIO,ABALROAMENTO LONGITUDINAL,AUTO E MOTO,1,1,,,,,,,,0,,Longo da via,Bom,Não existe,Perfeito estado,Seca,Perfeito estado,Não existe,Não há placas,,Única,Não existe,,,,,,
2018-11-13,15:59:00,SEM VÍTIMA,FINALIZADA,AFOGADOS,RUA SAO MIGUEL,350,,EM FRENTE AO BANCO DO BRASIL,RUA SAO MIGUEL,350,EM FRENTE AO BANCO DO BRASIL,AFOGADOS,,SUBURBIO,COLISÃO TRASEIRA,ENTRE AUTOS S/V.,2,,,,,,,,,0,,Longo da via,Bom,Não existe,Perfeito estado,Seca,Perfeito estado,Não existe,Não há placas,,Única,Faixa seccionada,,,,,,
2018-11-13,16:06:00,SEM VÍTIMA,FINALIZADA,NOVA DESCOBERTA,RUA SANTA TEREZA,375,,PRÓXIMO AO ARMAZÉM - AM CONSTRUÇÃO,RUA SANTA TEREZA,375,PRÓXIMO AO ARMAZÉM - AM CONSTRUÇÃO,NOVA DESCOBERTA,,CIDADE,ABALROAMENTO TRANSVERSAL,ÔNIBUS X MOTO S/V.,,1,,,,1,,,,0,,Longo da via,Bom,Não existe,Não existente,Seca,Mal conservada,Não existe,Não há placas,,Dupla,Não existe,,,,,,
2018-11-13,16:35:00,COM VÍTIMA,CANCELADA,IPSEP,RUA ITACARE,305,,EM FRENTE A VILA BELA RECEPÇOES,RUA ITACARE,305,EM FRENTE A VILA BELA RECEPÇOES,IPSEP,,,COLISÃO,AUTO E MOTO C/V,1,1,,,,,,,,1,,,,,,,,,,,,,,,,,,
2018-11-13,16:42:00,COM VÍTIMA,FINALIZADA,ALTO JOSÉ DO PINHO,AV NORTE,5050,,OPOSTO AO N.5067. EM FRENTE AO POSTO NORTE PETRÓLEO (BR),AV NORTE,5050,OPOSTO AO N.5067. EM FRENTE AO POSTO NORTE PETRÓLEO (BR),ALTO JOSÉ DO PINHO,,SUBURBIO,ATROPELAMENTO,,,1,,,1,,,,,1,,Longo da via,Bom,Não existe,Perfeito estado,Seca,Perfeito estado,Não existe,R-6a,,Dupla,Canteiro central,,,,,,
2018-11-13,17:45:00,COM VÍTIMA,FINALIZADA,SÃO JOSÉ,C SANTA RITA,,,EM FRENTE AO ARMAZÉM 16 -,C SANTA RITA,,EM FRENTE AO ARMAZÉM 16 -,SÃO JOSÉ,76,CIDADE,ABALROAMENTO LONGITUDINAL,,,2,,,,,,,,3,,Longo da via,Bom,Não existe,Perfeito estado,Seca,Perfeito estado,Não existe,Não há placas,,Dupla,Faixa,,,,,,
2018-11-13,18:36:00,COM VÍTIMA,FINALIZADA,SÃO JOSÉ,C SANTA RITA,,,CAIS DE SANTA RITA,C SANTA RITA,,CAIS DE SANTA RITA,SÃO JOSÉ,76,CIDADE,ACID. DE PERCURSO,MOTOQUEIRO PERDEU O CONTROLE DO VEÍCULO E CAIU NA VIA, SEGUNDO AS INFO DO GUARDA RINALDO,,1,,,,,,,,1,,Longo da via,Bom,Sem defeito,Incompleta,Seca,Perfeito estado,Não existe,Não há placas,,Dupla,Canteiro central,,,,,
2018-11-13,19:01:00,COM VÍTIMA,CANCELADA,DERBY,AV GOVERNADOR AGAMENON MAGALHAES,,RUA HENRIQUE DIAS,E/F AO SPETTUS,AV GOVERNADOR AGAMENON MAGALHAES,,E/F AO SPETTUS,DERBY,,,ATROPELAMENTO,ENTRE MOTO E PEDESTRE. C/V,,1,,,1,,,,,1,,,,,,,,,,,,,,,,,,
2018-11-13,20:18:00,SEM VÍTIMA,CANCELADA,BOA VIAGEM,AV CONSELHEIRO AGUIAR,1527,,AO LADO DA MEC DONALD,AV CONSELHEIRO AGUIAR,1527,AO LADO DA MEC DONALD,BOA VIAGEM,,,COLISÃO,COLISÃO SEM VITIMAS,2,,,,,,,,,0,,,,,,,,,,,,,,,,,,
2018-11-13,20:52:00,SEM VÍTIMA,FINALIZADA,BOA VIAGEM,RUA PROFESSOR AUGUSTO LINS E SILVA,,,EM FRENTE AO Nº 383,RUA PROFESSOR AUGUSTO LINS E SILVA,,EM FRENTE AO Nº 383,BOA VIAGEM,,SUBURBIO,ABALROAMENTO TRANSVERSAL,COLISÃO SEM VITIMAS,2,,,,,,,,,0,,Longo da via,Bom,Não existe,Perfeito estado,Seca,Perfeito estado,Não existe,Não há placas,,Dupla,Não existe,,,,,,