data,hora,natureza_acidente,situacao,bairro,endereco,numero,detalhe_endereco_acidente,complemento,endereco_cruzamento,numero_cruzamento,referencia_cruzamento,bairro_cruzamento,num_semaforo,sentido_via,tipo,descricao,auto,moto,ciclom,ciclista,pedestre,onibus,caminhao,viatura,outros,vitimas,vitimasfatais,acidente_verificado,tempo_clima,situacao_semaforo,sinalizacao,condicao_via,conservacao_via,ponto_controle,situacao_placa,velocidade_max_via,mao_direcao,divisao_via1,divisao_via2,divisao_via3,,,,
2018-11-13,22:09:00,SEM VÍTIMA,FINALIZADA,BOA VIAGEM,RUA FELIX DE BRITO E MELO,,AV FERNANDO SIMOES BARBOSA,E/F AO WALLMART, APÓS A VIA MANGUE / SNT PIEDADE,RUA FELIX DE BRITO E MELO,,E/F AO WALLMART, APÓS A VIA MANGUE / SNT PIEDADE,BOA VIAGEM,544,SUBURBIO,ABALROAMENTO LONGITUDINAL,ENTRE ONIBUS E AUTO. S/V,1,,,,,1,,,,0,,Cruzamento,Bom,Sem defeito,Perfeito estado,Seca,Perfeito estado,Faixa de pedestre,"Placas ""Pare""",,Única,Faixa contínua,,,,
2018-11-13,22:47:00,SEM VÍTIMA,CANCELADA,BOA VIAGEM,RUA ERNESTO DE PAULA SANTOS,525,,E/F AO POSTO SHELL/ ESQUINA COM O CANAL,RUA ERNESTO DE PAULA SANTOS,525,E/F AO POSTO SHELL/ ESQUINA COM O CANAL,BOA VIAGEM,,,COLISÃO,ENTRE 2 AUTOS. S/V,2,,,,,,,,,0,,,,,,,,,,,,,,,,,,
2018-11-13,23:30:00,SEM VÍTIMA,FINALIZADA,SÃO JOSÉ,RUA IMPERIAL,,RUA LOURENCO DE SA,E/F A JUCEP E ESQUINA COM A IGREJA BATISTA,RUA IMPERIAL,,E/F A JUCEP E ESQUINA COM A IGREJA BATISTA,SÃO JOSÉ,87,SUBURBIO,COLISÃO TRASEIRA,ENTRE 2 AUTOS. S/V,2,,,,,,,,,0,,Cruzamento,Bom,Sem defeito,Perfeito estado,Seca,Perfeito estado,Faixa de pedestre,"Placas ""Pare""",,Única,Faixa contínua,,,,,,
2018-11-14,01:21:00,SEM VÍTIMA,FINALIZADA,TORRE,EST DOS REMEDIOS,,AV JOSE GONCALVES DE MEDEIROS,EM FRENTE AO BOMBREÇO DO BENFICA,EST DOS REMEDIOS,,EM FRENTE AO BOMBREÇO DO BENFICA,TORRE,353,SUBURBIO,ABALROAMENTO TRANSVERSAL,ENTRE 2 AUTOS. S/V,2,,,,,,,,,0,,Cruzamento,Bom,Sem defeito,Perfeito estado,Seca,Perfeito estado,,Outras,,Única,Faixa seccionada,,,,,,
2018-11-14,04:38:00,SEM VÍTIMA,FINALIZADA,IMBIRIBEIRA,AV MARECHAL MASCARENHAS DE MORAES,,AV GENERAL MAC ARTHUR,ESQUINA COM O POSTO IPIRANGA // PRÓX AO BANCO ITAÚ //SENTIDO AEROPORTO,AV MARECHAL MASCARENHAS DE MORAES,,ESQUINA COM O POSTO IPIRANGA // PRÓX AO BANCO ITAÚ //SENTIDO AEROPORTO,IMBIRIBEIRA,225,SUBURBIO,ABALROAMENTO LONGITUDINAL,COLISÃO ENTRE DOIS AUTOS S/V,2,,,,,,,,,0,,Cruzamento,Bom,Sem defeito,Perfeito estado,Seca,Perfeito estado,Faixa de pedestre,Não há placas,60 km/h,Dupla,Canteiro central,,,,,,
2018-11-14,05:35:00,SEM VÍTIMA,FINALIZADA,IPSEP,AV RECIFE,,,SEMÁFORO Nº 016,AV RECIFE,,SEMÁFORO Nº 016,IPSEP,16,SUBURBIO,COLISÃO TRASEIRA,ENTRE UM AUTO E UM CAMINHAO,1,,,,,,2,,,0,,Longo da via,Bom,Sem defeito,Perfeito estado,Seca,Perfeito estado,Faixa de pedestre,Outras,,Dupla,Faixa seccionada,,,,,,
2018-11-14,06:01:00,SEM VÍTIMA,FINALIZADA,AFOGADOS,RUA SAO MIGUEL,,,EM FRENTE A FUNERÁRIA SÃO MIGUEL // PRÓX A CHURRASCARIA CHARQUE NA BRASA REAL,RUA SAO MIGUEL,,EM FRENTE A FUNERÁRIA SÃO MIGUEL // PRÓX A CHURRASCARIA CHARQUE NA BRASA REAL,AFOGADOS,,,COLISÃO,COLISÃO ENTRE DOIS AUTOS, S/V,2,,,,,,,,,0,,,,,,,,,,,,,,,,,
2018-11-14,06:11:00,SEM VÍTIMA,FINALIZADA,IBURA,RUA JOAO CORDEIRO DE SOUZA,,AV SAO PAULO,,RUA JOAO CORDEIRO DE SOUZA,,,IBURA,,CIDADE,ABALROAMENTO LONGITUDINAL,ONIBUS E AUTO,1,,,,,1,,,,0,,,Bom,Não existe,Perfeito estado,Seca,Perfeito estado,Não existe,Não há placas,40 km/h,Dupla,Não existe,,,,,,
2018-11-14,06:17:00,SEM VÍTIMA,CANCELADA,IBURA,AV SAO PAULO,,,EM FRENTE AO TERMINAL DE ONIBUS DA UR 02,AV SAO PAULO,,EM FRENTE AO TERMINAL DE ONIBUS DA UR 02,IBURA,,,COLISÃO,COLISAO SEM VITIMAS,1,,,,,1,,,,0,,,,,,,,,,,,,,,,,,
2018-11-14,07:40:00,SEM VÍTIMA,FINALIZADA,IPSEP,AV RECIFE,,,LADO OPOSTO AO NÚMERO 2959,AV RECIFE,,LADO OPOSTO AO NÚMERO 2959,IPSEP,,SUBURBIO,COLISÃO TRASEIRA,COLISAO SEM VITIMAS,2,,,,,,,,,0,,Longo da via,Bom,Não existe,Perfeito estado,Seca,Perfeito estado,Agente,Outras,60 km/h,Dupla,Canteiro central,,,,,,
2018-11-14,08:03:00,SEM VÍTIMA,FINALIZADA,AFOGADOS,RUA SAO MIGUEL,1165,,EM FRENTE AO LABORATORIO JAIME CORDEIRO,RUA SAO MIGUEL,1165,EM FRENTE AO LABORATORIO JAIME CORDEIRO,AFOGADOS,,CIDADE,COLISÃO TRASEIRA,TRES AUTOS / VT 12 NO QTH,3,,,,,,,,,0,,Longo da via,Bom,Não existe,Não existente,Seca,Perfeito estado,Não existe,Não há placas,,Dupla,Faixa contínua,,,,,,
2018-11-14,08:22:00,SEM VÍTIMA,FINALIZADA,IMBIRIBEIRA,AV MARECHAL MASCARENHAS DE MORAES,,,EM FRENTE AO POSTO IPIRANGA / AO LADO DA CAIXA ECONOMICA / SENT AFOGADOS,AV MARECHAL MASCARENHAS DE MORAES,,EM FRENTE AO POSTO IPIRANGA / AO LADO DA CAIXA ECONOMICA / SENT AFOGADOS,IMBIRIBEIRA,,CIDADE,COLISÃO TRASEIRA,DOIS AUTOS,2,,,,,,,,,0,,Longo da via,,Não existe,Perfeito estado,Molhada,Perfeito estado,,Não há placas,60 km/h,Dupla,Faixa seccionada,,,,,,
2018-11-14,09:07:00,SEM VÍTIMA,FINALIZADA,BAIRRO DO RECIFE,CAIS DO APOLO,,,EM FRENTE A CAIXA ECONOMICA E AO PREDIO DA POLICIA FEDERAL,CAIS DO APOLO,,EM FRENTE A CAIXA ECONOMICA E AO PREDIO DA POLICIA FEDERAL,BAIRRO DO RECIFE,,CIDADE,ABALROAMENTO LONGITUDINAL,COLISAO SEM VITIMAS,2,,,,,,,,,0,,Longo da via,Bom,Sem defeito,Perfeito estado,Seca,Perfeito estado,Não existe,R-6a,40 km/h,Dupla,Canteiro central,,,,,,
2018-11-14,09:20:00,SEM VÍTIMA,FINALIZADA,MADALENA,RUA BENFICA,,,SEMÁFORO 515,RUA BENFICA,,SEMÁFORO 515,MADALENA,515,CID,ABALROAMENTO LONGITUDINAL,COLISAO SEM VITIMAS,2,,,,,,,,,0,,Longo da via,Bom,Sem defeito,Perfeito estado,Seca,Perfeito estado,Agente,R-6a,,Dupla,Faixa seccionada,,,,,,
2018-11-14,09:41:00,SEM VÍTIMA,FINALIZADA,SÃO JOSÉ,AV MARTINS DE BARROS,,RUA MARQUES DO RECIFE,NA RUA DO PALACIO DO GOVERNO ANTES DA PONTE,AV MARTINS DE BARROS,,NA RUA DO PALACIO DO GOVERNO ANTES DA PONTE,SÃO JOSÉ,,SUBURBIO,ABALROAMENTO TRANSVERSAL,COLISAO ENTRE DOIS AUTOS S-/V,2,,,,,,,,,0,,,Bom,Não existe,Perfeito estado,Seca,Perfeito estado,Não existe,Outras,,Única,Faixa seccionada,,,,,,
2018-11-14,10:01:00,SEM VÍTIMA,FINALIZADA,IPUTINGA,RUA MANOEL JOAQUIM DE ALMEIDA,163,RUA EMILIANO BRAGA,NA RUA DO POSTO DE GASOLINA BR, APOS O WALMART,RUA MANOEL JOAQUIM DE ALMEIDA,163,NA RUA DO POSTO DE GASOLINA BR, APOS O WALMART,IPUTINGA,,,ABALROAMENTO TRANSVERSAL,DOIS AUTOS,2,,,,,,,,,0,,Cruzamento,Bom,Não existe,Incompleta,Seca,Perfeito estado,,Outras,,Dupla,Não existe,,,,
2018-11-14,10:10:00,SEM VÍTIMA,FINALIZADA,BOA VISTA,RUA BARAO DE SAO BORJA,218,,EM FRENTE A DEFENSORIA PUBLICA,RUA BARAO DE SAO BORJA,218,EM FRENTE A DEFENSORIA PUBLICA,BOA VISTA,,SUBURBIO,ABALROAMENTO LONGITUDINAL,MOTO E AUTO,1,1,,,,,,,,0,,Longo da via,Bom,Não existe,Não existente,Seca,Mal iluminada,Não existe,Não há placas,,Única,Não existe,,,,,,
2018-11-14,10:31:00,SEM VÍTIMA,FINALIZADA,JARDIM SÃO PAULO,RUA LEANDRO BARRETO,,,NO INICIO DO VIADUTO DA LA ROQUE, SENT. AV. SAO PAULO,RUA LEANDRO BARRETO,,NO INICIO DO VIADUTO DA LA ROQUE, SENT. AV. SAO PAULO,JARDIM SÃO PAULO,,CIDADE,ABALROAMENTO LONGITUDINAL,CAMINHÃO E AUTO,1,,,,,,1,,,0,,Longo da via,Bom,Não existe,Ilegível,Seca,Perfeito estado,Não existe,Não há placas,,Dupla,Faixa contínua,,,,
2018-11-14,11:08:00,SEM VÍTIMA,CANCELADA,BOA VIAGEM,RUA PROFESSOR JOAO MEDEIROS,,,E/F AO EXTRABOM BEIRA CANAL,RUA PROFESSOR JOAO MEDEIROS,,E/F AO EXTRABOM BEIRA CANAL,BOA VIAGEM,,,COLISÃO,COLISAO ENTRE DOIS AUTOS S/V,2,,,,,,,,,0,,,,,,,,,,,,,,,,,,
2018-11-14,11:41:00,COM VÍTIMA,FINALIZADA,ILHA DO LEITE,AV GOVERNADOR AGAMENON MAGALHAES,,RUA PAISSANDU,,AV GOVERNADOR AGAMENON MAGALHAES,,,ILHA DO LEITE,69,SUB,COLISÃO TRASEIRA,COLISÃO ENTRE DOIS AUTOS E MOTOCICLETA COM VÍTIMA.,1,1,,,,,,,,1,,Cruzamento,Bom,Sem defeito,Perfeito estado,Seca,Perfeito estado,Faixa de pedestre,,60 km/h,Dupla,Canteiro central,,,,,,
2018-11-14,11:51:00,SEM VÍTIMA,FINALIZADA,IPUTINGA,RUA QUIPAPA,200,,PRÓX AO HOTEL ÁPICE,RUA QUIPAPA,200,PRÓX AO HOTEL ÁPICE,IPUTINGA,,CID,ABALROAMENTO TRANSVERSAL,COLISÃO ENTRE DOIS AUTOS SEM VÍTIMAS,2,,,,,,,,,0,,Longo da via,Bom,Não existe,Não existente,Seca,Perfeito estado,Não existe,Não há placas,,Única,Não existe,,,,,,
2018-11-14,11:59:00,SEM VÍTIMA,FINALIZADA,IMBIRIBEIRA,AV MARECHAL MASCARENHAS DE MORAES,416,RUA MANOEL SERAFIM DO COUTO,EM FRENTE AO FLOR ARTE,AV MARECHAL MASCARENHAS DE MORAES,416,EM FRENTE AO FLOR ARTE,IMBIRIBEIRA,,CIDADE,ABALROAMENTO TRANSVERSAL,SEM VÍTIMA,1,,,,,1,,,,0,,,Bom,Não existe,Incompleta,Seca,Mal conservada,Não existe,Não há placas,,Dupla,Faixa seccionada,,,,,,
2018-11-14,12:04:00,SEM VÍTIMA,FINALIZADA,GRAÇAS,RUA DO FUTURO,,,NA ENTRADA DO PARQUE DA JAQUEIRA EDF GILDO VILACE,RUA DO FUTURO,,NA ENTRADA DO PARQUE DA JAQUEIRA EDF GILDO VILACE,GRAÇAS,,CIDADE,ABALROAMENTO LONGITUDINAL,COLISAO ENTRE ONIBUS E AUTO S/V,1,,,,,1,,,,0,,Longo da via,Bom,Não existe,Perfeito estado,Seca,Perfeito estado,Não existe,Não há placas,40 km/h,Dupla,Faixa contínua,,,,,,
2018-11-14,12:43:00,COM VÍTIMA,FINALIZADA,IMBIRIBEIRA,AV MARECHAL MASCARENHAS DE MORAES,,RUA JOAO FONTES,EM FRENTE AO TRT- NA SAÍDA DOS ONIBUS TRANCREDO NEVES,AV MARECHAL MASCARENHAS DE MORAES,,EM FRENTE AO TRT- NA SAÍDA DOS ONIBUS TRANCREDO NEVES,IMBIRIBEIRA,471,CIDADE,ABALROAMENTO LONGITUDINAL,COLISÃO COM VITIMA,,1,,,,,1,,,2,,Longo da via,Bom,Sem defeito,Perfeito estado,Seca,Perfeito estado,,Não há placas,60 km/h,Única,Canteiro central,,,,,,
2018-11-14,12:58:00,SEM VÍTIMA,FINALIZADA,CASA FORTE,EST DO ARRAIAL,2594,AV DEZESSETE DE AGOSTO,PRÓX AO COLÉGIO SILVA JARDIM,EST DO ARRAIAL,2594,PRÓX AO COLÉGIO SILVA JARDIM,CASA FORTE,107,SUBURBIO,ABALROAMENTO LONGITUDINAL,AUTO X CAMINHÃO S/V,1,,,,,,1,,,0,,Longo da via,Bom,Sem defeito,Perfeito estado,Seca,Perfeito estado,Faixa de pedestre,Outras,40 km/h,Única,Faixa contínua,,,,,,
2018-11-14,13:08:00,SEM VÍTIMA,FINALIZADA,ESPINHEIRO,RUA SAO SALVADOR,24,AV GOVERNADOR AGAMENON MAGALHAES,RUA PARALELA A MEC DONALDS,RUA SAO SALVADOR,24,RUA PARALELA A MEC DONALDS,ESPINHEIRO,,CIDADE,ABALROAMENTO LONGITUDINAL,COLISÃO SEM VITIMA,1,,,,,,1,,,0,,,Bom,Não existe,Perfeito estado,Seca,Perfeito estado,Não existe,Outras,,Única,Não existe,,,,,,
2018-11-14,13:14:00,SEM VÍTIMA,CANCELADA,GUABIRABA,AV DA RECUPERACAO,,,SAIDA DO POSTO SERRA 5,AV DA RECUPERACAO,,SAIDA DO POSTO SERRA 5,GUABIRABA,,CIDADE,COLISÃO,COLISÃO SEM VITIMA,,1,,,,,1,,,0,,,,,,,,,,,,,,,,,,
2018-11-14,13:36:00,COM VÍTIMA,FINALIZADA,BOA VIAGEM,RUA GENERAL EDSON AMANCIO RAMALHO,181,,NA FRENTE DO WALL MART,INICIO DA VIA MANGUE,RUA GENERAL EDSON AMANCIO RAMALHO,181,NA FRENTE DO WALL MART,INICIO DA VIA MANGUE,BOA VIAGEM,544,CIDADE,CHOQUE OBJETO FIXO,COLISÃO COM VITIMAS, VEICULOS ESTÃO COM VAZAMENTO DE OLEO NA PISTA,2,,,,,,,,,2,,Longo da via,Bom,Não existe,Perfeito estado,Seca,Perfeito estado,Não existe,Outras,,Dupla,Blocos,,,
2018-11-14,13:47:00,SEM VÍTIMA,FINALIZADA,TORRÕES,RUA SERAFINA CARNEIRO,17,,,RUA SERAFINA CARNEIRO,17,,TORRÕES,,,CHOQUE VEÍCULO PARADO,AUTO X CAMINHÃO S/V.,1,,,,,,1,,,0,,Longo da via,Bom,Não existe,Não existente,Seca,Mal conservada,Não existe,Não há placas,,Dupla,Não existe,,,,,,
2018-11-14,13:50:00,SEM VÍTIMA,FINALIZADA,SANTO AMARO,RUA DOS PALMARES,79,,NA FRENTE A ASSEMBLEIA DE DEUS,RUA DOS PALMARES,79,NA FRENTE A ASSEMBLEIA DE DEUS,SANTO AMARO,,CIDADE,CHOQUE VEÍCULO PARADO,COLISÃO SEM VITIMA,2,,,,,,,,,0,,Longo da via,Bom,Não existe,Perfeito estado,Seca,Perfeito estado,Não existe,R-6a,,Dupla,Canteiro central,,,,,,
2018-11-14,14:57:00,SEM VÍTIMA,FINALIZADA,MADALENA,RUA JOSE OSORIO,,AV VISCONDE DE ALBUQUERQUE,,RUA JOSE OSORIO,,,MADALENA,50,SUBURBIO,ABALROAMENTO LONGITUDINAL,COLISAO ENTRE DOIS AUTOS S/V,2,,,,,,,,,0,,Cruzamento,Bom,Sem defeito,Perfeito estado,Seca,Perfeito estado,Agente,Outras,,Única,Faixa seccionada,,,,,,
2018-11-14,14:58:00,SEM VÍTIMA,FINALIZADA,IPUTINGA,RUA MARIA DE FATIMA SOARES,131,,PRÓX À ESCOLA EXPOENTE,RUA MARIA DE FATIMA SOARES,131,PRÓX À ESCOLA EXPOENTE,IPUTINGA,,CIDADE,CHOQUE OBJETO FIXO,VEÍCULO CHOCOU-SE COM MURO DE RESIDÊNCIA,1,,,,,,,,,0,,Longo da via,Bom,Não existe,Não existente,Outros,Perfeito estado,Não existe,Não há placas,,Dupla,Não existe,,,,,,
2018-11-20,10:21:00,SEM VÍTIMA,FINALIZADA,NOVA DESCOBERTA,AV VEREADOR OTACILIO AZEVEDO,1145,,EM FRENTE À AATEPE,AV VEREADOR OTACILIO AZEVEDO,1145,EM FRENTE À AATEPE,NOVA DESCOBERTA,,CIDADE,COLISÃO TRASEIRA,CAMINHÃO X AUTO,1,,,,,,1,,,0,,Longo da via,Bom,Não existe,Não existente,Seca,Perfeito estado,Não existe,Não há placas,,Dupla,Não existe,,,,,,
2018-11-13,18:04:00,SEM VÍTIMA,FINALIZADA,ENCRUZILHADA,AV JOAO DE BARROS,1861,AV NORTE,AO Nº 1861,AV JOAO DE BARROS,1861,AO Nº 1861,ENCRUZILHADA,43,SUBURBIO,ABALROAMENTO LONGITUDINAL,COLISÃO ENTRE DOIS AUTOS.,2,,,,,,,,,0,,Cruzamento,Bom,Sem defeito,Perfeito estado,Seca,Perfeito estado,Faixa de pedestre,"Placas ""Dê a preferência""",,Única,Não existe,,,,,,
2018-11-14,15:30:00,SEM VÍTIMA,FINALIZADA,MADALENA,RUA JOSE OSORIO,,AV VISCONDE DE ALBUQUERQUE,,RUA JOSE OSORIO,,,MADALENA,50,,ABALROAMENTO LONGITUDINAL,COLISÃO ENTRE DOIS AUTOS SEM VÍTIMA,2,,,,,,,,,0,,Cruzamento,Bom,Sem defeito,Perfeito estado,Seca,Perfeito estado,Faixa de pedestre,Outras,50 km/h,Única,,,,,,,
2018-11-14,15:35:00,SEM VÍTIMA,FINALIZADA,BOA VISTA,RUA GERVASIO PIRES,,AV CONDE DA BOA VISTA,PRÓX AO SHOPPING BOA VISTA,RUA GERVASIO PIRES,,PRÓX AO SHOPPING BOA VISTA,BOA VISTA,24,CID/ SUB,ABALROAMENTO TRANSVERSAL,AUTO X ÔNIBUS S/V.,1,,,,,1,,,,0,,,Bom,Sem defeito,Perfeito estado,Seca,Perfeito estado,Faixa de pedestre,Outras,,Única,Faixa seccionada,,,,,,
2018-11-14,16:36:00,SEM VÍTIMA,FINALIZADA,AFLITOS,AV CONS ROSA E SILVA,1510,,E/F AO COLEGIO ABA,AV CONS ROSA E SILVA,1510,E/F AO COLEGIO ABA,AFLITOS,,SUBURBIO,COLISÃO TRASEIRA,COLISAO ENTRE DOIS AUTOS S/V,2,,,,,,,,,0,,Longo da via,Bom,Sem defeito,Perfeito estado,Seca,Perfeito estado,Não existe,Outras,,Única,Não existe,,,,,,
2018-11-14,16:40:00,SEM VÍTIMA,FINALIZADA,SANTO ANTÔNIO,PRC DA REPUBLICA,,,PRÓX AO PALÁCIO DO COMPO DAS PRINCESAS,PRC DA REPUBLICA,,PRÓX AO PALÁCIO DO COMPO DAS PRINCESAS,SANTO ANTÔNIO,,SUBURBIO,ABALROAMENTO LONGITUDINAL,ENTRE AUTOS S/V.,2,,,,,,,,,0,,Cruzamento,Bom,Sem defeito,Incompleta,Seca,Perfeito estado,Não existe,Não há placas,,Única,Não existe,,,,,,
2018-11-14,16:56:00,SEM VÍTIMA,FINALIZADA,SÃO JOSÉ,AV SUL,1374,,EM FRENTE À PORTELA INDÚSTRIA,AV SUL,1374,EM FRENTE À PORTELA INDÚSTRIA,SÃO JOSÉ,,CIDADE,COLISÃO,ENTRE AUTOS S/V.,2,,,,,,,,,0,,,,,,,,,,,,,,,,,,
2018-11-14,16:59:00,COM VÍTIMA,FINALIZADA,CORDEIRO,RUA N S DA SAUDE,281,,E/F A CARLAO SOM E DA ULTRA GAS,RUA N S DA SAUDE,281,E/F A CARLAO SOM E DA ULTRA GAS,CORDEIRO,,CIDADE,COLISÃO TRASEIRA,COLISAO ENTRE MOTO E AUTO COM UMA VITIMA,1,1,,,,,,,,1,,Longo da via,Bom,Não existe,Perfeito estado,Seca,Perfeito estado,Não existe,"Placas ""Dê a preferência""",,Dupla,Faixa contínua,,,,,,
2018-11-14,17:06:00,COM VÍTIMA,FINALIZADA,BOA VIAGEM,RUA PADRE CARAPUCEIRO,590,RUA PROFESSOR JULIO FERREIRA DE MELO,ESQUINA COM O COLÉGIO MOTIVO,RUA PADRE CARAPUCEIRO,590,ESQUINA COM O COLÉGIO MOTIVO,BOA VIAGEM,,SUBURBIO,ATROPELAMENTO,AUTO X PEDESTRE,1,,,,1,,,,,1,,Cruzamento,Bom,Não existe,Perfeito estado,Seca,Perfeito estado,Outros,R-6a,60 km/h,Única,Faixa,,,,,,
2018-11-14,17:08:00,SEM VÍTIMA,CANCELADA,AFOGADOS,LARGO DA PAZ,,,NA FRENTE DA ESTAÇÃO LARGO DA PAZ, SENTIDO CIDADE,LARGO DA PAZ,,NA FRENTE DA ESTAÇÃO LARGO DA PAZ, SENTIDO CIDADE,AFOGADOS,,CIDADE,COLISÃO,COLISÃO SEM VITIMA,1,,,,,1,,,,0,,,,,,,,,,,,,,,,
2018-11-14,19:19:00,SEM VÍTIMA,FINALIZADA,IMBIRIBEIRA,RUA SAO MIGUEL,,RUA ZEFERINO PINHO,NA FRENTE DA FAC FAREC,RUA SAO MIGUEL,,NA FRENTE DA FAC FAREC,IMBIRIBEIRA,,,ABALROAMENTO LONGITUDINAL,COLISÃO SEM VITIMA,2,,,,,,,,,0,,Longo da via,Bom,Sem defeito,Perfeito estado,Seca,Perfeito estado,Faixa de pedestre,,,Dupla,Faixa contínua,,,,,,
2018-11-14,20:37:00,SEM VÍTIMA,FINALIZADA,BOA VIAGEM,AV ENGENHEIRO DOMINGOS FERREIRA,,,SEMAFORO Nº 380,AV ENGENHEIRO DOMINGOS FERREIRA,,SEMAFORO Nº 380,BOA VIAGEM,380,,COLISÃO TRASEIRA,COLISÃO DOIS AUTOS SEM VITIMA,2,,,,,,,,,0,,Longo da via,Bom,Sem defeito,Perfeito estado,Seca,Perfeito estado,Faixa de pedestre,Outras,,Dupla,Canteiro central,,,,,,
2018-11-14,20:42:00,SEM VÍTIMA,FINALIZADA,IPUTINGA,RUA EMILIANO BRAGA,,RUA PROFESSOR ANTONIO COELHO,AO LADO INTEGRAÇÃO,RUA EMILIANO BRAGA,,AO LADO INTEGRAÇÃO,IPUTINGA,,CIDADE,ABALROAMENTO TRANSVERSAL,COLISÃO SEM VITIMA,2,,,,,,,,,0,,Cruzamento,Bom,Sem defeito,Perfeito estado,Seca,Perfeito estado,Não existe,"Placas ""Pare""",,Dupla,Faixa seccionada,,,,,,
2018-11-14,20:52:00,SEM VÍTIMA,FINALIZADA,BOA VISTA,AV GOVERNADOR AGAMENON MAGALHAES,,,SOBRE O VIADUTO DA JOÃO DE BARROS,AV GOVERNADOR AGAMENON MAGALHAES,,SOBRE O VIADUTO DA JOÃO DE BARROS,BOA VISTA,,SUBURBIO,COLISÃO TRASEIRA,COLISÃO SEM VITIMAS ENVOLVENDO 3 VEÍCULOS, SENDO QUE UMA DAS PARTES SE EVADIU DO LOCAL,2,,,,,,,,,0,,Viaduto,Bom,Não existe,,Seca,Perfeito estado,,,,Única,Canteiro central,,,,,
2018-11-14,21:57:00,SEM VÍTIMA,FINALIZADA,MADALENA,AV VISCONDE DE ALBUQUERQUE,,RUA JOSE OSORIO,FARMACIA EXTRA FARMA,AV VISCONDE DE ALBUQUERQUE,,FARMACIA EXTRA FARMA,MADALENA,50,,ABALROAMENTO LONGITUDINAL,COLISÃO SEM VITIMAS,1,1,,,,,,,,0,,Cruzamento,Bom,Sem defeito,Ilegível,Seca,Mal iluminada,Faixa de pedestre,Não há placas,,Única,Faixa seccionada,,,,,,
2018-11-15,00:16:00,SEM VÍTIMA,CANCELADA,SANTO AMARO,AV CRUZ CABUGA,,,AO LADO DO SHOPPING TACARUNA, PROXIMO A PARADA DO BRT,AV CRUZ CABUGA,,AO LADO DO SHOPPING TACARUNA, PROXIMO A PARADA DO BRT,SANTO AMARO,,,COLISÃO,COLISÃO ENTRE AUTO E ÔNIBUS, SEM VITIMAS,1,,,,,1,,,,0,,,,,,,,,,,,,,,
2018-11-15,05:50:00,COM VÍTIMA,CANCELADA,PRADO,AV ENGENHEIRO ABDIAS DE CARVALHO,,,EM FRENTE AO POSTO DE GASOLINA ( IMPERIO),AV ENGENHEIRO ABDIAS DE CARVALHO,,EM FRENTE AO POSTO DE GASOLINA ( IMPERIO),PRADO,,,COLISÃO,COLISÃO ENTRE UM AUTO E MOTO COM VITIMAS,1,1,,,,,,,,1,,,,,,,,,,,,,,,,,,
2018-11-15,09:01:00,SEM VÍTIMA,FINALIZADA,CAMPO GRANDE,EST DE BELEM,,,SOB O SEMÁFORO 201,EST DE BELEM,,SOB O SEMÁFORO 201,CAMPO GRANDE,201,SUBURBIO,ABALROAMENTO LONGITUDINAL,SEM VÍTIMAS,1,1,,,,,,,,0,,Longo da via,Bom,Sem defeito,Perfeito estado,Seca,Perfeito estado,Faixa de pedestre,Outras,60 km/h,Dupla,Faixa contínua,,,,,,
2018-11-15,09:53:00,SEM VÍTIMA,FINALIZADA,DERBY,AV GOVERNADOR AGAMENON MAGALHAES,,AV RUI BARBOSA,UPE - UNIVERSIDADE DE PERNAMBUCO,AV GOVERNADOR AGAMENON MAGALHAES,,UPE - UNIVERSIDADE DE PERNAMBUCO,DERBY,37,CIDADE,ABALROAMENTO LONGITUDINAL,CAMINHAO E AUTO / VT 30 NO QTH,1,,,,,,1,,,0,,Cruzamento,Bom,Sem defeito,Perfeito estado,Seca,Perfeito estado,Faixa de pedestre,R-6a,60 km/h,Única,Faixa contínua,,,,,,