data,hora,natureza_acidente,situacao,bairro,endereco,numero,detalhe_endereco_acidente,complemento,endereco_cruzamento,numero_cruzamento,referencia_cruzamento,bairro_cruzamento,num_semaforo,sentido_via,tipo,descricao,auto,moto,ciclom,ciclista,pedestre,onibus,caminhao,viatura,outros,vitimas,vitimasfatais,acidente_verificado,tempo_clima,situacao_semaforo,sinalizacao,condicao_via,conservacao_via,ponto_controle,situacao_placa,velocidade_max_via,mao_direcao,divisao_via1,divisao_via2,divisao_via3,,,,
2018-11-15,10:30:00,SEM VÍTIMA,FINALIZADA,ENCRUZILHADA,RUA MARECHAL DEODORO,503,,E/F AO EDF. PORTO PARAÍSO,RUA MARECHAL DEODORO,503,E/F AO EDF. PORTO PARAÍSO,ENCRUZILHADA,,,COLISÃO,SM VÍTIMAS,2,,,,,,,,,0,,,,,,,,,,,,,,,,,,
2018-11-15,10:30:00,COM VÍTIMA,FINALIZADA,BRASÍLIA TEIMOSA,AV BRASILIA FORMOSA,12,RUA PARU,PROX AO POSTO 1 DO SALVA VIDA / NA ORLA. EM FRENTE A ARENA BRASÍLIA TEIMOSA,AV BRASILIA FORMOSA,12,PROX AO POSTO 1 DO SALVA VIDA / NA ORLA. EM FRENTE A ARENA BRASÍLIA TEIMOSA,BRASÍLIA TEIMOSA,,,COLISÃO COM CICLISTA,COLISAO COM CICLISTA,1,,,1,,,,,,1,,Longo da via,Bom,Não existe,Não existente,Seca,Mal conservada,Não existe,Não há placas,30 km/h,Dupla,Faixa,,,,,,
2018-11-15,10:33:00,COM VÍTIMA,FINALIZADA,DOIS IRMÃOS,RUA DOIS IRMAOS,,,MOTEL SENZALA,RUA DOIS IRMAOS,,MOTEL SENZALA,DOIS IRMÃOS,,SUBURBIO,ACID. DE PERCURSO,CONDUTORA CAIU APÓS PASSAR EM UM BURACO NA VIA.,,1,,,,,,,,1,,Longo da via,Bom,Sem defeito,Perfeito estado,Seca,Mal conservada,Não existe,Não há placas,,Dupla,Faixa contínua,,,,,,
2018-11-15,11:25:00,SEM VÍTIMA,FINALIZADA,BOA VIAGEM,RUA JOAO CARDOSO AIRES,396,,EM FRENTE AO SUPERMERCADO EXTRABOM,RUA JOAO CARDOSO AIRES,396,EM FRENTE AO SUPERMERCADO EXTRABOM,BOA VIAGEM,,SUBURBIO,COLISÃO,DOIS AUTOS,2,,,,,,,,,0,,Longo da via,Bom,Não existe,Perfeito estado,Seca,Perfeito estado,Não existe,Não há placas,,Única,Faixa seccionada,,,,,,
2018-11-15,12:18:00,SEM VÍTIMA,CANCELADA,PARNAMIRIM,AV RUI BARBOSA,,,AO LADO DO HOSPITAL MARIA LUCINDA,AV RUI BARBOSA,,AO LADO DO HOSPITAL MARIA LUCINDA,PARNAMIRIM,460,,ENGAVETAMENTO,TRÊS AUTOS S/V.,3,,,,,,,,,0,,,,,,,,,,,,,,,,,,
2018-11-15,12:53:00,SEM VÍTIMA,FINALIZADA,CAJUEIRO,RUA CAPITAO SALGUEIRO,17,,APOS A ENTRADA DO CAJUEIRO PROX AO ANTIGO BAR DO TERRAÇO NA ESQUINA DESTA RUA,RUA CAPITAO SALGUEIRO,17,APOS A ENTRADA DO CAJUEIRO PROX AO ANTIGO BAR DO TERRAÇO NA ESQUINA DESTA RUA,CAJUEIRO,,,COLISÃO,COLISAO ENTRE DOIS AUTOS S/V,2,,,,,,,,,0,,,,,,,,,,,,,,,,,,
2018-11-15,13:26:00,SEM VÍTIMA,FINALIZADA,BOA VIAGEM,AV CONSELHEIRO AGUIAR,2627,RUA PROFESSOR JOSE BRANDAO,E/F A EXTRAFARMA PROX AO HOSPITAL PORTUGUES,AV CONSELHEIRO AGUIAR,2627,E/F A EXTRAFARMA PROX AO HOSPITAL PORTUGUES,BOA VIAGEM,549,CIDADE,COLISÃO TRASEIRA,COLISAO ENTRE DOIS AUTOS S/V,2,,,,,,,,,0,,Longo da via,Bom,Sem defeito,Perfeito estado,Seca,Perfeito estado,Faixa de pedestre,Não há placas,60 km/h,Única,Faixa seccionada,,,,,,
2018-11-15,14:11:00,SEM VÍTIMA,CANCELADA,IBURA,AV DOIS RIOS,890,RUA RIO CHUI,EM FRENTE A FARMACIA DO POVÃO,AV DOIS RIOS,890,EM FRENTE A FARMACIA DO POVÃO,IBURA,475,,COLISÃO,DOIS AUTOS,2,,,,,,,,,0,,,,,,,,,,,,,,,,,,
2018-11-15,15:11:00,SEM VÍTIMA,FINALIZADA,BOA VIAGEM,AV BOA VIAGEM,,,EM FRENTE AO Nº 5130,AV BOA VIAGEM,,EM FRENTE AO Nº 5130,BOA VIAGEM,,SUB/CID,ABALROAMENTO TRANSVERSAL,,2,,,,,,,,,0,,Longo da via,Bom,Não existe,Perfeito estado,Seca,Perfeito estado,Outros,Não há placas,,Única,Faixa,,,,,,
2018-11-15,16:18:00,SEM VÍTIMA,FINALIZADA,IPSEP,AV RECIFE,3448,,EM FRENTE À ALIANCE AUTO E AÇO RECIFE,AV RECIFE,3448,EM FRENTE À ALIANCE AUTO E AÇO RECIFE,IPSEP,247,CIDADE,CHOQUE OBJETO FIXO,VEÍCULO CHOCOU-SE CONTRA O ACOSTAMENTO.,1,,,,,,,,,0,,Longo da via,Bom,Sem defeito,Perfeito estado,Seca,Perfeito estado,Faixa de retenção,Não há placas,60 km/h,Única,Faixa contínua,,,,,,
2018-11-15,16:58:00,SEM VÍTIMA,FINALIZADA,PINA,AV ANTONIO DE GOES,,RUA MANOEL DE BRITO,PRÓX AO POSTO BR,AV ANTONIO DE GOES,,PRÓX AO POSTO BR,PINA,103,CIDADE,ABALROAMENTO LONGITUDINAL,ENTRE AUTOS S/V.,2,,,,,,,,,0,,Cruzamento,Bom,Sem defeito,Perfeito estado,Seca,Perfeito estado,Faixa de pedestre,R-6a,60 km/h,Única,Canteiro central,,,,,,
2018-11-15,17:18:00,SEM VÍTIMA,FINALIZADA,ÁGUA FRIA,RUA LADEIRA DE PEDRA,1152 B,,NA FRENTE DA ESCOLA GABRIELA MISTRAL,RUA LADEIRA DE PEDRA,1152 B,NA FRENTE DA ESCOLA GABRIELA MISTRAL,ÁGUA FRIA,,,ABALROAMENTO LONGITUDINAL,COLISÃO SEM VITIMAS,2,,,,,,,,,0,,Longo da via,Bom,Não existe,Incompleta,Seca,Mal conservada,Não existe,Não há placas,,Dupla,Não existe,,,,,,
2018-11-15,17:18:00,COM VÍTIMA,FINALIZADA,AFLITOS,AV CONS ROSA E SILVA,1312,,AO LADO DO COUNTRY CLUB E PIZZARIA BENVINDA,AV CONS ROSA E SILVA,1312,AO LADO DO COUNTRY CLUB E PIZZARIA BENVINDA,AFLITOS,,SUBURBIO,CHOQUE OBJETO FIXO,CONDUTOR PERDEU A DIREÇÃO SUBINDO A CALÇADA E FOI DE ENCONTRO AO MURO DA PIZZARIA BENVINDA. HOUVE UM SEGUNDO VEÍCULO ENVOLVIDO.,2,,,,,,,,,1,,Longo da via,Bom,Não existe,Perfeito estado,Seca,Perfeito estado,,Outras,,Única,Faixa,,,,,,
2018-11-15,18:42:00,SEM VÍTIMA,FINALIZADA,ARRUDA,AV BEBERIBE,,RUA COUTO MAGALHAES,APOS A DISNOVE,AV BEBERIBE,,APOS A DISNOVE,ARRUDA,63,,ABALROAMENTO TRANSVERSAL,COLISÃO SEM VITIMAS,1,1,,,,,,,,0,,Cruzamento,Bom,Sem defeito,Perfeito estado,Seca,Perfeito estado,,,,Dupla,,,,,,,
2018-11-15,19:35:00,COM VÍTIMA,FINALIZADA,MANGABEIRA,AV NORTE,,AV PROFESSOR JOSE DOS ANJOS,SESC,AV NORTE,,SESC,MANGABEIRA,364,CIDADE,ABALROAMENTO TRANSVERSAL,COLISÃO COM VITIMA,1,1,,,,,,,,2,,Longo da via,Bom,Sem defeito,Perfeito estado,Seca,Perfeito estado,Faixa de pedestre,Outras,,Dupla,Canteiro central,,,,,,
2018-11-15,19:38:00,SEM VÍTIMA,FINALIZADA,BEBERIBE,RUA URIEL DE HOLANDA,777,RUA AGUAS DE PRATA,PROX A IGREJA ASSEMBLEIA DE DEUS MINISTERIO RECIFE,RUA URIEL DE HOLANDA,777,PROX A IGREJA ASSEMBLEIA DE DEUS MINISTERIO RECIFE,BEBERIBE,,SUBURBIO,CHOQUE VEÍCULO PARADO,MOBI X PALIO,3,,,,,,,,,0,,Longo da via,Bom,Não existe,Perfeito estado,Seca,Perfeito estado,,Outras,30 km/h,Dupla,Faixa seccionada,,,,,,
2018-11-16,02:37:00,SEM VÍTIMA,FINALIZADA,BOA VIAGEM,AV ENGENHEIRO DOMINGOS FERREIRA,,RUA RIBEIRO DE BRITO,EDF. JOÃO PAULO FERREIRA,AV ENGENHEIRO DOMINGOS FERREIRA,,EDF. JOÃO PAULO FERREIRA,BOA VIAGEM,155,SUBURBIO,ABALROAMENTO TRANSVERSAL,COLISÃO ENTRE DOIS AUTOS,2,,,,,,,,,0,,Cruzamento,Bom,Sem defeito,Perfeito estado,Seca,Perfeito estado,,,,,,,,,,,
2018-11-16,06:44:00,COM VÍTIMA,FINALIZADA,COQUEIRAL,RUA GUANABARA,424,RUA APRIGIO GUIMARAES,EM FRENTE AO MERCADINHO CUSTÓDIA,RUA GUANABARA,424,EM FRENTE AO MERCADINHO CUSTÓDIA,COQUEIRAL,157,SUBURBIO,ABALROAMENTO TRANSVERSAL,COM VÍTIMA.,,1,,,,1,,,,1,,Cruzamento,Bom,Sem defeito,Perfeito estado,Seca,Perfeito estado,Não existe,Não há placas,,Dupla,Não existe,,,,,,
2018-11-16,07:09:00,SEM VÍTIMA,,CAXANGÁ,AV CAXANGA,,,AO LADO DA CONCESSIONARIA CAXANGA VEICUL EM FRENTE AO RESTAURANTE BRAZZETTUS,AV CAXANGA,,AO LADO DA CONCESSIONARIA CAXANGA VEICUL EM FRENTE AO RESTAURANTE BRAZZETTUS,CAXANGÁ,230,CIDADE,COLISÃO TRASEIRA,COLISÃO SEM VITIMAS,2,,,,,,,,,0,,Longo da via,Bom,Sem defeito,Perfeito estado,Seca,Perfeito estado,Faixa de pedestre,,,Única,Faixa contínua,,,,,,
2018-11-16,07:22:00,SEM VÍTIMA,FINALIZADA,AFOGADOS,RUA SAO MIGUEL,113,RUA PEDRO CABRAL DE OLIVEIRA,PROX. AO CARTORIO E PRAÇA ÇARGO DA PAZ,RUA SAO MIGUEL,113,PROX. AO CARTORIO E PRAÇA ÇARGO DA PAZ,AFOGADOS,,,ABALROAMENTO TRANSVERSAL,ONIBUS E AUTO,1,,,,,1,,,,0,,Outros,Bom,Sem defeito,Perfeito estado,Seca,Perfeito estado,Não existe,,,Dupla,Faixa seccionada,,,,,,
2018-11-16,08:27:00,COM VÍTIMA,FINALIZADA,SÃO JOSÉ,AV SUL,1022,,PRÓX À OFICINA ABELARDO,AV SUL,1022,PRÓX À OFICINA ABELARDO,SÃO JOSÉ,205,,COLISÃO,COM VÍTIMA.,,1,,,,,,,,1,,,,,,,,,,,,,,,,,,
2018-11-16,08:50:00,SEM VÍTIMA,FINALIZADA,BOA VISTA,RUA DO HOSPICIO,,,E/F A IGREJA DO SANTISSIMO SACRAMENTO,RUA DO HOSPICIO,,E/F A IGREJA DO SANTISSIMO SACRAMENTO,BOA VISTA,,,COLISÃO,SEM VÍTIMAS,2,,,,,,,,,0,,,,,,,,,,,,,,,,,,
2018-11-16,09:27:00,SEM VÍTIMA,FINALIZADA,ILHA DO RETIRO,AV BEIRA RIO,360,,LADO OPOSTO AO Nº 360,AV BEIRA RIO,360,LADO OPOSTO AO Nº 360,ILHA DO RETIRO,,CIDADE,ABALROAMENTO LONGITUDINAL,COLISÃO SEM VITIMAS,2,,,,,,,,,0,,Longo da via,Bom,Não existe,Incompleta,Seca,Perfeito estado,Não existe,Não há placas,,Dupla,Não existe,,,,,,
2018-11-16,11:02:00,SEM VÍTIMA,FINALIZADA,BOA VIAGEM,AV DES JOSE NEVES,884,,SEMÁFORO 580,AV DES JOSE NEVES,884,SEMÁFORO 580,BOA VIAGEM,580,CIDADE,ABALROAMENTO LONGITUDINAL,DOIS AUTOS,2,,,,,,,,,0,,Longo da via,Bom,Sem defeito,Perfeito estado,Seca,Perfeito estado,Não existe,Outras,50 km/h,Dupla,Canal,,,,,,
2018-11-16,11:05:00,SEM VÍTIMA,FINALIZADA,SÃO JOSÉ,RUA DO PEIXOTO,,AV DANTAS BARRETO,E/F AO BAR DO BIGODE,RUA DO PEIXOTO,,E/F AO BAR DO BIGODE,SÃO JOSÉ,181,SUBURBIO,ABALROAMENTO LONGITUDINAL,SEM VÍTIMAS,1,,,,,1,,,,0,,Cruzamento,Bom,Sem defeito,Perfeito estado,Seca,Perfeito estado,Faixa de pedestre,R-6a,,Única,Não existe,,,,,,
2018-11-16,12:16:00,COM VÍTIMA,CANCELADA,IBURA,AV DOM HELDER CAMARA,,AV RECIFE,PRÓX AO NÚCLEO DA PM,AV DOM HELDER CAMARA,,PRÓX AO NÚCLEO DA PM,IBURA,,SUBURBIO,COLISÃO,AUTO X MOTO COM VÍTIMAS.,1,1,,,,,,,,2,,,,,,,,,,,,,,,,,,
2018-11-16,12:24:00,SEM VÍTIMA,FINALIZADA,ARRUDA,RUA SAO BENTO,,,PRÓX À EMPRESA LOCAPE E COLÉGIO SÃO FRANCISCO,RUA SAO BENTO,,PRÓX À EMPRESA LOCAPE E COLÉGIO SÃO FRANCISCO,ARRUDA,,SUBURBIO,ABALROAMENTO LONGITUDINAL,SEM VÍTIMA.,1,,,,,,1,,,0,,Longo da via,Bom,Não existe,,Seca,Perfeito estado,Não existe,Não há placas,,Única,,,,,,,
2018-11-16,12:46:00,COM VÍTIMA,FINALIZADA,TORRE,RUA DOS OPERARIOS,321,,AO LADO DA HONDA,RUA DOS OPERARIOS,321,AO LADO DA HONDA,TORRE,,,ABALROAMENTO LONGITUDINAL,AUTO X MOTO COM VÍTIMA.,1,1,,,,,,,,1,,Longo da via,Bom,Não existe,Perfeito estado,Seca,Perfeito estado,Não existe,R-6a,,Dupla,Não existe,,,,,,
2018-11-16,13:00:00,SEM VÍTIMA,FINALIZADA,BOA VIAGEM,AV BOA VIAGEM,,,EM FRENTE AO PARQUE DONA LINDU E LOMBADA ELETRÔNICA,AV BOA VIAGEM,,EM FRENTE AO PARQUE DONA LINDU E LOMBADA ELETRÔNICA,BOA VIAGEM,,CIDADE,COLISÃO TRASEIRA,ENTRE AUTOS S/V.,2,,,,,,,,,0,,Longo da via,Bom,Não existe,Perfeito estado,Seca,Perfeito estado,Outros,Não há placas,60 km/h,Única,Faixa seccionada,,,,,,
2018-11-16,13:48:00,SEM VÍTIMA,FINALIZADA,BOA VISTA,AV JOAO DE BARROS,262,,APOS O BOMBEIROS E ANTES DA CELPE,AV JOAO DE BARROS,262,APOS O BOMBEIROS E ANTES DA CELPE,BOA VISTA,,CIDADE,ABALROAMENTO TRANSVERSAL,DOIS AUTOS S/V,2,,,,,,,,,0,,Longo da via,Bom,Não existe,Perfeito estado,Seca,Perfeito estado,Não existe,R-6a,40 km/h,Única,Faixa seccionada,,,,,,
2018-11-16,13:50:00,SEM VÍTIMA,FINALIZADA,CASA AMARELA,AV NORTE,,,EM FRENTE A RETIFICA PADRAO,AV NORTE,,EM FRENTE A RETIFICA PADRAO,CASA AMARELA,95,CIDADE,COLISÃO TRASEIRA,DOIS AUTOS,2,,,,,,,,,0,,Longo da via,Bom,Sem defeito,Perfeito estado,Seca,Perfeito estado,Não existe,Não há placas,60 km/h,Dupla,Faixa seccionada,,,,,,
2018-11-16,14:09:00,COM VÍTIMA,FINALIZADA,MADALENA,RUA BENFICA,1116,,APÓS O MUSEU DA ABOLIÇÃO,RUA BENFICA,1116,APÓS O MUSEU DA ABOLIÇÃO,MADALENA,,CIDADE,COLISÃO TRASEIRA,SEM VÍTIMAS,3,3,,,,,1,,,1,,Longo da via,Bom,Não existe,Perfeito estado,Seca,Perfeito estado,,Outras,,Dupla,Canteiro central,,,,,,
2018-11-16,15:14:00,SEM VÍTIMA,CANCELADA,IBURA,RUA EXP FRANCISCO VITORIANO,,,PRÓX À MADEIREIRA BARROS,RUA EXP FRANCISCO VITORIANO,,PRÓX À MADEIREIRA BARROS,IBURA,,,COLISÃO,SEM VÍTIMAS,2,,,,,,,,,0,,,,,,,,,,,,,,,,,,
2018-11-16,15:36:00,COM VÍTIMA,FINALIZADA,IMBIRIBEIRA,AV MARECHAL MASCARENHAS DE MORAES,7935,,LADO OPOSTO AO MURO DO AEROPORTO,AV MARECHAL MASCARENHAS DE MORAES,7935,LADO OPOSTO AO MURO DO AEROPORTO,IMBIRIBEIRA,626,CIDADE,COLISÃO TRASEIRA,AUTO E MOTO,1,1,,,,,,,,1,,Longo da via,Bom,Sem defeito,Perfeito estado,Seca,Perfeito estado,Faixa de pedestre,Não há placas,,Dupla,Faixa contínua,,,,,,
2018-11-16,16:40:00,SEM VÍTIMA,FINALIZADA,SANTO AMARO,AV VISCONDE DE SUASSUNA,604,,APÓS O SENAC,AV VISCONDE DE SUASSUNA,604,APÓS O SENAC,SANTO AMARO,,SUBURBIO,ABALROAMENTO LONGITUDINAL,AUTO X MOTO C/V.,1,1,,,,,,,,0,,Longo da via,Bom,Não existe,Perfeito estado,Seca,Perfeito estado,Não existe,R-6a,40 km/h,Única,Faixa seccionada,,,,,,
2018-11-16,17:56:00,SEM VÍTIMA,FINALIZADA,PRADO,AV ENGENHEIRO ABDIAS DE CARVALHO,,,E/F AO ESCRITÓRIO NÚCLEO DE PRÁTICAS JURÍDICAS DA ESTÁCIO,AV ENGENHEIRO ABDIAS DE CARVALHO,,E/F AO ESCRITÓRIO NÚCLEO DE PRÁTICAS JURÍDICAS DA ESTÁCIO,PRADO,,SUBURBIO,ABALROAMENTO LONGITUDINAL,ENTRE AUTO E CAMINHÃO. S/V,1,,,,,,1,,,0,,Longo da via,Bom,Não existe,Perfeito estado,Seca,Perfeito estado,Não existe,Outras,60 km/h,Dupla,Canteiro central,,,,,,
2018-11-16,19:45:00,SEM VÍTIMA,FINALIZADA,TAMARINEIRA,RUA SOARES MORENO,,,EM FRENTE A PONTE BO 00084,RUA SOARES MORENO,,EM FRENTE A PONTE BO 00084,TAMARINEIRA,,SUBURBIO,CHOQUE VEÍCULO PARADO,FIAT X FOX PEUGEOT,2,,,,,,,,,0,,Longo da via,Bom,Não existe,Ilegível,Seca,Mal iluminada,Não existe,Não há placas,,Dupla,Não existe,,,,,,
2018-11-16,19:54:00,COM VÍTIMA,FINALIZADA,SÃO JOSÉ,RUA IMPERIAL,981,TRV DO RAPOSO,PROX AO VIADUTO,RUA IMPERIAL,981,PROX AO VIADUTO,SÃO JOSÉ,510,SUBURBIO,COLISÃO TRASEIRA,GOL X MOTO,1,1,,,,,,,,1,,Cruzamento,Bom,Sem defeito,Perfeito estado,Seca,Perfeito estado,Outros,Outras,,,,,,,,,
2018-11-17,01:36:00,COM VÍTIMA,FINALIZADA,MACAXEIRA,AV NORTE,,,PRÓX AO TERMINAL INTEGRADO DA MACAXEIRA . POSTE B040185.,AV NORTE,,PRÓX AO TERMINAL INTEGRADO DA MACAXEIRA . POSTE B040185.,MACAXEIRA,,CIDADE,CHOQUE OBJETO FIXO,CONDUTOR PERDEU O CONTROLE DO VEÍCULO E CHOCOU-SE CONTRA UM POSTE,1,,,,,,,,,1,,Longo da via,Bom,Não existe,Incompleta,Seca,Perfeito estado,Não existe,Não há placas,,Dupla,Canteiro central,,,,,,
2018-11-17,03:50:00,SEM VÍTIMA,FINALIZADA,BOA VIAGEM,RUA DOS NAVEGANTES,911,,EDF DE Nº 911,RUA DOS NAVEGANTES,911,EDF DE Nº 911,BOA VIAGEM,,,CHOQUE VEÍCULO PARADO,ENTRE 5 AUTOS. S/V,5,,,,,,,,,0,,Longo da via,Bom,Não existe,Perfeito estado,Seca,Perfeito estado,,,,Única,,,,,,,
2018-11-17,04:16:00,SEM VÍTIMA,FINALIZADA,SÃO JOSÉ,VIADUTO CAPITAO TEMUDO,,,NA DESCIDA DO VIADUTO,VIADUTO CAPITAO TEMUDO,,NA DESCIDA DO VIADUTO,SÃO JOSÉ,,,CHOQUE OBJETO FIXO,CONDUTORA PERDEU O CONTROLE DO VEÍCULO E CHOCOU-SE CONTRA O CANTEIRO DA VIA,1,,,,,,,,,0,,Longo da via,Bom,Não existe,Ilegível,Seca,Mal iluminada,Não existe,Não há placas,,Única,Não existe,,,,,,
2018-11-17,07:55:00,SEM VÍTIMA,FINALIZADA,BOA VISTA,AV GOVERNADOR AGAMENON MAGALHAES,,PRC PARQUE AMORIM,AO LADO DO WALMART,AV GOVERNADOR AGAMENON MAGALHAES,,AO LADO DO WALMART,BOA VISTA,173,,ABALROAMENTO LONGITUDINAL,SEM VITIMAS,1,,,,,,1,,,0,,Longo da via,Bom,Sem defeito,Perfeito estado,Seca,Perfeito estado,Faixa de pedestre,Não há placas,,Dupla,Canteiro central,,,,,,
2018-11-17,08:11:00,SEM VÍTIMA,FINALIZADA,CAXANGÁ,AV CAXANGA,,,EM FRENTE A INTEGRAÇÃO DA CAXANGA,AV CAXANGA,,EM FRENTE A INTEGRAÇÃO DA CAXANGA,CAXANGÁ,262,CIDADE,COLISÃO,COLISÃO SEM VITIMAS,2,,,,,,,,,0,,,,,,,,,,,,,,,,,,
2018-11-17,08:14:00,COM VÍTIMA,FINALIZADA,BOA VIAGEM,AV ENGENHEIRO DOMINGOS FERREIRA,202,RUA TENENTE JOAO CICERO,EM FRENTE AO ARCÁDIA,AV ENGENHEIRO DOMINGOS FERREIRA,202,EM FRENTE AO ARCÁDIA,BOA VIAGEM,,SUBURBIO,COLISÃO TRASEIRA,COM UMA VITIMA AGUARDANDO SAMU/VT 02 CTTU NO LOCAL,1,1,,,,,,,,1,,Longo da via,Bom,Não existe,Perfeito estado,Seca,Perfeito estado,Não existe,R-6a,60 km/h,Única,Faixa seccionada,,,,,,
2018-11-17,09:11:00,SEM VÍTIMA,FINALIZADA,BOA VIAGEM,AV ENGENHEIRO DOMINGOS FERREIRA,3465,RUA PADRE CARAPUCEIRO,EM FRENTE A IGREJA UNIVERSAL,AV ENGENHEIRO DOMINGOS FERREIRA,3465,EM FRENTE A IGREJA UNIVERSAL,BOA VIAGEM,216,SUBURBIO,ABALROAMENTO TRANSVERSAL,COLISÃO SEM VITIMAS VT VT 18 GM QTH,2,,,,,,,,,0,,Cruzamento,Chuvoso,Sem defeito,Perfeito estado,Molhada,Perfeito estado,Faixa de pedestre,Não há placas,,Única,Canteiro central,,,,,,
2018-11-17,09:47:00,SEM VÍTIMA,FINALIZADA,AREIAS,AV RECIFE,3985,,LOJA VIA RECIFE AUTOMÓVEIS,AV RECIFE,3985,LOJA VIA RECIFE AUTOMÓVEIS,AREIAS,494,,ABALROAMENTO LONGITUDINAL,CAMINHAO E AUTO,1,,,,,,1,,,0,,Longo da via,Bom,Sem defeito,Perfeito estado,Seca,Perfeito estado,Faixa de pedestre,Outras,60 km/h,Única,Faixa contínua,,,,,,
2018-11-17,11:29:00,SEM VÍTIMA,CANCELADA,CASA AMARELA,RUA ALEXANDRINA,294,,PRÓX AO TERMINAL DO ÔNIBUS SANTA IZABEL,RUA ALEXANDRINA,294,PRÓX AO TERMINAL DO ÔNIBUS SANTA IZABEL,CASA AMARELA,,,COLISÃO,SEM VITÍMAS.,,,,,,1,1,,,0,,,,,,,,,,,,,,,,,,
2018-11-17,11:43:00,SEM VÍTIMA,FINALIZADA,MADALENA,RUA LOPES DE CARVALHO,,RUA DEMOCRITO DE SOUZA FILHO,EM FRENTE AO EDF FRANS POST,RUA LOPES DE CARVALHO,,EM FRENTE AO EDF FRANS POST,MADALENA,,,ABALROAMENTO LONGITUDINAL,SEM VITIMAS,CTTU NO LOCAL ,AGENTE P.F NO LOCAL,1,,,,,,,1,,0,,Longo da via,Bom,Não existe,Perfeito estado,Seca,Perfeito estado,Faixa de retenção,Outras,,Única,Faixa,,,,
2018-11-17,12:36:00,SEM VÍTIMA,FINALIZADA,BOA VIAGEM,AV ENGENHEIRO DOMINGOS FERREIRA,,RUA ANTONIO PEDRO DE FIGUEIREDO,LADO OPOSTO AO Nº 1097,AV ENGENHEIRO DOMINGOS FERREIRA,,LADO OPOSTO AO Nº 1097,BOA VIAGEM,,SUBURBIO,ABALROAMENTO LONGITUDINAL,SEM VITIMAS,1,,,,,1,,,,0,,Longo da via,Bom,Não existe,Perfeito estado,Seca,Perfeito estado,Não existe,Não há placas,60 km/h,Única,Faixa seccionada,,,,,,
2018-11-17,14:23:00,SEM VÍTIMA,CANCELADA,BEBERIBE,RUA DO MACHADO,886,RUA MANOEL SILVA,EM FRENTE AO BAR SANTO DOM,RUA DO MACHADO,886,EM FRENTE AO BAR SANTO DOM,BEBERIBE,,,COLISÃO,SEM VITIMAS,1,1,,,,,,,,0,,,,,,,,,,,,,,,,,,
2018-11-17,14:36:00,SEM VÍTIMA,FINALIZADA,CASA AMARELA,COR DO BARTOLOMEU,,RUA VALERIANO LOBO,EM FRENTE AO PONTO DE ÔNIBUS Nº 120115,COR DO BARTOLOMEU,,EM FRENTE AO PONTO DE ÔNIBUS Nº 120115,CASA AMARELA,,SUBURBIO,ABALROAMENTO LONGITUDINAL,SEM VITIMAS,1,,,,,1,,,,0,,Longo da via,Bom,Não existe,Perfeito estado,Seca,Perfeito estado,Não existe,Outras,,Dupla,Faixa seccionada,,,,,,
2018-11-17,14:45:00,SEM VÍTIMA,FINALIZADA,AFOGADOS,RUA SAO MIGUEL,2072,,EM FRENTE AO POSTO IPIRANGA // PRÓX À PONTE DO JIQUIÁ,RUA SAO MIGUEL,2072,EM FRENTE AO POSTO IPIRANGA // PRÓX À PONTE DO JIQUIÁ,AFOGADOS,,SUBURBIO,COLISÃO TRASEIRA,ENTRE AUTOS S/V.,2,,,,,,,,,0,,Longo da via,Bom,Não existe,Perfeito estado,Seca,Perfeito estado,Não existe,Não há placas,,Única,Faixa seccionada,,,,,,