data,hora,natureza_acidente,situacao,bairro,endereco,numero,detalhe_endereco_acidente,complemento,endereco_cruzamento,numero_cruzamento,referencia_cruzamento,bairro_cruzamento,num_semaforo,sentido_via,tipo,descricao,auto,moto,ciclom,ciclista,pedestre,onibus,caminhao,viatura,outros,vitimas,vitimasfatais,acidente_verificado,tempo_clima,situacao_semaforo,sinalizacao,condicao_via,conservacao_via,ponto_controle,situacao_placa,velocidade_max_via,mao_direcao,divisao_via1,divisao_via2,divisao_via3,,,,
2018-11-17,14:59:00,SEM VÍTIMA,CANCELADA,CASA AMARELA,COR DO BARTOLOMEU,112,,EM FRENTE À FARMÁCIA FARMALUZ,COR DO BARTOLOMEU,112,EM FRENTE À FARMÁCIA FARMALUZ,CASA AMARELA,,,COLISÃO,AUTO X ÔNIBUS S/V.,1,,,,,1,,,,0,,,,,,,,,,,,,,,,,,
2018-11-17,15:43:00,SEM VÍTIMA,FINALIZADA,IMBIRIBEIRA,AV MARECHAL MASCARENHAS DE MORAES,,,SEMINOVOS VENDAS,AV MARECHAL MASCARENHAS DE MORAES,,SEMINOVOS VENDAS,IMBIRIBEIRA,631,SUBURBIO,COLISÃO TRASEIRA,DOIS AUTOS,2,,,,,,,,,0,,Longo da via,Bom,Sem defeito,Perfeito estado,Seca,Perfeito estado,Não existe,Outras,,Dupla,Canteiro central,,,,,,
2018-11-17,16:55:00,COM VÍTIMA,FINALIZADA,TAMARINEIRA,EST VELHA DE AGUA FRIA,3714,AV NORTE,,EST VELHA DE AGUA FRIA,3714,,TAMARINEIRA,,SUBURBIO,ABALROAMENTO LONGITUDINAL,COM VÍTIMA,,2,,,,,,,,2,,Longo da via,Bom,Sem defeito,Perfeito estado,Seca,Perfeito estado,,Outras,,Dupla,Canteiro central,,,,,,
2018-11-17,16:55:00,SEM VÍTIMA,CANCELADA,AFLITOS,AV CONS ROSA E SILVA,1294,,EM FRENTE AO COUNTRY CLUB, E A PARLA PIZZA,AV CONS ROSA E SILVA,1294,EM FRENTE AO COUNTRY CLUB, E A PARLA PIZZA,AFLITOS,,,COLISÃO,ONIBUS COMPLEMENTAR E AUTO,1,,,,,1,,,,0,,,,,,,,,,,,,,,,
2018-11-17,17:02:00,COM VÍTIMA,FINALIZADA,TEJIPIÓ,RUA SAO MIGUEL,,,EM FRENTE AO POSTO PETROISA,RUA SAO MIGUEL,,EM FRENTE AO POSTO PETROISA,TEJIPIÓ,,CIDADE,COLISÃO TRASEIRA,COM VÍTIMA,,1,,,,,1,,,1,,Longo da via,Bom,Não existe,Perfeito estado,Seca,Perfeito estado,Não existe,Não há placas,,Dupla,Faixa contínua,,,,,,
2018-11-17,17:27:00,COM VÍTIMA,FINALIZADA,ROSARINHO,AV NORTE,45,RUA ANDRE REBOUCAS,EM FRENTE A PRAÇA DO ROSARINHO,AV NORTE,45,EM FRENTE A PRAÇA DO ROSARINHO,ROSARINHO,,CIDADE,ABALROAMENTO LONGITUDINAL,AUTO E MOTO C/V,1,1,,,,,,,,1,,Esquina,Bom,Sem defeito,Perfeito estado,Seca,Perfeito estado,,Outras,,Dupla,Canteiro central,,,,,,
2018-11-17,17:37:00,COM VÍTIMA,FINALIZADA,BOA VIAGEM,AV BOA VIAGEM,1272,,NO SEGUNDO JARDIM. EM FRENTE AO EDIFÍCIO VITÓRIA,AV BOA VIAGEM,1272,NO SEGUNDO JARDIM. EM FRENTE AO EDIFÍCIO VITÓRIA,BOA VIAGEM,,CIDADE,COLISÃO TRASEIRA,AUTO E MOTO C/V, O VEICULO SE EVADIU DO LOCAL,1,1,,,,,,,,1,,Longo da via,Bom,Não existe,Perfeito estado,Seca,Perfeito estado,Não existe,R-6a,60 km/h,Única,Faixa seccionada,,,,,
2018-11-17,18:06:00,SEM VÍTIMA,FINALIZADA,BOA VIAGEM,AV BOA VIAGEM,360,,E/F AO EDF ARAUCARIA / PRÓX AO HOTEL BEACH CLASS,AV BOA VIAGEM,360,E/F AO EDF ARAUCARIA / PRÓX AO HOTEL BEACH CLASS,BOA VIAGEM,,CIDADE,ABALROAMENTO LONGITUDINAL,ENTRE 3 AUTOS. S/V,3,,,,,,,,,0,,Longo da via,Bom,Sem defeito,Perfeito estado,Seca,Perfeito estado,Faixa de pedestre,Outras,60 km/h,Única,Faixa seccionada,,,,,,
2018-11-17,19:11:00,SEM VÍTIMA,CANCELADA,NOVA DESCOBERTA,RUA LUIZ CESARIO DE MELO,324,RUA CROMINIA,OPROX A RUA DO SESI DO VASCO,RUA LUIZ CESARIO DE MELO,324,OPROX A RUA DO SESI DO VASCO,NOVA DESCOBERTA,,,COLISÃO,HONDA CIT X ONIX,2,,,,,,,,,0,,,,,,,,,,,,,,,,,,
2018-11-17,20:33:00,COM VÍTIMA,FINALIZADA,IBURA,AV DOIS RIOS,,,NO INICIO DA LADEIRA DA COHAB / PRÓX A POLICLINICA DO IBURA / SNT BR,AV DOIS RIOS,,NO INICIO DA LADEIRA DA COHAB / PRÓX A POLICLINICA DO IBURA / SNT BR,IBURA,,SUBURBIO,COLISÃO FRONTAL,ENTRE CAMINHÃO E MOTO. C/V,,1,,,,,1,,,1,,Longo da via,Bom,Não existe,Perfeito estado,Seca,Perfeito estado,Não existe,Não há placas,,Dupla,Faixa contínua,,,,,,
2018-11-17,21:46:00,SEM VÍTIMA,FINALIZADA,BONGI,EST DO BONGI,1105,RUA PEDRO AMERICO,ENF A PANIFICADORA SANTA JOANA / EM FRENTE AO Nº 1105,EST DO BONGI,1105,ENF A PANIFICADORA SANTA JOANA / EM FRENTE AO Nº 1105,BONGI,,SUBURBIO,ABALROAMENTO LONGITUDINAL,HB 20 X MOTO,1,1,,,,,,,,0,,Longo da via,Bom,Não existe,Perfeito estado,Seca,Perfeito estado,,Outras,,Dupla,Faixa contínua,,,,,,
2018-11-17,22:06:00,SEM VÍTIMA,FINALIZADA,ESPINHEIRO,AV GOVERNADOR AGAMENON MAGALHAES,,RUA BUENOS AYRES,E/F AO BANCO DO NORDESTE E AO LADO DO SANTANDER / PRÓX AO MEDICAL / FAIXA DA DIREITA,AV GOVERNADOR AGAMENON MAGALHAES,,E/F AO BANCO DO NORDESTE E AO LADO DO SANTANDER / PRÓX AO MEDICAL / FAIXA DA DIREITA,ESPINHEIRO,78,CIDADE,COLISÃO TRASEIRA,ENTR 2 AUTOS. S/V,2,,,,,,,,,0,,Cruzamento,Bom,Sem defeito,Perfeito estado,Seca,Perfeito estado,Faixa de retenção,Não há placas,,Única,Canteiro central,,,,,,
2018-11-17,22:27:00,SEM VÍTIMA,FINALIZADA,IBURA,AV DOIS RIOS,970,,E/F A FARMACIA INDEPENDENTE / VT 09 NO LOCAl,AV DOIS RIOS,970,E/F A FARMACIA INDEPENDENTE / VT 09 NO LOCAl,IBURA,,SUBURBIO,ABALROAMENTO TRANSVERSAL,ENTRE CAMINHÃO DO LIXO E AUTO PASSEIO. S/V,1,,,,,,1,,,0,,Longo da via,Bom,Não existe,Perfeito estado,Seca,Perfeito estado,Não existe,"Placas ""Dê a preferência""",,Dupla,Faixa contínua,,,,,,
2018-11-17,23:26:00,COM VÍTIMA,FINALIZADA,SANTO AMARO,AV NORTE,,RUA JOAQUIM RABELO,VT 06 DA CTTU ESTA NO LOCAL,AV NORTE,,VT 06 DA CTTU ESTA NO LOCAL,SANTO AMARO,97,SUBURBIO,ABALROAMENTO LONGITUDINAL,DUAS MOTOS X AUTO,1,2,,,,,,,,3,,Esquina,Bom,Sem defeito,Perfeito estado,Seca,Perfeito estado,,,,Dupla,Faixa,,,,,,
2018-11-17,23:32:00,SEM VÍTIMA,FINALIZADA,BOA VIAGEM,RUA VISCONDE DE JEQUITINHONHA,,RUA ERNESTO DE PAULA SANTOS,PROX AO SUPERMERCADO SOBERANO,RUA VISCONDE DE JEQUITINHONHA,,PROX AO SUPERMERCADO SOBERANO,BOA VIAGEM,304,SUBURBIO,COLISÃO TRASEIRA,FIESTA X ONIX OBS:: SUSPEITA DE EMBRIAGUEZ,2,,,,,,,,,0,,Cruzamento,Bom,Sem defeito,Perfeito estado,Seca,Perfeito estado,Faixa de pedestre,Outras,,Única,Faixa seccionada,,,,,,
2018-11-17,23:52:00,SEM VÍTIMA,FINALIZADA,AREIAS,AV RECIFE,,,SEMÁFORO Nº 620,AV RECIFE,,SEMÁFORO Nº 620,AREIAS,620,SUBURBIO,CHOQUE VEÍCULO PARADO,ENTRE UM AUTO E UM ÔNIBUS,1,,,,,1,,,,0,,Cruzamento,Bom,Sem defeito,Perfeito estado,Seca,Perfeito estado,Faixa de pedestre,Não há placas,,Dupla,Canteiro central,,,,,,
2018-11-18,00:48:00,COM VÍTIMA,FINALIZADA,AREIAS,AV RECIFE,,AV TAPAJOS,SENTIDO VARZEA, PROXIMO AO SUPERMERCADO MACRO, PROXIMO AO POSTO BR,AV RECIFE,,SENTIDO VARZEA, PROXIMO AO SUPERMERCADO MACRO, PROXIMO AO POSTO BR,AREIAS,620,CIDADE,ABALROAMENTO TRANSVERSAL,ENTRE UM AUTO E MOTO,1,1,,,,,,,,1,,Esquina,Bom,Intermitente,Perfeito estado,Seca,Perfeito estado,Faixa de pedestre,Outras,,Dupla,Faixa,,
2018-11-18,01:23:00,SEM VÍTIMA,FINALIZADA,IPSEP,AV GENERAL BENTO DA GAMA,133,RUA HELIO BRANDAO,TATOO SAPOS,AV GENERAL BENTO DA GAMA,133,TATOO SAPOS,IPSEP,,SUBURBIO,ABALROAMENTO LONGITUDINAL,COLISÃO ENTRE DOIS AUTOS, S/V,2,,,,,,,,,0,,Cruzamento,Bom,Não existe,Perfeito estado,Seca,Perfeito estado,Não existe,"Placas ""Pare""",,Dupla,Faixa contínua,,,,,
2018-11-18,07:01:00,SEM VÍTIMA,FINALIZADA,ÁGUA FRIA,RUA DR EUDES COSTA,174,RUA CANASTRA,EM FRENTE A BINHO BEBIDAS,RUA DR EUDES COSTA,174,EM FRENTE A BINHO BEBIDAS,ÁGUA FRIA,,,COLISÃO,SEM VITIMAS,3,,,,,,,,,0,,,,,,,,,,,,,,,,,,
2018-11-18,07:30:00,SEM VÍTIMA,FINALIZADA,SANTO AMARO,AV CRUZ CABUGA,767,,CASA DA INDUSTRIA,AV CRUZ CABUGA,767,CASA DA INDUSTRIA,SANTO AMARO,,CIDADE,COLISÃO,COLISÃO ENTRE AUTO E MOTO,1,1,,,,,,,,0,,Longo da via,Bom,Não existe,Perfeito estado,Seca,Perfeito estado,Não existe,Não há placas,60 km/h,Dupla,Faixa contínua,,,,,,
2018-11-18,07:44:00,SEM VÍTIMA,FINALIZADA,BOA VIAGEM,RUA FELIX DE BRITO E MELO,,,NA PONTE APÓS O WALMART,RUA FELIX DE BRITO E MELO,,NA PONTE APÓS O WALMART,BOA VIAGEM,544,,ABALROAMENTO LONGITUDINAL,DOIS AUTOS,2,,,,,,,,,0,,Longo da via,Bom,Sem defeito,Perfeito estado,Seca,Perfeito estado,Não existe,R-25c,60 km/h,Única,Não existe,,,,,,
2018-11-18,08:27:00,SEM VÍTIMA,FINALIZADA,DOIS UNIDOS,EST DE PASSARINHO,,,AO LADO DA FRUTA PLUS,EST DE PASSARINHO,,AO LADO DA FRUTA PLUS,DOIS UNIDOS,,,COLISÃO FRONTAL,SEM VÍTIMAS,2,,,,,,,,,0,,Longo da via,Bom,Não existe,Não existente,Seca,Perfeito estado,Não existe,Não há placas,,Dupla,Não existe,,,,,,
2018-11-18,10:13:00,SEM VÍTIMA,FINALIZADA,ILHA DO RETIRO,AV JOSE GONCALVES DE MEDEIROS,,,SOB O SEMÁFORO 355,AV JOSE GONCALVES DE MEDEIROS,,SOB O SEMÁFORO 355,ILHA DO RETIRO,355,,ABALROAMENTO LONGITUDINAL,SEM VÍTIMAS,2,,,,,,,,,0,,,Bom,Sem defeito,Perfeito estado,Seca,Perfeito estado,Faixa de pedestre,Outras,,Dupla,Faixa seccionada,,,,,,
2018-11-18,11:33:00,SEM VÍTIMA,CANCELADA,ESTÂNCIA,AV RECIFE,253,,EM FRENTE AO HOSPITAL GERAL DE AREIAS, SENTIDO AEROPORTO,AV RECIFE,253,EM FRENTE AO HOSPITAL GERAL DE AREIAS, SENTIDO AEROPORTO,ESTÂNCIA,,,COLISÃO,AUTO E ONIBUS S/V,2,,,,,,,,,0,,,,,,,,,,,,,,,,
2018-11-18,11:49:00,SEM VÍTIMA,FINALIZADA,SANTO AMARO,AV GOVERNADOR AGAMENON MAGALHAES,,,E/F AO IC,AV GOVERNADOR AGAMENON MAGALHAES,,E/F AO IC,SANTO AMARO,49,CIDADE,COLISÃO TRASEIRA,SEM VÍTIMAS,2,,,,,,,,,0,,Longo da via,Bom,Sem defeito,Perfeito estado,Seca,Perfeito estado,Faixa de pedestre,Outras,60 km/h,Dupla,Canteiro central,,,,,,
2018-11-18,13:39:00,COM VÍTIMA,FINALIZADA,BARRO,AV DR JOSE RUFINO,1807,,APÓS A IGREJA DO BARRO. EM FRENTE AO CONDOMÍNIO MORADA DO BARRO.,AV DR JOSE RUFINO,1807,APÓS A IGREJA DO BARRO. EM FRENTE AO CONDOMÍNIO MORADA DO BARRO.,BARRO,,CIDADE,COLISÃO COM CICLISTA,AUTO E CICLISTA,1,,,1,,,,,,1,,Longo da via,Bom,Não existe,Perfeito estado,Seca,Perfeito estado,Faixa de pedestre,"Placas ""Pare""",40 km/h,Dupla,Faixa,,,,,,
2018-11-18,13:45:00,SEM VÍTIMA,FINALIZADA,BOA VISTA,AV CONDE DA BOA VISTA,,RUA DA SOLEDADE,EM FRENTE A EMBELEZE,AV CONDE DA BOA VISTA,,EM FRENTE A EMBELEZE,BOA VISTA,25,,COLISÃO TRASEIRA,AUTO E MOTO S/V,1,1,,,,,,,,0,,Cruzamento,Bom,Sem defeito,Perfeito estado,Seca,Perfeito estado,Faixa de pedestre,Outras,,Dupla,Canteiro central,,,,,,
2018-11-18,14:47:00,SEM VÍTIMA,FINALIZADA,PINA,AV ANTONIO DE GOES,142,RUA NOGUEIRA DE SOUZA,NA FRENTE DA POLICIA FEDERAL E O POSTO BR,AV ANTONIO DE GOES,142,NA FRENTE DA POLICIA FEDERAL E O POSTO BR,PINA,656,CIDADE,ABALROAMENTO TRANSVERSAL,COLISÃO SEM VITIMAS,2,,,,,,,,,0,,Longo da via,Bom,Sem defeito,Perfeito estado,Seca,Perfeito estado,Não existe,Não há placas,,Única,Faixa contínua,,,,,,
2018-11-18,15:05:00,SEM VÍTIMA,CANCELADA,BOA VIAGEM,AV CONSELHEIRO AGUIAR,,,NA FRENTE DO BRADESCO E A PRACINHA,AV CONSELHEIRO AGUIAR,,NA FRENTE DO BRADESCO E A PRACINHA,BOA VIAGEM,,,COLISÃO,COLISÃO SEM VITIMAS,1,,,,,1,,,,0,,,,,,,,,,,,,,,,,,
2018-11-18,16:26:00,SEM VÍTIMA,FINALIZADA,BOA VISTA,RUA DO ARAGAO,128,RUA DO ROSARIO,,RUA DO ARAGAO,128,,BOA VISTA,,SUBURBIO,ABALROAMENTO TRANSVERSAL,COLISÃO SEM VITIMAS,2,,,,,,,,,0,,Cruzamento,Bom,Não existe,Perfeito estado,Seca,Perfeito estado,Não existe,Não há placas,40 km/h,Única,Não existe,,,,,,
2018-11-18,16:43:00,SEM VÍTIMA,FINALIZADA,IMBIRIBEIRA,AV MARECHAL MASCARENHAS DE MORAES,4524,,,AV MARECHAL MASCARENHAS DE MORAES,4524,,IMBIRIBEIRA,,,ABALROAMENTO LONGITUDINAL,COLISÃO SEM VITIMAS,1,1,,,,,,,,0,,Longo da via,Bom,Sem defeito,Perfeito estado,Seca,Perfeito estado,Não existe,Outras,60 km/h,Única,Faixa seccionada,,,,,,
2018-11-18,18:06:00,SEM VÍTIMA,FINALIZADA,LINHA DO TIRO,AV VEREADOR OTACILIO AZEVEDO,,AV VEREADOR OTACILIO AZEVEDO,TERMINAL DO BREJO/ FRENTE AO Nº 792,AV VEREADOR OTACILIO AZEVEDO,,TERMINAL DO BREJO/ FRENTE AO Nº 792,LINHA DO TIRO,,,COLISÃO FRONTAL,COLISÃO SEM VITIMAS, O VEICULO INVADIU A GARAGEM DA RESIDÊNCIA,2,,,,,,,,,0,,Longo da via,Bom,Não existe,Não existente,Seca,Perfeito estado,Não existe,Não há placas,,Dupla,Não existe,,,,,
2018-11-18,18:29:00,SEM VÍTIMA,FINALIZADA,PRADO,AV ENGENHEIRO ABDIAS DE CARVALHO,,AV GENERAL SAN MARTIN,,AV ENGENHEIRO ABDIAS DE CARVALHO,,,PRADO,58,,ABALROAMENTO LONGITUDINAL,COLISÃO SEM VITIMAS/ MICRO ONIBUS E VIATURA DA PM,,,,,,1,,1,,0,,Longo da via,Bom,Sem defeito,Perfeito estado,Seca,Perfeito estado,Não existe,Outras,60 km/h,Única,Faixa contínua,,,,,,
2018-11-18,18:31:00,COM VÍTIMA,CANCELADA,APIPUCOS,AV DR SEIXAS,,RUA ENGENHEIRO OSCAR FERREIRA,PRÓX A FARMACIA PAGUE MENOS / SEMÁFORO 646,AV DR SEIXAS,,PRÓX A FARMACIA PAGUE MENOS / SEMÁFORO 646,APIPUCOS,646,,COLISÃO,ENTRE MOTO E AUTO. C/V,1,1,,,,,,,,1,,,,,,,,,,,,,,,,,,
2018-11-18,19:13:00,SEM VÍTIMA,FINALIZADA,BOA VIAGEM,RUA PETROLINA,81,,POUSADA BOA VIAGEM,RUA PETROLINA,81,POUSADA BOA VIAGEM,BOA VIAGEM,,,ABALROAMENTO LONGITUDINAL,COLISÃO SEM VITIMAS,2,,,,,,,,,0,,Longo da via,Bom,Não existe,Não existente,Seca,Perfeito estado,Não existe,Não há placas,,Única,Não existe,,,,,,
2018-11-18,19:42:00,SEM VÍTIMA,FINALIZADA,CAMPINA DO BARRETO,AV PROFESSOR JOSE DOS ANJOS,,1 TRV JUSTICA E PAZ,PRÓX AO TERMINAL DE CHÃO DE ESTRELAS E AO PARQUE BEBERIBE 2 / APÓS A PONTE,AV PROFESSOR JOSE DOS ANJOS,,PRÓX AO TERMINAL DE CHÃO DE ESTRELAS E AO PARQUE BEBERIBE 2 / APÓS A PONTE,CAMPINA DO BARRETO,,CIDADE,ABALROAMENTO TRANSVERSAL,ENTRE 2 AUTOS. S/V,2,,,,,,,,,0,,Longo da via,Bom,Não existe,Incompleta,Seca,Perfeito estado,Faixa de pedestre,Não há placas,,Única,,,,,,,
2018-11-18,20:30:00,SEM VÍTIMA,FINALIZADA,CABANGA,AV SUL,,RUA NOVA DO CABANGA,X COM A RUA NOVA DO CABANGA // NA ENTRADA DO QUARTEL DO CABANGA, SNT AFOGADOS,AV SUL,,X COM A RUA NOVA DO CABANGA // NA ENTRADA DO QUARTEL DO CABANGA, SNT AFOGADOS,CABANGA,260,SUBURBIO,ABALROAMENTO TRANSVERSAL,ENTRE ÕNIBUS E AUTO. S/V,1,,,,,1,,,,0,,Cruzamento,Bom,Sem defeito,Ilegível,Seca,Mal iluminada,Não existe,Não há placas,,Dupla,Canteiro central,,,,
2018-11-19,01:58:00,COM VÍTIMA,FINALIZADA,TORRE,RUA DOM MANOEL DA COSTA,405,RUA PADRE LANDIM,PRÓX A ESCOLA MUNICIPAL PAROQUIAL CRISTO REI,RUA DOM MANOEL DA COSTA,405,PRÓX A ESCOLA MUNICIPAL PAROQUIAL CRISTO REI,TORRE,252,CIDADE,ABALROAMENTO TRANSVERSAL,COLISÃO ENTRE DOIS AUTOS, SEM VÍTIMAS.,2,,,,,,,,,1,,Cruzamento,Bom,Sem defeito,Perfeito estado,Seca,Perfeito estado,,R-6b,,Dupla,Faixa,,,,,
2018-11-19,06:29:00,SEM VÍTIMA,FINALIZADA,JAQUEIRA,RUA DO FUTURO,480,AV SANTOS DUMONT,E/F AO EDF. CHAMPERY,RUA DO FUTURO,480,E/F AO EDF. CHAMPERY,JAQUEIRA,188,CIDADE,ABALROAMENTO TRANSVERSAL,SEM VÍTIMAS,2,,,,,,,,,0,,Longo da via,Bom,Sem defeito,Perfeito estado,Seca,Perfeito estado,Faixa de pedestre,Outras,40 km/h,Única,Não existe,,,,,,
2018-11-19,06:42:00,SEM VÍTIMA,FINALIZADA,BOA VISTA,RUA BARAO DE SAO BORJA,137,RUA JOSE DE ALENCAR,EM FRENTE AO HOTEL BOA VISTA,RUA BARAO DE SAO BORJA,137,EM FRENTE AO HOTEL BOA VISTA,BOA VISTA,,SUBURBIO,ABALROAMENTO TRANSVERSAL,DOIS AUTOS,2,,,,,,,,,0,,Cruzamento,Bom,Não existe,Perfeito estado,Seca,Perfeito estado,Não existe,"Placas ""Pare""",,Única,Não existe,,,,,,
2018-11-19,07:11:00,SEM VÍTIMA,FINALIZADA,CASA FORTE,AV DEZESSETE DE AGOSTO,1465,EST REAL DO POCO,ESQ DA RUA / PROX DAS LOJAS AMERICANAS / CIRCUS TURISMO,AV DEZESSETE DE AGOSTO,1465,ESQ DA RUA / PROX DAS LOJAS AMERICANAS / CIRCUS TURISMO,CASA FORTE,,CIDADE,ABALROAMENTO LONGITUDINAL,MOTO E AUTO,1,1,,,,,,,,0,,,Bom,Não existe,Perfeito estado,Seca,Perfeito estado,Não existe,,40 km/h,Dupla,Faixa contínua,,,,,,
2018-11-19,07:19:00,SEM VÍTIMA,FINALIZADA,TEJIPIÓ,AV DR JOSE RUFINO,2923,,EM FRENTE AO CONJUNTO RECIDENCIAL PEDRO R MACHADO,AV DR JOSE RUFINO,2923,EM FRENTE AO CONJUNTO RECIDENCIAL PEDRO R MACHADO,TEJIPIÓ,,,COLISÃO,DOIS AUTOS,2,,,,,,,,,0,,,,,,,,,,,,,,,,,,
2018-11-19,07:48:00,SEM VÍTIMA,FINALIZADA,IBURA,RUA DR BENIGNO JORDAO DE VASCONCELOS,63,,EM FRENTE A UPA DA LAGOA ENCANTADA,RUA DR BENIGNO JORDAO DE VASCONCELOS,63,EM FRENTE A UPA DA LAGOA ENCANTADA,IBURA,,,COLISÃO TRASEIRA,SEM VITIMAS,1,1,,,,,,,,0,,Longo da via,Bom,Não existe,Não existente,Seca,Mal conservada,Não existe,Não há placas,,,,,,,,,
2018-11-19,08:37:00,SEM VÍTIMA,FINALIZADA,DERBY,RUA FELICIANO GOMES,224,RUA DA BAIXA VERDE,EM FRENTE A IGREJA DA BAIXA VERDE,RUA FELICIANO GOMES,224,EM FRENTE A IGREJA DA BAIXA VERDE,DERBY,,CIDADE,ABALROAMENTO TRANSVERSAL,SEM VITIMAS/CTTU NO LOCAL,2,,,,,,,,,0,,Cruzamento,Bom,Não existe,,Seca,Perfeito estado,,"Placas ""Pare""",,Dupla,Não existe,,,,,,
2018-11-19,09:09:00,SEM VÍTIMA,FINALIZADA,BOA VISTA,RUA DA AURORA,,RUA PRINCESA IZABEL,NO CRUZAMENTO SENTIDO PONTE PRINCESA IZABEL,RUA DA AURORA,,NO CRUZAMENTO SENTIDO PONTE PRINCESA IZABEL,BOA VISTA,22,CIDADE,COLISÃO TRASEIRA,COLISÃO ENTRE UM CARRO FORTE E AUTO PASSEIO,1,,,,,,,,1,0,,Longo da via,Bom,Sem defeito,Perfeito estado,Seca,Perfeito estado,Faixa de pedestre,Não há placas,40 km/h,Única,Faixa seccionada,,,,,,
2018-11-19,09:58:00,SEM VÍTIMA,FINALIZADA,ILHA DO RETIRO,AV ENGENHEIRO ABDIAS DE CARVALHO,404,,EM FRENTE A TRUST VIGILÂNCIA,AV ENGENHEIRO ABDIAS DE CARVALHO,404,EM FRENTE A TRUST VIGILÂNCIA,ILHA DO RETIRO,,CIDADE,ABALROAMENTO LONGITUDINAL,SEM VITIMAS,1,2,,,,,,,,0,,Longo da via,Bom,Não existe,Perfeito estado,Seca,Perfeito estado,Não existe,Não há placas,,Única,Faixa seccionada,,,,,,
2018-11-19,10:58:00,SEM VÍTIMA,FINALIZADA,SÃO JOSÉ,RUA IMPERIAL,2256,,E/F A BRASIL GÁS, SENTIDO AFOGADOS,RUA IMPERIAL,2256,E/F A BRASIL GÁS, SENTIDO AFOGADOS,SÃO JOSÉ,,SUBURBIO,ABALROAMENTO LONGITUDINAL,SEM VÍTIMAS,1,,,,,,1,,,0,,Longo da via,Bom,Não existe,Incompleta,Seca,Perfeito estado,Não existe,Não há placas,40 km/h,Única,Não existe,,,,
2018-11-19,11:06:00,SEM VÍTIMA,FINALIZADA,JORDÃO,AV MARECHAL MASCARENHAS DE MORAES,6997 B,RUA CANAL DO JORDAO,,AV MARECHAL MASCARENHAS DE MORAES,6997 B,,JORDÃO,,CIDADE,ABALROAMENTO LONGITUDINAL,SEM VITIMAS,2,,,,,,,,,0,,,Bom,Não existe,Não existente,Seca,Mal conservada,,Não há placas,60 km/h,Única,,,,,,,
2018-11-19,11:36:00,SEM VÍTIMA,FINALIZADA,SANTO AMARO,RUA FREI CASSIMIRO,,RUA DO POMBAL,,RUA FREI CASSIMIRO,,,SANTO AMARO,,SUBURBIO,ABALROAMENTO TRANSVERSAL,ENTRE DOIS AUTOS (VT 14),1,,,,,,,1,,0,,Cruzamento,Bom,Não existe,Não existente,Seca,Perfeito estado,Não existe,Não há placas,,Dupla,Canteiro central,,,,,,
2018-11-19,12:44:00,SEM VÍTIMA,FINALIZADA,TORRE,RUA JOSE BONIFACIO,,,APOS O ATACADO DOS PRESENTES E/F ANTIGO BANORTE,RUA JOSE BONIFACIO,,APOS O ATACADO DOS PRESENTES E/F ANTIGO BANORTE,TORRE,,SUBURBIO,ABALROAMENTO LONGITUDINAL,COLISAO ENTRE DOIS AUTOS S/V,2,,,,,,,,,0,,Longo da via,Bom,Sem defeito,Perfeito estado,Seca,Perfeito estado,Não existe,,,Única,Faixa contínua,,,,,,
2018-11-19,12:53:00,COM VÍTIMA,FINALIZADA,AREIAS,AV RECIFE,1600,,SENTIDO BOA VIAGEM. SÃO PAULO VEÍCULOS,AV RECIFE,1600,SENTIDO BOA VIAGEM. SÃO PAULO VEÍCULOS,AREIAS,212,BOA VIAGEM,ATROPELAMENTO,AUTO E PEDESTRE C/V,1,,,,1,,,,,1,,Longo da via,Bom,Sem defeito,Perfeito estado,Seca,Perfeito estado,Agente,Não há placas,,Única,Canteiro central,,,,,,