data,hora,natureza_acidente,situacao,bairro,endereco,numero,detalhe_endereco_acidente,complemento,endereco_cruzamento,numero_cruzamento,referencia_cruzamento,bairro_cruzamento,num_semaforo,sentido_via,tipo,descricao,auto,moto,ciclom,ciclista,pedestre,onibus,caminhao,viatura,outros,vitimas,vitimasfatais,acidente_verificado,tempo_clima,situacao_semaforo,sinalizacao,condicao_via,conservacao_via,ponto_controle,situacao_placa,velocidade_max_via,mao_direcao,divisao_via1,divisao_via2,divisao_via3,,,,
2018-11-19,13:11:00,SEM VÍTIMA,FINALIZADA,MADALENA,RUA BENFICA,,,EM FRENTE AO MUSEU DA ABOLIÇÃO,RUA BENFICA,,EM FRENTE AO MUSEU DA ABOLIÇÃO,MADALENA,257,CIDADE,CHOQUE VEÍCULO PARADO,TRES AUTOS S/V,3,,,,,,,,,0,,,Bom,Sem defeito,Perfeito estado,Seca,Perfeito estado,Faixa de pedestre,,,Dupla,,,,,,,
2018-11-19,13:13:00,SEM VÍTIMA,FINALIZADA,IMBIRIBEIRA,AV GENERAL MAC ARTHUR,475,RUA MONSENHOR TABOSA,PRÓX DA ESTAÇÃO ANTÔNIO FALCÃO,AV GENERAL MAC ARTHUR,475,PRÓX DA ESTAÇÃO ANTÔNIO FALCÃO,IMBIRIBEIRA,,,ABALROAMENTO LONGITUDINAL,ENTRE AUTOS S/V.,2,,,,,,,,,0,,Longo da via,Bom,Sem defeito,Perfeito estado,Seca,Perfeito estado,Não existe,Outras,60 km/h,Única,Faixa seccionada,,,,,,
2018-11-19,13:22:00,SEM VÍTIMA,FINALIZADA,ARRUDA,AV BEBERIBE,131,,EM FRENTE AO BOMPREÇO,AV BEBERIBE,131,EM FRENTE AO BOMPREÇO,ARRUDA,,SUBURBIO,COLISÃO TRASEIRA,DOIS AUTOS S/V,2,,,,,,,,,0,,Longo da via,Bom,Não existe,Perfeito estado,Seca,Perfeito estado,Não existe,Outras,,Dupla,Faixa contínua,,,,,,
2018-11-19,14:19:00,SEM VÍTIMA,FINALIZADA,BARRO,AV DR JOSE RUFINO,2533,,SOCORRO RECEPÇÕES,AV DR JOSE RUFINO,2533,SOCORRO RECEPÇÕES,BARRO,,CIDADE,COLISÃO TRASEIRA,SEM VÍTIMAS,1,,,,,,1,,,0,,Longo da via,Bom,Não existe,Perfeito estado,Seca,Perfeito estado,Não existe,Não há placas,,Dupla,Faixa contínua,,,,,,
2018-11-19,14:43:00,SEM VÍTIMA,FINALIZADA,TAMARINEIRA,RUA PADRE ROMA,652,,ED. PADRE ROMA PRINCE,RUA PADRE ROMA,652,ED. PADRE ROMA PRINCE,TAMARINEIRA,,SUBU,COLISÃO FRONTAL,DOIS AUTOS S/V,2,,,,,,,,,0,,Cruzamento,Bom,,Perfeito estado,Seca,Perfeito estado,Não existe,Outras,,Única,Não existe,,,,,,
2018-11-19,15:00:00,SEM VÍTIMA,FINALIZADA,VÁRZEA,AV CAXANGA,,,,AV CAXANGA,,,VÁRZEA,568,,COLISÃO TRASEIRA,AUTO E MOTO S/V,1,1,,,,,,,,0,,Ponte,Bom,Sem defeito,Perfeito estado,Seca,Perfeito estado,Não existe,Não há placas,,Dupla,Canteiro central,,,,,,
2018-11-19,15:12:00,SEM VÍTIMA,FINALIZADA,IPSEP,RUA ITACARI,,RUA JEAN EMILE FAVRE,EM FRENTE À AUTOPEÇAS MARINGÁ,RUA ITACARI,,EM FRENTE À AUTOPEÇAS MARINGÁ,IPSEP,,,ABALROAMENTO LONGITUDINAL,CAMINHÃO X AUTO S/V.,1,,,,,,1,,,0,,Cruzamento,Bom,Sem defeito,Perfeito estado,Seca,Perfeito estado,,,60 km/h,Única,Faixa seccionada,,,,,,
2018-11-19,15:23:00,SEM VÍTIMA,FINALIZADA,SANTO AMARO,RUA DOS PALMARES,831,,E/F AO HOSPITAL OSVALDO CRUZ,RUA DOS PALMARES,831,E/F AO HOSPITAL OSVALDO CRUZ,SANTO AMARO,,SUBURBIO,COLISÃO TRASEIRA,COLISAO ENTRE ONIBUS E AUTO S/V,1,,,,,1,,,,0,,Longo da via,Bom,Não existe,Perfeito estado,Seca,Perfeito estado,Não existe,Não há placas,,Única,Faixa seccionada,,,,,,
2018-11-19,15:31:00,SEM VÍTIMA,FINALIZADA,JORDÃO,AV CENTENARIO ALBERTO SANTOS DUMONT,,,APOS O TUNEL FELIPE CAMARAO SENT. IMBIRIBEIRA,AV CENTENARIO ALBERTO SANTOS DUMONT,,APOS O TUNEL FELIPE CAMARAO SENT. IMBIRIBEIRA,JORDÃO,,CIDADE,ABALROAMENTO LONGITUDINAL,DOIS AUTOS S/V,2,,,,,,,,,0,,Longo da via,Bom,Não existe,Incompleta,Seca,Perfeito estado,Não existe,Outras,,Dupla,Canteiro central,,,,,,
2018-11-19,15:46:00,SEM VÍTIMA,FINALIZADA,MANGABEIRA,AV NORTE,4544,AV PROFESSOR JOSE DOS ANJOS,EM FRENTE AO SESC DE CASA AMARELA,AV NORTE,4544,EM FRENTE AO SESC DE CASA AMARELA,MANGABEIRA,96,,COLISÃO TRASEIRA,AUTO E CARRETA S/V,1,,,,,,1,,,0,,Longo da via,Bom,Sem defeito,Perfeito estado,Seca,Perfeito estado,Faixa de pedestre,R-4a,60 km/h,Dupla,Canteiro central,,,,,,
2018-11-19,16:16:00,SEM VÍTIMA,FINALIZADA,ESPINHEIRO,RUA DO ESPINHEIRO,,RUA BARAO DE ITAMARACA,PRÓX AO SUPERMERCADO SOBERANO,RUA DO ESPINHEIRO,,PRÓX AO SUPERMERCADO SOBERANO,ESPINHEIRO,,,ABALROAMENTO LONGITUDINAL,,1,,,,,,1,,,0,,Longo da via,Bom,Sem defeito,Perfeito estado,Seca,Perfeito estado,Faixa de pedestre,R-6a,,Única,Faixa contínua,,,,,,
2018-11-19,16:43:00,SEM VÍTIMA,FINALIZADA,MADALENA,AV BEIRA RIO,130,,RUA ARLINDO GOUVEIA / EDF AUTARES,AV BEIRA RIO,130,RUA ARLINDO GOUVEIA / EDF AUTARES,MADALENA,,CIDADE,COLISÃO COM CICLISTA,AUTO X CICLISTA - VT 15 NO QTH,1,,,1,,,,,,0,,Cruzamento,Bom,Não existe,Perfeito estado,Seca,Perfeito estado,Faixa de retenção,"Placas ""Dê a preferência""",40 km/h,Única,Faixa seccionada,,,,,,
2018-11-19,17:22:00,COM VÍTIMA,FINALIZADA,MANGUEIRA,RUA SAO MIGUEL,1343,,E/F A CESAR MOTOS, E DROGARIA BONGI,RUA SAO MIGUEL,1343,E/F A CESAR MOTOS, E DROGARIA BONGI,MANGUEIRA,,CIDADE,ABALROAMENTO TRANSVERSAL,AUTO E MOTO S/V,1,1,,,,,,,,1,,Longo da via,Bom,Não existe,Perfeito estado,Seca,Perfeito estado,Não existe,Não há placas,,Única,Faixa seccionada,,,,
2018-11-19,17:53:00,SEM VÍTIMA,FINALIZADA,SANTO AMARO,RUA DO SOSSEGO,238,RUA ARTUR COUTINHO,NA RUA DO SIMPOL,RUA DO SOSSEGO,238,NA RUA DO SIMPOL,SANTO AMARO,,SUBURBIO,ABALROAMENTO TRANSVERSAL,COLISÃO SEM VITIMAS,2,,,,,,,,,0,,Cruzamento,Bom,Não existe,Incompleta,Seca,Perfeito estado,Não existe,Não há placas,,Dupla,Não existe,,,,,,
2018-11-19,20:35:00,SEM VÍTIMA,FINALIZADA,IPSEP,RUA JEAN EMILE FAVRE,,RUA RIO AMAZONAS,E/F A PADARIA PÃO NORTE, SNT AV RECIFE/ APÓS O POSTO BR,RUA JEAN EMILE FAVRE,,E/F A PADARIA PÃO NORTE, SNT AV RECIFE/ APÓS O POSTO BR,IPSEP,527,S,ABALROAMENTO TRANSVERSAL,COLISÃO SEM VITIMA,2,,,,,,,,,0,,Cruzamento,Bom,Sem defeito,Perfeito estado,Seca,Perfeito estado,Faixa de pedestre,Outras,,Dupla,Faixa seccionada,,,,
2018-11-19,21:06:00,SEM VÍTIMA,FINALIZADA,PINA,AV ANTONIO DE GOES,60,AV BOA VIAGEM,NA CALÇADA DO JCPM,AV ANTONIO DE GOES,60,NA CALÇADA DO JCPM,PINA,,CIDADE,ABALROAMENTO LONGITUDINAL,COLISÃO SEM VITIMA,2,,,,,,,,,0,,,Bom,Não existe,Perfeito estado,Seca,Perfeito estado,Não existe,Não há placas,,Única,Faixa seccionada,,,,,,
2018-11-19,21:36:00,COM VÍTIMA,FINALIZADA,ENCRUZILHADA,AV BEBERIBE,,,POSTO SHELL E DROGASIL,AV BEBERIBE,,POSTO SHELL E DROGASIL,ENCRUZILHADA,186,SUBURBIO,COLISÃO FRONTAL,COLISÃO COM VITIMA/ VITIMA ENCONTRA-SE NO LOCAL AGUARDANDO ATENDIMENTO DO SAMU,1,1,,,,,,,,1,,Longo da via,Bom,Sem defeito,Perfeito estado,Seca,Perfeito estado,Faixa de pedestre,,,Dupla,Faixa contínua,,,,,,
2018-11-19,23:00:00,SEM VÍTIMA,FINALIZADA,LINHA DO TIRO,RUA ELADIO CAMBOIM,456,,EM FRENTE AO N 456,RUA ELADIO CAMBOIM,456,EM FRENTE AO N 456,LINHA DO TIRO,,SUBURBIO,CHOQUE VEÍCULO PARADO,ENTRE CAMINHÃO E AUTO- S/V,1,,,,,,1,,,0,,Longo da via,Bom,Não existe,Incompleta,Seca,Perfeito estado,,Outras,,Dupla,Não existe,,,,,,
2018-11-20,04:53:00,SEM VÍTIMA,FINALIZADA,JARDIM SÃO PAULO,AV RECIFE,5630,AV JOAO CABRAL DE MELO NETO,CLINICA CERPE ( Nº 5630),AV RECIFE,5630,CLINICA CERPE ( Nº 5630),JARDIM SÃO PAULO,259,SUBURBIO,COLISÃO TRASEIRA,ENTRE DOIS AUTO,2,,,,,,,,,0,,Longo da via,Bom,Sem defeito,Perfeito estado,Seca,Perfeito estado,Faixa de pedestre,Outras,,Dupla,Canteiro central,,,,,,
2018-11-20,06:42:00,SEM VÍTIMA,FINALIZADA,GRAÇAS,RUA ESMERALDINO BANDEIRA,55,,,RUA ESMERALDINO BANDEIRA,55,,GRAÇAS,,CIDADE,ABALROAMENTO TRANSVERSAL,SEM VITIMAS,2,,,,,,,,,0,,Longo da via,Bom,Não existe,Perfeito estado,Seca,Perfeito estado,Não existe,Não há placas,40 km/h,Única,Não existe,,,,,,
2018-11-20,06:43:00,SEM VÍTIMA,FINALIZADA,BOA VIAGEM,RUA ANTONIO FALCAO,384,,EM FRENTE AO CARREFOUR,RUA ANTONIO FALCAO,384,EM FRENTE AO CARREFOUR,BOA VIAGEM,,SUBURBIO,CHOQUE OBJETO FIXO,COLISÃO AUTO E MOTO, EM SEGUIDA CHOCOU-SE COM MURO,1,1,,,,,,,,0,,Longo da via,Bom,Não existe,Perfeito estado,Seca,Perfeito estado,Não existe,Não há placas,,Única,Não existe,,,,,
2018-11-20,07:19:00,SEM VÍTIMA,CANCELADA,BOA VIAGEM,RUA ANTONIO FALCAO,402,AV ENGENHEIRO DOMINGOS FERREIRA,AO DO CASARÃO DA EMBRAPA,RUA ANTONIO FALCAO,402,AO DO CASARÃO DA EMBRAPA,BOA VIAGEM,,,CHOQUE OBJETO FIXO,CHOQUE DE UM AUTO PASSEIO , COM O MURO DA EMBRAPA,1,,,,,,,,,0,,,,,,,,,,,,,,,,,
2018-11-20,07:40:00,SEM VÍTIMA,FINALIZADA,PRADO,RUA GOMES TABORDA,476,,CANTINHO DA LANE,RUA GOMES TABORDA,476,CANTINHO DA LANE,PRADO,,CIDADE,COLISÃO TRASEIRA,TRES AUTOS,3,,,,,,,,,0,,Longo da via,Bom,Não existe,Perfeito estado,Seca,Perfeito estado,Não existe,Outras,,Dupla,Faixa seccionada,,,,,,
2018-11-20,07:51:00,SEM VÍTIMA,FINALIZADA,ZUMBI,AV CAXANGA,1314,,,AV CAXANGA,1314,,ZUMBI,,SUBURBIO,COLISÃO TRASEIRA,DOIS AUTOS E MOTO,2,1,,,,,,,,0,,Longo da via,Bom,Não existe,Perfeito estado,Seca,Perfeito estado,Não existe,R-6a,,Dupla,Canteiro central,,,,,,
2018-11-20,08:06:00,SEM VÍTIMA,CANCELADA,VÁRZEA,AV CAXANGA,487,,HA 100 METROS DA ESTAÇÃO BRT PADRE CICERO,AV CAXANGA,487,HA 100 METROS DA ESTAÇÃO BRT PADRE CICERO,VÁRZEA,,CIDADE,COLISÃO,SEM VITIMAS,1,,,,,1,,,,0,,,,,,,,,,,,,,,,,,
2018-11-20,08:13:00,SEM VÍTIMA,FINALIZADA,PRADO,RUA GOMES TABORDA,,,AO LADO NÚMERO 492,RUA GOMES TABORDA,,AO LADO NÚMERO 492,PRADO,,SUBURBIO,COLISÃO TRASEIRA,COLISÃO SEM VITIMA,2,,,,,,,,,0,,Longo da via,Bom,Não existe,Não existente,Seca,Perfeito estado,Não existe,Não há placas,,Dupla,Faixa seccionada,,,,,,
2018-11-20,09:35:00,SEM VÍTIMA,FINALIZADA,MADALENA,EST DOS REMEDIOS,2416,,POLICLINICA LESSA DE ANDRADE,EST DOS REMEDIOS,2416,POLICLINICA LESSA DE ANDRADE,MADALENA,51,SUBURBIO,COLISÃO TRASEIRA,,2,,,,,,,,,0,,Longo da via,Bom,Sem defeito,Perfeito estado,Seca,Perfeito estado,Agente,Não há placas,,Única,Faixa seccionada,,,,,,
2018-11-20,10:10:00,SEM VÍTIMA,FINALIZADA,TORRE,AV PROFESSOR ESTEVAO FRANCISCO DA COSTA,,RUA TOMAZ GONZAGA,EM FRENTE A PADARIA RAINHA DA TORRE,AV PROFESSOR ESTEVAO FRANCISCO DA COSTA,,EM FRENTE A PADARIA RAINHA DA TORRE,TORRE,280,,ABALROAMENTO TRANSVERSAL,DOIS AUTOS,2,,,,,,,,,0,,Cruzamento,Bom,Sem defeito,Ilegível,Seca,Perfeito estado,Não existe,R-4a,,Única,Não existe,,,,,,
2018-11-20,10:19:00,COM VÍTIMA,FINALIZADA,SANTO AMARO,AV PREFEITO ARTUR LIMA CAVALCANTI,,AV NORTE,DESCIDA DA PONTE DO LIMOEIRO,AV PREFEITO ARTUR LIMA CAVALCANTI,,DESCIDA DA PONTE DO LIMOEIRO,SANTO AMARO,243,SUBURBIO,ACID. DE PERCURSO,MOTOCICLISTA PERDEU O CONTROLE,APÓS LIVRAR SE DE UM PEDESTRE,,1,,,,,,,,1,,Longo da via,Bom,Sem defeito,Perfeito estado,Seca,Perfeito estado,Faixa de pedestre,,,Dupla,Canteiro central,,,,,
2018-11-20,10:21:00,SEM VÍTIMA,FINALIZADA,SAN MARTIN,RUA VINTE E UM DE ABRIL,2225,RUA VEREADOR SERGIO XAVIER,EM FRENTE A LOJA MULTILAR,RUA VINTE E UM DE ABRIL,2225,EM FRENTE A LOJA MULTILAR,SAN MARTIN,,CIDADE,COLISÃO FRONTAL,SEM VITIMAS,1,1,,,,,,,,0,,,Bom,Não existe,Não existente,Seca,Perfeito estado,Não existe,Não há placas,,Dupla,Não existe,,,,,,
2018-11-20,11:00:00,SEM VÍTIMA,FINALIZADA,IPSEP,RUA ADERBAL DE MELO,135,RUA HELIO BRANDAO,PRÓXIMO AO CHAMBARIL DO JOÃO,RUA ADERBAL DE MELO,135,PRÓXIMO AO CHAMBARIL DO JOÃO,IPSEP,,,ABALROAMENTO TRANSVERSAL,SEM VITIMAS,2,,,,,,,,,0,,Cruzamento,Bom,Não existe,Perfeito estado,Seca,Perfeito estado,Não existe,"Placas ""Pare""",,Única,Faixa seccionada,,,,,,
2018-11-20,11:24:00,SEM VÍTIMA,CANCELADA,BOA VIAGEM,AV ENGENHEIRO DOMINGOS FERREIRA,,RUA PROFESSOR EDUARDO WANDERLEY FILHO,EM FRENTE A ANTIGA MEIRA LINS,AV ENGENHEIRO DOMINGOS FERREIRA,,EM FRENTE A ANTIGA MEIRA LINS,BOA VIAGEM,,,COLISÃO,SEM VITIMAS BATEDOR MOTO 02 VAI FAZER B.O,2,,,,,,,,,0,,,,,,,,,,,,,,,,,,
2018-11-20,11:35:00,SEM VÍTIMA,CANCELADA,IMBIRIBEIRA,AV MARECHAL MASCARENHAS DE MORAES,2104,,PROX. A CONCESSIONARIA ITALIANA,AV MARECHAL MASCARENHAS DE MORAES,2104,PROX. A CONCESSIONARIA ITALIANA,IMBIRIBEIRA,,CIDADE,COLISÃO,CAMINHÃO E AUTO,1,,,,,,1,,,0,,,,,,,,,,,,,,,,,,
2018-11-16,08:40:00,COM VÍTIMA,FINALIZADA,SÃO JOSÉ,AV SUL,1022,,,AV SUL,1022,,SÃO JOSÉ,205,CIDADE,ABALROAMENTO LONGITUDINAL,COLISÃO ENTRE DUAS MOTOCICLETAS.,,2,,,,,,,,1,,Outros,Bom,Sem defeito,Perfeito estado,Seca,Perfeito estado,Faixa de pedestre,Outras,,Única,Não existe,,,,,,
2018-11-20,11:55:00,SEM VÍTIMA,FINALIZADA,IMBIRIBEIRA,AV MARECHAL MASCARENHAS DE MORAES,820,,M FRENTE A CONCESSIONARIA FORD ESTACIONAMENTO DO RECIFE RADIADORES,AV MARECHAL MASCARENHAS DE MORAES,820,M FRENTE A CONCESSIONARIA FORD ESTACIONAMENTO DO RECIFE RADIADORES,IMBIRIBEIRA,532,SUBURBIO,COLISÃO TRASEIRA,COLISÃO SEM VITIMAS,2,,,,,,,,,0,,Longo da via,Bom,Sem defeito,Perfeito estado,Seca,Perfeito estado,,Não há placas,60 km/h,Dupla,Canteiro central,,,,,,
2018-11-20,11:57:00,SEM VÍTIMA,FINALIZADA,IMBIRIBEIRA,AV MARECHAL MASCARENHAS DE MORAES,161 B,,EM FRENTE AO Nº 161 B,AV MARECHAL MASCARENHAS DE MORAES,161 B,EM FRENTE AO Nº 161 B,IMBIRIBEIRA,,SUBURBIO,COLISÃO TRASEIRA,,1,,,,,,2,,,0,,Longo da via,Bom,Não existe,Não existente,Seca,Perfeito estado,Não existe,Não há placas,60 km/h,Dupla,Canteiro central,,,,,,
2018-11-20,12:15:00,SEM VÍTIMA,FINALIZADA,SANTO AMARO,RUA TREZE DE MAIO,263,RUA DOS PALMARES,BARRACA TROPICAL,RUA TREZE DE MAIO,263,BARRACA TROPICAL,SANTO AMARO,30,SUBURBIO,ABALROAMENTO TRANSVERSAL,COLISAO ENTRE AUTO E MOTO S/V,1,1,,,,,,,,0,,Longo da via,Bom,Sem defeito,Perfeito estado,Seca,Perfeito estado,Faixa de pedestre,Não há placas,,Dupla,Faixa contínua,,,,,,
2018-11-20,12:34:00,SEM VÍTIMA,FINALIZADA,ESPINHEIRO,RUA MARQUES DO PARANA,,AV NORTE,,RUA MARQUES DO PARANA,,,ESPINHEIRO,,SUBURBIO,ABALROAMENTO LONGITUDINAL,COLISAO ENTR DOIS AUTOS S/V,2,,,,,,,,,0,,Longo da via,Bom,Sem defeito,Perfeito estado,Seca,Perfeito estado,Faixa de pedestre,Outras,40 km/h,Única,Canteiro central,,,,,,
2018-11-20,12:46:00,SEM VÍTIMA,CANCELADA,IPUTINGA,AV CAXANGA,,,EM FRENTE AO HOSPITAL SANTA TEREZINHA E AO POSTO DE GASOLINA DISLUB,AV CAXANGA,,EM FRENTE AO HOSPITAL SANTA TEREZINHA E AO POSTO DE GASOLINA DISLUB,IPUTINGA,,CIDADE,COLISÃO,COLISÃO SEM VITIMAS,1,1,,,,,1,,,0,,,,,,,,,,,,,,,,,,
2018-11-20,12:51:00,SEM VÍTIMA,CANCELADA,BOA VIAGEM,RUA PADRE CARAPUCEIRO,259,AV ENGENHEIRO DOMINGOS FERREIRA,EM FRENTE A IGREJA UNIVERSAL,RUA PADRE CARAPUCEIRO,259,EM FRENTE A IGREJA UNIVERSAL,BOA VIAGEM,,,COLISÃO,COLISÃO SEM VITIMAS,1,,,,,1,,,,0,,,,,,,,,,,,,,,,,,
2018-11-20,12:53:00,COM VÍTIMA,CANCELADA,BOA VIAGEM,AV HERCULANO BANDEIRA,,,E/F AO MARTELINHO DE OURO,AV HERCULANO BANDEIRA,,E/F AO MARTELINHO DE OURO,BOA VIAGEM,,,COLISÃO,COLISAO ENTRE AUTO E MOTO S/V,1,1,,,,,,,,1,,,,,,,,,,,,,,,,,,
2018-11-20,13:30:00,SEM VÍTIMA,FINALIZADA,BEBERIBE,PRC DA CONVENCAO,96,,EM FRENTE AO POSTO PETROBRAS PAI E FILHOS,PRC DA CONVENCAO,96,EM FRENTE AO POSTO PETROBRAS PAI E FILHOS,BEBERIBE,,SUBURBIO,ABALROAMENTO LONGITUDINAL,COLISÃO SEM VITIMAS,1,,,,,,1,,,0,,Longo da via,Bom,Não existe,Perfeito estado,Seca,Perfeito estado,Faixa de pedestre,Outras,,Única,Não existe,,,,,,
2018-11-20,13:38:00,SEM VÍTIMA,FINALIZADA,ESPINHEIRO,RUA DO ESPINHEIRO,222,,LADO OPOSTO AO Nº 222,RUA DO ESPINHEIRO,222,LADO OPOSTO AO Nº 222,ESPINHEIRO,,,ABALROAMENTO LONGITUDINAL,COLISÃO SEM VITIMAS,1,,,,,1,,,,0,,Longo da via,Bom,Não existe,Perfeito estado,Seca,Perfeito estado,Não existe,Outras,,Única,Faixa,,,,,,
2018-11-20,13:59:00,SEM VÍTIMA,FINALIZADA,SÃO JOSÉ,AV MARTINS DE BARROS,,,EM FRENTE AO TERMINAL INTEGRADO CAIS DE SANTA RITA,AV MARTINS DE BARROS,,EM FRENTE AO TERMINAL INTEGRADO CAIS DE SANTA RITA,SÃO JOSÉ,,SUBURBIO,ABALROAMENTO LONGITUDINAL,COLISÃO SEM VITIMAS,1,,,,,1,,,,0,,Longo da via,Bom,Não existe,Perfeito estado,Seca,Perfeito estado,Não existe,,,Dupla,Canteiro central,,,,,,
2018-11-20,14:00:00,SEM VÍTIMA,FINALIZADA,ESPINHEIRO,RUA DO ESPINHEIRO,,AV JOAO DE BARROS,AO LADO DO EXTRA,RUA DO ESPINHEIRO,,AO LADO DO EXTRA,ESPINHEIRO,,SUBURBIO,ABALROAMENTO LONGITUDINAL,COLISÃO SEM VITIMAS,1,,,,,,1,,,0,,Longo da via,Bom,Sem defeito,Perfeito estado,Seca,Perfeito estado,Faixa de pedestre,R-6a,,Única,,,,,,,
2018-11-20,14:17:00,SEM VÍTIMA,CANCELADA,COQUEIRAL,RUA ALTO DA BELA VISTA,43,,RESIDENCIA PROX AO SUPERMERCADO CUSTODIA,RUA ALTO DA BELA VISTA,43,RESIDENCIA PROX AO SUPERMERCADO CUSTODIA,COQUEIRAL,,,CHOQUE,CONDUTOR CHOCOU SE CONTRA O MURO DE UMA RESIDENCIA SEM VITIMAS,,,,,,1,,,,0,,,,,,,,,,,,,,,,,,
2018-11-20,15:04:00,SEM VÍTIMA,FINALIZADA,PINA,AV ENGENHEIRO DOMINGOS FERREIRA,112,,,AV ENGENHEIRO DOMINGOS FERREIRA,112,,PINA,,SUBURBIO,COLISÃO TRASEIRA,COLISAO ENTRE DOIS AUTOS S/V,2,,,,,,,,,0,,Longo da via,Bom,Não existe,Perfeito estado,Seca,Perfeito estado,Não existe,Não há placas,,Única,Faixa seccionada,,,,,,
2018-11-20,15:18:00,SEM VÍTIMA,FINALIZADA,TAMARINEIRA,AV CONS ROSA E SILVA,,,E/F A TAMARINEIRA,AV CONS ROSA E SILVA,,E/F A TAMARINEIRA,TAMARINEIRA,,SUBURBIO,ABALROAMENTO LONGITUDINAL,COLISAO ENTRE DOIS AUTOS S/V,2,,,,,,,,,0,,Longo da via,Bom,Não existe,Perfeito estado,Seca,Perfeito estado,Não existe,Não há placas,60 km/h,Única,Não existe,,,,,,
2018-11-20,15:54:00,SEM VÍTIMA,FINALIZADA,ILHA DO RETIRO,AV JOSE GONCALVES DE MEDEIROS,,AV ENGENHEIRO ABDIAS DE CARVALHO,EM FRENTE AO SPORT CLUBE DO RECIFE,AV JOSE GONCALVES DE MEDEIROS,,EM FRENTE AO SPORT CLUBE DO RECIFE,ILHA DO RETIRO,355,SUBURBIO,ABALROAMENTO TRANSVERSAL,COLISÃO SEM VITIMAS,2,,,,,,,,,0,,Longo da via,Bom,Sem defeito,Perfeito estado,Seca,Perfeito estado,Não existe,Não há placas,,Única,Faixa contínua,,,,,,
2018-11-20,15:56:00,COM VÍTIMA,FINALIZADA,ESTÂNCIA,AV DR JOSE RUFINO,,,EM FRENTE A IGREJA DE SANTA LUZIA,AV DR JOSE RUFINO,,EM FRENTE A IGREJA DE SANTA LUZIA,ESTÂNCIA,,CIDADE,COLISÃO TRASEIRA,COLISÃO COM VITIMA,1,,,,,,1,,,1,,Longo da via,Bom,Sem defeito,Perfeito estado,Seca,Perfeito estado,Faixa de pedestre,Outras,,Dupla,Faixa,,,,,,
2018-11-20,16:09:00,SEM VÍTIMA,FINALIZADA,SÃO JOSÉ,AV MARTINS DE BARROS,,PTE CONDE MAURICIO DE NASSAU,EM FRENTE AO MINISTÉRIO PÚBLICO DE PERNAMBUCO,AV MARTINS DE BARROS,,EM FRENTE AO MINISTÉRIO PÚBLICO DE PERNAMBUCO,SÃO JOSÉ,194,SUBURBIO,ABALROAMENTO LONGITUDINAL,COLISÃO SEM VITIMAS,1,,,,,,1,,,0,,Longo da via,Bom,Sem defeito,Perfeito estado,Seca,Perfeito estado,Agente,Não há placas,,Única,Faixa contínua,,,,,,
2018-11-20,16:36:00,SEM VÍTIMA,FINALIZADA,AFOGADOS,RUA SANTOS ARAUJO,,RUA SAO MIGUEL,SOB O SEMÁFORO 333,RUA SANTOS ARAUJO,,SOB O SEMÁFORO 333,AFOGADOS,333,SUBURBIO,ABALROAMENTO LONGITUDINAL,COLISÃO SEM VITIMAS,1,,,,,,1,,,0,,Cruzamento,Bom,Sem defeito,Perfeito estado,Seca,Perfeito estado,,Outras,,Única,,,,,,,