data,hora,natureza_acidente,situacao,bairro,endereco,numero,detalhe_endereco_acidente,complemento,endereco_cruzamento,numero_cruzamento,referencia_cruzamento,bairro_cruzamento,num_semaforo,sentido_via,tipo,descricao,auto,moto,ciclom,ciclista,pedestre,onibus,caminhao,viatura,outros,vitimas,vitimasfatais,acidente_verificado,tempo_clima,situacao_semaforo,sinalizacao,condicao_via,conservacao_via,ponto_controle,situacao_placa,velocidade_max_via,mao_direcao,divisao_via1,divisao_via2,divisao_via3,,,,
2018-11-20,16:38:00,SEM VÍTIMA,FINALIZADA,ESTÂNCIA,AV RECIFE,,,E/F AO GALETUS S/T BOA VIAGEM,AV RECIFE,,E/F AO GALETUS S/T BOA VIAGEM,ESTÂNCIA,,SUBURBIO,COLISÃO FRONTAL,COLISAO ENTRE TRES AUTOS S/V,3,,,,,,,,,0,,Longo da via,Bom,Sem defeito,Perfeito estado,Seca,Perfeito estado,Faixa de pedestre,,,Dupla,Faixa seccionada,,,,,,
2018-11-20,16:40:00,SEM VÍTIMA,CANCELADA,AFOGADOS,EST DOS REMEDIOS,,,EM FRENTE AO POSTO DE GASOLINA IPIRANGA,EST DOS REMEDIOS,,EM FRENTE AO POSTO DE GASOLINA IPIRANGA,AFOGADOS,,CARREFOUR,COLISÃO,COLISÃO SEM VITIMAS,1,,,,,1,,,,0,,,,,,,,,,,,,,,,,,
2018-11-20,16:50:00,SEM VÍTIMA,CANCELADA,MADALENA,AV VISCONDE DE ALBUQUERQUE,,RUA BENFICA,ALUISIO LESTE...POLICLINICA,AV VISCONDE DE ALBUQUERQUE,,ALUISIO LESTE...POLICLINICA,MADALENA,51,,COLISÃO,COLISÃO SEM VITIMAS,1,,,,,1,,,,0,,,,,,,,,,,,,,,,,,
2018-11-20,17:03:00,SEM VÍTIMA,FINALIZADA,SAN MARTIN,AV GENERAL SAN MARTIN,2450,,,AV GENERAL SAN MARTIN,2450,,SAN MARTIN,,,ABALROAMENTO LONGITUDINAL,COLISÃO SEM VITIMAS,1,,,,,,,,1,0,,Longo da via,Bom,Não existe,Perfeito estado,Seca,Perfeito estado,Não existe,,,Dupla,Faixa contínua,,,,,,
2018-11-20,17:35:00,SEM VÍTIMA,FINALIZADA,AFOGADOS,RUA SAO MIGUEL,,,POSTE Nº HO 26603 AO LADO,RUA SAO MIGUEL,,POSTE Nº HO 26603 AO LADO,AFOGADOS,,CIDADE,ABALROAMENTO LONGITUDINAL,COLISÃO SEM VITIMAS,2,,,,,,,,,0,,Longo da via,Bom,Não existe,Perfeito estado,Seca,Perfeito estado,Não existe,Não há placas,,Dupla,Faixa seccionada,,,,,,
2018-11-20,18:16:00,SEM VÍTIMA,FINALIZADA,MADALENA,RUA JOSE BONIFACIO,,RUA PADRE ANCHIETA,PROX A PADARIA MASSA NOBRE,RUA JOSE BONIFACIO,,PROX A PADARIA MASSA NOBRE,MADALENA,193,CIDADE,ABALROAMENTO LONGITUDINAL,ONIBUS X AUTO,1,,,,,1,,,,0,,Longo da via,Bom,Sem defeito,Perfeito estado,Seca,Perfeito estado,Faixa de pedestre,Outras,,Única,Faixa seccionada,,,,,,
2018-11-20,18:23:00,COM VÍTIMA,CANCELADA,JOANA BEZERRA,AV RIO CAPIBARIBE,502,,AO LADO DO MURO DO METRO,AV RIO CAPIBARIBE,502,AO LADO DO MURO DO METRO,JOANA BEZERRA,,,ATROPELAMENTO,MOTO E PEDESTRE,,1,,,1,,,,,1,,,,,,,,,,,,,,,,,,
2018-11-20,18:47:00,COM VÍTIMA,FINALIZADA,TORRE,AV BEIRA RIO,,,NA CURVA INDO PARA O CARREFUR,AV BEIRA RIO,,NA CURVA INDO PARA O CARREFUR,TORRE,,,COLISÃO TRASEIRA,COLISÃO SEM VITIMAS,1,1,,,,,,,,1,,Longo da via,Chuvoso,Não existe,Perfeito estado,Molhada,Perfeito estado,Não existe,,,Dupla,Faixa,,,,,,
2018-11-20,19:20:00,SEM VÍTIMA,FINALIZADA,BOA VIAGEM,RUA CAPITAO ZUZINHA,286,,GALERIA / LANCHONETE JHONYS,RUA CAPITAO ZUZINHA,286,GALERIA / LANCHONETE JHONYS,BOA VIAGEM,,CIDADE,COLISÃO TRASEIRA,COLISÃO SEM VITIMAS,2,,,,,,,,,0,,Longo da via,Bom,Sem defeito,Perfeito estado,Seca,Perfeito estado,Outros,Outras,,Única,Faixa contínua,,,,,,
2018-11-20,19:56:00,SEM VÍTIMA,FINALIZADA,BOA VIAGEM,RUA SETUBAL,,,,RUA SETUBAL,,,BOA VIAGEM,,SUBURBIO,COLISÃO FRONTAL,COLISÃO SEM VITIMA,2,,,,,,,,,0,,Longo da via,Bom,Não existe,Perfeito estado,Seca,Perfeito estado,Outros,Outras,,Dupla,Faixa contínua,,,,,,
2018-11-20,20:04:00,SEM VÍTIMA,FINALIZADA,BOA VIAGEM,RUA SA E SOUZA,,RUA DR LUIZ INACIO PESSOA DE MELO,,RUA SA E SOUZA,,,BOA VIAGEM,,,ABALROAMENTO LONGITUDINAL,ONIBUS X J 3,1,,,,,1,,,,0,,Cruzamento,Bom,Não existe,Ilegível,Seca,Mal iluminada,Faixa de pedestre,"Placas ""Pare""",,Dupla,Faixa seccionada,,,,,,
2018-11-20,20:07:00,COM VÍTIMA,FINALIZADA,BARRO,RUA AMADOR ARAUJO,542,RUA ESPERANCA,APOS A IGREJA DO BARRO,RUA AMADOR ARAUJO,542,APOS A IGREJA DO BARRO,BARRO,,CIDADE,ABALROAMENTO TRANSVERSAL,COLISÃO COM VITIMA/ VITIMA JA FOI LEVADA PELO SAMU,1,1,,,,,,,,1,,Cruzamento,Bom,Não existe,Incompleta,Seca,Perfeito estado,Não existe,"Placas ""Pare""",30 km/h,Dupla,Não existe,,,,,,
2018-11-20,21:01:00,SEM VÍTIMA,FINALIZADA,MADALENA,RUA BENFICA,,AV VISCONDE DE ALBUQUERQUE,ENFRENTE AO BOM PREÇO DA BEMNFICA,RUA BENFICA,,ENFRENTE AO BOM PREÇO DA BEMNFICA,MADALENA,,,ABALROAMENTO LONGITUDINAL,COLISÃO SEM VITIMAS,1,,,,,1,,,,0,,Cruzamento,Bom,Sem defeito,Não existente,Seca,Mal iluminada,Faixa de pedestre,Não há placas,,Dupla,Faixa contínua,,,,,,
2018-11-21,05:40:00,SEM VÍTIMA,CANCELADA,AREIAS,AV DR JOSE RUFINO,44,,EM FRENTE AO COLEGIO INSENTIVO,AV DR JOSE RUFINO,44,EM FRENTE AO COLEGIO INSENTIVO,AREIAS,,,COLISÃO,COLISÃO COM UM AUTO E MOTO,1,1,,,,,,,,0,,,,,,,,,,,,,,,,,,
2018-11-21,06:10:00,COM VÍTIMA,FINALIZADA,CASA AMARELA,RUA DA HARMONIA,460,,AO LADO DA PREVIDÊNCIA SOCIAL,RUA DA HARMONIA,460,AO LADO DA PREVIDÊNCIA SOCIAL,CASA AMARELA,,SUBURBIO,COLISÃO TRASEIRA,COLISÃO COM 1 VÍTIMA,1,1,,,,,,,,1,,Longo da via,Bom,Sem defeito,Perfeito estado,Seca,Perfeito estado,Faixa de pedestre,Não há placas,40 km/h,Dupla,Faixa,,,,,,
2018-11-21,06:47:00,COM VÍTIMA,FINALIZADA,BOA VIAGEM,RUA MINISTRO NELSON HUNGRIA,392,RUA PADRE BERNADINO PESSOA,EM FRENTE AO COLEGIO SANTA MARIA,RUA MINISTRO NELSON HUNGRIA,392,EM FRENTE AO COLEGIO SANTA MARIA,BOA VIAGEM,,,ABALROAMENTO LONGITUDINAL,DOIS AUTOS,2,,,,,,,,,2,,Cruzamento,Bom,Não existe,Perfeito estado,Seca,Perfeito estado,Faixa de pedestre,Outras,40 km/h,Única,Não existe,,,,,,
2018-11-21,07:13:00,SEM VÍTIMA,FINALIZADA,TAMARINEIRA,RUA DR JOSE MARIA,2000,AV CONS ROSA E SILVA,EM FRENTE POSTO SHELL,RUA DR JOSE MARIA,2000,EM FRENTE POSTO SHELL,TAMARINEIRA,253,CIDADE,ABALROAMENTO LONGITUDINAL,DOIS AUTOS,2,,,,,,,,,0,,Cruzamento,Bom,Sem defeito,Perfeito estado,Seca,Perfeito estado,Faixa de pedestre,R-6a,30 km/h,Dupla,Faixa contínua,,,,,,
2018-11-21,07:58:00,SEM VÍTIMA,FINALIZADA,CAMPO GRANDE,EST DE BELEM,1217,RUA ODORICO MENDES,EM FRENTE AO POSTO DE GASOLINA IPIRANGA,EST DE BELEM,1217,EM FRENTE AO POSTO DE GASOLINA IPIRANGA,CAMPO GRANDE,,SUBURBIO,COLISÃO,DOIS AUTOS S/V,2,,,,,,,,,0,,,,,,,,,,,,,,,,,,
2018-11-21,08:01:00,SEM VÍTIMA,FINALIZADA,TAMARINEIRA,RUA SAO VICENTE,333,,RUA DO ANTIGO OITAO BAR,RUA SAO VICENTE,333,RUA DO ANTIGO OITAO BAR,TAMARINEIRA,,CIDADE,CHOQUE,,1,,,,,,,,,0,,,,,,,,,,,,,,,,,,
2018-11-21,08:40:00,SEM VÍTIMA,FINALIZADA,IPSEP,AV RECIFE,2996,,EM FRENTE A LOJA EXATO CAR,AV RECIFE,2996,EM FRENTE A LOJA EXATO CAR,IPSEP,,SUBURBIO,COLISÃO TRASEIRA,COLISÃO SEM VITIMAS,1,1,,,,,,,,0,,Longo da via,Bom,Não existe,Perfeito estado,Seca,Perfeito estado,Não existe,Não há placas,,Dupla,Faixa seccionada,,,,,,
2018-11-21,09:20:00,SEM VÍTIMA,PENDENTE,ESTÂNCIA,AV DR JOSE RUFINO,548,RUA MORAIS E SILVA,EM FRENTE A GALERIA MARGARIDA,AV DR JOSE RUFINO,548,EM FRENTE A GALERIA MARGARIDA,ESTÂNCIA,,SUBURBIO,ABALROAMENTO TRANSVERSAL,COLISÃO SEM VITIMAS,2,,,,,,,,,0,,Cruzamento,Bom,Não existe,Perfeito estado,Seca,Perfeito estado,Não existe,Não há placas,,,Faixa contínua,,,,,,
2018-11-21,09:53:00,SEM VÍTIMA,FINALIZADA,BOA VIAGEM,RUA DEZ DE JULHO,399,,E/F AO HOTELZINHO CHORA NÃO BEBE,RUA DEZ DE JULHO,399,E/F AO HOTELZINHO CHORA NÃO BEBE,BOA VIAGEM,573,,ABALROAMENTO LONGITUDINAL,SEM VÍTIMAS,1,1,,,,,,,,0,,Longo da via,Bom,Sem defeito,Perfeito estado,Seca,Perfeito estado,Faixa de pedestre,Não há placas,40 km/h,Única,Faixa contínua,,,,,,
2018-11-21,10:00:00,SEM VÍTIMA,FINALIZADA,CAXANGÁ,RUA RIBEIRO PESSOA,,,PROX AO MOTEL TURQUESA,RUA RIBEIRO PESSOA,,PROX AO MOTEL TURQUESA,CAXANGÁ,,SUBURBIO,ABALROAMENTO LONGITUDINAL,COLISÃO SEM VITIMAS VT 18 QTH,2,,,,,,,,,0,,Longo da via,Chuvoso,Não existe,Incompleta,Molhada,Mal conservada,Não existe,Não há placas,,Dupla,Não existe,,,,,,
2018-11-21,10:19:00,SEM VÍTIMA,FINALIZADA,PINA,AV HERCULANO BANDEIRA,,RUA NOGUEIRA DE SOUZA,PROX AO ATACADO DOS PRESENTES AO LADO DA MERCEDES BENZ,AV HERCULANO BANDEIRA,,PROX AO ATACADO DOS PRESENTES AO LADO DA MERCEDES BENZ,PINA,657,SUBURBIO,ABALROAMENTO LONGITUDINAL,COLISÃO SEM VITIMAS,1,1,,,,,,,,0,,Cruzamento,Bom,Sem defeito,Perfeito estado,Seca,Perfeito estado,Faixa de pedestre,Não há placas,60 km/h,Única,Faixa seccionada,,,,,,
2018-11-21,11:22:00,SEM VÍTIMA,FINALIZADA,MADALENA,RUA MONSENHOR JULIO MARIA,1103,RUA BENFICA,AO LADO DA GALERIA CAMPOLINA CENTER // AO LADO MARTELINHO DE OURO,RUA MONSENHOR JULIO MARIA,1103,AO LADO DA GALERIA CAMPOLINA CENTER // AO LADO MARTELINHO DE OURO,MADALENA,,CIDADE,ABALROAMENTO LONGITUDINAL,AMBULANCIA E AUTO PASSEIO,1,,,,,,,1,,0,,,Bom,Não existe,Perfeito estado,Seca,Perfeito estado,Não existe,Outras,,Única,Não existe,,,,,,
2018-11-21,11:34:00,COM VÍTIMA,FINALIZADA,SANTO AMARO,AV CRUZ CABUGA,,,HOSPITAL NAVAL DO RECIFE,AV CRUZ CABUGA,,HOSPITAL NAVAL DO RECIFE,SANTO AMARO,,SUBURBIO,ABALROAMENTO LONGITUDINAL,ONIBUS E MOTO,1,1,,,,,,,,1,,Longo da via,Bom,Não existe,Perfeito estado,Seca,Perfeito estado,Não existe,Não há placas,60 km/h,Dupla,Faixa,,,,,,
2018-11-21,12:18:00,SEM VÍTIMA,CANCELADA,CASA AMARELA,RUA DA HARMONIA,,,NA ESQUINA DO MORRO DA CONCEIÇÃO,RUA DA HARMONIA,,NA ESQUINA DO MORRO DA CONCEIÇÃO,CASA AMARELA,312,CIDADE,COLISÃO,COLISÃO SEM VITIMA,1,,,,,1,,,,0,,,,,,,,,,,,,,,,,,
2018-11-21,12:30:00,SEM VÍTIMA,FINALIZADA,GRAÇAS,AV GOVERNADOR AGAMENON MAGALHAES,,,PROX. A MECDONALDS,AV GOVERNADOR AGAMENON MAGALHAES,,PROX. A MECDONALDS,GRAÇAS,173,SUBURBIO,COLISÃO TRASEIRA,COLISÃO SEM VITIMA,2,,,,,,,,,0,,Longo da via,Bom,Sem defeito,Perfeito estado,Seca,Perfeito estado,Faixa de pedestre,R-6a,,Dupla,Canteiro central,,,,,,
2018-11-21,12:31:00,SEM VÍTIMA,CANCELADA,PINA,AV HERCULANO BANDEIRA,,RUA MIRANDA FALCAO,PROX IGREJA DO PINA,AV HERCULANO BANDEIRA,,PROX IGREJA DO PINA,PINA,137,,COLISÃO,COLISAO ENTRE ONIBUS E AUTO S/V,1,,,,,1,,,,0,,,,,,,,,,,,,,,,,,
2018-11-21,12:50:00,COM VÍTIMA,FINALIZADA,VASCO DA GAMA,RUA DOIS DE FEVEREIRO,366,,EM FRENTE A IGREJA MISSIONÁRIA,RUA DOIS DE FEVEREIRO,366,EM FRENTE A IGREJA MISSIONÁRIA,VASCO DA GAMA,,SUBURBIO,ATROPELAMENTO,PEDESTRE E ONIBUS,,,,,1,1,,,,1,,Longo da via,Bom,Não existe,Não existente,Seca,Perfeito estado,Não existe,Não há placas,,Dupla,Não existe,,,,,,
2018-11-21,12:53:00,SEM VÍTIMA,FINALIZADA,MADALENA,AV BEIRA RIO,1219,RUA CLOVIS BEVILAQUA,PROX. A PRAÇA,AV BEIRA RIO,1219,PROX. A PRAÇA,MADALENA,,SUBURBIO,ABALROAMENTO TRANSVERSAL,COLISÃO EM VITIMAS,2,,,,,,,,,0,,,Bom,Não existe,Perfeito estado,Seca,Perfeito estado,Faixa de retenção,"Placas ""Pare""",,Dupla,Faixa seccionada,,,,,,
2018-11-21,13:05:00,SEM VÍTIMA,FINALIZADA,ÁGUA FRIA,AV BEBERIBE,1923,,EM FRENTE A OTICA DINIZ,AV BEBERIBE,1923,EM FRENTE A OTICA DINIZ,ÁGUA FRIA,,SUBURBIO,ATROPELAMENTO,CAMINHONETE E PEDESTRE,1,,,,1,,,,,0,,Longo da via,Bom,,,Seca,Perfeito estado,Não existe,Outras,,Dupla,Faixa,,,,,,
2018-11-21,13:45:00,SEM VÍTIMA,FINALIZADA,BOA VISTA,AV GOVERNADOR AGAMENON MAGALHAES,,,PRÓX AO COLÉGIO AMERICANO BATISTA,AV GOVERNADOR AGAMENON MAGALHAES,,PRÓX AO COLÉGIO AMERICANO BATISTA,BOA VISTA,174,SUBURBIO,COLISÃO TRASEIRA,DOIS AUTOS,2,,,,,,,,,0,,Cruzamento,Bom,Sem defeito,Perfeito estado,Seca,Perfeito estado,Não existe,Não há placas,60 km/h,Dupla,Canal,,,,,,
2018-11-21,13:46:00,COM VÍTIMA,FINALIZADA,ILHA DO LEITE,AV LINS PETIT,,,EM FRENTE A PADARIA TRIUNFO,AV LINS PETIT,,EM FRENTE A PADARIA TRIUNFO,ILHA DO LEITE,,SUBURBIO,COLISÃO TRASEIRA,COLISÃO COM 1 VÍTIMA,2,,,,,1,,,,1,,Longo da via,Bom,Sem defeito,Perfeito estado,Seca,Perfeito estado,Faixa de pedestre,Outras,,Única,Faixa,,,,,,
2018-11-21,14:14:00,SEM VÍTIMA,FINALIZADA,CASA AMARELA,AV NORTE,,RUA DA HARMONIA,ESQUINA DO MORRO DA CONCEIÇÃO,AV NORTE,,ESQUINA DO MORRO DA CONCEIÇÃO,CASA AMARELA,312,CIDADE,COLISÃO TRASEIRA,COLISÃO SEM VITMAS,1,,,,,1,,,,0,,,Bom,Sem defeito,Perfeito estado,Seca,Perfeito estado,Faixa de pedestre,R-6a,,Dupla,Canteiro central,,,,,,
2018-11-21,16:30:00,SEM VÍTIMA,CANCELADA,IBURA,AV RIO LARGO,,,UR 2 IBURA - LADEIRA DO SOBE E DESCE,AV RIO LARGO,,UR 2 IBURA - LADEIRA DO SOBE E DESCE,IBURA,,,COLISÃO,ÔNIBUS X AUTO PASSEIO,,,,,,,,,,0,,,,,,,,,,,,,,,,,,
2018-11-21,16:36:00,SEM VÍTIMA,FINALIZADA,ESPINHEIRO,AV GOVERNADOR AGAMENON MAGALHAES,2739,,EM FRENTE A FARMACIA SANTO ANTONIO,AV GOVERNADOR AGAMENON MAGALHAES,2739,EM FRENTE A FARMACIA SANTO ANTONIO,ESPINHEIRO,,,COLISÃO FRONTAL,ONIX X FOX,2,,,,,,,,,0,,,Bom,Não existe,Perfeito estado,Seca,Perfeito estado,,R-6a,30 km/h,Dupla,Faixa seccionada,,,,,,
2018-11-21,17:02:00,SEM VÍTIMA,FINALIZADA,SANTO AMARO,RUA AURORA,325,,,RUA AURORA,325,,SANTO AMARO,579,SUBURBIO,COLISÃO TRASEIRA,DUAS MOTOS -,,2,,,,,,,,0,,Longo da via,Bom,Sem defeito,Perfeito estado,Seca,Perfeito estado,Agente,,,Única,Não existe,,,,,,
2018-11-21,17:02:00,SEM VÍTIMA,FINALIZADA,JARDIM SÃO PAULO,AV SAO PAULO,412,,E/F AO MERCADINHO RENDE MAIS,AV SAO PAULO,412,E/F AO MERCADINHO RENDE MAIS,JARDIM SÃO PAULO,,SUBURBIO,CHOQUE VEÍCULO PARADO,DOIS AUTO PASSEIO,2,,,,,,,,,0,,Longo da via,Bom,Não existe,Ilegível,Seca,Perfeito estado,Não existe,Outras,,Única,Não existe,,,,,,
2018-11-21,17:09:00,SEM VÍTIMA,CANCELADA,CORDEIRO,RUA N S DA SAUDE,818,,PRÓXIMO AO CLUBE DE AUTOMÓVEIS ANTIGOS DE PERNAMBUCO,RUA N S DA SAUDE,818,PRÓXIMO AO CLUBE DE AUTOMÓVEIS ANTIGOS DE PERNAMBUCO,CORDEIRO,,,COLISÃO,DOIS AUTO PASSEIO,2,,,,,,,,,0,,,,,,,,,,,,,,,,,,
2018-11-21,17:36:00,SEM VÍTIMA,CANCELADA,IMBIRIBEIRA,RUA ICARAI,,,AO LADO DO BANCO ITAÚ/ LAVA JATO,RUA ICARAI,,AO LADO DO BANCO ITAÚ/ LAVA JATO,IMBIRIBEIRA,,CIDADE,COLISÃO,COLISÃO SEM VITIMAS,2,,,,,,,,,0,,,,,,,,,,,,,,,,,,
2018-11-21,18:15:00,SEM VÍTIMA,FINALIZADA,MADALENA,RUA BENFICA,,,SEMÁFORO Nº 353,RUA BENFICA,,SEMÁFORO Nº 353,MADALENA,353,CIDADE,ABALROAMENTO LONGITUDINAL,ONIBUS GRANDE RECIFE X AUTO,1,,,,,1,,,,0,,,Bom,Sem defeito,Perfeito estado,Seca,Perfeito estado,Faixa de retenção,,,Única,Faixa contínua,,,,,,
2018-11-21,18:31:00,COM VÍTIMA,FINALIZADA,IMBIRIBEIRA,AV MARECHAL MASCARENHAS DE MORAES,2156,AV LUXEMBURGO,ENF A ITALIANA,AV MARECHAL MASCARENHAS DE MORAES,2156,ENF A ITALIANA,IMBIRIBEIRA,502,SUBURBIO,COLISÃO COM CICLISTA,,,,,1,,1,,,,1,,Longo da via,Bom,Não existe,Perfeito estado,Seca,Perfeito estado,Não existe,Não há placas,,Única,Faixa,,,,,,
2018-11-21,18:58:00,COM VÍTIMA,FINALIZADA,CORDEIRO,RUA DR MIGUEL VIEIRA FERREIRA,,RUA CLAUDIO BROTHERHOOD,AO LADO DO BETO BEBIDA,RUA DR MIGUEL VIEIRA FERREIRA,,AO LADO DO BETO BEBIDA,CORDEIRO,,CIDADE,ABALROAMENTO TRANSVERSAL,MOTO X SIENA PRATA,1,1,,,,,,,,2,,Cruzamento,Bom,Não existe,Incompleta,Seca,Perfeito estado,Não existe,Não há placas,,Dupla,Não existe,,,,,,
2018-11-21,19:20:00,COM VÍTIMA,CANCELADA,BOA VIAGEM,RUA VISCONDE DE JEQUITINHONHA,,,POR TRAS DO PARQUE DONA LINDU FAIXA DA ESQUERDA SENTIDO PIEDADE,RUA VISCONDE DE JEQUITINHONHA,,POR TRAS DO PARQUE DONA LINDU FAIXA DA ESQUERDA SENTIDO PIEDADE,BOA VIAGEM,,,COLISÃO,CB 500 X FOX,1,1,,,,,,,,1,,,,,,,,,,,,,,,,,,
2018-11-21,21:46:00,SEM VÍTIMA,FINALIZADA,SANTO ANTÔNIO,RUA DO SOL,,,PONTE PRINCESA ISABEL,RUA DO SOL,,PONTE PRINCESA ISABEL,SANTO ANTÔNIO,,CIDADE,ABALROAMENTO LONGITUDINAL,ONIBUS X HB 20,1,,,,,1,,,,0,,Ponte,Bom,Não existe,Perfeito estado,Seca,Perfeito estado,,R-6a,,Dupla,Faixa contínua,,,,,,
2018-11-21,22:11:00,SEM VÍTIMA,FINALIZADA,GRAÇAS,AV RUI BARBOSA,,,,AV RUI BARBOSA,,,GRAÇAS,582,CIDADE,ABALROAMENTO LONGITUDINAL,FRONTIER X FORD K,2,,,,,,,,,0,,Cruzamento,Bom,Sem defeito,Perfeito estado,Seca,Perfeito estado,Não existe,Não há placas,,Única,Faixa contínua,,,,,,
2018-11-22,07:31:00,COM VÍTIMA,FINALIZADA,MANGABEIRA,AV NORTE,4697,,ARMAZÉM CORAL,AV NORTE,4697,ARMAZÉM CORAL,MANGABEIRA,,CIDADE,ABALROAMENTO LONGITUDINAL,COLISÃO ENTRE AUTO E MOTO,1,1,,,,,,,,1,,Longo da via,Bom,Não existe,Ilegível,Seca,Perfeito estado,Não existe,,,,,,,,,,
2018-11-22,07:42:00,SEM VÍTIMA,FINALIZADA,IMBIRIBEIRA,AV SUL,,,EM FRENTE A EXTIMBRAS, SENT. AEROPORTO,AV SUL,,EM FRENTE A EXTIMBRAS, SENT. AEROPORTO,IMBIRIBEIRA,,,COLISÃO,COLISÃO SEM VITIMAS,2,,,,,,,,,0,,,,,,,,,,,,,,,,
2018-11-22,08:15:00,SEM VÍTIMA,FINALIZADA,ARRUDA,AV PROFESSOR JOSE DOS ANJOS,,,AO LADO DO CANAL PROX A CONCESSIONARIA VIA SUL,AV PROFESSOR JOSE DOS ANJOS,,AO LADO DO CANAL PROX A CONCESSIONARIA VIA SUL,ARRUDA,,SUBURBIO,COLISÃO TRASEIRA,COLISÃO SEM VITIMAS,2,,,,,,,,,0,,Longo da via,Bom,Sem defeito,Perfeito estado,Seca,Perfeito estado,Não existe,,,Dupla,Faixa seccionada,,,,,,
2018-11-22,09:13:00,SEM VÍTIMA,FINALIZADA,IPSEP,RUA ADERBAL DE MELO,,RUA HELIO BRANDAO,,RUA ADERBAL DE MELO,,,IPSEP,,,ABALROAMENTO TRANSVERSAL,DOIS AUTOS,2,,,,,,,,,0,,Cruzamento,Bom,Não existe,Ilegível,Seca,Perfeito estado,Não existe,"Placas ""Pare""",40 km/h,Dupla,Não existe,,,,,,
2018-11-22,09:57:00,COM VÍTIMA,FINALIZADA,IBURA,AV DOIS RIOS,508,,E/F A BOMBONIERE DOIS RIOS,AV DOIS RIOS,508,E/F A BOMBONIERE DOIS RIOS,IBURA,,CIDADE,COLISÃO TRASEIRA,COM UMA VÍTIMA. BATEDORES NO LOCAL. MT 13 MT 21,1,1,,,,,,,,1,,Longo da via,Bom,Não existe,Não existente,Seca,Perfeito estado,Não existe,"Placas ""Dê a preferência""",,Dupla,Faixa,,,,,,
2018-11-22,10:17:00,SEM VÍTIMA,FINALIZADA,MADALENA,AV VISCONDE DE ALBUQUERQUE,2464,RUA BENFICA,E/F AO POSTO DE GASOLINA EXTRA,AV VISCONDE DE ALBUQUERQUE,2464,E/F AO POSTO DE GASOLINA EXTRA,MADALENA,51,CIDADE,ABALROAMENTO LONGITUDINAL,SEM VÍTIMAS,2,,,,,,,,,0,,,Bom,Sem defeito,Incompleta,Seca,Mal conservada,Não existe,Outras,,Única,Faixa contínua,,,,,,
2018-11-22,10:31:00,SEM VÍTIMA,FINALIZADA,JOANA BEZERRA,VIADUTO CAPITAO TEMUDO,,,SOB A PASSARELA,VIADUTO CAPITAO TEMUDO,,SOB A PASSARELA,JOANA BEZERRA,,CIDADE,COLISÃO TRASEIRA,SEM VÍTIMAS,1,,,,,1,,,,0,,Longo da via,Bom,Não existe,Perfeito estado,Seca,Perfeito estado,Não existe,Não há placas,,Dupla,Canteiro central,,,,,,
2018-11-22,10:47:00,SEM VÍTIMA,FINALIZADA,PINA,RUA PROFESSOR JOSUE DE CASTRO,,,NA SAIDA DO TUNEL DA VIA MANGUE,RUA PROFESSOR JOSUE DE CASTRO,,NA SAIDA DO TUNEL DA VIA MANGUE,PINA,,CIDADE,COLISÃO TRASEIRA,COLISÃO SEM VITIMAS DIOGO MOTA ESTEFANI QTH,2,,,,,,,,,0,,Longo da via,Bom,Sem defeito,Perfeito estado,Seca,Perfeito estado,Não existe,Não há placas,60 km/h,Única,Faixa seccionada,,,,,,
2018-11-22,11:09:00,SEM VÍTIMA,FINALIZADA,BOA VIAGEM,RUA SETUBAL,,RUA VERDES MARES,,RUA SETUBAL,,,BOA VIAGEM,,,ABALROAMENTO TRANSVERSAL,SEM VITIMAS,2,,,,,,,,,0,,Cruzamento,Bom,Não existe,Perfeito estado,Seca,Perfeito estado,Faixa de retenção,Não há placas,40 km/h,Única,Faixa seccionada,,,,,,