data,hora,natureza_acidente,situacao,bairro,endereco,numero,detalhe_endereco_acidente,complemento,endereco_cruzamento,numero_cruzamento,referencia_cruzamento,bairro_cruzamento,num_semaforo,sentido_via,tipo,descricao,auto,moto,ciclom,ciclista,pedestre,onibus,caminhao,viatura,outros,vitimas,vitimasfatais,acidente_verificado,tempo_clima,situacao_semaforo,sinalizacao,condicao_via,conservacao_via,ponto_controle,situacao_placa,velocidade_max_via,mao_direcao,divisao_via1,divisao_via2,divisao_via3,,,,
2018-11-22,11:15:00,SEM VÍTIMA,FINALIZADA,BONGI,AV ENGENHEIRO ABDIAS DE CARVALHO,1909,,,AV ENGENHEIRO ABDIAS DE CARVALHO,1909,,BONGI,,CIDADE,COLISÃO TRASEIRA,SEM VITIMAS,3,,,,,,,,,0,,Longo da via,Bom,Não existe,Perfeito estado,Seca,Perfeito estado,Não existe,R-6a,60 km/h,Única,Faixa seccionada,,,,,,
2018-11-22,11:16:00,SEM VÍTIMA,CANCELADA,CAMPO GRANDE,RUA SAO CAETANO,,,POR TRAS DO CLUBE DAS PÁS EM FRENTE AO HOTEL RESIDENCIA BENEVIDES,RUA SAO CAETANO,,POR TRAS DO CLUBE DAS PÁS EM FRENTE AO HOTEL RESIDENCIA BENEVIDES,CAMPO GRANDE,,,COLISÃO,COLISÃO SEM VITIMAS,2,,,,,,,,,0,,,,,,,,,,,,,,,,,,
2018-11-22,11:22:00,SEM VÍTIMA,DUPLICIDADE,BOA VIAGEM,RUA SETUBAL,482,,EM FRENTE A CLINICA PET DREAM,RUA SETUBAL,482,EM FRENTE A CLINICA PET DREAM,BOA VIAGEM,,,COLISÃO,COLISÃO SEM VITIMAS,2,,,,,,,,,0,,,,,,,,,,,,,,,,,,
2018-11-22,12:02:00,COM VÍTIMA,FINALIZADA,CORDEIRO,RUA ODETE MONTEIRO,,AV PROFESSOR ESTEVAO FRANCISCO DA COSTA,EM FRENTE AO MARTELINHO DE OURO,RUA ODETE MONTEIRO,,EM FRENTE AO MARTELINHO DE OURO,CORDEIRO,589,SUBURBIO,ABALROAMENTO TRANSVERSAL,COLISÃO COM VITIMA A ESPERA DO SAMU,1,1,,,,,,,,1,,Cruzamento,Bom,Sem defeito,Perfeito estado,Seca,Perfeito estado,Faixa de pedestre,Outras,,Dupla,Faixa,,,,,,
2018-11-22,12:04:00,SEM VÍTIMA,FINALIZADA,ILHA DO LEITE,RUA GENERAL JOAQUIM INACIO,,,E/F A FARMACIA INDEPENDENTE,RUA GENERAL JOAQUIM INACIO,,E/F A FARMACIA INDEPENDENTE,ILHA DO LEITE,,SUBURBIO,COLISÃO TRASEIRA,COLISAO ENTRE DOS AUTOS S/V,2,,,,,,,,,0,,Longo da via,Bom,Não existe,Perfeito estado,Seca,Perfeito estado,Não existe,Não há placas,40 km/h,Única,Faixa seccionada,,,,,,
2018-11-22,12:16:00,SEM VÍTIMA,FINALIZADA,IMBIRIBEIRA,AV MARECHAL MASCARENHAS DE MORAES,2092,,E/F A LOJA DUNLOP S/T AEROPORTO,AV MARECHAL MASCARENHAS DE MORAES,2092,E/F A LOJA DUNLOP S/T AEROPORTO,IMBIRIBEIRA,,SUBURBIO,ABALROAMENTO LONGITUDINAL,COLISAO ENTRE AUTO E MOTO S/V,1,1,,,,,,,,0,,Longo da via,Bom,Não existe,Ilegível,Seca,Mal conservada,Não existe,Não há placas,,Dupla,Faixa seccionada,,,,,,
2018-11-22,12:38:00,COM VÍTIMA,FINALIZADA,IBURA,RUA VALE DO ITAJAI,,,E/F COLEGIO MOVIMENTO CRIATIVO,RUA VALE DO ITAJAI,,E/F COLEGIO MOVIMENTO CRIATIVO,IBURA,,,COLISÃO,COLISÃO ENTRE AUTO E MOTO,,1,,,,,1,,,1,,,,,,,,,,,,,,,,,,
2018-11-22,13:00:00,SEM VÍTIMA,FINALIZADA,ENGENHO DO MEIO,AV ENGENHEIRO ABDIAS DE CARVALHO,,,,AV ENGENHEIRO ABDIAS DE CARVALHO,,,ENGENHO DO MEIO,375,SUBURBIO,ABALROAMENTO LONGITUDINAL,COLISAO ENTRE AUTO E MOTO S/V,1,1,,,,,,,,0,,Longo da via,Bom,Sem defeito,Perfeito estado,Seca,Perfeito estado,Faixa de pedestre,Outras,,Dupla,Faixa seccionada,,,,,,
2018-11-22,13:00:00,SEM VÍTIMA,FINALIZADA,BOA VISTA,AV GOVERNADOR AGAMENON MAGALHAES,,,POR TRAS DO BRADESCO,AV GOVERNADOR AGAMENON MAGALHAES,,POR TRAS DO BRADESCO,BOA VISTA,,,ABALROAMENTO LONGITUDINAL,COLISÃO SEM VITIMAS,2,,,,,,,,,0,,Longo da via,Bom,,,Seca,Perfeito estado,,,,,,,,,,,
2018-11-22,13:15:00,SEM VÍTIMA,FINALIZADA,BAIRRO DO RECIFE,CAIS DO APOLO,439,,AO LADO DO TRT, E PROX. A PREFEITURA,CAIS DO APOLO,439,AO LADO DO TRT, E PROX. A PREFEITURA,BAIRRO DO RECIFE,,CIDADE,ABALROAMENTO LONGITUDINAL,DOIS AUTOS S/V,2,,,,,,,,,0,,Longo da via,Bom,Não existe,Perfeito estado,Seca,Perfeito estado,Não existe,"Placas ""Pare""",,Única,Canteiro central,,,,
2018-11-22,13:52:00,SEM VÍTIMA,FINALIZADA,BOA VIAGEM,RUA ANTONIO FALCAO,,RUA DOS NAVEGANTES,,RUA ANTONIO FALCAO,,,BOA VIAGEM,,SUBURBIO,ABALROAMENTO TRANSVERSAL,DOIS AUTOS S/V,2,,,,,,,,,0,,Cruzamento,Bom,Não existe,Perfeito estado,Seca,Perfeito estado,Não existe,"Placas ""Pare""",,Única,Não existe,,,,,,
2018-11-22,14:23:00,SEM VÍTIMA,FINALIZADA,IMBIRIBEIRA,AV MARECHAL MASCARENHAS DE MORAES,,,EM FRENTE A FERREIRA COSTA,AV MARECHAL MASCARENHAS DE MORAES,,EM FRENTE A FERREIRA COSTA,IMBIRIBEIRA,,CIDADE,ABALROAMENTO LONGITUDINAL,COLISÃO SEM VITIMAS,2,,,,,,,,,0,,Longo da via,Bom,Não existe,Perfeito estado,Seca,Perfeito estado,Não existe,Outras,60 km/h,Dupla,Canteiro central,,,,,,
2018-11-22,14:55:00,SEM VÍTIMA,FINALIZADA,IPUTINGA,RUA AMBROSIO MACHADO,420,,,RUA AMBROSIO MACHADO,420,,IPUTINGA,,CIDADE,ABALROAMENTO LONGITUDINAL,COLISÃO SEM VITIMAS,2,,,,,,,,,0,,Longo da via,Bom,Sem defeito,Perfeito estado,Seca,Perfeito estado,Não existe,Não há placas,,Dupla,,,,,,,
2018-11-20,09:40:00,COM VÍTIMA,FINALIZADA,IMBIRIBEIRA,AV MARECHAL MASCARENHAS DE MORAES,,,SOB O VIADUTO TANCREDO NEVES.,AV MARECHAL MASCARENHAS DE MORAES,,SOB O VIADUTO TANCREDO NEVES.,IMBIRIBEIRA,,CIDADE,ATROPELAMENTO,ATROPELAMENTO ENTRE MOTO E PEDESTRE COM 2 VÍTIMAS. VÍTIMA DA MOTOCICLETA OPTOU NÃO SER SOCORRIDO E O PEDESTRE SEGUIU PARA A UPA DA IMBIRIBEIRA POR MEIOS PRÓPRIOS.,,1,,,1,,,,,2,,Longo da via,Bom,Não existe,Perfeito estado,Seca,Perfeito estado,,Não há placas,60 km/h,Única,Canteiro central,,,,,,
2018-11-22,15:48:00,COM VÍTIMA,FINALIZADA,SANTO AMARO,AV GOVERNADOR AGAMENON MAGALHAES,,,LOGO APOS O MINISTERIO DO TRABALHO SENTIDO BOA VIAGEM,AV GOVERNADOR AGAMENON MAGALHAES,,LOGO APOS O MINISTERIO DO TRABALHO SENTIDO BOA VIAGEM,SANTO AMARO,,CIDADE,ABALROAMENTO LONGITUDINAL,COLISAO ENTRE AUTO E MOTO COM VITIMA,1,1,,,,,,,,1,,Longo da via,Bom,Sem defeito,Perfeito estado,Seca,Perfeito estado,Faixa de pedestre,"Placas ""Dê a preferência""",60 km/h,Dupla,Canteiro central,,,,,,
2018-11-22,15:58:00,SEM VÍTIMA,FINALIZADA,TORRE,RUA REAL DA TORRE,868,,APOS O CARREFOUR E/F A CLINICA VETERINARIA,RUA REAL DA TORRE,868,APOS O CARREFOUR E/F A CLINICA VETERINARIA,TORRE,,CIDADE,ABALROAMENTO LONGITUDINAL,COLISAO ENTRE CAMINHAO E AUTO S/V,1,,,,,,1,,,0,,Longo da via,Bom,Não existe,Perfeito estado,Seca,,Não existe,Outras,,Única,Faixa seccionada,,,,,,
2018-11-22,16:15:00,SEM VÍTIMA,FINALIZADA,TORRE,RUA MARQUES DE MARICA,,,PROX. A IGREJA DA TORRE, EM FRENTE A PRAÇA,RUA MARQUES DE MARICA,,PROX. A IGREJA DA TORRE, EM FRENTE A PRAÇA,TORRE,,SUBURBIO,ABALROAMENTO TRANSVERSAL,AUTO E MOTO S/V,1,1,,,,,,,,0,,Longo da via,Bom,Não existe,Perfeito estado,Seca,Perfeito estado,Não existe,R-6a,,Dupla,Faixa contínua,,,,
2018-11-22,17:33:00,SEM VÍTIMA,FINALIZADA,CAÇOTE,AV RECIFE,3777,,EM FRENTE AO WALMART, SENTIDO BOA VIAGEM,AV RECIFE,3777,EM FRENTE AO WALMART, SENTIDO BOA VIAGEM,CAÇOTE,,CIDADE,ABALROAMENTO LONGITUDINAL,AUTO E CAMINHAO S/V,1,,,,,,1,,,0,,Longo da via,Bom,Não existe,Perfeito estado,Seca,Perfeito estado,Não existe,Não há placas,,Dupla,Faixa contínua,,,,
2018-11-22,17:51:00,SEM VÍTIMA,FINALIZADA,DERBY,RUA DR SEVERINO PINHEIRO,,,FRENTE AO EDF TRÊS MARIAS,RUA DR SEVERINO PINHEIRO,,FRENTE AO EDF TRÊS MARIAS,DERBY,,SUBURBIO,COLISÃO TRASEIRA,COLISÃO SEM VITIMAS,2,,,,,,,,,0,,Longo da via,Bom,Não existe,Perfeito estado,Seca,Perfeito estado,Faixa de pedestre,Outras,,Dupla,Faixa contínua,,,,,,
2018-11-22,18:27:00,SEM VÍTIMA,FINALIZADA,BOA VISTA,AV GOVERNADOR AGAMENON MAGALHAES,,RUA DOM BOSCO,COLÉGIO AMERICANO BATISTA,AV GOVERNADOR AGAMENON MAGALHAES,,COLÉGIO AMERICANO BATISTA,BOA VISTA,174,,ABALROAMENTO LONGITUDINAL,ENTRE AUTO E ÕNIBUS. S/V,1,,,,,1,,,,0,,Cruzamento,Bom,Sem defeito,Perfeito estado,Seca,Perfeito estado,Agente,,60 km/h,Dupla,Canteiro central,,,,,,
2018-11-22,18:43:00,SEM VÍTIMA,FINALIZADA,IPSEP,RUA JAMAICA,,RUA ITAJAI,PROX A IGREJA PRESBITERIANA MEMORIAL,RUA JAMAICA,,PROX A IGREJA PRESBITERIANA MEMORIAL,IPSEP,,CIDADE,ABALROAMENTO TRANSVERSAL,PALIO X FORD K,2,,,,,,,,,0,,Cruzamento,Bom,Não existe,Incompleta,Seca,Perfeito estado,Faixa de pedestre,Não há placas,,Dupla,Não existe,,,,,,
2018-11-22,20:02:00,COM VÍTIMA,FINALIZADA,AREIAS,RUA DR VILAS BOAS,530,,E/F AO EDF ECO VILE / PRÓX AO ANTIGO CARTÓRIO ELEITORAL DE AREIAS,RUA DR VILAS BOAS,530,E/F AO EDF ECO VILE / PRÓX AO ANTIGO CARTÓRIO ELEITORAL DE AREIAS,AREIAS,,CIDADE,ABALROAMENTO TRANSVERSAL,ENTRE AUTO E MOTO. C/V,1,1,,,,,,,,1,,Longo da via,Bom,Não existe,Ilegível,Seca,Perfeito estado,Não existe,"Placas ""Dê a preferência""",,Dupla,Não existe,,,,,,
2018-11-22,20:57:00,SEM VÍTIMA,FINALIZADA,SANTO ANTÔNIO,PTE BUARQUE DE MACEDO,,,POR CIMA DA PTE / PRÓX AO PALÁCIO DAS PRINCESAS,PTE BUARQUE DE MACEDO,,POR CIMA DA PTE / PRÓX AO PALÁCIO DAS PRINCESAS,SANTO ANTÔNIO,,CIDADE,ABALROAMENTO LONGITUDINAL,ENTRE ÕNIBUS E CAMINHÃO. S/V,,,,,,1,1,,,0,,Ponte,Bom,Sem defeito,Perfeito estado,Seca,Perfeito estado,Faixa de retenção,Não há placas,,Única,Faixa seccionada,,,,,,
2018-11-22,21:31:00,SEM VÍTIMA,FINALIZADA,ILHA DO RETIRO,RUA SPORT CLUBE DO RECIFE,,,EM FRENTE A JURANDIR,RUA SPORT CLUBE DO RECIFE,,EM FRENTE A JURANDIR,ILHA DO RETIRO,,SUBURBIO,ABALROAMENTO LONGITUDINAL,ENTRE 2 AUTOS. S/V,2,,,,,,,,,0,,Longo da via,Bom,Sem defeito,Perfeito estado,Seca,Perfeito estado,,,,,,,,,,,
2018-11-22,22:22:00,SEM VÍTIMA,FINALIZADA,BOA VISTA,AV GOVERNADOR AGAMENON MAGALHAES,,RUA HENRIQUE DIAS,E/F AO RESTAURANTE SPETTUS,AV GOVERNADOR AGAMENON MAGALHAES,,E/F AO RESTAURANTE SPETTUS,BOA VISTA,,,COLISÃO TRASEIRA,ENTRE AUTO E MOTO. C/V,1,2,,,,,,,,0,,Cruzamento,Bom,Sem defeito,Ilegível,Seca,Mal iluminada,Faixa de pedestre,Não há placas,60 km/h,Dupla,Canteiro central,,,,,,
2018-11-23,04:16:00,SEM VÍTIMA,FINALIZADA,BOA VIAGEM,RUA DEZ DE JULHO,231,RUA WALDEMAR NERY CARNEIRO MONTEIRO,,RUA DEZ DE JULHO,231,,BOA VIAGEM,573,SUBURBIO,ABALROAMENTO TRANSVERSAL,ENTRE 2 AUTOS. S/V,2,,,,,,,,,0,,Cruzamento,Bom,Sem defeito,Perfeito estado,Seca,Perfeito estado,Faixa de pedestre,,40 km/h,Dupla,Não existe,,,,,,
2018-11-23,06:51:00,SEM VÍTIMA,FINALIZADA,ESPINHEIRO,RUA CONS PORTELA,564,,EM FRENTE A PROCURADORIA REGIONAL DO TRABALHO DA 6º REGIÃO,RUA CONS PORTELA,564,EM FRENTE A PROCURADORIA REGIONAL DO TRABALHO DA 6º REGIÃO,ESPINHEIRO,,SUBURBIO,COLISÃO TRASEIRA,DOIS AUTOS S/V,2,,,,,,,,,0,,Longo da via,Bom,Não existe,Perfeito estado,Seca,Perfeito estado,Não existe,Outras,,Única,Faixa seccionada,,,,,,
2018-11-23,07:22:00,SEM VÍTIMA,FINALIZADA,JOANA BEZERRA,AV GOVERNADOR AGAMENON MAGALHAES,,,VIADUTO JOÃO PAULO II,AV GOVERNADOR AGAMENON MAGALHAES,,VIADUTO JOÃO PAULO II,JOANA BEZERRA,,,COLISÃO TRASEIRA,ENTRE AUTO PASSEIO E ONIBUS,1,,,,,1,,,,0,,Longo da via,Bom,Não existe,Perfeito estado,Seca,Perfeito estado,Não existe,Não há placas,,Dupla,Faixa seccionada,,,,,,
2018-11-23,07:24:00,SEM VÍTIMA,FINALIZADA,ESPINHEIRO,RUA CONS PORTELA,504,RUA QUARENTA E OITO,ESQUINA DO EDF REGINA HELENA,RUA CONS PORTELA,504,ESQUINA DO EDF REGINA HELENA,ESPINHEIRO,11,CIDADE,ABALROAMENTO LONGITUDINAL,COLISÃO SEM VITIMAS,1,,,,,1,,,,0,,Cruzamento,Bom,Sem defeito,Perfeito estado,Seca,Perfeito estado,Faixa de pedestre,R-6a,30 km/h,Única,Faixa seccionada,,,,,,
2018-11-23,07:24:00,SEM VÍTIMA,DUPLICIDADE,ESPINHEIRO,RUA CONS PORTELA,,RUA QUARENTA E OITO,E/F A PROCURADORIA REGIONAL DO TRABALHO DA VI REGIÃO,RUA CONS PORTELA,,E/F A PROCURADORIA REGIONAL DO TRABALHO DA VI REGIÃO,ESPINHEIRO,11,,COLISÃO,SEM VÍTIMAS,2,,,,,,,,,0,,,,,,,,,,,,,,,,,,
2018-11-23,08:12:00,SEM VÍTIMA,CANCELADA,BOA VIAGEM,RUA VISCONDE DE JEQUITINHONHA,2998,,EM FRENTE AO RESTAURANTE VILLA BOTIQUIM,RUA VISCONDE DE JEQUITINHONHA,2998,EM FRENTE AO RESTAURANTE VILLA BOTIQUIM,BOA VIAGEM,,,COLISÃO,ONIBUS E AUTO,1,,,,,1,,,,0,,,,,,,,,,,,,,,,,,
2018-11-23,09:08:00,SEM VÍTIMA,FINALIZADA,PINA,AV ANTONIO DE GOES,742,RUA MANOEL DE BRITO,EM FRENTE AO EMPRESARIAL JOPIN,AV ANTONIO DE GOES,742,EM FRENTE AO EMPRESARIAL JOPIN,PINA,103,CIDADE,ABALROAMENTO LONGITUDINAL,COLISÃO SEM VITIMAS,1,1,,,,,,,,0,,Cruzamento,Bom,Sem defeito,Perfeito estado,Seca,Perfeito estado,Agente,,60 km/h,Única,Canteiro central,,,,,,
2018-11-23,09:09:00,SEM VÍTIMA,FINALIZADA,VASCO DA GAMA,AV NORTE,6064,,EM FRENTE AO DESCONTAO / SENT MACAXEIRA,AV NORTE,6064,EM FRENTE AO DESCONTAO / SENT MACAXEIRA,VASCO DA GAMA,,SUBURBIO,ABALROAMENTO LONGITUDINAL,ONIBUS AUTO PASSEIO VAN ESCOLAR,2,,,,,1,,,,0,,Longo da via,Bom,Não existe,Perfeito estado,Seca,Perfeito estado,Não existe,R-6a,60 km/h,Única,Faixa seccionada,,,,,,
2018-11-23,09:09:00,SEM VÍTIMA,FINALIZADA,PRADO,AV ENGENHEIRO ABDIAS DE CARVALHO,1520,,EM FRNETE AO TROCÃO,AV ENGENHEIRO ABDIAS DE CARVALHO,1520,EM FRNETE AO TROCÃO,PRADO,,CIDADE,COLISÃO TRASEIRA,SEM VÍTIMAS,1,,,,,1,,,,0,,Longo da via,Bom,Não existe,,Seca,Perfeito estado,Não existe,Não há placas,,Dupla,Canteiro central,,,,,,
2018-11-23,09:27:00,SEM VÍTIMA,FINALIZADA,PINA,RUA TOME GIBSON,,RUA AMAZONAS,PRÓXIMO AO Nº 196,RUA TOME GIBSON,,PRÓXIMO AO Nº 196,PINA,,SUBURBIO,ABALROAMENTO TRANSVERSAL,SEM VITIMAS,2,,,,,,,,,0,,Cruzamento,Bom,Não existe,Incompleta,Seca,Perfeito estado,Não existe,"Placas ""Pare""",40 km/h,Única,Não existe,,,,,,
2018-11-23,09:33:00,SEM VÍTIMA,FINALIZADA,BOA VIAGEM,RUA BALTAZAR PASSOS,520,RUA JOSE HIPOLITO CARDOSO,,RUA BALTAZAR PASSOS,520,,BOA VIAGEM,,CIDADE,ABALROAMENTO TRANSVERSAL,DOIS AUTOS,2,,,,,,,,,0,,Cruzamento,Bom,Não existe,Perfeito estado,Seca,Perfeito estado,Faixa de retenção,,,Única,Faixa seccionada,,,,,,
2018-11-23,09:49:00,SEM VÍTIMA,FINALIZADA,CORDEIRO,AV GENERAL SAN MARTIN,801,RUA PEREIRA DE MORAES,PRÓXIMO A NOVA IGREJA BATISTA DO CORDEIRO,AV GENERAL SAN MARTIN,801,PRÓXIMO A NOVA IGREJA BATISTA DO CORDEIRO,CORDEIRO,,SUBURBIO,ABALROAMENTO TRANSVERSAL,MOTO E AUTO,1,1,,,,,,,,0,,Longo da via,Bom,Não existe,Perfeito estado,Seca,Perfeito estado,Não existe,Não há placas,,Única,Faixa contínua,,,,,,
2018-11-23,10:05:00,SEM VÍTIMA,FINALIZADA,BEBERIBE,AV BEBERIBE,2360,,,AV BEBERIBE,2360,,BEBERIBE,,SUBURBIO,CHOQUE OBJETO FIXO,ONIBUS E AUTO,,1,,,,1,,,,0,,Longo da via,Bom,Não existe,Perfeito estado,Seca,Perfeito estado,Não existe,R-6a,50 km/h,Dupla,Faixa contínua,,,,,,
2018-11-23,10:06:00,SEM VÍTIMA,FINALIZADA,SANTO AMARO,AV PREFEITO ARTUR LIMA CAVALCANTI,,AV NORTE,SENT/OLINDA NA DESCIDA DA PONTE DO LIMOEIRO,AV PREFEITO ARTUR LIMA CAVALCANTI,,SENT/OLINDA NA DESCIDA DA PONTE DO LIMOEIRO,SANTO AMARO,,SUBURBIO,COLISÃO,SEM VITIMAS,2,1,,,,,,,,0,,,,,,,,,,,,,,,,,,
2018-11-23,10:37:00,SEM VÍTIMA,CANCELADA,CORDEIRO,RUA MAURICIO DE NASSAU,,,EM FRENTE AO GOE,RUA MAURICIO DE NASSAU,,EM FRENTE AO GOE,CORDEIRO,,,COLISÃO,SEM VITIMAS,1,,,,,1,,,,0,,,,,,,,,,,,,,,,,,
2018-11-23,10:48:00,COM VÍTIMA,FINALIZADA,SANTO AMARO,AV GOVERNADOR AGAMENON MAGALHAES,,,EM FRENTE AO MINISTERIO DO TRABALHO,AV GOVERNADOR AGAMENON MAGALHAES,,EM FRENTE AO MINISTERIO DO TRABALHO,SANTO AMARO,108,CIDADE,ABALROAMENTO LONGITUDINAL,COLISÃO COM VITIMAS SOCORRIDAS PELOS BOMBEIROS,1,1,,,,,,,,2,,Longo da via,Bom,Sem defeito,Perfeito estado,Seca,Perfeito estado,Faixa de pedestre,R-19,60 km/h,Dupla,Canal,,,,,,
2018-11-23,10:52:00,SEM VÍTIMA,FINALIZADA,MORRO DA CONCEIÇÃO,PRC DA CONCEICAO,538,,EM FRENTE AO CENTRO DE APOIO DIVINO AMOR,PRC DA CONCEICAO,538,EM FRENTE AO CENTRO DE APOIO DIVINO AMOR,MORRO DA CONCEIÇÃO,,SUBURBIO,COLISÃO TRASEIRA,VIATURA E OPNIBUS,,,,,,1,,1,,0,,Longo da via,Bom,Não existe,Perfeito estado,Seca,Perfeito estado,,R-6a,30 km/h,Única,,,,,,,
2018-11-23,10:54:00,SEM VÍTIMA,FINALIZADA,IMBIRIBEIRA,AV MARECHAL MASCARENHAS DE MORAES,,,LADO OPOSTO AO CERCAS E CA,AV MARECHAL MASCARENHAS DE MORAES,,LADO OPOSTO AO CERCAS E CA,IMBIRIBEIRA,,SUBU,ABALROAMENTO LONGITUDINAL,COLISÃO SEM VITIMAS,1,,,,,,1,,,0,,Longo da via,Bom,Não existe,Não existente,Seca,Mal conservada,,Não há placas,60 km/h,Dupla,Canteiro central,,,,,,
2018-11-23,11:07:00,SEM VÍTIMA,CANCELADA,SAN MARTIN,AV GENERAL SAN MARTIN,1449,AV ENGENHEIRO ABDIAS DE CARVALHO,SENTIDO SAN MARTIN,AV GENERAL SAN MARTIN,1449,SENTIDO SAN MARTIN,SAN MARTIN,,,COLISÃO,SEM VITIMAS,2,,,,,,,,,0,,,,,,,,,,,,,,,,,,
2018-11-23,11:41:00,SEM VÍTIMA,FINALIZADA,CORDEIRO,RUA TIJUCAS,166,,,RUA TIJUCAS,166,,CORDEIRO,,CIDADE,COLISÃO TRASEIRA,SEM VITIMAS,1,1,,,,,,,,0,,Longo da via,Bom,Não existe,Perfeito estado,Seca,Perfeito estado,Não existe,Não há placas,,Dupla,Faixa seccionada,,,,,,
2018-11-23,11:46:00,SEM VÍTIMA,FINALIZADA,ESPINHEIRO,RUA SAO SALVADOR,3188,,EM FRENTE A EMERGENCIA PEDIATRICA DA UNIMED,RUA SAO SALVADOR,3188,EM FRENTE A EMERGENCIA PEDIATRICA DA UNIMED,ESPINHEIRO,,CIDADE,CHOQUE VEÍCULO PARADO,COLISÃO SEM VITIMAS,,,,,,1,,1,,0,,Longo da via,Bom,Não existe,Perfeito estado,Seca,Perfeito estado,Não existe,Não há placas,,Única,Não existe,,,,,,
2018-11-23,12:27:00,SEM VÍTIMA,CANCELADA,BARRO,AV DR JOSE RUFINO,,,E/F A ESCOLA PAAULO GUERRA,AV DR JOSE RUFINO,,E/F A ESCOLA PAAULO GUERRA,BARRO,156,,COLISÃO,COLISAO ENTRE TRES AUTO S/V,3,,,,,,,,,0,,,,,,,,,,,,,,,,,,
2018-11-23,12:30:00,SEM VÍTIMA,CANCELADA,MADALENA,AV CAXANGA,481,,LADO OPOSTO DA SAIDA DA JOSE OSORIO,AV CAXANGA,481,LADO OPOSTO DA SAIDA DA JOSE OSORIO,MADALENA,,CIDADE,COLISÃO,DOIS AUTOS S/V,2,,,,,,,,,0,,,,,,,,,,,,,,,,,,
2018-11-23,12:35:00,SEM VÍTIMA,FINALIZADA,CAMPO GRANDE,RUA DONA ELVIRA,191,RUA FREDERICO,,RUA DONA ELVIRA,191,,CAMPO GRANDE,,CIDADE,ABALROAMENTO TRANSVERSAL,COLISO ENTRE DOIS AUTOS S/V,2,,,,,,,,,0,,Cruzamento,Bom,Não existe,Perfeito estado,Seca,Perfeito estado,Não existe,"Placas ""Pare""",,Dupla,Faixa seccionada,,,,,,
2018-11-23,12:38:00,SEM VÍTIMA,FINALIZADA,BAIRRO DO RECIFE,AV ALFREDO LISBOA,18,,CAIXA CULTURAL,AV ALFREDO LISBOA,18,CAIXA CULTURAL,BAIRRO DO RECIFE,,SUBURBIO,COLISÃO TRASEIRA,AUTO E MOTO S/V,1,1,,,,,,,,0,,Longo da via,Bom,Não existe,Perfeito estado,Seca,Perfeito estado,Não existe,Outras,30 km/h,Única,Não existe,,,,,,
2018-11-23,12:43:00,COM VÍTIMA,FINALIZADA,MADALENA,AV BEIRA RIO,1219,RUA CLOVIS BEVILAQUA,ANTES DA PONTE E/F A PRAÇA DOMINGOS GIOVANETTI E AS BICICLETAS DO ITAU,AV BEIRA RIO,1219,ANTES DA PONTE E/F A PRAÇA DOMINGOS GIOVANETTI E AS BICICLETAS DO ITAU,MADALENA,,CIDADE,ABALROAMENTO LONGITUDINAL,COLISAO ENTRE AUTO E MOTO COM UMA VITIMA,1,1,,,,,,,,1,,Longo da via,Bom,Não existe,Perfeito estado,Seca,Perfeito estado,Outros,Outras,,Dupla,Faixa,,,,,,