data,hora,natureza_acidente,situacao,bairro,endereco,numero,detalhe_endereco_acidente,complemento,endereco_cruzamento,numero_cruzamento,referencia_cruzamento,bairro_cruzamento,num_semaforo,sentido_via,tipo,descricao,auto,moto,ciclom,ciclista,pedestre,onibus,caminhao,viatura,outros,vitimas,vitimasfatais,acidente_verificado,tempo_clima,situacao_semaforo,sinalizacao,condicao_via,conservacao_via,ponto_controle,situacao_placa,velocidade_max_via,mao_direcao,divisao_via1,divisao_via2,divisao_via3,,,,
2018-11-23,12:57:00,SEM VÍTIMA,FINALIZADA,SANTO AMARO,AV CRUZ CABUGA,,,EM FRENTE A O SHOPPING TACARUNA,AV CRUZ CABUGA,,EM FRENTE A O SHOPPING TACARUNA,SANTO AMARO,468,CIDADE,COLISÃO TRASEIRA,SEM VITIMAS,3,,,,,,,,,0,,Longo da via,Bom,Sem defeito,Não existente,Seca,Mal conservada,Não existe,Não há placas,,Única,Não existe,,,,,,
2018-11-23,13:13:00,SEM VÍTIMA,FINALIZADA,VÁRZEA,AV AFONSO OLINDENSE,1716,,EM FRENTE A SECRETARIA DE EDUCAÇAO,AV AFONSO OLINDENSE,1716,EM FRENTE A SECRETARIA DE EDUCAÇAO,VÁRZEA,,SUBURBIO,COLISÃO TRASEIRA,DOIS AUTOS,2,,,,,,,,,0,,Longo da via,Bom,Não existe,Incompleta,Seca,Mal conservada,Outros,Outras,60 km/h,Dupla,Faixa contínua,,,,,,
2018-11-23,13:15:00,SEM VÍTIMA,CANCELADA,CASA FORTE,AV DEZESSETE DE AGOSTO,,,E/F A MC DONALD AO LADO DO POSTO PETROBRAS,AV DEZESSETE DE AGOSTO,,E/F A MC DONALD AO LADO DO POSTO PETROBRAS,CASA FORTE,,,COLISÃO,COLISAO ENTRE DOIS AUTOS S/V,2,,,,,,,,,0,,,,,,,,,,,,,,,,,,
2018-11-23,13:17:00,SEM VÍTIMA,FINALIZADA,BONGI,RUA SANTA EDWIRGES,187,RUA PADRE TEOFILO TWORZ,POR TRÁS DA ENGEFRIO E AO LADO DA REGULEX,RUA SANTA EDWIRGES,187,POR TRÁS DA ENGEFRIO E AO LADO DA REGULEX,BONGI,,,COLISÃO,SEM VITIMAS,2,,,,,,,,,0,,,,,,,,,,,,,,,,,,
2018-11-23,13:43:00,SEM VÍTIMA,FINALIZADA,ILHA DO RETIRO,RUA SPORT CLUBE DO RECIFE,,,EM FRENTE AO SPORT,RUA SPORT CLUBE DO RECIFE,,EM FRENTE AO SPORT,ILHA DO RETIRO,,,ABALROAMENTO TRANSVERSAL,SEM VITMAS,1,,,,,,1,,,0,,Longo da via,Bom,Não existe,Não existente,Seca,Perfeito estado,Não existe,Não há placas,,Dupla,Canteiro central,,,,,,
2018-11-23,13:46:00,SEM VÍTIMA,FINALIZADA,ESPINHEIRO,RUA DA HORA,199,,CASA DO PARÁ,RUA DA HORA,199,CASA DO PARÁ,ESPINHEIRO,134,SUBURBIO,ABALROAMENTO LONGITUDINAL,AUTO E ONIBUS ,1,,,,,1,,,,0,,Longo da via,Bom,Sem defeito,Perfeito estado,Seca,Perfeito estado,Não existe,Outras,,Única,Faixa seccionada,,,,,,
2018-11-23,13:59:00,SEM VÍTIMA,CANCELADA,IMBIRIBEIRA,AV MARECHAL MASCARENHAS DE MORAES,2183,,EM FRENTE AO BANCO DO BRASIL S/T CID,AV MARECHAL MASCARENHAS DE MORAES,2183,EM FRENTE AO BANCO DO BRASIL S/T CID,IMBIRIBEIRA,,CIDADE,COLISÃO,SEM VITIMAS VEÍCULO ,CBTU,1,,,,,,1,,,0,,,,,,,,,,,,,,,,,
2018-11-23,14:13:00,SEM VÍTIMA,FINALIZADA,VÁRZEA,AV CAXANGA,5671,RUA RODRIGUES FERREIRA,EM FRENTE AO EDF PARQUE RESIDENCIAL CAXANGÁ,AV CAXANGA,5671,EM FRENTE AO EDF PARQUE RESIDENCIAL CAXANGÁ,VÁRZEA,232,CI,ABALROAMENTO LONGITUDINAL,AUTO E CAMINHAO S/V,1,,,,,,1,,,0,,Longo da via,Bom,Sem defeito,Perfeito estado,Seca,Perfeito estado,Outros,Não há placas,60 km/h,Dupla,Canteiro central,,,,,,
2018-11-23,14:16:00,SEM VÍTIMA,FINALIZADA,JARDIM SÃO PAULO,RUA DR METODIO MARANHAO,325,RUA ARLINDO SA,,RUA DR METODIO MARANHAO,325,,JARDIM SÃO PAULO,,CIDADE,ABALROAMENTO TRANSVERSAL,SEM VITIMAS.,2,,,,,,,,,0,,Cruzamento,Bom,Não existe,Não existente,Seca,Perfeito estado,Não existe,Outras,,Dupla,Não existe,,,,,,
2018-11-23,15:34:00,SEM VÍTIMA,FINALIZADA,ESPINHEIRO,RUA DA HORA,,RUA NICARAGUA,E/F RESTAURANTE GUSTTOS,RUA DA HORA,,E/F RESTAURANTE GUSTTOS,ESPINHEIRO,,SUBURBIO,ABALROAMENTO LONGITUDINAL,COLISA ENTRE ONIBUS E AUTO S/V,1,,,,,1,,,,0,,Cruzamento,Bom,Não existe,Perfeito estado,Seca,Perfeito estado,Não existe,Não há placas,,Única,Faixa seccionada,,,,,,
2018-11-23,15:56:00,SEM VÍTIMA,FINALIZADA,CASA FORTE,AV DEZESSETE DE AGOSTO,1161,RUA DO CHACON,E/F DELTA CAFE,AV DEZESSETE DE AGOSTO,1161,E/F DELTA CAFE,CASA FORTE,,,ABALROAMENTO LONGITUDINAL,COLISAO ENTRE DOIS AUTOS S/V,2,,,,,,,,,0,,Longo da via,Bom,Não existe,Não existente,Seca,Perfeito estado,Não existe,,20 km/h,Única,Não existe,,,,,,
2018-11-23,16:28:00,SEM VÍTIMA,FINALIZADA,GRAÇAS,RUA DAS PERNAMBUCANAS,,,EM FRENTE A PADARIA PAO E VINHO, PROX. AO JAIME DA FONTE,RUA DAS PERNAMBUCANAS,,EM FRENTE A PADARIA PAO E VINHO, PROX. AO JAIME DA FONTE,GRAÇAS,,,COLISÃO,DOIS AUTOS S/V,2,,,,,,,,,0,,,,,,,,,,,,,,,,
2018-11-23,16:45:00,SEM VÍTIMA,FINALIZADA,DOIS IRMÃOS,RUA MANUEL DE MEDEIROS,,,E/F A BIBLIOTECA CENTRAL DA URPE,RUA MANUEL DE MEDEIROS,,E/F A BIBLIOTECA CENTRAL DA URPE,DOIS IRMÃOS,,,ABALROAMENTO TRANSVERSAL,COLISAO ENTRE MOTO E AUTO S/V,1,1,,,,,,,,0,,Longo da via,Bom,Não existe,Não existente,Seca,Perfeito estado,Não existe,Não há placas,,Dupla,Não existe,,,,,,
2018-11-23,16:49:00,SEM VÍTIMA,FINALIZADA,BOA VIAGEM,RUA BARAO DE SOUZA LEAO,698,,COLÉGIO SANTOS DUMONT,RUA BARAO DE SOUZA LEAO,698,COLÉGIO SANTOS DUMONT,BOA VIAGEM,159,,ABALROAMENTO LONGITUDINAL,SEM VITIMAS,1,,,,,1,,,,0,,Longo da via,Bom,Sem defeito,Perfeito estado,Seca,Perfeito estado,Faixa de pedestre,Outras,60 km/h,Única,Faixa seccionada,,,,,,
2018-11-23,16:55:00,SEM VÍTIMA,FINALIZADA,CABANGA,RUA GENERAL ESTILAC LEAL,31,,EM FRENTE AO DEPOSITO DE SUPRIMENTO DO EXERCITO,RUA GENERAL ESTILAC LEAL,31,EM FRENTE AO DEPOSITO DE SUPRIMENTO DO EXERCITO,CABANGA,,SUBURBIO,COLISÃO TRASEIRA,SEM VITIMAS,2,,,,,,,,,0,,Longo da via,Bom,Não existe,Não existente,Seca,Perfeito estado,Não existe,Não há placas,40 km/h,Dupla,Não existe,,,,,,
2018-11-23,16:56:00,SEM VÍTIMA,FINALIZADA,ESTÂNCIA,AV RECIFE,,,APÓS O MAKRO SENTIDO BR,AV RECIFE,,APÓS O MAKRO SENTIDO BR,ESTÂNCIA,,SUBURBIO,COLISÃO TRASEIRA,COLISAO ENTRE TRES AUTOS S/V,3,,,,,,,,,0,,Longo da via,Bom,Não existe,Perfeito estado,Seca,Perfeito estado,Não existe,Não há placas,,Única,Canteiro central,,,,,,
2018-11-23,17:15:00,COM VÍTIMA,FINALIZADA,MADALENA,RUA JOSE OSORIO,,AV VISCONDE DE ALBUQUERQUE,,RUA JOSE OSORIO,,,MADALENA,50,SUBURBIO,ABALROAMENTO LONGITUDINAL,AUTO E MOTO C/V,1,1,,,,,,,,1,,Cruzamento,Bom,Sem defeito,Perfeito estado,Seca,Perfeito estado,Faixa de retenção,R-6a,50 km/h,Única,Faixa,,,,,,
2018-11-23,17:24:00,SEM VÍTIMA,FINALIZADA,AFOGADOS,RUA COSME VIANA,,,,RUA COSME VIANA,,,AFOGADOS,430,CIDADE,ABALROAMENTO TRANSVERSAL,SEM VITIMAS,1,1,,,,,,,,0,,Longo da via,Bom,Sem defeito,Perfeito estado,Seca,Perfeito estado,Faixa de pedestre,Outras,60 km/h,Única,Faixa contínua,,,,,,
2018-11-23,17:25:00,SEM VÍTIMA,FINALIZADA,ILHA DO LEITE,RUA GENERAL JOAQUIM INACIO,,,E/F A FARMACIA INDEPENDENE AO LADO DO BANCO SAFRA,RUA GENERAL JOAQUIM INACIO,,E/F A FARMACIA INDEPENDENE AO LADO DO BANCO SAFRA,ILHA DO LEITE,,SUBURBIO,ABALROAMENTO LONGITUDINAL,,2,,,,,,,,,0,,Longo da via,Bom,Sem defeito,Perfeito estado,Seca,Perfeito estado,,R-6a,,Única,Faixa contínua,,,,,,
2018-11-23,17:29:00,SEM VÍTIMA,FINALIZADA,ENCRUZILHADA,RUA AMARO COUTINHO,474,,,RUA AMARO COUTINHO,474,,ENCRUZILHADA,,SUBURBIO,CHOQUE VEÍCULO PARADO,QUATRO VEICULOS,4,,,,,,,,,0,,Longo da via,Bom,Não existe,Perfeito estado,Seca,Perfeito estado,Não existe,Não há placas,,Dupla,Não existe,,,,,,
2018-11-23,17:43:00,SEM VÍTIMA,FINALIZADA,BARRO,AV DR JOSE RUFINO,2203,,,AV DR JOSE RUFINO,2203,,BARRO,,CIDADE,ABALROAMENTO TRANSVERSAL,AUTO E CAMINHAO,1,,,,,,1,,,0,,Longo da via,Bom,Não existe,Não existente,Seca,Perfeito estado,Não existe,Não há placas,,Dupla,Faixa contínua,,,,,,
2018-11-23,17:48:00,COM VÍTIMA,FINALIZADA,ILHA DO LEITE,AV GOVERNADOR AGAMENON MAGALHAES,4575,,E/F AO HOSPITAL PORTUGUES PISTA LOCAL S/T OLINDA, EMPRESARIAL NASSAU,AV GOVERNADOR AGAMENON MAGALHAES,4575,E/F AO HOSPITAL PORTUGUES PISTA LOCAL S/T OLINDA, EMPRESARIAL NASSAU,ILHA DO LEITE,,SUBURBIO,COLISÃO TRASEIRA,COLISAO ENTRE DUAS MOTOS E DOIS AUTOS E UM CAMINHAO GM NO LOCAL,3,2,,,,,1,,,2,,Longo da via,Bom,Sem defeito,Perfeito estado,Seca,Perfeito estado,Outros,Outras,60 km/h,Dupla,Faixa,,,,
2018-11-23,18:20:00,COM VÍTIMA,FINALIZADA,TEJIPIÓ,AV LIBERDADE,743,,ENF A IGREJA BIBLICA LIBERDADE,AV LIBERDADE,743,ENF A IGREJA BIBLICA LIBERDADE,TEJIPIÓ,,SUBURBIO,ABALROAMENTO TRANSVERSAL,AUTO E MOTO,1,1,,,,,,,,1,,Longo da via,Bom,Não existe,Perfeito estado,Seca,Mal iluminada,Não existe,Não há placas,,Dupla,Faixa contínua,,,,,,
2018-11-23,18:22:00,SEM VÍTIMA,FINALIZADA,SANTO ANTÔNIO,PTE PRINCESA IZABEL,,,SOBRE A PONTE,PTE PRINCESA IZABEL,,SOBRE A PONTE,SANTO ANTÔNIO,,CIDADE,COLISÃO TRASEIRA,FOX X MOTO X CICLISTA,1,1,,1,,,,,,0,,Longo da via,Bom,Sem defeito,Perfeito estado,Seca,Perfeito estado,Outros,Não há placas,,Dupla,Faixa,,,,,,
2018-11-23,18:25:00,COM VÍTIMA,FINALIZADA,BOA VISTA,AV CONDE DA BOA VISTA,,,ENF A FACULDADE SAO MIGUEL,AV CONDE DA BOA VISTA,,ENF A FACULDADE SAO MIGUEL,BOA VISTA,,SUBURBIO,COLISÃO COM CICLISTA,MOTO X CICLISTA,,1,,1,,,,,,2,,Longo da via,Bom,Não existe,Perfeito estado,Seca,Perfeito estado,Não existe,Não há placas,,Dupla,Faixa,,,,,,
2018-11-23,18:48:00,SEM VÍTIMA,FINALIZADA,AREIAS,AV RECIFE,604,,,AV RECIFE,604,,AREIAS,,SUBURBIO,ABALROAMENTO LONGITUDINAL,ENTRRE VT E CAMINHÃO. S/V,1,,,,,,1,,,0,,Longo da via,Bom,Sem defeito,Perfeito estado,Seca,Perfeito estado,Faixa de pedestre,Não há placas,,Única,Faixa seccionada,,,,,,
2018-11-23,19:25:00,COM VÍTIMA,FINALIZADA,SÃO JOSÉ,AV DANTAS BARRETO,,,PRÓX AO BRADESCO / E/F AO EDF SÃO RAFAEL, SNT CENTRO,AV DANTAS BARRETO,,PRÓX AO BRADESCO / E/F AO EDF SÃO RAFAEL, SNT CENTRO,SÃO JOSÉ,54,SUBURBIO,ATROPELAMENTO,ENTRE ÕNIBUS E PEDTRES. C/V,,,,,1,1,,,,1,,Cruzamento,Bom,Sem defeito,Perfeito estado,Seca,Perfeito estado,Faixa de pedestre,Outras,,Dupla,Faixa,,,,
2018-11-23,19:26:00,SEM VÍTIMA,CANCELADA,TORRE,RUA PADRE LANDIM,107,RUA DOM MANOEL DA COSTA,PROX A ESCOLA MUNICIPAL PAROQUIAL CRISTO REI,RUA PADRE LANDIM,107,PROX A ESCOLA MUNICIPAL PAROQUIAL CRISTO REI,TORRE,,,COLISÃO,CAMINHONETA X TAXI,2,,,,,,,,,0,,,,,,,,,,,,,,,,,,
2018-11-23,19:46:00,SEM VÍTIMA,FINALIZADA,JOANA BEZERRA,VIADUTO CAPITAO TEMUDO,,,FÓRUM RODOLFO AURELIANO,VIADUTO CAPITAO TEMUDO,,FÓRUM RODOLFO AURELIANO,JOANA BEZERRA,,CIDADE,ABALROAMENTO LONGITUDINAL,ONIBUS X GOL,1,,,,,1,,,,0,,Viaduto,Bom,Não existe,Perfeito estado,Seca,Perfeito estado,Não existe,Não há placas,,Dupla,Faixa seccionada,,,,,,
2018-11-23,21:58:00,SEM VÍTIMA,FINALIZADA,TORRE,RUA JOSE BONIFACIO,,,EM FRENTE AO POSTE DE ILUMINAÇÃO EO 7827,RUA JOSE BONIFACIO,,EM FRENTE AO POSTE DE ILUMINAÇÃO EO 7827,TORRE,,SUBURBIO,ABALROAMENTO LONGITUDINAL,HRV X ASX,2,,,,,,,,,0,,Longo da via,Bom,Não existe,Perfeito estado,Seca,Perfeito estado,Não existe,Não há placas,,Dupla,Canteiro central,,,,,,
2018-11-23,21:59:00,SEM VÍTIMA,FINALIZADA,ARRUDA,AV BEBERIBE,,RUA DAS MOCAS,E/F AO ESTADIO DO ARRUDA E ARMAZÉM CORAL,AV BEBERIBE,,E/F AO ESTADIO DO ARRUDA E ARMAZÉM CORAL,ARRUDA,,CIDADE,ABALROAMENTO LONGITUDINAL,ENTRE 2 AUTOS. S/V,2,,,,,,,,,0,,Cruzamento,Bom,Não existe,Perfeito estado,Seca,Perfeito estado,Não existe,R-6a,,Dupla,Faixa contínua,,,,,,
2018-11-23,22:36:00,SEM VÍTIMA,FINALIZADA,BOA VIAGEM,RUA PADRE BERNADINO PESSOA,,RUA DOS NAVEGANTES,,RUA PADRE BERNADINO PESSOA,,,BOA VIAGEM,,SUBURBIO,ABALROAMENTO TRANSVERSAL,ENTRE VTS. S/V,,,,,,,,2,,0,,Cruzamento,Bom,Não existe,Incompleta,Seca,Perfeito estado,Não existe,"Placas ""Pare""",,Única,Não existe,,,,,,
2018-11-23,23:05:00,SEM VÍTIMA,CANCELADA,GRAÇAS,AV GOVERNADOR AGAMENON MAGALHAES,,,NO ESTACIONAMENTO DA MEC DONALD´S E PROX AO CLUB PORTUGUES,AV GOVERNADOR AGAMENON MAGALHAES,,NO ESTACIONAMENTO DA MEC DONALD´S E PROX AO CLUB PORTUGUES,GRAÇAS,,,COLISÃO,FOX X CLASSIC,2,,,,,,,,,0,,,,,,,,,,,,,,,,,,
2018-11-24,00:22:00,SEM VÍTIMA,FINALIZADA,BOA VIAGEM,AV CONSELHEIRO AGUIAR,,RUA BRUNO VELOSO,,AV CONSELHEIRO AGUIAR,,,BOA VIAGEM,,CIDADE,ABALROAMENTO TRANSVERSAL,ENTRE DOIS AUTO,2,,,,,,,,,0,,Cruzamento,Bom,Intermitente,Perfeito estado,Seca,Perfeito estado,Faixa de pedestre,R-6a,,Única,Faixa seccionada,,,,,,
2018-11-24,01:50:00,SEM VÍTIMA,FINALIZADA,DERBY,AV GOVERNADOR AGAMENON MAGALHAES,,RUA JOAQUIM NABUCO,EM FRENTE AO HOSPITAL DA RESTAURAÇÃO,AV GOVERNADOR AGAMENON MAGALHAES,,EM FRENTE AO HOSPITAL DA RESTAURAÇÃO,DERBY,,,COLISÃO TRASEIRA,ENTRE DOIS AUTO,2,,,,,,,,,0,,Cruzamento,Chuvoso,Sem defeito,Perfeito estado,Molhada,Perfeito estado,Não existe,Não há placas,,Dupla,Canteiro central,,,,,,
2018-11-24,03:08:00,COM VÍTIMA,FINALIZADA,SANTO AMARO,AV GOVERNADOR AGAMENON MAGALHAES,,,EM FRENTE AO 13º BATALHÃO, SENTIDO OLINDA // PRÓX AO POSTO DISLUB,AV GOVERNADOR AGAMENON MAGALHAES,,EM FRENTE AO 13º BATALHÃO, SENTIDO OLINDA // PRÓX AO POSTO DISLUB,SANTO AMARO,378,SUBURBIO,ATROPELAMENTO,ATROPELAMENTO DE CICLISTA. COM VÍTIMA.,1,,,,1,,,,,1,,Longo da via,Chuvoso,Sem defeito,Perfeito estado,Molhada,Perfeito estado,Faixa de pedestre,,60 km/h,Única,Faixa seccionada,,,,
2018-11-24,06:57:00,SEM VÍTIMA,FINALIZADA,CORDEIRO,AV CAXANGA,2363,,EM FRENTE A EXPOSIÇAO DE ANIMAIS,AV CAXANGA,2363,EM FRENTE A EXPOSIÇAO DE ANIMAIS,CORDEIRO,,CIDADE,COLISÃO TRASEIRA,DOIS AUTOS,2,,,,,,,,,0,,Longo da via,Bom,Sem defeito,Perfeito estado,Molhada,Perfeito estado,Não existe,Não há placas,60 km/h,Dupla,Faixa seccionada,,,,,,
2018-11-24,09:35:00,SEM VÍTIMA,FINALIZADA,SÃO JOSÉ,C SANTA RITA,,,E/F AO EDF. PIER MAURICIO DE NASSAU,C SANTA RITA,,E/F AO EDF. PIER MAURICIO DE NASSAU,SÃO JOSÉ,,CIDADE,ABALROAMENTO LONGITUDINAL,SE,M VÍTIMAS.,1,,,,,,1,,,0,,Longo da via,Chuvoso,Não existe,Perfeito estado,Molhada,Perfeito estado,,Outras,,Dupla,Canteiro central,,,,,
2018-11-24,09:38:00,SEM VÍTIMA,FINALIZADA,CASA AMARELA,RUA CIANORTE,61,,EM FRENTE A RESIDÊNCIA Nº 61,RUA CIANORTE,61,EM FRENTE A RESIDÊNCIA Nº 61,CASA AMARELA,,,CHOQUE VEÍCULO PARADO,SEM VITIMAS,1,,,,,,1,,,0,,Longo da via,Chuvoso,Não existe,Não existente,Molhada,Mal conservada,Não existe,Não há placas,,Dupla,,,,,,,
2018-11-24,10:12:00,SEM VÍTIMA,FINALIZADA,IPSEP,RUA PINTOR LULA CARDOSO AYRES,4030,,EM FRENTE A GARAGEM LUCK RECEPTIVO,RUA PINTOR LULA CARDOSO AYRES,4030,EM FRENTE A GARAGEM LUCK RECEPTIVO,IPSEP,,CIDADE,ABALROAMENTO LONGITUDINAL,DOIS AUTOS,1,,,,,1,,,,0,,Longo da via,Bom,Não existe,Perfeito estado,Seca,Perfeito estado,Não existe,Não há placas,,Única,Faixa seccionada,,,,,,
2018-11-24,10:26:00,SEM VÍTIMA,FINALIZADA,IMBIRIBEIRA,RUA ARQUITETO LUIZ NUNES,1556,AV ENGENHEIRO ALVES DE SOUZA,SOB O SEMÁFORO 634,RUA ARQUITETO LUIZ NUNES,1556,SOB O SEMÁFORO 634,IMBIRIBEIRA,634,SUBURBIO,ABALROAMENTO TRANSVERSAL,MOTO E AUTO,1,1,,,,,,,,0,,Cruzamento,Bom,Sem defeito,Perfeito estado,Seca,Perfeito estado,Faixa de pedestre,,,Dupla,Não existe,,,,,,
2018-11-27,07:58:00,SEM VÍTIMA,FINALIZADA,CASA AMARELA,AV NORTE,,,EM FRENTE A UPINHA, SENTIDO MACAXEIRA,AV NORTE,,EM FRENTE A UPINHA, SENTIDO MACAXEIRA,CASA AMARELA,,SUBURBIO,CHOQUE OBJETO FIXO,VEICULO SE CHOCOU NO CANTEIRO CENTRAL DA VIA,1,,,,,,,,,0,,Longo da via,Chuvoso,Não existe,Perfeito estado,Molhada,Perfeito estado,Faixa de pedestre,Outras,,Dupla,Canteiro central,,,,
2018-11-24,10:39:00,SEM VÍTIMA,FINALIZADA,PINA,PTE GOVERNADOR PAULO GUERRA,,,,PTE GOVERNADOR PAULO GUERRA,,,PINA,,SUBURBIO,ABALROAMENTO LONGITUDINAL,SEM VÍTIMAS,1,,,,,1,,,,0,,Longo da via,Bom,Não existe,Perfeito estado,Seca,Perfeito estado,Não existe,,60 km/h,Única,Faixa contínua,,,,,,
2018-11-24,11:09:00,SEM VÍTIMA,FINALIZADA,BOA VIAGEM,RUA JOSE MARIA DE MIRANDA,222,,RUA DA SERRAMALTE,RUA JOSE MARIA DE MIRANDA,222,RUA DA SERRAMALTE,BOA VIAGEM,,CIDADE,COLISÃO TRASEIRA,DOIS AUTOS,2,,,,,,,,,0,,Longo da via,Bom,Sem defeito,Perfeito estado,Seca,Perfeito estado,Não existe,Outras,,Única,Não existe,,,,,,
2018-11-24,11:21:00,SEM VÍTIMA,PENDENTE,BOA VIAGEM,RUA MARQUES DE VALENCA,666,,EM FRENTE A ESCOLA ESTADUAL CICERO DIAS,RUA MARQUES DE VALENCA,666,EM FRENTE A ESCOLA ESTADUAL CICERO DIAS,BOA VIAGEM,,,COLISÃO,SEM VITIMAS,1,,,,,,1,,,0,,,,,,,,,,,,,,,,,,
2018-11-24,11:29:00,SEM VÍTIMA,FINALIZADA,DERBY,AV GOVERNADOR AGAMENON MAGALHAES,,RUA JOAQUIM NABUCO,AO LADO DO COLÉGIO BARBOSA LIMA,AV GOVERNADOR AGAMENON MAGALHAES,,AO LADO DO COLÉGIO BARBOSA LIMA,DERBY,174,CIDADE,COLISÃO TRASEIRA,SEM VÍTIMAS,2,,,,,,,,,0,,Longo da via,Bom,Sem defeito,Perfeito estado,Seca,Perfeito estado,,Outras,60 km/h,Dupla,Canteiro central,,,,,,
2018-11-24,11:54:00,SEM VÍTIMA,FINALIZADA,ESPINHEIRO,RUA DR FERNANDO ALLAIN,145,,E/F AO COLEGIO TERCEIRO MILÊNIO,RUA DR FERNANDO ALLAIN,145,E/F AO COLEGIO TERCEIRO MILÊNIO,ESPINHEIRO,,CIDADE,ABALROAMENTO LONGITUDINAL,SEM VÍTIMAS,2,,,,,,,,,0,,Longo da via,Chuvoso,Não existe,Não existente,Seca,Perfeito estado,Não existe,Não há placas,,Única,Não existe,,,,,,
2018-11-24,13:02:00,SEM VÍTIMA,FINALIZADA,PARNAMIRIM,RUA ASTRONAUTA NEIL ARMSTRONG,,,FRENTE AO NÚMERO 120,RUA ASTRONAUTA NEIL ARMSTRONG,,FRENTE AO NÚMERO 120,PARNAMIRIM,,CIDADE,ABALROAMENTO LONGITUDINAL,DOIS AUTOS S/V,2,,,,,,,,,0,,Longo da via,Bom,Não existe,Perfeito estado,Seca,Perfeito estado,Não existe,Outras,,Única,,,,,,,
2018-11-24,13:18:00,SEM VÍTIMA,FINALIZADA,BOA VISTA,RUA DA SANTA CRUZ,121,,MERCADO DA BOA VISTA,RUA DA SANTA CRUZ,121,MERCADO DA BOA VISTA,BOA VISTA,,SUBURBIO,ABALROAMENTO LONGITUDINAL,COLISÃO SEM VITIMAS,2,,,,,,,,,0,,Longo da via,Bom,Não existe,Perfeito estado,Seca,Perfeito estado,Não existe,Outras,,Única,Faixa seccionada,,,,,,
2018-11-24,13:28:00,SEM VÍTIMA,FINALIZADA,BOA VIAGEM,AV VINTE DE JANEIRO,500,,E/F A MARMOARIA BRASL CONCEPT,AV VINTE DE JANEIRO,500,E/F A MARMOARIA BRASL CONCEPT,BOA VIAGEM,,CIDADE,ABALROAMENTO LONGITUDINAL,COLISA ENTRE CAMINHA E AUTO S/V,1,,,,,,1,,,0,,Longo da via,Bom,Não existe,Perfeito estado,Seca,Perfeito estado,Não existe,Não há placas,,Dupla,Não existe,,,,,,
2018-11-24,14:26:00,SEM VÍTIMA,CANCELADA,SANTO AMARO,AV CRUZ CABUGA,,,NA FRENTE DA PARADA DO BRT,AV CRUZ CABUGA,,NA FRENTE DA PARADA DO BRT,SANTO AMARO,470,CIDADE,COLISÃO,COLISÃO SEM VITIMA,1,1,,,,,,,,0,,,,,,,,,,,,,,,,,,
2018-11-24,14:45:00,SEM VÍTIMA,FINALIZADA,TEJIPIÓ,AV DR JOSE RUFINO,,,,AV DR JOSE RUFINO,,,TEJIPIÓ,208,CIDADE,ABALROAMENTO LONGITUDINAL,COLISAO ENTRE DOIS AUTOS S/V,2,,,,,,,,,0,,Longo da via,Bom,Sem defeito,Perfeito estado,Seca,Perfeito estado,Faixa de pedestre,Outras,60 km/h,Dupla,Faixa contínua,,,,,,
2018-11-24,16:06:00,COM VÍTIMA,FINALIZADA,CAJUEIRO,AV CIDADE DE MONTEIRO,,,NA FRENTE DO ARMAZEM CORAL,AV CIDADE DE MONTEIRO,,NA FRENTE DO ARMAZEM CORAL,CAJUEIRO,,CIDADE,ABALROAMENTO TRANSVERSAL,COLISÃO COM VITIMA, NO LOCAL AGUARDANDO ATENDIMENTO,1,1,,,,,,,,2,,Longo da via,Chuvoso,Não existe,Incompleta,Molhada,Perfeito estado,Não existe,Outras,,Dupla,Outros,,,,,