data,hora,natureza_acidente,situacao,bairro,endereco,numero,detalhe_endereco_acidente,complemento,endereco_cruzamento,numero_cruzamento,referencia_cruzamento,bairro_cruzamento,num_semaforo,sentido_via,tipo,descricao,auto,moto,ciclom,ciclista,pedestre,onibus,caminhao,viatura,outros,vitimas,vitimasfatais,acidente_verificado,tempo_clima,situacao_semaforo,sinalizacao,condicao_via,conservacao_via,ponto_controle,situacao_placa,velocidade_max_via,mao_direcao,divisao_via1,divisao_via2,divisao_via3,,,,
2018-11-24,18:21:00,SEM VÍTIMA,CANCELADA,BOA VIAGEM,RUA DEZ DE JULHO,,RUA CAMBOIM,E/F AO MAZON CRISTAL / PRÓX AO METRO,RUA DEZ DE JULHO,,E/F AO MAZON CRISTAL / PRÓX AO METRO,BOA VIAGEM,,,COLISÃO,ENTRE MOTO E AUTO. S/V,1,1,,,,,,,,0,,,,,,,,,,,,,,,,,,
2018-11-24,20:51:00,SEM VÍTIMA,CANCELADA,CAXANGÁ,RUA PROFESSOR ANTONIO COELHO,,RUA EMILIANO BRAGA,PROX A INTEGRAÇAO DA CAXANGA,RUA PROFESSOR ANTONIO COELHO,,PROX A INTEGRAÇAO DA CAXANGA,CAXANGÁ,,SUBURBIO,COLISÃO,VOYAGE X CLASSIC,2,,,,,,,,,0,,,,,,,,,,,,,,,,,,
2018-11-24,22:22:00,COM VÍTIMA,CANCELADA,BEBERIBE,AV BEBERIBE,4014,RUA ARAPARI,ENF A PIZZARIA ROUCHE,AV BEBERIBE,4014,ENF A PIZZARIA ROUCHE,BEBERIBE,,,COLISÃO,FIESTA X BROSS MOTO,1,1,,,,,,,,2,,,,,,,,,,,,,,,,,,
2018-11-24,22:33:00,SEM VÍTIMA,FINALIZADA,AFOGADOS,RUA SAO MIGUEL,898,,ENF AO QUARTEL 14 BATALHAO LOGISTICO DO EXERCITO,RUA SAO MIGUEL,898,ENF AO QUARTEL 14 BATALHAO LOGISTICO DO EXERCITO,AFOGADOS,,,COLISÃO,MOTO X HB 20,1,1,,,,,,,,0,,,,,,,,,,,,,,,,,,
2018-11-24,22:49:00,COM VÍTIMA,FINALIZADA,ARRUDA,RUA DO MACHADO,886,RUA GUARUJA,PROX A VIVA LANCHE,RUA DO MACHADO,886,PROX A VIVA LANCHE,ARRUDA,,SUBURBIO,ABALROAMENTO TRANSVERSAL,MOTO X MOTO,,2,,,,,,,,1,,Cruzamento,Bom,Não existe,Perfeito estado,Seca,Perfeito estado,Outros,"Placas ""Pare""",,Dupla,Faixa,,,,,,
2018-11-24,23:05:00,COM VÍTIMA,FINALIZADA,BOA VIAGEM,AV ENGENHEIRO DOMINGOS FERREIRA,,RUA ERNESTO DE PAULA SANTOS,PROX A EXTRAFARMA,AV ENGENHEIRO DOMINGOS FERREIRA,,PROX A EXTRAFARMA,BOA VIAGEM,217,SUBURBIO,ABALROAMENTO TRANSVERSAL,FAIT BRANCO X YAMARA MOTO,1,1,,,,,,,,1,,Cruzamento,Bom,Sem defeito,Perfeito estado,Seca,Perfeito estado,Faixa de pedestre,Outras,60 km/h,Única,Faixa contínua,,,,,,
2018-11-24,23:20:00,COM VÍTIMA,FINALIZADA,PINA,RUA MANOEL DE BRITO,S/N,AV CONSUL JOSEPH NOUJAIM,PROX AO SHOPPING RIO MAR E AO 19 BATALHAO,RUA MANOEL DE BRITO,S/N,PROX AO SHOPPING RIO MAR E AO 19 BATALHAO,PINA,659,CIDADE,COLISÃO TRASEIRA,FAIT MOB X MOTO,1,1,,,,,,,,1,,Cruzamento,Bom,Sem defeito,Perfeito estado,Seca,Perfeito estado,Faixa de pedestre,R-6a,,Única,Faixa,,,,,,
2018-11-24,23:57:00,SEM VÍTIMA,FINALIZADA,MORRO DA CONCEIÇÃO,RUA XAMBRE,132,,DESCIDA DO MORRO,RUA XAMBRE,132,DESCIDA DO MORRO,MORRO DA CONCEIÇÃO,,,COLISÃO FRONTAL,ENTRE UM AUTO E UMA RETROESCAVADEIRA,1,,,,,,,,1,0,,,Bom,Não existe,Não existente,Seca,,Não existe,Não há placas,,,,,,,,,
2018-11-25,00:52:00,COM VÍTIMA,FINALIZADA,CASA AMARELA,AV DR EURICO CHAVES,,,EM FRENTE AO RESTAURANTE MÃO DE VACA DO BETO // PRÓX A FARMÁCIA MANDACARÚ,AV DR EURICO CHAVES,,EM FRENTE AO RESTAURANTE MÃO DE VACA DO BETO // PRÓX A FARMÁCIA MANDACARÚ,CASA AMARELA,,,COLISÃO COM CICLISTA,COLISÃO ENTRE AUTO E CICLISTA, COM VÍTIMA.,1,,,1,,,,,,1,,Longo da via,Bom,Sem defeito,Perfeito estado,Seca,Perfeito estado,Outros,Outras,,Dupla,Faixa,,,,,
2018-11-25,01:19:00,SEM VÍTIMA,FINALIZADA,SANTO AMARO,AV NORTE,,,PRAÇA GENERAL ABREU E LIMA,AV NORTE,,PRAÇA GENERAL ABREU E LIMA,SANTO AMARO,587,SUBURBIO,ABALROAMENTO TRANSVERSAL,COLISÃO ENTRE DOIS AUTO,2,,,,,,,,,0,,Cruzamento,Bom,Sem defeito,Perfeito estado,Seca,Perfeito estado,Faixa de pedestre,Não há placas,,Dupla,Faixa seccionada,,,,,,
2018-11-25,02:06:00,SEM VÍTIMA,CANCELADA,CASA AMARELA,RUA DA HARMONIA,700,,DEPOIS DO SITIO DA TRINDADE PRIMEIO SINAL A ESQUERDA, PROXIMO A FARMÁCIA INDEPENDENTE,RUA DA HARMONIA,700,DEPOIS DO SITIO DA TRINDADE PRIMEIO SINAL A ESQUERDA, PROXIMO A FARMÁCIA INDEPENDENTE,CASA AMARELA,,,COLISÃO,COLISÃO ENTRE UM AUTO E TAXI,2,,,,,,,,,0,,,,,,,,,,,,,,,,
2018-11-25,02:56:00,COM VÍTIMA,FINALIZADA,AFOGADOS,AV SUL,,,CAIXA ECONÔMICA FEDERAL / POSTE 4016395,AV SUL,,CAIXA ECONÔMICA FEDERAL / POSTE 4016395,AFOGADOS,,CIDADE,ATROPELAMENTO,ATROPELAMENTO DE PEDESTRE,1,,,,1,,,,,1,,Longo da via,Bom,Não existe,Incompleta,Seca,Mal iluminada,Não existe,Outras,40 km/h,Única,Faixa,,,,,,
2018-11-25,03:35:00,SEM VÍTIMA,FINALIZADA,CORDEIRO,RUA CONS THEODORO,202,,,RUA CONS THEODORO,202,,CORDEIRO,,,CHOQUE OBJETO FIXO,VEÍCULO CHOCOU-SE CONTRA O MURO DE UMA RESIDÊNCIA,1,,,,,,,,,0,,Longo da via,Bom,Não existe,Perfeito estado,Seca,Perfeito estado,Não existe,Não há placas,40 km/h,Dupla,Faixa seccionada,,,,,,
2018-11-25,04:52:00,COM VÍTIMA,FINALIZADA,IMBIRIBEIRA,AV MARECHAL MASCARENHAS DE MORAES,,RUA PAMPULHA,PROXIMO A EUROVIA E FERREIRA COSTA,AV MARECHAL MASCARENHAS DE MORAES,,PROXIMO A EUROVIA E FERREIRA COSTA,IMBIRIBEIRA,534,CIDADE,COLISÃO TRASEIRA,COLISÃO ENTRE DOIS AUTO,2,,,,,,,,,1,,Cruzamento,Bom,Sem defeito,Perfeito estado,Seca,Perfeito estado,Faixa de pedestre,Outras,60 km/h,Dupla,Canteiro central,,,,,,
2018-11-25,08:02:00,SEM VÍTIMA,FINALIZADA,BOA VIAGEM,RUA BALTAZAR PASSOS,,RUA SA E SOUZA,SETUBAL RECEPÇÕES,RUA BALTAZAR PASSOS,,SETUBAL RECEPÇÕES,BOA VIAGEM,,,ABALROAMENTO LONGITUDINAL,SEM VITIMAS,1,,,,,1,,,,0,,Cruzamento,Bom,Não existe,Perfeito estado,Seca,Perfeito estado,Faixa de retenção,"Placas ""Pare""",30 km/h,Única,Faixa seccionada,,,,,,
2018-11-25,08:53:00,COM VÍTIMA,FINALIZADA,TEJIPIÓ,RUA FALCAO DE LACERDA,181,,E/F A IGREJA PRESBITERIANA DE TEJIPIÓ, SENTIDO JABOATÃO,RUA FALCAO DE LACERDA,181,E/F A IGREJA PRESBITERIANA DE TEJIPIÓ, SENTIDO JABOATÃO,TEJIPIÓ,,SUBURBIO,ABALROAMENTO LONGITUDINAL,COM DUAS VÍTIMAS,1,1,,,,,,,,2,,Longo da via,Bom,Não existe,Perfeito estado,Seca,Perfeito estado,Não existe,Não há placas,40 km/h,Dupla,Faixa contínua,,,,
2018-11-25,10:07:00,COM VÍTIMA,FINALIZADA,PINA,AV HERCULANO BANDEIRA,,,SENT BOA VIAGEM,AV HERCULANO BANDEIRA,,SENT BOA VIAGEM,PINA,657,CIDADE,COLISÃO TRASEIRA,CINQUENTINHA / AUTO,1,,1,,,,,,,1,,Longo da via,Bom,Sem defeito,Perfeito estado,Seca,Perfeito estado,Outros,Outras,,Única,Faixa,,,,,,
2018-11-25,10:35:00,SEM VÍTIMA,FINALIZADA,MADALENA,RUA BENFICA,,,EM FRENTE A PRAÇA DO CLUBE INTERNACIONAL,RUA BENFICA,,EM FRENTE A PRAÇA DO CLUBE INTERNACIONAL,MADALENA,,CIDADE,COLISÃO TRASEIRA,COLISÃO SEM VITIMAS,2,,,,,,,,,0,,Longo da via,Bom,Sem defeito,Perfeito estado,Seca,Perfeito estado,Faixa de pedestre,"Placas ""Pare""",,Única,Faixa seccionada,,,,,,
2018-11-25,11:15:00,SEM VÍTIMA,FINALIZADA,DERBY,AV GOVERNADOR AGAMENON MAGALHAES,,,,AV GOVERNADOR AGAMENON MAGALHAES,,,DERBY,37,CIDADE,ABALROAMENTO LONGITUDINAL,SEM VITIMAS/CTTU NO LOCAL VT 30 VAI FAZER B.O,2,,,,,,,,,0,,Longo da via,Bom,Sem defeito,Perfeito estado,Seca,Perfeito estado,Faixa de pedestre,R-6a,60 km/h,Única,Faixa seccionada,,,,,,
2018-11-25,11:29:00,SEM VÍTIMA,FINALIZADA,BOA VIAGEM,RUA SETUBAL,,RUA ENGENHEIRO ZAEL DIOGENES,EM FRENTE AO EDF IUCA,RUA SETUBAL,,EM FRENTE AO EDF IUCA,BOA VIAGEM,,,ABALROAMENTO TRANSVERSAL,SEM VITIMAS.,2,,,,,,,,,0,,Cruzamento,Bom,Não existe,Ilegível,Seca,Perfeito estado,Não existe,R-6a,,Única,,,,,,,
2018-11-25,12:07:00,SEM VÍTIMA,FINALIZADA,FUNDÃO,RUA CORONEL URBANO RIBEIRO DE SENA,85,,COLÉGIO MOVIMENTO,RUA CORONEL URBANO RIBEIRO DE SENA,85,COLÉGIO MOVIMENTO,FUNDÃO,,SUBURBIO,ABALROAMENTO LONGITUDINAL,MOTO E AUTO,1,1,,,,,,,,0,,Longo da via,Bom,Sem defeito,Perfeito estado,Seca,Perfeito estado,Faixa de pedestre,Outras,,Dupla,Faixa seccionada,,,,,,
2018-11-25,12:17:00,COM VÍTIMA,FINALIZADA,SAN MARTIN,AV GENERAL SAN MARTIN,1208,,EM FRENTE AO COMPAZ,AV GENERAL SAN MARTIN,1208,EM FRENTE AO COMPAZ,SAN MARTIN,,SUBURBIO,ABALROAMENTO LONGITUDINAL,AUTO E MOTO,1,1,,,,,,,,1,,Longo da via,Bom,Não existe,Perfeito estado,Seca,Perfeito estado,Não existe,R-6a,40 km/h,Dupla,Faixa,,,,,,
2018-11-25,12:50:00,COM VÍTIMA,CANCELADA,IBURA,AV DOIS RIOS,,LAD DA COHAB,50 METROS ANTES DA MATERNIDADE ARNALDO MARQUES,AV DOIS RIOS,,50 METROS ANTES DA MATERNIDADE ARNALDO MARQUES,IBURA,,,COLISÃO,COM UMA VITIMA AGUARDANDO SAMU,1,1,,,,,,,,1,,,,,,,,,,,,,,,,,,
2018-11-25,13:01:00,COM VÍTIMA,FINALIZADA,IMBIRIBEIRA,AV MARECHAL MASCARENHAS DE MORAES,4080,,EM FRENTE A VENEZA MATERIAL DE CONSTRUÇÃO,AV MARECHAL MASCARENHAS DE MORAES,4080,EM FRENTE A VENEZA MATERIAL DE CONSTRUÇÃO,IMBIRIBEIRA,310,SUBURBIO,ABALROAMENTO LONGITUDINAL,SEM VITIMA ENVOLVENDO 2 AUTOS,2,,,,,,,,,2,,Longo da via,Bom,Sem defeito,Perfeito estado,Seca,Perfeito estado,Faixa de pedestre,Outras,60 km/h,Única,Faixa seccionada,,,,,,
2018-11-25,13:22:00,SEM VÍTIMA,FINALIZADA,ESPINHEIRO,RUA MARQUES DO PARANA,25,RUA DR FERNANDO ALLAIN,PROX. A DOCERIA SIMONE BARROS,RUA MARQUES DO PARANA,25,PROX. A DOCERIA SIMONE BARROS,ESPINHEIRO,,CIDADE,COLISÃO FRONTAL,DOIS AUTOS,2,,,,,,,,,0,,Cruzamento,Bom,Não existe,Ilegível,Seca,Perfeito estado,Não existe,Outras,,Dupla,Não existe,,,,,,
2018-11-25,14:59:00,SEM VÍTIMA,FINALIZADA,VÁRZEA,RUA PROFESSOR ANTONIO COELHO,447,RUA MARECHAL MANOEL LUIS OSORIO,EM FRENTE AO COLEGIO PONTUAL,RUA PROFESSOR ANTONIO COELHO,447,EM FRENTE AO COLEGIO PONTUAL,VÁRZEA,,,ABALROAMENTO TRANSVERSAL,SEM VITIMAS,2,,,,,,,,,0,,Cruzamento,Bom,Não existe,Não existente,Seca,Perfeito estado,Não existe,Não há placas,,Dupla,Faixa seccionada,,,,,,
2018-11-25,15:04:00,SEM VÍTIMA,FINALIZADA,BOA VIAGEM,RUA PROFESSOR AUGUSTO LINS E SILVA,554,RUA MARIO SOUTO MAIOR,,RUA PROFESSOR AUGUSTO LINS E SILVA,554,,BOA VIAGEM,,,CHOQUE VEÍCULO PARADO,,3,,,,,,,,,0,,Cruzamento,Bom,Não existe,Perfeito estado,Seca,Perfeito estado,,"Placas ""Pare""",,Dupla,,,,,,,
2018-11-25,16:27:00,SEM VÍTIMA,FINALIZADA,BOA VIAGEM,RUA DO SA LEITAO,26,,POR TRAS DO COLEGIO BOA VIAGEM,RUA DO SA LEITAO,26,POR TRAS DO COLEGIO BOA VIAGEM,BOA VIAGEM,,,COLISÃO,AUTOS E ONIBUS S/V,1,,,,,1,,,,0,,,,,,,,,,,,,,,,,,
2018-11-25,17:59:00,COM VÍTIMA,FINALIZADA,SANCHO,AV LIBERDADE,,,EM FRENTE AO PRESÍDIO MARCELO FRANCISCO DE ARAÚJO,AV LIBERDADE,,EM FRENTE AO PRESÍDIO MARCELO FRANCISCO DE ARAÚJO,SANCHO,,SUBURBIO,ATROPELAMENTO,ONIBUS E PEDESTRE,,,,,1,1,,,,1,,Longo da via,Bom,Não existe,Incompleta,Seca,Mal iluminada,Não existe,Não há placas,40 km/h,Dupla,Faixa contínua,,,,,,
2018-11-25,18:06:00,COM VÍTIMA,FINALIZADA,VASCO DA GAMA,AV NORTE,,RUA TEIXEIRA,PIZZARIA PASSIRA AO LADO,AV NORTE,,PIZZARIA PASSIRA AO LADO,VASCO DA GAMA,66,CIDADE,ABALROAMENTO LONGITUDINAL,COLISÃO COM VITIMA,, VITIMA AGUARDANDO ATENDIMENTO,1,2,,,,,,,,1,,Longo da via,Bom,Sem defeito,Perfeito estado,Seca,Perfeito estado,,Não há placas,60 km/h,Dupla,Canteiro central,,,,
2018-11-25,18:54:00,SEM VÍTIMA,CANCELADA,CASA AMARELA,AV NORTE,,,PRÓX A MATARNIDADE BARROS / SEMÁFORO 066,AV NORTE,,PRÓX A MATARNIDADE BARROS / SEMÁFORO 066,CASA AMARELA,66,CIDADE,COLISÃO,ENTRE MOTO E AUTO. C/V,1,1,,,,,,,,0,,,,,,,,,,,,,,,,,,
2018-11-25,20:21:00,SEM VÍTIMA,FINALIZADA,IBURA,RUA RIO XINGU,,AV DOIS RIOS,SOB O SEMÁFORO,RUA RIO XINGU,,SOB O SEMÁFORO,IBURA,351,SUBURBIO,COLISÃO TRASEIRA,ENTRE 2 AUTOS. S/V,2,,,,,,,,,0,,Cruzamento,Bom,Sem defeito,Incompleta,Seca,Mal iluminada,Não existe,,60 km/h,Dupla,Não existe,,,,,,
2018-11-25,20:51:00,COM VÍTIMA,CANCELADA,VÁRZEA,RUA GASTAO VIDIGAL,,,ENTRADA DO PADRE CICERO E A UPA DA CAXANGÁ,RUA GASTAO VIDIGAL,,ENTRADA DO PADRE CICERO E A UPA DA CAXANGÁ,VÁRZEA,,SUBURBIO,COLISÃO,COLISÃO COM VITIMAS DUAS MOTOS, UMAS DAS MOTOS O CONDUTOR LEVANTOU POIS ESTAVA DERRAMANDO MUITA GASOLINA,,2,,,,,,,,2,,,,,,,,,,,,,,,,,
2018-11-25,21:28:00,SEM VÍTIMA,FINALIZADA,IBURA,AV DOIS RIOS,969,,EM FRENTE AO VAREJÃO ESTRELA,AV DOIS RIOS,969,EM FRENTE AO VAREJÃO ESTRELA,IBURA,,SUBURBIO,COLISÃO TRASEIRA,,1,,,,,1,,,,0,,Longo da via,Bom,Não existe,Perfeito estado,Seca,Perfeito estado,Não existe,Não há placas,40 km/h,Dupla,Faixa seccionada,,,,,,
2018-11-25,21:59:00,SEM VÍTIMA,FINALIZADA,CASA AMARELA,RUA DA HARMONIA,769,RUA CONS NABUCO,,RUA DA HARMONIA,769,,CASA AMARELA,,CIDADE,ABALROAMENTO TRANSVERSAL,,3,,,,,,,,,0,,Cruzamento,Bom,Sem defeito,Perfeito estado,Seca,Perfeito estado,Faixa de pedestre,,,Dupla,Faixa contínua,,,,,,
2018-11-25,22:34:00,SEM VÍTIMA,CANCELADA,IMBIRIBEIRA,AV MARECHAL MASCARENHAS DE MORAES,,,E/F AO HOTEL IBIS E AEROPORTO / ANTES DO VIADUTO,AV MARECHAL MASCARENHAS DE MORAES,,E/F AO HOTEL IBIS E AEROPORTO / ANTES DO VIADUTO,IMBIRIBEIRA,,,COLISÃO,ENTRE 2 AUTOS, S/V,2,,,,,,,,,0,,,,,,,,,,,,,,,,,
2018-11-25,22:42:00,SEM VÍTIMA,FINALIZADA,ILHA DO RETIRO,RUA PROFESSOR BENEDITO MONTEIRO,,,,RUA PROFESSOR BENEDITO MONTEIRO,,,ILHA DO RETIRO,481,CIDADE,ABALROAMENTO LONGITUDINAL,ENTRE 2 AUTOS, S/V,2,,,,,,,,,0,,,Bom,Sem defeito,Perfeito estado,Seca,Perfeito estado,Faixa de pedestre,R-6a,40 km/h,Única,Faixa contínua,,,,,
2018-11-26,06:57:00,SEM VÍTIMA,FINALIZADA,BOA VIAGEM,RUA JOSE DOMINGUES DA SILVA,205,RUA PADRE CABRAL,,RUA JOSE DOMINGUES DA SILVA,205,,BOA VIAGEM,,CIDADE,ABALROAMENTO TRANSVERSAL,SEM VITIMAS,2,,,,,,,,,0,,Cruzamento,Bom,Não existe,Ilegível,Seca,Perfeito estado,Não existe,Não há placas,,Dupla,Não existe,,,,,,
2018-11-26,07:09:00,SEM VÍTIMA,FINALIZADA,DERBY,RUA BENFICA,,,POSTE DO CELPE NºCO24395,RUA BENFICA,,POSTE DO CELPE NºCO24395,DERBY,,CIDADE,ABALROAMENTO LONGITUDINAL,SEM VITMAS,1,,,,,1,,,,0,,Longo da via,Bom,Não existe,Perfeito estado,Seca,Perfeito estado,Outros,Outras,,Única,Faixa contínua,,,,,,
2018-11-26,07:33:00,SEM VÍTIMA,FINALIZADA,MANGABEIRA,AV PROFESSOR JOSE DOS ANJOS,1190,,SESC DA MANGABEIRA,AV PROFESSOR JOSE DOS ANJOS,1190,SESC DA MANGABEIRA,MANGABEIRA,,SUBURBIO,ABALROAMENTO LONGITUDINAL,,2,,,,,,,,,0,,Longo da via,Bom,Sem defeito,Perfeito estado,Seca,Perfeito estado,,,,Dupla,Canteiro central,,,,,,
2018-11-26,07:48:00,SEM VÍTIMA,FINALIZADA,SANTO AMARO,RUA DONA LEONOR PORTO,,,PRAÇA 11 DE JUNHO,RUA DONA LEONOR PORTO,,PRAÇA 11 DE JUNHO,SANTO AMARO,,SUBURBIO,CHOQUE OBJETO FIXO,VEICULO CHOCOU-SE COM MURO,1,,,,,,,,,0,,Longo da via,Bom,Não existe,Não existente,Seca,Perfeito estado,Não existe,Não há placas,,Única,Não existe,,,,,,
2018-11-26,07:49:00,COM VÍTIMA,FINALIZADA,SANTO AMARO,AV GOVERNADOR AGAMENON MAGALHAES,,,SOBRE O VIADUTO INDEPENDÊNCIA,AV GOVERNADOR AGAMENON MAGALHAES,,SOBRE O VIADUTO INDEPENDÊNCIA,SANTO AMARO,,CIDADE,ABALROAMENTO LONGITUDINAL,COLISÃO COM VITIMA A ESPERA DO SAMU,2,1,,,,,,,,1,,Viaduto,Bom,Não existe,Perfeito estado,Seca,Perfeito estado,Outros,Outras,60 km/h,Dupla,Canteiro central,,,,,,
2018-11-26,08:00:00,SEM VÍTIMA,FINALIZADA,ARRUDA,AV PROFESSOR JOSE DOS ANJOS,1259,RUA PETRONILA BOTELHO,SENT OLINDA,AV PROFESSOR JOSE DOS ANJOS,1259,SENT OLINDA,ARRUDA,554,,COLISÃO,DOIS AUTOS,2,,,,,,,,,0,,,,,,,,,,,,,,,,,,
2018-11-26,08:14:00,COM VÍTIMA,FINALIZADA,SANTO AMARO,AV GOVERNADOR AGAMENON MAGALHAES,261,,LADO OPOSTO AO POSTO DISLUB,AV GOVERNADOR AGAMENON MAGALHAES,261,LADO OPOSTO AO POSTO DISLUB,SANTO AMARO,,BOA VIAGEM,ABALROAMENTO LONGITUDINAL,TRES AUTOS PASSEIO DE DUAS MOTOS,3,2,,,,,,,,1,,Longo da via,Bom,Não existe,Perfeito estado,Seca,Perfeito estado,Não existe,Outras,60 km/h,Dupla,Canteiro central,,,,,,
2018-11-26,08:34:00,COM VÍTIMA,FINALIZADA,TORRE,RUA REAL DA TORRE,1199,,ENTRE O EXTRABOM E O RESTAURANTE BOI NO BAFO,RUA REAL DA TORRE,1199,ENTRE O EXTRABOM E O RESTAURANTE BOI NO BAFO,TORRE,,,COLISÃO TRASEIRA,AUTO E MOTO,1,1,,,,,,,,1,,Longo da via,Bom,Não existe,Perfeito estado,Seca,Perfeito estado,Não existe,R-6a,,Única,Faixa seccionada,,,,,,
2018-11-26,09:38:00,SEM VÍTIMA,FINALIZADA,IMBIRIBEIRA,RUA ARQUITETO LUIZ NUNES,,RUA ENGENHEIRO JOSE BRANDAO CAVALCANTE,,RUA ARQUITETO LUIZ NUNES,,,IMBIRIBEIRA,,,ABALROAMENTO TRANSVERSAL,COLISÃO SEM VITIMAS,1,1,,,,,,,,0,,Cruzamento,Bom,Não existe,Perfeito estado,Seca,Perfeito estado,Não existe,,40 km/h,Dupla,Faixa contínua,,,,,,
2018-11-26,09:41:00,SEM VÍTIMA,FINALIZADA,PARNAMIRIM,AV DEZESSETE DE AGOSTO,175,,,AV DEZESSETE DE AGOSTO,175,,PARNAMIRIM,,SUBURBIO,COLISÃO TRASEIRA,SEM VITIMAs,2,,,,,,,,,0,,Longo da via,Bom,Não existe,Perfeito estado,Seca,Perfeito estado,,Outras,40 km/h,Dupla,Faixa contínua,,,,,,
2018-11-26,09:46:00,SEM VÍTIMA,FINALIZADA,PARNAMIRIM,AV PARNAMIRIM,,,,AV PARNAMIRIM,,,PARNAMIRIM,10,SUB/CID,COLISÃO TRASEIRA,DOIS AUTOS SUB NO QTH,2,,,,,,,,,0,,Longo da via,Bom,Sem defeito,Perfeito estado,Seca,Perfeito estado,Faixa de retenção,,,Única,,,,,,,
2018-11-26,10:03:00,SEM VÍTIMA,FINALIZADA,PINA,RUA JOAQUIM CARNEIRO DA SILVA,136,,LADO OPOSTO AO NÚMERO 136,RUA JOAQUIM CARNEIRO DA SILVA,136,LADO OPOSTO AO NÚMERO 136,PINA,,,CHOQUE VEÍCULO PARADO,SEM VITIMAS,2,,,,,,,,,0,,Longo da via,Bom,Não existe,Não existente,Seca,Perfeito estado,Não existe,Não há placas,,Dupla,Não existe,,,,,,
2018-11-26,10:25:00,SEM VÍTIMA,FINALIZADA,MADALENA,RUA BENFICA,997,,,RUA BENFICA,997,,MADALENA,,CIDADE,ABALROAMENTO LONGITUDINAL,DOIS AUTOS,2,,,,,,,,,0,,Longo da via,Bom,Sem defeito,Perfeito estado,Seca,Perfeito estado,,Outras,,Dupla,Canteiro central,,,,,,
2018-11-26,10:47:00,COM VÍTIMA,FINALIZADA,AFOGADOS,RUA COSME VIANA,135,RUA ALFREDO DUARTE FILHO,,RUA COSME VIANA,135,,AFOGADOS,430,SUBURBIO,ABALROAMENTO LONGITUDINAL,COM VITIMA,,1,,,,,,,,1,,Cruzamento,Bom,Sem defeito,Perfeito estado,Seca,,Não existe,"Placas ""Pare""",,Dupla,Outros,,,,,,
2018-11-26,10:55:00,SEM VÍTIMA,FINALIZADA,ESTÂNCIA,RUA JUAREZ MILLET,400,,EM FRENTE AO Nº 400,RUA JUAREZ MILLET,400,EM FRENTE AO Nº 400,ESTÂNCIA,,CIDADE,ABALROAMENTO LONGITUDINAL,AUTO E CAMINHÃO,1,,,,,,1,,,0,,Longo da via,Bom,Não existe,,Seca,Perfeito estado,Não existe,,20 km/h,Dupla,Outros,,,,,,
2018-11-26,11:00:00,COM VÍTIMA,DUPLICIDADE,BOA VIAGEM,AV ENGENHEIRO DOMINGOS FERREIRA,,,EM FRENTE AO DURMA BEM COLCHÕES,AV ENGENHEIRO DOMINGOS FERREIRA,,EM FRENTE AO DURMA BEM COLCHÕES,BOA VIAGEM,,,ACID. DE PERCURSO,,,,,,,,,,,1,,,,,,,,,,,,,,,,,,
2018-11-26,11:40:00,SEM VÍTIMA,FINALIZADA,LINHA DO TIRO,RUA URIEL DE HOLANDA,988,,EM FRENTE AO MERCADINHO KI PRECINHO,RUA URIEL DE HOLANDA,988,EM FRENTE AO MERCADINHO KI PRECINHO,LINHA DO TIRO,,SUBURBIO,CHOQUE VEÍCULO PARADO,DOIS AUTOS E MOTO,2,1,,,,,,,1,0,,Longo da via,Bom,Não existe,Perfeito estado,Seca,Perfeito estado,Não existe,Não há placas,40 km/h,Dupla,Não existe,,,,,,