data,hora,natureza_acidente,situacao,bairro,endereco,numero,detalhe_endereco_acidente,complemento,endereco_cruzamento,numero_cruzamento,referencia_cruzamento,bairro_cruzamento,num_semaforo,sentido_via,tipo,descricao,auto,moto,ciclom,ciclista,pedestre,onibus,caminhao,viatura,outros,vitimas,vitimasfatais,acidente_verificado,tempo_clima,situacao_semaforo,sinalizacao,condicao_via,conservacao_via,ponto_controle,situacao_placa,velocidade_max_via,mao_direcao,divisao_via1,divisao_via2,divisao_via3,,,,
2018-11-26,12:03:00,SEM VÍTIMA,FINALIZADA,IMBIRIBEIRA,RUA DUQUE ESTRADA,376,RUA AGUA BRANCA,EM FRENTE A POUSADA SOL E MAR,RUA DUQUE ESTRADA,376,EM FRENTE A POUSADA SOL E MAR,IMBIRIBEIRA,,SUBURBIO,ABALROAMENTO TRANSVERSAL,COLISÃO SEM VITIMAS,2,,,,,,,,,0,,Cruzamento,Bom,Não existe,Não existente,Molhada,Perfeito estado,Não existe,Não há placas,40 km/h,Dupla,Não existe,,,,,,
2018-11-26,12:13:00,SEM VÍTIMA,FINALIZADA,TAMARINEIRA,RUA CONEGO BARATA,,,EM FRENTE A FERREIRA COSTA,RUA CONEGO BARATA,,EM FRENTE A FERREIRA COSTA,TAMARINEIRA,,,COLISÃO,COLISÃO SEM VÍTIMA,1,,,,,,1,,,0,,,,,,,,,,,,,,,,,,
2018-11-26,12:23:00,COM VÍTIMA,FINALIZADA,CORDEIRO,AV GENERAL SAN MARTIN,348,,APÓS O HOSPITAL GETÚLIO VARGAS,AV GENERAL SAN MARTIN,348,APÓS O HOSPITAL GETÚLIO VARGAS,CORDEIRO,,CIDADE,ABALROAMENTO TRANSVERSAL,COLISÃO COM UMA VÍTIMA,1,1,,,,,,,,1,,Longo da via,Nublado,Sem defeito,Perfeito estado,Molhada,Perfeito estado,Faixa de pedestre,R-6a,,Dupla,Faixa,,,,,,
2018-11-26,12:32:00,SEM VÍTIMA,FINALIZADA,PINA,AV REPUBLICA ARABE UNIDA,,,NA CANCELA DO SHOPPING RIOMAR,AV REPUBLICA ARABE UNIDA,,NA CANCELA DO SHOPPING RIOMAR,PINA,,,ABALROAMENTO LONGITUDINAL,COLISAO AUTO E CAMINHAO S/V,1,,,,,,1,,,0,,Longo da via,Bom,Não existe,Perfeito estado,Seca,Perfeito estado,Não existe,Não há placas,,Única,Faixa seccionada,,,,,,
2018-11-26,12:47:00,SEM VÍTIMA,FINALIZADA,SANTO AMARO,AV CRUZ CABUGA,193,,IGREJA INTERNACIONAL DA GRAÇA DE DEUS,AV CRUZ CABUGA,193,IGREJA INTERNACIONAL DA GRAÇA DE DEUS,SANTO AMARO,523,CIDADE,ABALROAMENTO LONGITUDINAL,COLISÃO SEM VITIMAS,1,,,,,1,,,,0,,Longo da via,Bom,Sem defeito,Perfeito estado,Seca,Perfeito estado,Não existe,Não há placas,,Única,Faixa contínua,,,,,,
2018-11-26,13:09:00,SEM VÍTIMA,FINALIZADA,BOA VIAGEM,AV CONSELHEIRO AGUIAR,,RUA RAUL AZEDO,,AV CONSELHEIRO AGUIAR,,,BOA VIAGEM,,CIDADE,ABALROAMENTO TRANSVERSAL,COLISÃO SEM VITIMAS,1,,,,,1,,,,0,,Outros,Bom,Não existe,Perfeito estado,Seca,Perfeito estado,Não existe,Outras,60 km/h,Única,Faixa seccionada,,,,,,
2018-11-26,13:28:00,SEM VÍTIMA,FINALIZADA,JOANA BEZERRA,RUA CABO EUTROPIO,421,,NA FRENTE DO COLEGIO COSTA PORTO,RUA CABO EUTROPIO,421,NA FRENTE DO COLEGIO COSTA PORTO,JOANA BEZERRA,,SUBURBIO,ABALROAMENTO LONGITUDINAL,COLISÃO SEM VITIMAS,2,,,,,,,,,0,,Longo da via,Bom,Não existe,Perfeito estado,Seca,Perfeito estado,Não existe,Não há placas,,Dupla,Não existe,,,,,,
2018-11-26,14:40:00,SEM VÍTIMA,CANCELADA,BOA VIAGEM,RUA BARAO DE SOUZA LEAO,,,E/F AO MAR HOTEL,RUA BARAO DE SOUZA LEAO,,E/F AO MAR HOTEL,BOA VIAGEM,,,COLISÃO,COLISAO ENTRE AUTO E TAXI S/V,2,,,,,,,,,0,,,,,,,,,,,,,,,,,,
2018-11-26,15:04:00,SEM VÍTIMA,FINALIZADA,IMBIRIBEIRA,AV MARECHAL MASCARENHAS DE MORAES,,,EM FRENTE AO POSTO PETROBRAS / SENTIDO AFOGADOS,AV MARECHAL MASCARENHAS DE MORAES,,EM FRENTE AO POSTO PETROBRAS / SENTIDO AFOGADOS,IMBIRIBEIRA,289,CIDADE,ABALROAMENTO LONGITUDINAL,COLISÃO SEM VÍTIMA,2,,,,,,,,,0,,Longo da via,Bom,Sem defeito,Perfeito estado,Seca,Perfeito estado,Faixa de pedestre,Outras,60 km/h,Dupla,Canteiro central,,,,,,
2018-11-26,15:27:00,COM VÍTIMA,FINALIZADA,TAMARINEIRA,EST VELHA DE AGUA FRIA,637,,,EST VELHA DE AGUA FRIA,637,,TAMARINEIRA,,SUBURBIO,ABALROAMENTO LONGITUDINAL,AUTO E MOTO, COM VÍTIMA.,1,1,,,,,,,,1,,Longo da via,Bom,Não existe,Perfeito estado,Seca,Perfeito estado,Não existe,Não há placas,40 km/h,Dupla,Faixa contínua,,,,,
2018-11-26,15:45:00,SEM VÍTIMA,FINALIZADA,CORDEIRO,AV GENERAL SAN MARTIN,330,,APOS O HOSP. GETULIO VARGAS A SEGUNDA RUA A ESQUERDA,AV GENERAL SAN MARTIN,330,APOS O HOSP. GETULIO VARGAS A SEGUNDA RUA A ESQUERDA,CORDEIRO,,SUBURBIO,COLISÃO TRASEIRA,COLISÃO SEM VITIMA,2,,,,,,,,,0,,Longo da via,,Sem defeito,Perfeito estado,Molhada,Perfeito estado,Faixa de pedestre,R-6a,,Dupla,Faixa contínua,,,,,,
2018-11-26,17:17:00,SEM VÍTIMA,FINALIZADA,COELHOS,RUA DOS COELHOS,,,LADO OPOSTO AO IMIP,RUA DOS COELHOS,,LADO OPOSTO AO IMIP,COELHOS,,CIDADE,ABALROAMENTO LONGITUDINAL,COLISÃO SEM VITIMAS,1,,,,,1,,,,0,,Longo da via,Bom,Não existe,Perfeito estado,Seca,,Não existe,Outras,40 km/h,Dupla,Faixa contínua,,,,,,
2018-11-26,17:55:00,SEM VÍTIMA,FINALIZADA,MADALENA,RUA NOBRE DE LACERDA,219,RUA MONSENHOR JULIO MARIA,,RUA NOBRE DE LACERDA,219,,MADALENA,,,ABALROAMENTO TRANSVERSAL,COLISÃO SEM VITIMA,2,,,,,,,,,0,,Cruzamento,Bom,Não existe,Perfeito estado,Seca,Mal conservada,Não existe,"Placas ""Pare""",,Única,Não existe,,,,,,
2018-11-26,18:09:00,SEM VÍTIMA,FINALIZADA,IBURA,AV ENGENHO SERRA VERDE,820,,,AV ENGENHO SERRA VERDE,820,,IBURA,,CIDADE,ABALROAMENTO LONGITUDINAL,FAIT UNO X CAMINHAO OBS:: EIXO DO VEICULO QUEBROU,1,,,,,,1,,,0,,Longo da via,Bom,Não existe,Perfeito estado,Seca,Perfeito estado,Não existe,Outras,,Única,Faixa seccionada,,,,,,
2018-11-26,18:14:00,SEM VÍTIMA,FINALIZADA,COQUEIRAL,RUA QUINZE DE NOVEMBRO,,,PRÓX A ESTAÇÃO COQUEIRAL,RUA QUINZE DE NOVEMBRO,,PRÓX A ESTAÇÃO COQUEIRAL,COQUEIRAL,,,ABALROAMENTO TRANSVERSAL,COLISÃO SEM VITIMAS,1,,,,,,1,,,0,,Longo da via,Bom,Não existe,Não existente,Seca,Perfeito estado,Não existe,Não há placas,,Dupla,Não existe,,,,,,
2018-11-26,18:51:00,COM VÍTIMA,FINALIZADA,VASCO DA GAMA,AV NORTE,6140,RUA AVIADOR PINTO RIBEIRO,ENF AO DESKONTAO,AV NORTE,6140,ENF AO DESKONTAO,VASCO DA GAMA,,SUBURBIO,COLISÃO COM CICLISTA,RENO X CICLISTA,1,,,1,,,,,,1,,Longo da via,Bom,Não existe,Perfeito estado,Seca,Perfeito estado,Faixa de pedestre,Outras,,Única,Faixa seccionada,,,,,,
2018-11-26,19:02:00,SEM VÍTIMA,FINALIZADA,ROSARINHO,RUA DR JOSE MARIA,,RUA DES MARTINS PEREIRA,,RUA DR JOSE MARIA,,,ROSARINHO,362,SUBURBIO,ABALROAMENTO LONGITUDINAL,COLISÃO SEM VITIMAS,2,,,,,,,,,0,,Cruzamento,Bom,Sem defeito,Não existente,Seca,Perfeito estado,,Não há placas,40 km/h,Dupla,Não existe,,,,,,
2018-11-26,20:54:00,SEM VÍTIMA,CANCELADA,BOA VIAGEM,RUA ERNESTO DE PAULA SANTOS,4100,AV BOA VIAGEM,EDF OASIS,RUA ERNESTO DE PAULA SANTOS,4100,EDF OASIS,BOA VIAGEM,113,,COLISÃO,DUAS MOTOS,,2,,,,,,,,0,,,,,,,,,,,,,,,,,,
2018-11-26,20:59:00,COM VÍTIMA,FINALIZADA,BOA VIAGEM,RUA PROFESSOR JOAO MEDEIROS,S/N,RUA DR RAUL LAFAYETTE,GALERIA UNIVERSAL / ACADEMIA R2,RUA PROFESSOR JOAO MEDEIROS,S/N,GALERIA UNIVERSAL / ACADEMIA R2,BOA VIAGEM,,CIDADE,COLISÃO TRASEIRA,COLISÃO COM VITIMA,,,1,,,1,,,,1,,Longo da via,Chuvoso,Não existe,,Molhada,Mal iluminada,Não existe,Não há placas,,Única,Faixa seccionada,,,,,,
2018-11-26,22:02:00,SEM VÍTIMA,FINALIZADA,BOA VIAGEM,RUA VISCONDE DE JEQUITINHONHA,,,,RUA VISCONDE DE JEQUITINHONHA,,,BOA VIAGEM,443,SUBURBIO,COLISÃO TRASEIRA,COLISÃO SEM VITIMA,1,,,,,1,,,,0,,Outros,Chuvoso,Sem defeito,Perfeito estado,Seca,Perfeito estado,,R-6a,,Única,Faixa contínua,,,,,,
2018-11-26,22:44:00,SEM VÍTIMA,FINALIZADA,GRAÇAS,AV RUI BARBOSA,,RUA DAS CREOULAS,SEMÁFORO Nº 102,AV RUI BARBOSA,,SEMÁFORO Nº 102,GRAÇAS,102,,ABALROAMENTO LONGITUDINAL,TAXI E MOTO,1,1,,,,,,,,0,,Cruzamento,Chuvoso,Sem defeito,Perfeito estado,Molhada,Perfeito estado,Faixa de pedestre,,,Única,Faixa contínua,,,,,,
2018-11-26,23:06:00,SEM VÍTIMA,FINALIZADA,SANTO AMARO,RUA ABDON BATISTA,306,,NA SAIDA DO HOSPITAL OSVALDO CRUZ POR TRAS DO HOSPITAL,RUA ABDON BATISTA,306,NA SAIDA DO HOSPITAL OSVALDO CRUZ POR TRAS DO HOSPITAL,SANTO AMARO,,CIDADE,CHOQUE VEÍCULO PARADO,SANDERO X CAMINHAO,1,,,,,,1,,,0,,Longo da via,Chuvoso,Não existe,Incompleta,Molhada,Mal iluminada,Não existe,Outras,,Dupla,Não existe,,,,,,
2018-11-27,07:34:00,SEM VÍTIMA,FINALIZADA,BOA VIAGEM,AV ANTONIO TORRES GALVAO,,,EM FRENTE A IGREJA EPISCOPAL,AV ANTONIO TORRES GALVAO,,EM FRENTE A IGREJA EPISCOPAL,BOA VIAGEM,,,COLISÃO,COLISÃO SEM VITIMAS,2,,,,,,,,,0,,,,,,,,,,,,,,,,,,
2018-11-27,07:50:00,SEM VÍTIMA,FINALIZADA,SANTO AMARO,AV JOAO DE BARROS,,,EM FRENTE AO EDIFICIO RIO VERDE,AV JOAO DE BARROS,,EM FRENTE AO EDIFICIO RIO VERDE,SANTO AMARO,,,COLISÃO,COLISÃO SEM VITIMAS,2,,,,,,,,,0,,,,,,,,,,,,,,,,,,
2018-11-27,08:12:00,SEM VÍTIMA,FINALIZADA,PARNAMIRIM,RUA JOAO TUDE DE MELO,,,SUBIDA DO VIADUTO SENTIDO TORRE,RUA JOAO TUDE DE MELO,,SUBIDA DO VIADUTO SENTIDO TORRE,PARNAMIRIM,,SUBURBIO,COLISÃO TRASEIRA,SEM VÍTIMAS. AGENTES NO LOCAL, VT RESERVA 01,1,1,,,,,,,,0,,Viaduto,Bom,Não existe,Perfeito estado,Seca,Perfeito estado,Não existe,Não há placas,,Única,Faixa seccionada,,,,,
2018-11-27,08:41:00,SEM VÍTIMA,FINALIZADA,GRAÇAS,RUA DAS CREOULAS,218,AV RUI BARBOSA,EM FRENTE AO CENTRO DE DIAGN[OSTICO QUALIMAGEM,RUA DAS CREOULAS,218,EM FRENTE AO CENTRO DE DIAGN[OSTICO QUALIMAGEM,GRAÇAS,102,CIDADE,COLISÃO TRASEIRA,COLISÃO SEM VITIMAS,3,,,,,,,,,0,,Cruzamento,Chuvoso,Sem defeito,Perfeito estado,Seca,Perfeito estado,Faixa de pedestre,R-6a,30 km/h,Única,Faixa seccionada,,,,,,
2018-11-27,08:43:00,SEM VÍTIMA,FINALIZADA,ESPINHEIRO,RUA DO ESPINHEIRO,160,RUA BARAO DE ITAMARACA,EM FRENTE A FARMACIA EXTRAFARMA E DROGASIL,RUA DO ESPINHEIRO,160,EM FRENTE A FARMACIA EXTRAFARMA E DROGASIL,ESPINHEIRO,86,CIDADE,ABALROAMENTO LONGITUDINAL,DOIS AUTOS,2,,,,,,,,,0,,Cruzamento,Bom,Sem defeito,Perfeito estado,Seca,Perfeito estado,Faixa de pedestre,Não há placas,,Única,Faixa contínua,,,,,,
2018-11-27,08:44:00,SEM VÍTIMA,FINALIZADA,PRADO,AV ENGENHEIRO ABDIAS DE CARVALHO,,,SEMÁFORO 422,AV ENGENHEIRO ABDIAS DE CARVALHO,,SEMÁFORO 422,PRADO,422,CIDADE,ABALROAMENTO LONGITUDINAL,SEM VÍTIMAS,1,,,,,,1,,,0,,Longo da via,Bom,Sem defeito,Perfeito estado,Seca,Perfeito estado,Agente,Outras,60 km/h,Única,Canteiro central,,,,,,
2018-11-27,08:54:00,SEM VÍTIMA,FINALIZADA,PINA,RUA NOGUEIRA DE SOUZA,234,RUA CONSUL JOSEPH NOUJAIM,BARRACO GASTROBAR,RUA NOGUEIRA DE SOUZA,234,BARRACO GASTROBAR,PINA,658,CIDADE,ABALROAMENTO LONGITUDINAL,DOIS AUTOS,2,,,,,,,,,0,,Longo da via,Chuvoso,Sem defeito,Perfeito estado,Molhada,Perfeito estado,Faixa de pedestre,Não há placas,60 km/h,Única,Faixa seccionada,,,,,,
2018-11-27,09:01:00,SEM VÍTIMA,FINALIZADA,TAMARINEIRA,EST VELHA DE AGUA FRIA,908,,RESIDENCIAL VITA,EST VELHA DE AGUA FRIA,908,RESIDENCIAL VITA,TAMARINEIRA,,SUBURBIO,COLISÃO TRASEIRA,COLISÃO,2,,,,,,,,,0,,Longo da via,Bom,Não existe,Perfeito estado,Seca,Perfeito estado,Não existe,Não há placas,60 km/h,Única,Faixa contínua,,,,,,
2018-11-27,09:24:00,SEM VÍTIMA,FINALIZADA,ENCRUZILHADA,RUA LARGA DO FEITOZA,404,RUA MARECHAL DEODORO,EM FRENTE AO EDF RAFAELA GONÇALVES,RUA LARGA DO FEITOZA,404,EM FRENTE AO EDF RAFAELA GONÇALVES,ENCRUZILHADA,,,COLISÃO,DOIS AUTOS,2,,,,,,,,,0,,,,,,,,,,,,,,,,,,
2018-11-27,09:50:00,COM VÍTIMA,FINALIZADA,BOA VIAGEM,AV BOA VIAGEM,2334,,E/F AO EDF CATAMARÃ,AV BOA VIAGEM,2334,E/F AO EDF CATAMARÃ,BOA VIAGEM,,CIDADE,COLISÃO TRASEIRA,COM UMA VÍTIMA,1,1,,,,,,,,1,,Longo da via,Chuvoso,Não existe,Ilegível,Molhada,Mal conservada,Não existe,Não há placas,,Única,Faixa seccionada,,,,,,
2018-11-27,10:12:00,SEM VÍTIMA,FINALIZADA,IMBIRIBEIRA,AV MARECHAL MASCARENHAS DE MORAES,,,SOB O SEMÁFORO 471,AV MARECHAL MASCARENHAS DE MORAES,,SOB O SEMÁFORO 471,IMBIRIBEIRA,471,CIDADE,COLISÃO TRASEIRA,DOIS AUTOS / FABIA LIMA E GERSON NO QTH / PONTO FIXO DO TRT,2,,,,,,,,,0,,Longo da via,Chuvoso,Sem defeito,Perfeito estado,Molhada,Perfeito estado,,Não há placas,60 km/h,Única,Canteiro central,,,,,,
2018-11-27,10:37:00,SEM VÍTIMA,CANCELADA,COELHOS,RUA PADRE VENANCIO,,,EM FRENTE AO POSTO DE SAUDE DOS COELHOS E HOSPITAL IMIP,RUA PADRE VENANCIO,,EM FRENTE AO POSTO DE SAUDE DOS COELHOS E HOSPITAL IMIP,COELHOS,,,COLISÃO,DOIS AUTOS,2,,,,,,,,,0,,,,,,,,,,,,,,,,,,
2018-11-27,10:49:00,SEM VÍTIMA,FINALIZADA,PRADO,AV ENGENHEIRO ABDIAS DE CARVALHO,1466,,,AV ENGENHEIRO ABDIAS DE CARVALHO,1466,,PRADO,,SUBURBIO,COLISÃO TRASEIRA,TRES AUTOS,3,,,,,,,,,0,,Longo da via,Bom,Não existe,Perfeito estado,Seca,Perfeito estado,Não existe,R-6a,60 km/h,Única,Canteiro central,,,,,,
2018-11-27,11:03:00,SEM VÍTIMA,FINALIZADA,BOA VIAGEM,RUA SETUBAL,464,RUA VERDES MARES,,RUA SETUBAL,464,,BOA VIAGEM,,CIDADE,ABALROAMENTO TRANSVERSAL,SEM VÍTIMAS,2,,,,,,,,,0,,Cruzamento,Bom,Não existe,Perfeito estado,Seca,Perfeito estado,Faixa de retenção,"Placas ""Pare""",30 km/h,Única,Faixa seccionada,,,,,,
2018-11-27,11:30:00,COM VÍTIMA,FINALIZADA,JIQUIÁ,AV DR JOSE RUFINO,2113,,LADO OPOSTO AO POSTO IPIRANGA,AV DR JOSE RUFINO,2113,LADO OPOSTO AO POSTO IPIRANGA,JIQUIÁ,,CIDADE,ABALROAMENTO LONGITUDINAL,COLISÃO ENTRE AUTO, MOTO E MOTONETA,1,1,1,,,,,,,1,,Longo da via,Bom,Não existe,Perfeito estado,Seca,Perfeito estado,Não existe,Outras,,Dupla,Faixa contínua,,,,,
2018-11-27,11:41:00,SEM VÍTIMA,FINALIZADA,MADALENA,AV VISCONDE DE ALBUQUERQUE,836,RUA DES LUIZ SALAZAR,EM FRENTE AO RESTAURANTE CANECA FINA,AV VISCONDE DE ALBUQUERQUE,836,EM FRENTE AO RESTAURANTE CANECA FINA,MADALENA,,SUBURBIO,ABALROAMENTO TRANSVERSAL,DOIS AUTOS,2,,,,,,,,,0,,Outros,Chuvoso,Não existe,Perfeito estado,Molhada,Perfeito estado,Não existe,Outras,,Única,Faixa seccionada,,,,,,
2018-11-27,12:15:00,SEM VÍTIMA,FINALIZADA,BAIRRO DO RECIFE,AV ALFREDO LISBOA,,,EM FRENTE A PRAÇA DO MARCO ZERO E A CAIXA,AV ALFREDO LISBOA,,EM FRENTE A PRAÇA DO MARCO ZERO E A CAIXA,BAIRRO DO RECIFE,,SUBURBIO,COLISÃO TRASEIRA,DOIS AUTOS,2,,,,,,,,,0,,Longo da via,Chuvoso,Não existe,Perfeito estado,Seca,Perfeito estado,Faixa de pedestre,Não há placas,30 km/h,Única,Não existe,,,,,,
2018-11-27,12:28:00,SEM VÍTIMA,FINALIZADA,BOA VIAGEM,AV DOM JOAO VI,,,,AV DOM JOAO VI,,,BOA VIAGEM,580,CIDADE,COLISÃO TRASEIRA,COLISÃO SEM VÍTIMA,1,1,,,,,,,,0,,Longo da via,Chuvoso,Sem defeito,Perfeito estado,Molhada,Perfeito estado,Faixa de pedestre,Outras,50 km/h,Dupla,Canteiro central,,,,,,
2018-11-27,12:53:00,SEM VÍTIMA,FINALIZADA,BONGI,AV ENGENHEIRO ABDIAS DE CARVALHO,962,,APOS O VIADUTO S/T CID E/F A DISTRIBUIIDORA DLP,AV ENGENHEIRO ABDIAS DE CARVALHO,962,APOS O VIADUTO S/T CID E/F A DISTRIBUIIDORA DLP,BONGI,,CIDADE,COLISÃO,COLISAO ENTRE MOTO E AUTO S/V,1,1,,,,,,,,0,,,,,,,,,,,,,,,,,,
2018-11-27,13:02:00,SEM VÍTIMA,FINALIZADA,BOA VIAGEM,RUA ERNESTO DE PAULA SANTOS,,RUA AMALIA BERNARDINO DE SOUZA,,RUA ERNESTO DE PAULA SANTOS,,,BOA VIAGEM,,SUBURBIO,ABALROAMENTO TRANSVERSAL,COLISAO ENTRE AUTO E MOTO S/V,1,1,,,,,,,,0,,Cruzamento,Chuvoso,Não existe,Incompleta,Molhada,Perfeito estado,Outros,Outras,,Única,Faixa seccionada,,,,,,
2018-11-27,13:09:00,SEM VÍTIMA,CANCELADA,DERBY,RUA FELICIANO GOMES,142,,POR TRAS DO BANCO BRADESCO,RUA FELICIANO GOMES,142,POR TRAS DO BANCO BRADESCO,DERBY,,,COLISÃO,DOIS AUTOS,2,,,,,,,,,0,,,,,,,,,,,,,,,,,,
2018-11-27,13:19:00,SEM VÍTIMA,FINALIZADA,AFOGADOS,RUA CRUCILANDIA,687,,AO LADO DO CLUBE VASSOURINHAS,RUA CRUCILANDIA,687,AO LADO DO CLUBE VASSOURINHAS,AFOGADOS,,,COLISÃO,DOIS AUTOS,2,,,,,,,,,0,,,,,,,,,,,,,,,,,,
2018-11-27,13:27:00,COM VÍTIMA,FINALIZADA,CAMPO GRANDE,RUA PROFESSOR FRANCISCO DA TRINDADE,,,ANTES DO CLUBE DAS PÁS NO FNAL DA RUA,RUA PROFESSOR FRANCISCO DA TRINDADE,,ANTES DO CLUBE DAS PÁS NO FNAL DA RUA,CAMPO GRANDE,,,ABALROAMENTO LONGITUDINAL,COLISÃO ENTRE AUTO, MOTO E CAMINHÃO.,1,1,,,,,1,,,2,,Longo da via,Bom,,Perfeito estado,Seca,Perfeito estado,Não existe,Não há placas,,Dupla,Faixa,,,,,
2018-11-27,13:29:00,SEM VÍTIMA,FINALIZADA,AREIAS,AV DR JOSE RUFINO,1312,,,AV DR JOSE RUFINO,1312,,AREIAS,,SUBURBIO,ABALROAMENTO LONGITUDINAL,CARRO OFICIAl EXERCITO E AUTO,2,,,,,,,,,0,,Longo da via,Chuvoso,Não existe,Perfeito estado,Molhada,Perfeito estado,Não existe,R-6a,,Dupla,Faixa contínua,,,,,,
2018-11-27,14:15:00,SEM VÍTIMA,CANCELADA,JOANA BEZERRA,AV BEIRA RIO,,,EM FRENTE A ACADEMIA DA CIDADE,AV BEIRA RIO,,EM FRENTE A ACADEMIA DA CIDADE,JOANA BEZERRA,,,COLISÃO,COLISÃO SEM VÍTIMA,1,1,,,,,,,,0,,,,,,,,,,,,,,,,,,
2018-11-27,14:32:00,SEM VÍTIMA,CANCELADA,CASA AMARELA,AV PEDRO ALLAIN,54,,AO LADO DO SUPERMERCADO KANELA,AV PEDRO ALLAIN,54,AO LADO DO SUPERMERCADO KANELA,CASA AMARELA,,,COLISÃO,DOIS AUTOS,2,,,,,,,,,0,,,,,,,,,,,,,,,,,,
2018-11-27,15:58:00,SEM VÍTIMA,FINALIZADA,SANTO AMARO,RUA DOS PALMARES,,,,RUA DOS PALMARES,,,SANTO AMARO,,,ABALROAMENTO LONGITUDINAL,CAMINHÃO E AUTO GM NO LOCAL,1,,,,,,1,,,0,,Longo da via,Chuvoso,,Perfeito estado,Molhada,Perfeito estado,,,40 km/h,Única,,,,,,,
2018-11-27,16:35:00,SEM VÍTIMA,FINALIZADA,IMBIRIBEIRA,RUA CORONEL FABRICIANO,,,EM FRENTE A ESTAÇÃO TANCREDO NEVES,RUA CORONEL FABRICIANO,,EM FRENTE A ESTAÇÃO TANCREDO NEVES,IMBIRIBEIRA,,CIDADE,ABALROAMENTO TRANSVERSAL,ONIBUS E AUTO,1,,,,,1,,,,0,,,Chuvoso,Não existe,Incompleta,Molhada,Perfeito estado,,Não há placas,,Única,,,,,,,
2018-11-27,17:24:00,SEM VÍTIMA,FINALIZADA,PINA,AV ENGENHEIRO DOMINGOS FERREIRA,149,,,AV ENGENHEIRO DOMINGOS FERREIRA,149,,PINA,,SUBURBIO,ABALROAMENTO LONGITUDINAL,ONIBUS E AUTO,1,,,,,1,,,,0,,Longo da via,Chuvoso,Não existe,Perfeito estado,Molhada,Perfeito estado,,Não há placas,60 km/h,Única,Canteiro central,,,,,,
2018-11-27,17:24:00,SEM VÍTIMA,FINALIZADA,BOA VIAGEM,RUA DEZ DE JULHO,,AV VINTE DE JANEIRO,,RUA DEZ DE JULHO,,,BOA VIAGEM,572,SUBURBIO,ABALROAMENTO LONGITUDINAL,COLISAO ENTRE DOIS ONIBUS S/V,,,,,,2,,,,0,,Cruzamento,Chuvoso,Sem defeito,Perfeito estado,Molhada,Perfeito estado,Não existe,Não há placas,,Única,Faixa seccionada,,,,,,
2018-11-27,18:00:00,SEM VÍTIMA,FINALIZADA,BOA VIAGEM,RUA PROFESSOR ARNALDO CARNEIRO LEAO,,RUA ANTONIO FALCAO,PROX JAIRO ROCHA IMOBILIARIA,RUA PROFESSOR ARNALDO CARNEIRO LEAO,,PROX JAIRO ROCHA IMOBILIARIA,BOA VIAGEM,,SUBURBIO,COLISÃO FRONTAL,HB 20 X MOTO,1,1,,,,,,,,0,,Longo da via,Bom,Não existe,Perfeito estado,Seca,Perfeito estado,Outros,Outras,60 km/h,Dupla,Outros,,,,,,
2018-11-27,18:19:00,COM VÍTIMA,FINALIZADA,AFOGADOS,RUA JOAO IVO DA SILVA,,,FIORI,RUA JOAO IVO DA SILVA,,FIORI,AFOGADOS,,SUBURBIO,COLISÃO TRASEIRA,COLISÃO COM VITIMA/ AGUARDANDO ATENDIMENTO NO LOCAL,1,1,,,,,,,,1,,Longo da via,Bom,Não existe,Incompleta,Seca,Mal iluminada,Não existe,Outras,,Única,Faixa seccionada,,,,,,
2018-11-27,18:50:00,SEM VÍTIMA,FINALIZADA,PAISSANDU,AV GOVERNADOR AGAMENON MAGALHAES,,,EMPRESARIAL THOMAS EDSON,AV GOVERNADOR AGAMENON MAGALHAES,,EMPRESARIAL THOMAS EDSON,PAISSANDU,,CIDADE,COLISÃO TRASEIRA,COLISÃO SEM VITIMA,2,,,,,,,,,0,,Longo da via,Bom,Sem defeito,Perfeito estado,Seca,Perfeito estado,Outros,"Placas ""Pare""",,Dupla,Faixa seccionada,,,,,,