data,hora,natureza_acidente,situacao,bairro,endereco,numero,detalhe_endereco_acidente,complemento,endereco_cruzamento,numero_cruzamento,referencia_cruzamento,bairro_cruzamento,num_semaforo,sentido_via,tipo,descricao,auto,moto,ciclom,ciclista,pedestre,onibus,caminhao,viatura,outros,vitimas,vitimasfatais,acidente_verificado,tempo_clima,situacao_semaforo,sinalizacao,condicao_via,conservacao_via,ponto_controle,situacao_placa,velocidade_max_via,mao_direcao,divisao_via1,divisao_via2,divisao_via3,,,,
2018-11-27,19:01:00,SEM VÍTIMA,CANCELADA,BOA VIAGEM,RUA BARAO DE AGUA BRANCA,160,RUA DUQUE ESTRADA,PROX A POUSADA SOL E MAR,RUA BARAO DE AGUA BRANCA,160,PROX A POUSADA SOL E MAR,BOA VIAGEM,,,COLISÃO,TOYOTA COROLA X TOYTA ETIOS,2,,,,,,,,,0,,,,,,,,,,,,,,,,,,
2018-11-27,22:06:00,SEM VÍTIMA,FINALIZADA,PINA,PTE GOVERNADOR PAULO GUERRA,,,SENTIDO RIOMAR,PTE GOVERNADOR PAULO GUERRA,,SENTIDO RIOMAR,PINA,,SUBURBIO,ABALROAMENTO LONGITUDINAL,DOIS AUTO,2,,,,,,,,,0,,Longo da via,Bom,Não existe,Perfeito estado,Seca,Perfeito estado,Outros,Outras,,Única,Faixa seccionada,,,,,,
2018-11-27,22:30:00,COM VÍTIMA,FINALIZADA,JARDIM SÃO PAULO,RUA LEANDRO BARRETO,,RUA LORENA,POSTO DA CELPE Nº B07160D,RUA LEANDRO BARRETO,,POSTO DA CELPE Nº B07160D,JARDIM SÃO PAULO,,SUBURBIO,COLISÃO COM CICLISTA,ONIBUS X CICLISTA,,,,1,,1,,,,1,,Longo da via,Bom,Não existe,Ilegível,Seca,Mal iluminada,Não existe,Não há placas,30 km/h,Dupla,Canteiro central,,,,,,
2018-11-28,06:40:00,SEM VÍTIMA,FINALIZADA,ESPINHEIRO,RUA QUARENTA E OITO,,RUA CONS PORTELA,,RUA QUARENTA E OITO,,,ESPINHEIRO,11,CIDA,ABALROAMENTO LONGITUDINAL,SEM VITIMAS,2,,,,,,,,,0,,Cruzamento,Bom,Sem defeito,Perfeito estado,Seca,Perfeito estado,,Não há placas,40 km/h,Única,Faixa seccionada,,,,,,
2018-11-28,06:42:00,SEM VÍTIMA,FINALIZADA,BOA VISTA,AV GOVERNADOR AGAMENON MAGALHAES,,AV JOAO DE BARROS,,AV GOVERNADOR AGAMENON MAGALHAES,,,BOA VISTA,,CIDADE,ABALROAMENTO LONGITUDINAL,COLISÃO SEM VITIMAS,1,,,,,1,,,,0,,Cruzamento,Bom,Sem defeito,Perfeito estado,Seca,Perfeito estado,Não existe,Não há placas,,Única,Não existe,,,,,,
2018-11-28,07:49:00,SEM VÍTIMA,FINALIZADA,ESPINHEIRO,RUA DO ESPINHEIRO,,RUA SANTO ELIAS,,RUA DO ESPINHEIRO,,,ESPINHEIRO,,SUBURBIO,ABALROAMENTO TRANSVERSAL,COLISÃO SEM VITIMAS,2,,,,,,,,,0,,Cruzamento,Bom,Sem defeito,Perfeito estado,Seca,Perfeito estado,Faixa de pedestre,Outras,30 km/h,Única,Outros,,,,,,
2018-11-28,07:59:00,SEM VÍTIMA,FINALIZADA,ESPINHEIRO,RUA CONS PORTELA,,RUA QUARENTA E OITO,,RUA CONS PORTELA,,,ESPINHEIRO,11,SUBURBIO,ABALROAMENTO LONGITUDINAL,SEM VITIMAS ,CTTU NO LOCAL VT 08,1,1,,,,,,,,0,,Cruzamento,Bom,Sem defeito,Perfeito estado,Seca,Perfeito estado,,Não há placas,40 km/h,Única,Faixa seccionada,,,,,
2018-11-28,08:34:00,SEM VÍTIMA,FINALIZADA,,RUA MONTE CASTELO,35,,EM FRENTE AO POSTO IPIRANGA,RUA MONTE CASTELO,35,EM FRENTE AO POSTO IPIRANGA,,,SUBURBIO,ABALROAMENTO LONGITUDINAL,SEM VITIMAS ,ENTRE UM CARRO FORTE E UM AUTO PASSEIO,1,,,,,,,1,,0,,Longo da via,Bom,Sem defeito,Perfeito estado,Seca,Perfeito estado,,Outras,,Única,Faixa seccionada,,,,,
2018-11-28,09:33:00,SEM VÍTIMA,FINALIZADA,PINA,AV ANTONIO DE GOES,534,,A LOJA DE VEÍCULOS DETROIT CAR,AV ANTONIO DE GOES,534,A LOJA DE VEÍCULOS DETROIT CAR,PINA,538,CIDADE,COLISÃO TRASEIRA,SEM VITIMAS,2,,,,,,,,,0,,Longo da via,Bom,Sem defeito,Perfeito estado,Seca,Perfeito estado,Não existe,Outras,,Única,Canteiro central,,,,,,
2018-11-28,09:52:00,SEM VÍTIMA,FINALIZADA,MADALENA,EST DOS REMEDIOS,,AV JOSE GONCALVES DE MEDEIROS,NO SEMAFORO 353,EST DOS REMEDIOS,,NO SEMAFORO 353,MADALENA,353,CIDADE,ABALROAMENTO LONGITUDINAL,CAMINHÃO E AUTO GM PONTO FIXO,1,,,,,,1,,,0,,Longo da via,Bom,Sem defeito,Perfeito estado,Seca,Perfeito estado,Agente,Não há placas,,Única,Faixa contínua,,,,,,
2018-11-28,10:31:00,SEM VÍTIMA,FINALIZADA,SANTO AMARO,AV CRUZ CABUGA,,,E/F AO SHOPPING TACARUNA,AV CRUZ CABUGA,,E/F AO SHOPPING TACARUNA,SANTO AMARO,,CIDADE,COLISÃO,SEM VÍTIMAS,2,,,,,,,,,0,,,,,,,,,,,,,,,,,,
2018-11-28,10:48:00,SEM VÍTIMA,FINALIZADA,AFLITOS,AV CONS ROSA E SILVA,502,,APOS O HOSPITAL DO SERVIDOR EM FRENTE AO LAVA JATO AUTO BOX,AV CONS ROSA E SILVA,502,APOS O HOSPITAL DO SERVIDOR EM FRENTE AO LAVA JATO AUTO BOX,AFLITOS,,,COLISÃO,COLISÃO SEM VITIMAS,1,,,,,1,,,,0,,,,,,,,,,,,,,,,,,
2018-11-28,10:55:00,SEM VÍTIMA,FINALIZADA,IPSEP,RUA ITACARI,,RUA ITAJAI,EM FRENTE A EMPRESA DE SEGURANÇA,RUA ITACARI,,EM FRENTE A EMPRESA DE SEGURANÇA,IPSEP,,,ABALROAMENTO LONGITUDINAL,AUTO E MOTO,1,1,,,,,,,,0,,Longo da via,Bom,Não existe,Perfeito estado,Seca,Perfeito estado,Não existe,Outras,,Única,Não existe,,,,,,
2018-11-28,10:55:00,COM VÍTIMA,FINALIZADA,ESTÂNCIA,AV DR JOSE RUFINO,2059,,EM FRENTE AO POSTO DE GASOLINA IPIRANGA,AV DR JOSE RUFINO,2059,EM FRENTE AO POSTO DE GASOLINA IPIRANGA,ESTÂNCIA,,SUBURBIO,COLISÃO FRONTAL,COLISÃO COM VITIMA A ESPERA DO SAMU,1,1,,,,,,,,1,,Longo da via,Bom,Sem defeito,Perfeito estado,Seca,Perfeito estado,Faixa de pedestre,,,Dupla,Faixa,,,,,,
2018-11-28,11:16:00,SEM VÍTIMA,FINALIZADA,ESPINHEIRO,AV CONS ROSA E SILVA,315,,,AV CONS ROSA E SILVA,315,,ESPINHEIRO,,SUBURBIO,ABALROAMENTO LONGITUDINAL,COLISÃO SEM VITIMAS,2,,,,,,,,,0,,Longo da via,Bom,Sem defeito,Perfeito estado,Seca,Perfeito estado,Faixa de pedestre,Outras,,Única,Faixa seccionada,,,,,,
2018-11-28,11:17:00,SEM VÍTIMA,FINALIZADA,IMBIRIBEIRA,RUA MENDES JUNIOR,178,RUA ROCA SALES,,RUA MENDES JUNIOR,178,,IMBIRIBEIRA,,SUBURBIO,ABALROAMENTO TRANSVERSAL,AUTO E CAMINHÃO,1,,,,,,1,,,0,,,Bom,Não existe,Não existente,Seca,Perfeito estado,Não existe,Não há placas,,Dupla,Não existe,,,,,,
2018-11-28,11:45:00,SEM VÍTIMA,FINALIZADA,IMBIRIBEIRA,AV MARECHAL MASCARENHAS DE MORAES,440,,EM FRENTE A LOJA SO ARTE,AV MARECHAL MASCARENHAS DE MORAES,440,EM FRENTE A LOJA SO ARTE,IMBIRIBEIRA,,CIDADE,CHOQUE VEÍCULO PARADO,COLISÃO SEM VITIMAS,2,,,,,,,,,0,,Longo da via,Bom,Não existe,Ilegível,Seca,Mal conservada,Não existe,Não há placas,,Dupla,Faixa seccionada,,,,,,
2018-11-28,12:23:00,SEM VÍTIMA,CANCELADA,GRAÇAS,RUA AMELIA,,,EM FRENTE AO COLEGIO AGNES,RUA AMELIA,,EM FRENTE AO COLEGIO AGNES,GRAÇAS,,,COLISÃO,COLISÃO SEM VÍTIMA,1,,,,,,,,1,0,,,,,,,,,,,,,,,,,,
2018-11-28,12:43:00,SEM VÍTIMA,FINALIZADA,SANTO AMARO,AV GOVERNADOR AGAMENON MAGALHAES,,,EM FRENTE A JEEP,AV GOVERNADOR AGAMENON MAGALHAES,,EM FRENTE A JEEP,SANTO AMARO,,CIDADE,COLISÃO TRASEIRA,COLISÃO SEM VÍTIMA,3,,,,,,,,,0,,Longo da via,Bom,Sem defeito,Perfeito estado,Seca,Perfeito estado,Não existe,Não há placas,,Única,Faixa seccionada,,,,,,
2018-11-28,13:39:00,SEM VÍTIMA,FINALIZADA,BOA VIAGEM,RUA ERNESTO DE PAULA SANTOS,,RUA CORONEL ANIZIO RODRIGUES COELHO,,RUA ERNESTO DE PAULA SANTOS,,,BOA VIAGEM,,,ABALROAMENTO TRANSVERSAL,COLISAO ENTRE DOIS AUTOS S/V,2,,,,,,,,,0,,Cruzamento,Bom,Sem defeito,Perfeito estado,Seca,Perfeito estado,Outros,Outras,,Única,Faixa seccionada,,,,,,
2018-11-28,14:00:00,SEM VÍTIMA,FINALIZADA,ESPINHEIRO,RUA QUARENTA E OITO,,RUA CONS PORTELA,,RUA QUARENTA E OITO,,,ESPINHEIRO,11,CIDADE,ABALROAMENTO LONGITUDINAL,AUTO E ONIBUS,1,,,,,1,,,,0,,Cruzamento,Bom,Sem defeito,Perfeito estado,Seca,Perfeito estado,Outros,Outras,,Única,Não existe,,,,,,
2018-11-28,14:04:00,SEM VÍTIMA,FINALIZADA,DERBY,RUA HENRIQUE DIAS,,,EM FRENTE A FUNDAÇÃO JOAQUIM NABUCO,RUA HENRIQUE DIAS,,EM FRENTE A FUNDAÇÃO JOAQUIM NABUCO,DERBY,,CIDADE,ABALROAMENTO LONGITUDINAL,COLISÃO SEM VITIMA,2,,,,,,,,,0,,Longo da via,Bom,Não existe,Perfeito estado,Seca,Perfeito estado,Não existe,Outras,,Única,Canteiro central,,,,,,
2018-11-26,14:12:00,SEM VÍTIMA,FINALIZADA,MADALENA,RUA DEMOCRITO DE SOUZA FILHO,335,,EM FRENTE AO EMPRESARIAL GREEN TOWER,RUA DEMOCRITO DE SOUZA FILHO,335,EM FRENTE AO EMPRESARIAL GREEN TOWER,MADALENA,,CIDADE,ABALROAMENTO TRANSVERSAL,DOIS AUTOS,2,,,,,,,,,0,,Longo da via,Bom,Não existe,Perfeito estado,Seca,Perfeito estado,Não existe,R-6a,,Única,Não existe,,,,,,
2018-11-28,14:21:00,SEM VÍTIMA,FINALIZADA,VÁRZEA,AV CAXANGA,,,EM FRENTE AO POSTO SHELL / SENTIDO CAMARAGIBE,AV CAXANGA,,EM FRENTE AO POSTO SHELL / SENTIDO CAMARAGIBE,VÁRZEA,568,SUBURBIO,COLISÃO TRASEIRA,COLISÃO SEM VÍTIMA,1,1,,,,,,,,0,,Longo da via,Bom,Sem defeito,Perfeito estado,Seca,Perfeito estado,Faixa de pedestre,Outras,,Dupla,Canteiro central,,,,,,
2018-11-28,16:06:00,SEM VÍTIMA,FINALIZADA,AFOGADOS,RUA DA PAZ,,,EM FRENTE ALUMIAÇO,RUA DA PAZ,,EM FRENTE ALUMIAÇO,AFOGADOS,,SUBURBIO,COLISÃO TRASEIRA,COLISÃO SEM VÍTIMA,2,,,,,,,,,0,,Ponte,Bom,Sem defeito,Perfeito estado,Seca,Perfeito estado,Faixa de pedestre,R-6a,,Única,Faixa seccionada,,,,,,
2018-11-28,16:27:00,COM VÍTIMA,FINALIZADA,BOA VIAGEM,RUA VISCONDE DE JEQUITINHONHA,455,,,RUA VISCONDE DE JEQUITINHONHA,455,,BOA VIAGEM,,SUBURBIO,COLISÃO TRASEIRA,COLISAO ENTRE DOIS AUTOS S/V,1,,,,,,1,,,1,,Longo da via,Bom,Não existe,,Seca,Perfeito estado,Não existe,Outras,60 km/h,Única,Canteiro central,,,,,,
2018-11-28,17:48:00,SEM VÍTIMA,FINALIZADA,DERBY,AV GOVERNADOR AGAMENON MAGALHAES,,,EM FRENTE AO HOSPITAL DE RESTAURAÇÃO,AV GOVERNADOR AGAMENON MAGALHAES,,EM FRENTE AO HOSPITAL DE RESTAURAÇÃO,DERBY,,SUBURBIO,ABALROAMENTO LONGITUDINAL,JEEP X CAMINHAO REBOQUE DA PORTO SEG,1,,,,,,1,,,0,,Longo da via,Bom,Sem defeito,Perfeito estado,Seca,Perfeito estado,,,,Dupla,Faixa seccionada,,,,,,
2018-11-28,17:54:00,SEM VÍTIMA,FINALIZADA,MONTEIRO,EST DO ARRAIAL,,AV DR EURICO CHAVES,,EST DO ARRAIAL,,,MONTEIRO,107,,ABALROAMENTO LONGITUDINAL,ÔNIBUS X AUTO S/V.,1,,,,,1,,,,0,,Longo da via,Bom,Não existe,Perfeito estado,Seca,Perfeito estado,Não existe,Outras,,Única,Faixa seccionada,,,,,,
2018-11-28,18:04:00,COM VÍTIMA,FINALIZADA,PINA,AV ANTONIO DE GOES,,,EM FRENTE AO DPRF,AV ANTONIO DE GOES,,EM FRENTE AO DPRF,PINA,,CIDADE,COLISÃO TRASEIRA,COLISÃO ENTRE DUAS MOTOCICLETAS COM VÍTIMAS,,2,,,,,,,,1,,Longo da via,Bom,Não existe,Perfeito estado,Seca,Perfeito estado,,Não há placas,,Única,Canteiro central,,,,,,
2018-11-28,18:07:00,COM VÍTIMA,FINALIZADA,BOA VIAGEM,RUA VISCONDE DE JEQUITINHONHA,,,POR TRÁS DO EDF. MAR MEDITERRÂNEO,RUA VISCONDE DE JEQUITINHONHA,,POR TRÁS DO EDF. MAR MEDITERRÂNEO,BOA VIAGEM,,SUBURBIO,CAPOTAMENTO,AUTO,1,,,,,,,,,1,,Longo da via,Bom,Não existe,Não existente,Seca,Perfeito estado,Não existe,Não há placas,,Única,Canteiro central,,,,,,
2018-11-28,18:15:00,COM VÍTIMA,FINALIZADA,TORRE,AV BEIRA RIO,,,RUA MARCOS ANDRE,AV BEIRA RIO,,RUA MARCOS ANDRE,TORRE,,SUBURBIO,ABALROAMENTO TRANSVERSAL,COROLA X BROSS,1,1,,,,,,,,1,,Longo da via,Bom,Não existe,Perfeito estado,Seca,Perfeito estado,Não existe,Não há placas,,Dupla,Faixa contínua,,,,,,
2018-11-28,19:20:00,SEM VÍTIMA,FINALIZADA,AFOGADOS,EST DOS REMEDIOS,,EST DO BONGI,,EST DOS REMEDIOS,,,AFOGADOS,394,CIDADE,ABALROAMENTO LONGITUDINAL,AUTO X MOTO S/V,1,1,,,,,,,,0,,Longo da via,Bom,Sem defeito,Perfeito estado,Seca,Perfeito estado,Faixa de pedestre,Não há placas,,Única,Faixa seccionada,,,,,,
2018-11-28,20:08:00,COM VÍTIMA,FINALIZADA,SÃO JOSÉ,RUA DO PEIXOTO,874,RUA DA CONCORDIA,EM FRENTE À CAMPOSFRIO REFRIGERAÇÃO,RUA DO PEIXOTO,874,EM FRENTE À CAMPOSFRIO REFRIGERAÇÃO,SÃO JOSÉ,182,SUBURBIO,COLISÃO COM CICLISTA,ÔNIBUS X CICLISTA,,,,1,,1,,,,1,,Cruzamento,Bom,Sem defeito,Perfeito estado,Seca,Perfeito estado,,R-6a,,Única,Não existe,,,,,,
2018-11-28,21:15:00,SEM VÍTIMA,FINALIZADA,SANTO AMARO,AV CRUZ CABUGA,165,,EM FRENTE À IGREJA ASSEMBLÉIA DE DEUS,AV CRUZ CABUGA,165,EM FRENTE À IGREJA ASSEMBLÉIA DE DEUS,SANTO AMARO,523,CIDADE,COLISÃO TRASEIRA,ENTRE AUTOS S/V.,2,,,,,,,,,0,,Longo da via,Bom,Sem defeito,Perfeito estado,Seca,Perfeito estado,Faixa de pedestre,R-6a,,Dupla,Faixa contínua,,,,,,
2018-11-28,22:32:00,SEM VÍTIMA,CANCELADA,COHAB,RUA DR OTAVIO DE MORAES VASCONCELOS,,,PRÓX AO SUPERMECARDO TREVO,RUA DR OTAVIO DE MORAES VASCONCELOS,,PRÓX AO SUPERMECARDO TREVO,COHAB,,,COLISÃO,ÔNIBUS X MOTO S/V.,,1,,,,1,,,,0,,,,,,,,,,,,,,,,,,
2018-11-28,23:36:00,SEM VÍTIMA,CANCELADA,IPSEP,AV PRESIDENTE DUTRA,,,DESCIDA DO VIADUTO TANCREDO NEVES,AV PRESIDENTE DUTRA,,DESCIDA DO VIADUTO TANCREDO NEVES,IPSEP,,SUBURBIO,CHOQUE OBJETO FIXO,VEÍCULO CHOCOU-SE CONTRA ÁRVORE,1,,,,,,,,,0,,,,,,,,,,,,,,,,,,
2018-11-29,00:06:00,COM VÍTIMA,CANCELADA,ROSARINHO,RUA DR JOSE MARIA,,,EM FRENTE A PRAÇA DA SANTA // APÓS A CASA ROSADA,RUA DR JOSE MARIA,,EM FRENTE A PRAÇA DA SANTA // APÓS A CASA ROSADA,ROSARINHO,,,COLISÃO,COLISÃO ENTRE AUTO E MOTO, COM VÍTIMA.,1,1,,,,,,,,1,,,,,,,,,,,,,,,,,
2018-11-29,04:30:00,SEM VÍTIMA,FINALIZADA,COELHOS,RUA DOS COELHOS,,RUA PADRE VENANCIO,PRÓXIMO A PONTE JOAQUIM CARDOSO,RUA DOS COELHOS,,PRÓXIMO A PONTE JOAQUIM CARDOSO,COELHOS,,SUBURBIO,ABALROAMENTO TRANSVERSAL,AUTO X ÔNIBUS S/V.,1,,,,,1,,,,0,,Cruzamento,Chuvoso,Não existe,Perfeito estado,Molhada,Perfeito estado,Não existe,Não há placas,,Dupla,Faixa contínua,,,,,,
2018-11-29,07:17:00,SEM VÍTIMA,FINALIZADA,MADALENA,EST DOS REMEDIOS,,,,EST DOS REMEDIOS,,,MADALENA,353,,ABALROAMENTO LONGITUDINAL,SM VÍTIMAS,2,,,,,,,,1,0,,Cruzamento,Bom,Sem defeito,Perfeito estado,Seca,Perfeito estado,Faixa de retenção,R-6a,,Única,,,,,,,
2018-11-29,07:43:00,SEM VÍTIMA,FINALIZADA,AFOGADOS,RUA DO FONSECA,1780,EST DOS REMEDIOS,AO LADO DA NISSAN,RUA DO FONSECA,1780,AO LADO DA NISSAN,AFOGADOS,,CIDADE,CHOQUE VEÍCULO PARADO,SEM VITIMAS,1,1,,,,,,,,0,,,Bom,Não existe,Incompleta,Seca,Perfeito estado,Não existe,Não há placas,,Dupla,Não existe,,,,,,
2018-11-29,08:33:00,COM VÍTIMA,FINALIZADA,ILHA DO LEITE,AV GOVERNADOR AGAMENON MAGALHAES,,,EM FRNTE AO HOSPITAL PORTUGUES,AV GOVERNADOR AGAMENON MAGALHAES,,EM FRNTE AO HOSPITAL PORTUGUES,ILHA DO LEITE,69,CIDADE,ABALROAMENTO LONGITUDINAL,COM UMA VITIMA AGUARDANDO SAMU,1,1,,,,,,,,1,,Longo da via,Bom,Sem defeito,Perfeito estado,Seca,Perfeito estado,Outros,Outras,60 km/h,Dupla,Canteiro central,,,,,,
2018-11-29,08:57:00,SEM VÍTIMA,FINALIZADA,ESPINHEIRO,AV CONS ROSA E SILVA,347,RUA CONFEDERACAO DO EQUADOR,EM FRENTE AO HOSPITAL DO SERVIDOR,AV CONS ROSA E SILVA,347,EM FRENTE AO HOSPITAL DO SERVIDOR,ESPINHEIRO,309,,COLISÃO TRASEIRA,COLISÃO SEM VITIMAS VT 13 QTH,2,,,,,,,,,0,,Longo da via,Bom,Sem defeito,Perfeito estado,Seca,Perfeito estado,Faixa de pedestre,Não há placas,,Única,Faixa contínua,,,,,,
2018-11-29,09:27:00,SEM VÍTIMA,FINALIZADA,SÃO JOSÉ,AV SUL,61,VDO PAPA JOAO PAULO II,SOB O VIADUTO JOANA BEZERRA,AV SUL,61,SOB O VIADUTO JOANA BEZERRA,SÃO JOSÉ,,CIDADE,COLISÃO TRASEIRA,SEM VITIMAS,2,,,,,,,,,0,,Longo da via,Bom,Não existe,Incompleta,Seca,Perfeito estado,Não existe,Não há placas,60 km/h,Dupla,Canteiro central,,,,,,
2018-11-29,11:55:00,COM VÍTIMA,CANCELADA,BOA VIAGEM,AV CONSELHEIRO AGUIAR,2770,,MOTOCICLETA CAIDA NA VIA, POSSSIVELMENTE ACIDENTE DE PERCURSO, CONFORME INFORMAÇÃO REPASSADA PELA ATENDENTE MONICA DO 0800.,AV CONSELHEIRO AGUIAR,2770,MOTOCICLETA CAIDA NA VIA, POSSSIVELMENTE ACIDENTE DE PERCURSO, CONFORME INFORMAÇÃO REPASSADA PELA ATENDENTE MONICA DO 0800.,BOA VIAGEM,,,COLISÃO,,,1,,,,,,,,1,,,,,,,,,,,,,,
2018-11-29,12:09:00,SEM VÍTIMA,FINALIZADA,BOA VISTA,RUA DO HOSPICIO,,,EM FRENTE AO EDF GARAGEM MARECHAL CASTELO BRANCO,RUA DO HOSPICIO,,EM FRENTE AO EDF GARAGEM MARECHAL CASTELO BRANCO,BOA VISTA,,CIDADE,ABALROAMENTO LONGITUDINAL,COLISAO ENTRE ONIBUS DO BRT E AUTO S/V,1,,,,,1,,,,0,,Longo da via,Bom,Sem defeito,Perfeito estado,Seca,Perfeito estado,,R-6a,,Dupla,Canteiro central,,,,,,
2018-11-29,12:14:00,SEM VÍTIMA,FINALIZADA,PINA,AV ANTONIO DE GOES,500,,FRENTE AO Nº 500,AV ANTONIO DE GOES,500,FRENTE AO Nº 500,PINA,,CIDADE,COLISÃO TRASEIRA,COLISO ENTRE QUATRO AUTO S/V,4,,,,,,,,,0,,Longo da via,Bom,Sem defeito,Perfeito estado,Seca,Perfeito estado,Agente,Outras,60 km/h,Única,Faixa seccionada,,,,,,
2018-11-29,12:14:00,SEM VÍTIMA,FINALIZADA,BOA VISTA,RUA DO PRINCIPE,,RUA DO HOSPICIO,EM FRENTE A CAMARA DOS VEREADORES DO RECIFE,RUA DO PRINCIPE,,EM FRENTE A CAMARA DOS VEREADORES DO RECIFE,BOA VISTA,31,,ABALROAMENTO LONGITUDINAL,COLISÃO SEM VÍTIMA,2,,,,,,,,,0,,Cruzamento,Bom,Sem defeito,Perfeito estado,Seca,Mal conservada,Faixa de pedestre,Não há placas,,Única,Faixa contínua,,,,,,
2018-11-29,12:25:00,SEM VÍTIMA,FINALIZADA,VÁRZEA,AV CAXANGA,,,EM FRENTE AO TERMINAL DE INTEGRAÇÃO,AV CAXANGA,,EM FRENTE AO TERMINAL DE INTEGRAÇÃO,VÁRZEA,262,SUBURBIO,ABALROAMENTO LONGITUDINAL,COLISÃO SEM VÍTIMA,1,,,,,,,1,,0,,Longo da via,Bom,Sem defeito,Perfeito estado,Seca,Perfeito estado,Faixa de pedestre,Outras,,Única,Faixa contínua,,,,,,
2018-11-29,12:36:00,SEM VÍTIMA,FINALIZADA,CASA AMARELA,RUA PADRE LEMOS,500,,EM FRENTE AOS CORREIOS,RUA PADRE LEMOS,500,EM FRENTE AOS CORREIOS,CASA AMARELA,,SUBURBIO,ABALROAMENTO LONGITUDINAL,AUTO E MOTO,1,1,,,,,,,,0,,Longo da via,Bom,Não existe,Perfeito estado,Seca,Perfeito estado,,,,Dupla,Faixa seccionada,,,,,,
2018-11-29,12:43:00,SEM VÍTIMA,FINALIZADA,TORRE,AV BEIRA RIO,,,EM FRENTE A ACADEMIA DA CIDADE,AV BEIRA RIO,,EM FRENTE A ACADEMIA DA CIDADE,TORRE,,SUBURBIO,COLISÃO TRASEIRA,SEM VÍTIMA,4,,,,,,,,,0,,Longo da via,Bom,Não existe,Perfeito estado,Seca,Perfeito estado,Não existe,R-6a,,Única,,,,,,,
2018-11-29,13:54:00,COM VÍTIMA,FINALIZADA,CASA AMARELA,AV NORTE,5795,,AO LADO DA PARADA DE ÔNIBUS NÚMERO 110044.,AV NORTE,5795,AO LADO DA PARADA DE ÔNIBUS NÚMERO 110044.,CASA AMARELA,95,SUBURBIO,ATROPELAMENTO,COM VÍTIMA,,1,,,1,,,,,1,,Longo da via,Bom,Não existe,Perfeito estado,Seca,Perfeito estado,Não existe,Outras,,Dupla,Faixa seccionada,,,,,,
2018-11-29,14:18:00,SEM VÍTIMA,FINALIZADA,VÁRZEA,AV CAXANGA,,,EM FRENTE A GMAG, PROX. AO T.I,AV CAXANGA,,EM FRENTE A GMAG, PROX. AO T.I,VÁRZEA,262,CIDADE,COLISÃO TRASEIRA,COLISAO ENTRE DOIS AUTOS S/V,2,,,,,,,,,0,,Longo da via,Bom,Sem defeito,Perfeito estado,Seca,Perfeito estado,Faixa de pedestre,Outras,,Única,Faixa contínua,,,,
2018-11-29,14:51:00,SEM VÍTIMA,FINALIZADA,CIDADE UNIVERSITÁRIA,RUA PROFESSOR CHAVES BATISTA,81,,,RUA PROFESSOR CHAVES BATISTA,81,,CIDADE UNIVERSITÁRIA,,CIDADE,ABALROAMENTO TRANSVERSAL,AUTO E CAMINHAO,1,,,,,,1,,,0,,Longo da via,Bom,Não existe,Perfeito estado,Seca,Perfeito estado,Não existe,Não há placas,,Única,Não existe,,,,,,
2018-11-29,14:52:00,COM VÍTIMA,FINALIZADA,COQUEIRAL,RUA PAULINO DE FARIAS,504,RUA ESCADA,PROXIMO A ESCOLA MORANGUINHO,RUA PAULINO DE FARIAS,504,PROXIMO A ESCOLA MORANGUINHO,COQUEIRAL,,CIDADE,COLISÃO FRONTAL,COLISÃO COM VÍTIMA,1,1,,,,,,,,1,,Cruzamento,Bom,Não existe,Incompleta,Seca,Perfeito estado,Outros,Outras,,Dupla,Não existe,,,,,,