data,hora,natureza_acidente,situacao,bairro,endereco,numero,detalhe_endereco_acidente,complemento,endereco_cruzamento,numero_cruzamento,referencia_cruzamento,bairro_cruzamento,num_semaforo,sentido_via,tipo,descricao,auto,moto,ciclom,ciclista,pedestre,onibus,caminhao,viatura,outros,vitimas,vitimasfatais,acidente_verificado,tempo_clima,situacao_semaforo,sinalizacao,condicao_via,conservacao_via,ponto_controle,situacao_placa,velocidade_max_via,mao_direcao,divisao_via1,divisao_via2,divisao_via3,,,,
2018-11-29,15:02:00,SEM VÍTIMA,FINALIZADA,BOA VIAGEM,AV CONSELHEIRO AGUIAR,1555,,,AV CONSELHEIRO AGUIAR,1555,,BOA VIAGEM,,CIDADE,ABALROAMENTO LONGITUDINAL,AUTO E ONIBUS ,1,,,,,1,,,,0,,Longo da via,Bom,Sem defeito,Perfeito estado,Seca,Perfeito estado,Faixa de pedestre,Outras,60 km/h,Única,Faixa contínua,,,,,,
2018-11-29,15:40:00,SEM VÍTIMA,FINALIZADA,IMBIRIBEIRA,RUA PAMPULHA,16,RUA ITAJAI,AO LADO DA PADARIA VALE DO RIO DOCE,RUA PAMPULHA,16,AO LADO DA PADARIA VALE DO RIO DOCE,IMBIRIBEIRA,,,ABALROAMENTO TRANSVERSAL,COLISAO ENTRE DOIS AUTOS S/V,2,,,,,,,,,0,,Cruzamento,Bom,Não existe,Perfeito estado,Seca,Perfeito estado,Outros,"Placas ""Pare""",,Única,Não existe,,,,,,
2018-11-29,16:09:00,SEM VÍTIMA,CANCELADA,VÁRZEA,AV AFONSO OLINDENSE,,,PROXIMO AO POSTO SHELL,AV AFONSO OLINDENSE,,PROXIMO AO POSTO SHELL,VÁRZEA,,,COLISÃO,COLISAO ENTRE AUTO E CAMINHÃO,1,,,,,,1,,,0,,,,,,,,,,,,,,,,,,
2018-11-29,17:16:00,SEM VÍTIMA,FINALIZADA,BOA VIAGEM,AV DOM JOAO VI,,,APROXIMADAMENTE METROS DO SEMÁFORO Nº 639,AV DOM JOAO VI,,APROXIMADAMENTE METROS DO SEMÁFORO Nº 639,BOA VIAGEM,,SUBURBIO,COLISÃO TRASEIRA,COLISÃO SEM VÍTIMA,2,,,,,,,,,0,,Longo da via,Bom,Não existe,Perfeito estado,Seca,Perfeito estado,Não existe,Não há placas,,Dupla,Faixa seccionada,,,,,,
2018-11-29,17:33:00,SEM VÍTIMA,FINALIZADA,PINA,AV HERCULANO BANDEIRA,591,,,AV HERCULANO BANDEIRA,591,,PINA,,,ABALROAMENTO LONGITUDINAL,COLISAO ENTRE DOIS AUTOS S/V,2,,,,,,,,,0,,Longo da via,Bom,Não existe,Perfeito estado,Seca,Perfeito estado,Outros,Outras,,Única,Faixa contínua,,,,,,
2018-11-29,18:12:00,SEM VÍTIMA,FINALIZADA,ESPINHEIRO,AV NORTE,2215,RUA JOSE DE SA CARNEIRO,MITSUBISH MOTOR 2215,AV NORTE,2215,MITSUBISH MOTOR 2215,ESPINHEIRO,665,SUBURBIO,COLISÃO TRASEIRA,GOL X MOTO,1,1,,,,,,,,0,,Cruzamento,Bom,Sem defeito,Perfeito estado,Seca,,Agente,Outras,,Dupla,Canteiro central,,,,,,
2018-11-29,18:22:00,SEM VÍTIMA,CANCELADA,BOMBA DO HEMETÉRIO,RUA BOMBA DO HEMETERIO,28,EST VELHA DE AGUA FRIA,PROX AO GIGANTE DO SAMBA,RUA BOMBA DO HEMETERIO,28,PROX AO GIGANTE DO SAMBA,BOMBA DO HEMETÉRIO,,,COLISÃO,ONIX X CLASSIC,2,,,,,,,,,0,,,,,,,,,,,,,,,,,,
2018-11-29,18:25:00,SEM VÍTIMA,CANCELADA,BOA VIAGEM,RUA TENENTE JOAO CICERO,4897,AV CONSELHEIRO AGUIAR,EM FRENTE À CIA DO CHOPP,RUA TENENTE JOAO CICERO,4897,EM FRENTE À CIA DO CHOPP,BOA VIAGEM,,,COLISÃO,ENTRE AUTOS S/V.,2,,,,,,,,,0,,,,,,,,,,,,,,,,,,
2018-11-29,18:29:00,SEM VÍTIMA,FINALIZADA,SANTO AMARO,RUA TREZE DE MAIO,914 A,RUA FREI CASSIMIRO,EM FRENTE AO Nº 914 A,RUA TREZE DE MAIO,914 A,EM FRENTE AO Nº 914 A,SANTO AMARO,,SUBURBIO,ABALROAMENTO LONGITUDINAL,MOTO X FAIT,1,1,,,,,,,,0,,Longo da via,Bom,Não existe,Perfeito estado,Seca,Perfeito estado,Não existe,"Placas ""Pare""",,Dupla,Não existe,,,,,,
2018-11-29,19:00:00,SEM VÍTIMA,CANCELADA,GRAÇAS,AV CONS ROSA E SILVA,172,,AO LADO DO CLUBE PORTUGUES,AV CONS ROSA E SILVA,172,AO LADO DO CLUBE PORTUGUES,GRAÇAS,,,COLISÃO,ONIBUS X FUSCA,1,,,,,1,,,,0,,,,,,,,,,,,,,,,,,
2018-11-29,19:39:00,SEM VÍTIMA,CANCELADA,SANTO AMARO,AV NORTE,,,ENCIMA DO VIADUTO,AV NORTE,,ENCIMA DO VIADUTO,SANTO AMARO,,SUBURBIO,ENGAVETAMENTO,TAXI X DOIS AUTOS,3,,,,,,,,,0,,,,,,,,,,,,,,,,,,
2018-11-29,20:08:00,COM VÍTIMA,FINALIZADA,TORREÃO,AV NORTE,,RUA GUADALUPE,,AV NORTE,,,TORREÃO,376,CIDADE,ABALROAMENTO TRANSVERSAL,PROXIMO A PRAÇA DA PICANHA,1,1,,,,,,,,1,,Cruzamento,Bom,Sem defeito,Perfeito estado,Seca,Perfeito estado,,Outras,,Dupla,Canteiro central,,,,,,
2018-11-29,20:33:00,SEM VÍTIMA,FINALIZADA,SANTO AMARO,AV PREFEITO ARTUR LIMA CAVALCANTI,,,,AV PREFEITO ARTUR LIMA CAVALCANTI,,,SANTO AMARO,243,SUBURBIO,ABALROAMENTO LONGITUDINAL,AUTO E ÔNIBUS S/V.,1,,,,,1,,,,0,,Longo da via,Bom,Sem defeito,Perfeito estado,Seca,Mal iluminada,Faixa de pedestre,Outras,,Única,Canteiro central,,,,,,
2018-11-29,21:12:00,SEM VÍTIMA,FINALIZADA,AFOGADOS,RUA IMPERIAL,,,,RUA IMPERIAL,,,AFOGADOS,352,SUBURBIO,CHOQUE VEÍCULO PARADO,FORD K X GOL,2,,,,,,,,,0,,Cruzamento,Bom,Sem defeito,Perfeito estado,Seca,Mal conservada,,R-6a,,Única,Não existe,,,,,,
2018-11-29,23:33:00,SEM VÍTIMA,FINALIZADA,VÁRZEA,RUA RORAIMA,11,,EM FRENTE AO Nº 11,RUA RORAIMA,11,EM FRENTE AO Nº 11,VÁRZEA,,SUBURBIO,CHOQUE VEÍCULO PARADO,SANDERO X FIAT IDEIA,3,,,,,,,,,0,,,Bom,Não existe,,Seca,,Não existe,Não há placas,,Dupla,Não existe,,,,,,
2018-11-30,00:17:00,SEM VÍTIMA,FINALIZADA,JARDIM SÃO PAULO,AV RECIFE,6840,,Nº 6840,AV RECIFE,6840,Nº 6840,JARDIM SÃO PAULO,,SUBURBIO,ABALROAMENTO LONGITUDINAL,COLISÃO ENTRE CAMINHÃO E MICRO ÔNIBUS S/V,,,,,,1,1,,,0,,Longo da via,Chuvoso,,Perfeito estado,Molhada,Perfeito estado,,Não há placas,,Única,Faixa seccionada,,,,,,
2018-11-30,03:50:00,COM VÍTIMA,FINALIZADA,PINA,AV HERCULANO BANDEIRA,,RUA ARQUITETO AUGUSTO REINALDO,EM FRENTE AO CONSULADO AMERICANO // PRÓX AO ATACADO DA CONSTRUÇÃO,AV HERCULANO BANDEIRA,,EM FRENTE AO CONSULADO AMERICANO // PRÓX AO ATACADO DA CONSTRUÇÃO,PINA,660,SUBURBIO,ABALROAMENTO TRANSVERSAL,COLISÃO ENTRE DOIS AUTOS, COM UMA VÍTIMA.,2,,,,,,,,,1,,Cruzamento,Bom,Intermitente,Perfeito estado,Seca,Perfeito estado,Faixa de pedestre,R-6a,,Única,Faixa,,,,,
2018-11-30,04:15:00,COM VÍTIMA,FINALIZADA,VÁRZEA,AV AFONSO OLINDENSE,996,RUA JOSE NOYA,EM FRENTE A FARMACIA UNIÃO, PROX DO KIPREÇO MERCADO, PROX DA LOMBADA ELETRÔNICA,AV AFONSO OLINDENSE,996,EM FRENTE A FARMACIA UNIÃO, PROX DO KIPREÇO MERCADO, PROX DA LOMBADA ELETRÔNICA,VÁRZEA,,SUBURBIO,ABALROAMENTO TRANSVERSAL,COLISÃO ENTRE ÔNIBUS E AUTO C/V,1,,,,,1,,,,1,,Cruzamento,Bom,Não existe,Perfeito estado,Seca,Perfeito estado,Não existe,Não há placas,,Dupla,Faixa,,
2018-11-30,06:52:00,COM VÍTIMA,FINALIZADA,IMBIRIBEIRA,AV MARECHAL MASCARENHAS DE MORAES,1482,,E/F A LAZER ELETRO.,AV MARECHAL MASCARENHAS DE MORAES,1482,E/F A LAZER ELETRO.,IMBIRIBEIRA,287,CIDADE,COLISÃO TRASEIRA,COM DUAS VÍTIMAS.,1,1,,,,,,,,2,,Longo da via,Bom,Sem defeito,Perfeito estado,Seca,Perfeito estado,Não existe,Outras,60 km/h,Dupla,Faixa,,,,,,
2018-11-30,08:55:00,SEM VÍTIMA,FINALIZADA,CASA FORTE,RUA SANTANA,,RUA JORGE GOMES DE SA,AO LADO DO CPRH,RUA SANTANA,,AO LADO DO CPRH,CASA FORTE,,,COLISÃO,ENTRE UM AUTO PASSEIO E UM CAMINHÃO,1,,,,,,1,,,0,,,,,,,,,,,,,,,,,,
2018-11-30,09:23:00,SEM VÍTIMA,FINALIZADA,SANTO AMARO,AV CRUZ CABUGA,,RUA LEAO FALCAO,DE FRONTE AO HOSPITAL NAVAL DO RECIFE,AV CRUZ CABUGA,,DE FRONTE AO HOSPITAL NAVAL DO RECIFE,SANTO AMARO,,CIDADE,ABALROAMENTO LONGITUDINAL,SEM VÍTIMAS,2,,,,,,,,,0,,Outros,Bom,Não existe,Ilegível,Seca,Mal conservada,Não existe,Outras,,Dupla,Faixa seccionada,,,,,,
2018-11-30,10:08:00,SEM VÍTIMA,FINALIZADA,AFOGADOS,AV SUL,,,EM FRENTE A BORRACHARIA SUL,AV SUL,,EM FRENTE A BORRACHARIA SUL,AFOGADOS,,CIDADE,COLISÃO,SEM VITIMas,2,,,,,,,,,0,,,,,,,,,,,,,,,,,,
2018-11-30,10:13:00,SEM VÍTIMA,FINALIZADA,PARNAMIRIM,RUA JOAO TUDE DE MELO,,AV PARNAMIRIM,,RUA JOAO TUDE DE MELO,,,PARNAMIRIM,10,SUBURBIO,COLISÃO TRASEIRA,DOIS AUTOS E UM CARRO FORTE,3,,,,,,,,,0,,Longo da via,Bom,Sem defeito,Perfeito estado,Seca,Perfeito estado,Faixa de pedestre,Outras,,Única,Faixa seccionada,,,,,,
2018-11-30,10:31:00,SEM VÍTIMA,FINALIZADA,BONGI,RUA ISAAC MARKMAN,,,FRENTE A SECRETARIA ESTADUAL DE SAÚDE,RUA ISAAC MARKMAN,,FRENTE A SECRETARIA ESTADUAL DE SAÚDE,BONGI,,SUBURBIO,ABALROAMENTO LONGITUDINAL,SEM VÍTIMAS. VT 12 NO LOCAL,1,1,,,,,,,,0,,Longo da via,Bom,Não existe,Perfeito estado,Seca,Perfeito estado,Não existe,R-6a,,Dupla,Faixa contínua,,,,,,
2018-11-30,10:34:00,SEM VÍTIMA,DUPLICIDADE,CORDEIRO,AV GENERAL SAN MARTIN,,,,AV GENERAL SAN MARTIN,,,CORDEIRO,,,COLISÃO,,,,,,,,,,,0,,,,,,,,,,,,,,,,,,
2018-11-30,10:33:00,SEM VÍTIMA,FINALIZADA,CORDEIRO,AV GENERAL SAN MARTIN,,,EM FRENTE AO MINISTÉRIO DA AGRICULTURA,AV GENERAL SAN MARTIN,,EM FRENTE AO MINISTÉRIO DA AGRICULTURA,CORDEIRO,403,SUBURBIO,ABALROAMENTO TRANSVERSAL,DOIS AUTOS / VT 17 NO QTH,2,,,,,,,,,0,,Longo da via,Bom,Sem defeito,Perfeito estado,Seca,Perfeito estado,Faixa de pedestre,Outras,,Dupla,Faixa contínua,,,,,,
2018-11-30,10:36:00,SEM VÍTIMA,FINALIZADA,TAMARINEIRA,RUA CONEGO BARATA,,,EM FRENTE A FERREIRA COSTA,E AO HOSPITAL DE PEDIATRIA HELENA MOURA,RUA CONEGO BARATA,,EM FRENTE A FERREIRA COSTA,E AO HOSPITAL DE PEDIATRIA HELENA MOURA,TAMARINEIRA,,CIDADE,ABALROAMENTO LONGITUDINAL,SEM VITIMAS.VEÍCULO QUE TRANSPORTA PACIENTES PARA FAZER HEMODIALISE,2,,,,,,,,,0,,Longo da via,Bom,Não existe,Incompleta,Seca,Perfeito estado,Não existe,R-6a,,Dupla,Faixa seccionada,,,,
2018-11-30,10:37:00,SEM VÍTIMA,FINALIZADA,SANTO AMARO,AV MILITAR,,,PROX. A PONTE DO LIMOEIRO, E/F AO POSTO SHELL,AV MILITAR,,PROX. A PONTE DO LIMOEIRO, E/F AO POSTO SHELL,SANTO AMARO,,SUBURBIO,ABALROAMENTO LONGITUDINAL,DOIS AUTOS S/V,2,,,,,,,,,0,,Longo da via,Bom,Não existe,Perfeito estado,Seca,Perfeito estado,Não existe,Não há placas,60 km/h,Dupla,Canteiro central,,,,
2018-11-30,11:36:00,SEM VÍTIMA,CANCELADA,GRAÇAS,RUA ABELARDO,,RUA ALBERTO PAIVA,AO LADO DA ESCOLA DE INGLES SCHOOL,RUA ABELARDO,,AO LADO DA ESCOLA DE INGLES SCHOOL,GRAÇAS,,,COLISÃO,DOIS AUTOS S/V,,,,,,,,,,0,,,,,,,,,,,,,,,,,,
2018-11-30,11:56:00,SEM VÍTIMA,CANCELADA,BOA VISTA,RUA ALMEIDA CUNHA,,,AO LADO DA CATOLICA,RUA ALMEIDA CUNHA,,AO LADO DA CATOLICA,BOA VISTA,,,COLISÃO,DOIS AUTOS S/V,2,,,,,,,,,0,,,,,,,,,,,,,,,,,,
2018-11-30,13:02:00,SEM VÍTIMA,CANCELADA,AFOGADOS,AV SUL,,RUA ANTONIO MACARIO,PROX A POLICLINICA DE AFOGADOS,AV SUL,,PROX A POLICLINICA DE AFOGADOS,AFOGADOS,,,COLISÃO,MICRO-ONIBUS X HONDA CIT,1,,,,,1,,,,0,,,,,,,,,,,,,,,,,,
2018-11-30,13:07:00,COM VÍTIMA,FINALIZADA,ENCRUZILHADA,RUA PROFESSOR OTAVIO DE FREITAS,256,,EM FRENTE AO Nº 256,RUA PROFESSOR OTAVIO DE FREITAS,256,EM FRENTE AO Nº 256,ENCRUZILHADA,,,ABALROAMENTO LONGITUDINAL,COLISAO ENTRE AUTO E MOTO COM UMA VITIMA,1,,1,,,,,,,1,,Longo da via,Bom,Não existe,Não existente,Seca,Perfeito estado,Não existe,Não há placas,,Dupla,Não existe,,,,,,
2018-11-30,13:08:00,COM VÍTIMA,FINALIZADA,VÁRZEA,RUA PROFESSOR ANTONIO COELHO,495,RUA MARECHAL RONDON,EM FRENTE AO COLÉGIO PONTUAL,RUA PROFESSOR ANTONIO COELHO,495,EM FRENTE AO COLÉGIO PONTUAL,VÁRZEA,,SUBURBIO,ABALROAMENTO TRANSVERSAL,MOTO X TOYOTA X VT 21 DA CTTUNO LOCAL,1,1,,,,,,,,1,,Cruzamento,Bom,Não existe,Não existente,Seca,Perfeito estado,,Não há placas,,Dupla,Não existe,,,,,,
2018-11-30,13:11:00,SEM VÍTIMA,DUPLICIDADE,IMBIRIBEIRA,RUA IZABEL DE SOUZA,416,RUA PAMPULHA,POR TRAS DA RENAULT,RUA IZABEL DE SOUZA,416,POR TRAS DA RENAULT,IMBIRIBEIRA,450,,ENGAVETAMENTO,ENTRE TRES AUTOS,3,,,,,,,,,0,,,,,,,,,,,,,,,,,,
2018-11-30,13:14:00,COM VÍTIMA,DUPLICIDADE,VÁRZEA,RUA PROFESSOR ANTONIO COELHO,,RUA MARECHAL RONDON,COLÉGIO PONTUAL,RUA PROFESSOR ANTONIO COELHO,,COLÉGIO PONTUAL,VÁRZEA,,,COLISÃO,COLISÃO COM VITIMA,1,1,,,,,,,,1,,,,,,,,,,,,,,,,,,
2018-11-30,13:15:00,SEM VÍTIMA,CANCELADA,AFOGADOS,AV SUL,,,PROX AO POSTO DE SAUDE AGAMENOM MAGALHAES,AV SUL,,PROX AO POSTO DE SAUDE AGAMENOM MAGALHAES,AFOGADOS,,,COLISÃO,COLSAO ENTRE ONIBUS E AUTO S/V,1,,,,,1,,,,0,,,,,,,,,,,,,,,,,,
2018-11-30,13:19:00,SEM VÍTIMA,FINALIZADA,CAMPO GRANDE,RUA DR MACHADO,302,,E/F A PADARIA SANTO ANTONIO,RUA DR MACHADO,302,E/F A PADARIA SANTO ANTONIO,CAMPO GRANDE,,,COLISÃO,COLISAO ENTRE DOIS AUTOS S/V,2,,,,,,,,,0,,,,,,,,,,,,,,,,,,
2018-11-30,13:22:00,SEM VÍTIMA,FINALIZADA,BOA VIAGEM,AV ENGENHEIRO DOMINGOS FERREIRA,,RUA ARTUR MUNIZ,ENF AO EXTRA,AV ENGENHEIRO DOMINGOS FERREIRA,,ENF AO EXTRA,BOA VIAGEM,380,SUBURBIO,ABALROAMENTO LONGITUDINAL,KIA X ONIBUS ,1,,,,,1,,,,0,,Cruzamento,Bom,Sem defeito,Perfeito estado,Seca,Perfeito estado,Agente,R-6a,,Única,Canteiro central,,,,,,
2018-11-30,14:04:00,SEM VÍTIMA,FINALIZADA,GRAÇAS,RUA AMELIA,,,EM FRENTE POSTO SHELL,RUA AMELIA,,EM FRENTE POSTO SHELL,GRAÇAS,48,CIDADE,COLISÃO TRASEIRA,DOIS AUTOS S/V,2,,,,,,,,,0,,Longo da via,Bom,Sem defeito,Perfeito estado,Seca,Perfeito estado,Faixa de pedestre,Outras,,Única,Faixa seccionada,,,,,,
2018-11-30,14:13:00,SEM VÍTIMA,FINALIZADA,IMBIRIBEIRA,RUA PAMPULHA,,,,RUA PAMPULHA,,,IMBIRIBEIRA,430,CIDADE,COLISÃO TRASEIRA,COLISÃO ENTRE DOIS AUTOS,3,,,,,,,,,0,,Longo da via,Bom,,,Seca,Mal iluminada,Não existe,Não há placas,,Única,Faixa seccionada,,,,,,
2018-11-30,14:18:00,SEM VÍTIMA,FINALIZADA,ENCRUZILHADA,RUA QUARENTA E OITO,76,,PROX AO POSTO BR,RUA QUARENTA E OITO,76,PROX AO POSTO BR,ENCRUZILHADA,,CIDADE,COLISÃO TRASEIRA,TUCSON X FOX,2,,,,,,,,,0,,Longo da via,Bom,Não existe,Perfeito estado,Seca,Perfeito estado,Não existe,Não há placas,,Única,Faixa contínua,,,,,,
2018-11-30,15:08:00,SEM VÍTIMA,FINALIZADA,BOA VIAGEM,AV ENGENHEIRO DOMINGOS FERREIRA,,,ENF AO EXTRA,AV ENGENHEIRO DOMINGOS FERREIRA,,ENF AO EXTRA,BOA VIAGEM,380,SUBURBIO,COLISÃO TRASEIRA,HILUX X PRISMA X CRV X GOL,4,,,,,,,,,0,,Longo da via,Bom,Sem defeito,Perfeito estado,Seca,Perfeito estado,Faixa de pedestre,R-6a,,Única,Canteiro central,,,,,,
2018-11-30,15:32:00,SEM VÍTIMA,FINALIZADA,TAMARINEIRA,AV CONS ROSA E SILVA,1550,,E/F AO POSTO SHELL,AV CONS ROSA E SILVA,1550,E/F AO POSTO SHELL,TAMARINEIRA,214,SUBURBIO,ABALROAMENTO TRANSVERSAL,COLISAO ENTRE AUTO E MOTO S/V,1,1,,,,,,,,0,,Longo da via,Bom,Sem defeito,Perfeito estado,Seca,Perfeito estado,Não existe,Não há placas,,Única,Faixa seccionada,,,,,,
2018-11-30,16:16:00,SEM VÍTIMA,FINALIZADA,MACAXEIRA,AV NORTE,,,LADO OPOSTO AO PARQUE DA MACAXEIRA,AV NORTE,,LADO OPOSTO AO PARQUE DA MACAXEIRA,MACAXEIRA,,,COLISÃO TRASEIRA,COLISAO ENTRE DOIS AUTOS S/V,2,,,,,,,,,0,,Longo da via,Bom,Não existe,Incompleta,Seca,Perfeito estado,Não existe,Não há placas,,Dupla,Canteiro central,,,,,,
2018-11-30,16:33:00,SEM VÍTIMA,FINALIZADA,PINA,AV REPUBLICA DO LIBANO,355,,POLICLÍNICA PROFº NAIDE REGUEIRA TEODÓSIO,AV REPUBLICA DO LIBANO,355,POLICLÍNICA PROFº NAIDE REGUEIRA TEODÓSIO,PINA,,,CHOQUE OBJETO FIXO,CHOQUE ENTRE AUTO E PRISMA DE CONCRETO,1,,,,,,,,,0,,Longo da via,Bom,Não existe,Perfeito estado,Seca,Perfeito estado,Outros,R-6a,,Única,Faixa seccionada,,,,,,
2018-11-30,16:56:00,COM VÍTIMA,FINALIZADA,CIDADE UNIVERSITÁRIA,AV CAXANGA,,,AO LADO DO TERMINAL INTEGRADO,AV CAXANGA,,AO LADO DO TERMINAL INTEGRADO,CIDADE UNIVERSITÁRIA,270,CIDADE,ABALROAMENTO LONGITUDINAL,COLISÃO COM VITIMA. SEGUNDO VEÍCULO EVADIU-SE DO LOCAL DO ACIDDNTE, SEGUNDO POPULARES.,1,1,,,,,,,,1,,Longo da via,Bom,Sem defeito,Perfeito estado,Seca,Outros,Faixa de pedestre,R-6a,,Dupla,Canteiro central,,,,,
2018-11-30,17:25:00,SEM VÍTIMA,FINALIZADA,,PRC PARQUE AMORIM,,,EM FRENTE AO WALMART,PRC PARQUE AMORIM,,EM FRENTE AO WALMART,,,SUBURBIO,ABALROAMENTO LONGITUDINAL,AUTO E ONIBUS S/V,1,,,,,1,,,,0,,Longo da via,Bom,Sem defeito,Perfeito estado,Seca,Perfeito estado,Faixa de pedestre,Não há placas,,Única,Faixa contínua,,,,,,
2018-11-30,17:36:00,SEM VÍTIMA,FINALIZADA,IMBIRIBEIRA,AV MARECHAL MASCARENHAS DE MORAES,,,EM FRENTE A RAUL ALTA PERFORMANCE,AV MARECHAL MASCARENHAS DE MORAES,,EM FRENTE A RAUL ALTA PERFORMANCE,IMBIRIBEIRA,,CIDADE,COLISÃO TRASEIRA,COLISAO ENTRE DOIS AUTOS S/V,2,,,,,,,,,0,,Longo da via,Bom,Sem defeito,Perfeito estado,Seca,Perfeito estado,Faixa de pedestre,Não há placas,60 km/h,Dupla,Canteiro central,,,,,,
2018-11-30,17:43:00,SEM VÍTIMA,FINALIZADA,AFOGADOS,RUA SAO MIGUEL,,,PROX QAO BANCO DO BRASIL S/T SUB,RUA SAO MIGUEL,,PROX QAO BANCO DO BRASIL S/T SUB,AFOGADOS,,SUBURBIO,ABALROAMENTO LONGITUDINAL,COLISAO NETRE ONIBUS E AUTO S/V,1,,,,,1,,,,0,,Longo da via,Bom,Não existe,Perfeito estado,Seca,Perfeito estado,Não existe,Outras,40 km/h,Dupla,Faixa contínua,,,,,,
2018-11-30,17:54:00,SEM VÍTIMA,FINALIZADA,IMBIRIBEIRA,AV MARECHAL MASCARENHAS DE MORAES,,,E/F A GRILLO FLORES S/T CID,AV MARECHAL MASCARENHAS DE MORAES,,E/F A GRILLO FLORES S/T CID,IMBIRIBEIRA,,CIDADE,ABALROAMENTO LONGITUDINAL,COLISAO ENTRE DOIS AUTOS S/V,2,,,,,,,,,0,,Cruzamento,Bom,Sem defeito,Perfeito estado,Seca,Perfeito estado,Faixa de pedestre,Outras,60 km/h,Dupla,Canteiro central,,,,,,
2018-11-30,18:02:00,SEM VÍTIMA,DUPLICIDADE,AFOGADOS,RUA SAO MIGUEL,350,RUA DO ROSARIO,PROXAO BANCO DO BRASIL,RUA SAO MIGUEL,350,PROXAO BANCO DO BRASIL,AFOGADOS,,,COLISÃO,ONIBUS X CELTA,1,,,,,1,,,,0,,,,,,,,,,,,,,,,,,
2018-11-30,18:05:00,SEM VÍTIMA,FINALIZADA,CAMPO GRANDE,RUA ODORICO MENDES,,RUA ESBERARD,,RUA ODORICO MENDES,,,CAMPO GRANDE,,CIDADE,COLISÃO FRONTAL,,1,1,,,,,,,,0,,,Bom,Não existe,Não existente,Seca,Perfeito estado,Não existe,,,,,,,,,,
2018-11-30,18:24:00,COM VÍTIMA,FINALIZADA,SAN MARTIN,AV GENERAL SAN MARTIN,134,RUA FLORA RICA,PROXA ESCOLA ADVENTISTA,AV GENERAL SAN MARTIN,134,PROXA ESCOLA ADVENTISTA,SAN MARTIN,371,CIDADE,ABALROAMENTO TRANSVERSAL,FAIT X MOTO,1,1,,,,,,,,1,,Cruzamento,Bom,Não existe,Perfeito estado,Seca,Perfeito estado,,"Placas ""Pare""",40 km/h,Dupla,Faixa contínua,,,,,,
2018-11-30,18:29:00,SEM VÍTIMA,EQUIPE EM DESLOCAMENTO,BOA VIAGEM,RUA CARLOS PEREIRA FALCAO,464,AV FERNANDO SIMOES BARBOSA,ENF ACADEMIA METCH FIT ANTIGA HI,RUA CARLOS PEREIRA FALCAO,464,ENF ACADEMIA METCH FIT ANTIGA HI,BOA VIAGEM,,,COLISÃO,DOIS AUTO,2,,,,,,,,,0,,,,,,,,,,,,,,,,,,
2018-11-30,18:50:00,SEM VÍTIMA,FINALIZADA,JARDIM SÃO PAULO,RUA BRAGANCA,68,,PRÓX À IGREJA BATISTA DE JD SÃO PAULO E PRAÇA EL SALVADOR,RUA BRAGANCA,68,PRÓX À IGREJA BATISTA DE JD SÃO PAULO E PRAÇA EL SALVADOR,JARDIM SÃO PAULO,,SUBURBIO,CHOQUE VEÍCULO PARADO,,1,,,,,,1,,,0,,Longo da via,Bom,Não existe,Incompleta,Seca,Perfeito estado,Não existe,Não há placas,,Dupla,Não existe,,,,,,
2018-11-30,19:50:00,SEM VÍTIMA,FINALIZADA,ESTÂNCIA,AV RECIFE,,,EM FRENTE AO PONTILHÃO DE SANTA LUZIA,AV RECIFE,,EM FRENTE AO PONTILHÃO DE SANTA LUZIA,ESTÂNCIA,,SUBURBIO,COLISÃO TRASEIRA,ENTRE AUTOS S/V.,2,,,,,,,,,0,,Longo da via,Bom,Não existe,Não existente,Seca,Perfeito estado,Não existe,Não há placas,,Dupla,Canteiro central,,,,,,