data,hora,natureza_acidente,situacao,bairro,endereco,numero,detalhe_endereco_acidente,complemento,endereco_cruzamento,numero_cruzamento,referencia_cruzamento,bairro_cruzamento,num_semaforo,sentido_via,tipo,descricao,auto,moto,ciclom,ciclista,pedestre,onibus,caminhao,viatura,outros,vitimas,vitimasfatais,acidente_verificado,tempo_clima,situacao_semaforo,sinalizacao,condicao_via,conservacao_via,ponto_controle,situacao_placa,velocidade_max_via,mao_direcao,divisao_via1,divisao_via2,divisao_via3,,,,
2018-12-03,17:21:00,SEM VÍTIMA,FINALIZADA,SANTO ANTÔNIO,AV MARTINS DE BARROS,238,,,AV MARTINS DE BARROS,238,,SANTO ANTÔNIO,,SUBURBIO,COLISÃO TRASEIRA,COLISÃO SEM VÍTIMA,2,,,,,,,,,0,,Longo da via,Bom,Não existe,Perfeito estado,Seca,Perfeito estado,Não existe,Outras,,Única,Faixa seccionada,,,,,,
2018-12-03,17:23:00,SEM VÍTIMA,CANCELADA,JARDIM SÃO PAULO,AV PIRACICABA,934,,EM FRENTE AO GALPÃO DA LARANJA E POSTO DE SAUDE PLANETA DOS MACACOS,AV PIRACICABA,934,EM FRENTE AO GALPÃO DA LARANJA E POSTO DE SAUDE PLANETA DOS MACACOS,JARDIM SÃO PAULO,,,COLISÃO,ONIBUS E CAMINHÃO,,,,,,1,1,,,0,,,,,,,,,,,,,,,,,,
2018-12-03,17:57:00,SEM VÍTIMA,FINALIZADA,CORDEIRO,AV PROFESSOR ESTEVAO FRANCISCO DA COSTA,120,,,AV PROFESSOR ESTEVAO FRANCISCO DA COSTA,120,,CORDEIRO,,CIDADE,ABALROAMENTO LONGITUDINAL,COLISÃO SEM VÍTIMA,1,,,,,,,,1,0,,Longo da via,Bom,Não existe,Perfeito estado,Seca,Perfeito estado,Não existe,R-6b,,Única,Faixa seccionada,,,,,,
2018-12-03,17:59:00,SEM VÍTIMA,FINALIZADA,IPSEP,AV RECIFE,1501,,PROX A LOJA AUTOSPORT// LOJA DE PISCINAS FIBER,AV RECIFE,1501,PROX A LOJA AUTOSPORT// LOJA DE PISCINAS FIBER,IPSEP,,SUBURBIO,COLISÃO TRASEIRA,FAIT UNO X SIENA X NISSAN,2,,,,,,,,,0,,Longo da via,Bom,Não existe,Perfeito estado,Seca,Perfeito estado,,,50 km/h,Dupla,,,,,,,
2018-12-03,18:25:00,SEM VÍTIMA,CANCELADA,BAIRRO DO RECIFE,AV ALFREDO LISBOA,,,PROX. AO ESTACIONAMENTO DO SHOPPING ALFANDEGA,AV ALFREDO LISBOA,,PROX. AO ESTACIONAMENTO DO SHOPPING ALFANDEGA,BAIRRO DO RECIFE,,,COLISÃO,COLISÃO SEM VITIMAS,1,,,,,,1,,,0,,,,,,,,,,,,,,,,,,
2018-12-03,18:40:00,COM VÍTIMA,FINALIZADA,VÁRZEA,AV CAXANGA,5362,,ENF AO GOLF CLUBE,AV CAXANGA,5362,ENF AO GOLF CLUBE,VÁRZEA,,SUBURBIO,COLISÃO TRASEIRA,ONIBBUS X MOTO,,1,,,,1,,,,1,,Longo da via,Bom,Não existe,Perfeito estado,Seca,Perfeito estado,Não existe,Outras,,Dupla,Canteiro central,,,,,,
2018-12-03,18:53:00,SEM VÍTIMA,CANCELADA,ENGENHO DO MEIO,,,,PRAÇA DE ENGENHO DO MEIO,,,PRAÇA DE ENGENHO DO MEIO,ENGENHO DO MEIO,,CIDADE,COLISÃO,COLISÃO SEM VITIMAS,1,,,,,,1,,,0,,,,,,,,,,,,,,,,,,
2018-12-03,19:02:00,COM VÍTIMA,FINALIZADA,PRADO,AV ENGENHEIRO ABDIAS DE CARVALHO,109,,SEDE DOS CORREIOS,AV ENGENHEIRO ABDIAS DE CARVALHO,109,SEDE DOS CORREIOS,PRADO,,SUBURBIO,ABALROAMENTO LONGITUDINAL,COM VITIMA / AGUARDANDO ATENDIMENTO DO SAMU,,1,,,,1,,,,1,,Longo da via,Bom,Não existe,Perfeito estado,Seca,Perfeito estado,,Outras,,Dupla,Canteiro central,,,,,,
2018-12-03,19:33:00,SEM VÍTIMA,CANCELADA,AREIAS,RUA JOSE NATARIO,,,AO LADO DO CONSELHO TUTELAR,RUA JOSE NATARIO,,AO LADO DO CONSELHO TUTELAR,AREIAS,,,COLISÃO,COLISÃO SEM VITIMAS,,2,,,,,,,,0,,,,,,,,,,,,,,,,,,
2018-12-04,01:29:00,SEM VÍTIMA,FINALIZADA,PONTO DE PARADA,RUA PROFESSOR JERONIMO GUEIROS,,,SOB O SEMÁFORO Nº 495,RUA PROFESSOR JERONIMO GUEIROS,,SOB O SEMÁFORO Nº 495,PONTO DE PARADA,495,SUBURBIO,ABALROAMENTO TRANSVERSAL,COLISÃO ENTRE DOIS AUTOS S/V,2,,,,,,,,,0,,Cruzamento,Bom,Intermitente,Incompleta,Seca,Mal iluminada,Outros,Não há placas,,Única,Não existe,,,,,,
2018-12-04,02:51:00,VÍTIMA FATAL,FINALIZADA,SANTO ANTÔNIO,AV DANTAS BARRETO,,RUA TOBIAS BARRETO,PROX DO CAMELODROMO, PROX DA GALERIA 910,AV DANTAS BARRETO,,PROX DO CAMELODROMO, PROX DA GALERIA 910,SANTO ANTÔNIO,382,SUBURBIO,COLISÃO COM CICLISTA,ATROPELAMENTO ENVOLVENDO ÔNIBUS E PEDESTRE C/V,,,,1,,1,,,,,1,Esquina,Bom,Sem defeito,Perfeito estado,Seca,Perfeito estado,Outros,Outras,,Dupla,Canteiro central,,,,
2018-12-04,06:48:00,COM VÍTIMA,CANCELADA,IMBIRIBEIRA,AV MARECHAL MASCARENHAS DE MORAES,2140,,APOS A FERREIRA PINTO, EM FRENTE A MADEIREIRA PORTA LARGA,AV MARECHAL MASCARENHAS DE MORAES,2140,APOS A FERREIRA PINTO, EM FRENTE A MADEIREIRA PORTA LARGA,IMBIRIBEIRA,,,COLISÃO,MOTO E CAMINHÃO,1,,,,,,1,,,1,,,,,,,,,,,,,,,,
2018-12-04,07:28:00,SEM VÍTIMA,FINALIZADA,SANCHO,AV LIBERDADE,972,,,AV LIBERDADE,972,,SANCHO,,,COLISÃO TRASEIRA,COLISÃO SEM VITIMAS,1,,,,,1,,,,0,,Longo da via,Bom,Não existe,Perfeito estado,Seca,Perfeito estado,Não existe,Outras,30 km/h,Dupla,Faixa contínua,,,,,,
2018-12-04,07:34:00,SEM VÍTIMA,FINALIZADA,BOA VIAGEM,RUA DR VICENTE GOMES,,RUA SETUBAL,,RUA DR VICENTE GOMES,,,BOA VIAGEM,60,CIDADE,ABALROAMENTO LONGITUDINAL,COLISÃO SEM VITIMAS,1,,,,,1,,,,0,,Cruzamento,Bom,Sem defeito,Perfeito estado,Seca,Perfeito estado,Faixa de pedestre,Não há placas,40 km/h,Única,Não existe,,,,,,
2018-12-04,08:01:00,SEM VÍTIMA,FINALIZADA,MANGUEIRA,RUA SAO MIGUEL,1324,RUA LAURO SODRE,PROX A DROGARIA BONGI EM FRENTE A LOJA PARAISO DOS PET S,RUA SAO MIGUEL,1324,PROX A DROGARIA BONGI EM FRENTE A LOJA PARAISO DOS PET S,MANGUEIRA,,CIDADE,ABALROAMENTO LONGITUDINAL,COLISÃO SEM VITIMAS,1,1,,,,,,,,0,,Não informado,Bom,Sem defeito,Perfeito estado,Seca,Perfeito estado,Não existe,Não há placas,,Dupla,Faixa contínua,,,,,,
2018-12-04,08:03:00,SEM VÍTIMA,FINALIZADA,ENCRUZILHADA,AV NORTE,2608,,LADO OPOSTO AO Nº 2608, PRÓXIMO AO EXTRABOM,AV NORTE,2608,LADO OPOSTO AO Nº 2608, PRÓXIMO AO EXTRABOM,ENCRUZILHADA,,CIDADE,ABALROAMENTO LONGITUDINAL,COLISÃO SEM VITIMAS,1,1,,,,,,,,0,,Longo da via,Bom,Não existe,Perfeito estado,Seca,Perfeito estado,Não existe,,,Dupla,Canteiro central,,,,
2018-12-04,08:05:00,SEM VÍTIMA,FINALIZADA,SANTO AMARO,AV CRUZ CABUGA,,,EM FRENTE A IGREJA ASSEMBLEIA DE DEUS,AV CRUZ CABUGA,,EM FRENTE A IGREJA ASSEMBLEIA DE DEUS,SANTO AMARO,,CIDADE,ABALROAMENTO LONGITUDINAL,COLISÃO SEM VITIMAS,1,,,,,1,,,,0,,Longo da via,Bom,Não existe,Não existente,Seca,Mal iluminada,Não existe,,,Dupla,Faixa contínua,,Blocos,,,,
2018-12-04,08:12:00,SEM VÍTIMA,FINALIZADA,BOA VIAGEM,AV CONSELHEIRO AGUIAR,4264,RUA ERNESTO DE PAULA SANTOS,EM FRENTE A HABIB´S,AV CONSELHEIRO AGUIAR,4264,EM FRENTE A HABIB´S,BOA VIAGEM,,CIDADE,COLISÃO TRASEIRA,MOTO E VT-PM,1,,,,,,,1,,0,,Longo da via,Bom,Sem defeito,Perfeito estado,Seca,Perfeito estado,Não existe,Outras,,Única,Faixa seccionada,,,,,,
2018-12-04,08:56:00,SEM VÍTIMA,FINALIZADA,,AV JOAO DE BARROS,2615,AV GOVERNADOR AGAMENON MAGALHAES,APOS O VIADUTO JOÃO DE BARROS EM FRENTE AO EMPRESARIAL BURLE MARX,AV JOAO DE BARROS,2615,APOS O VIADUTO JOÃO DE BARROS EM FRENTE AO EMPRESARIAL BURLE MARX,,,CIDADE,ABALROAMENTO LONGITUDINAL,COLISÃO SEM VITIMAS,1,,,,,1,,,,0,,Não informado,Bom,Sem defeito,Perfeito estado,Seca,Perfeito estado,Não existe,Não há placas,,Dupla,Canteiro central,,,,,,
2018-12-04,09:27:00,SEM VÍTIMA,FINALIZADA,BAIRRO DO RECIFE,AV ALFREDO LISBOA,,,OGMO / RECIFE,AV ALFREDO LISBOA,,OGMO / RECIFE,BAIRRO DO RECIFE,,CIDADE,COLISÃO TRASEIRA,COLISÃO SEM VITIMAS,2,,,,,,,,,0,,Longo da via,Bom,Não existe,Perfeito estado,Seca,Perfeito estado,Faixa de pedestre,R-6c,,Única,Faixa seccionada,,,,,,
2018-12-04,09:35:00,SEM VÍTIMA,CANCELADA,GRAÇAS,AV RUI BARBOSA,,RUA DAS CREOULAS,EM FRENTE A FARMACIA DONA FORMULA,AV RUI BARBOSA,,EM FRENTE A FARMACIA DONA FORMULA,GRAÇAS,102,,COLISÃO,DOIS AUTOS,2,,,,,,,,,0,,,,,,,,,,,,,,,,,,
2018-12-04,10:06:00,SEM VÍTIMA,FINALIZADA,IMBIRIBEIRA,RUA BARAO DE SOUZA LEAO,1595,,EM FRENTE AO COLEGIO MARIA TEREZA,RUA BARAO DE SOUZA LEAO,1595,EM FRENTE AO COLEGIO MARIA TEREZA,IMBIRIBEIRA,,,COLISÃO TRASEIRA,SEM VITIMAS,3,,,,,,,,,0,,Longo da via,Bom,Não existe,Perfeito estado,Seca,Perfeito estado,Não existe,Não há placas,,Única,Faixa seccionada,,,,,,
2018-12-04,10:14:00,SEM VÍTIMA,FINALIZADA,AFOGADOS,AV SUL,,,E/F A CAIXA ECONOMICA, SENTIDO MARCO ZERO. LADO DIREITO DA VIA,AV SUL,,E/F A CAIXA ECONOMICA, SENTIDO MARCO ZERO. LADO DIREITO DA VIA,AFOGADOS,,CIDADE,ABALROAMENTO LONGITUDINAL,SEM VÍTIMAS,1,,,,,,1,,,0,,Longo da via,Bom,Não existe,Perfeito estado,Seca,Perfeito estado,Não existe,Não há placas,,Única,Faixa contínua,,Faixa seccionada,,
2018-12-04,10:52:00,SEM VÍTIMA,FINALIZADA,BRASÍLIA TEIMOSA,RUA ALBACORA,1154,,PRÓXIMO AO BAR DO PEIXE,RUA ALBACORA,1154,PRÓXIMO AO BAR DO PEIXE,BRASÍLIA TEIMOSA,,SUBURBIO,CHOQUE VEÍCULO PARADO,COLISÃO SEM VITIMAS,1,,,,,,1,,,0,,Longo da via,Bom,Não existe,Não existente,Seca,Perfeito estado,Outros,Outras,,Dupla,Não existe,,,,,,
2018-12-04,10:55:00,SEM VÍTIMA,FINALIZADA,IPSEP,AV DA COSTA E SILVA,,AV RAIMUNDO DINIZ,,AV DA COSTA E SILVA,,,IPSEP,,SUBURBIO,ABALROAMENTO TRANSVERSAL,SEM VITIMAS,2,,,,,,,,,0,,Cruzamento,Bom,Não existe,Não existente,Seca,Perfeito estado,Não existe,Não há placas,40 km/h,Dupla,Não existe,,,,,,
2018-12-04,11:01:00,SEM VÍTIMA,FINALIZADA,MACAXEIRA,AV NORTE,,,,AV NORTE,,,MACAXEIRA,,SUBURBIO,COLISÃO TRASEIRA,SEM VITIMAS,1,,,,,1,,,,0,,Não informado,Bom,Não existe,Perfeito estado,Seca,Perfeito estado,,Não há placas,40 km/h,Única,Canteiro central,,,,,,
2018-12-04,11:18:00,SEM VÍTIMA,CANCELADA,SANTO AMARO,AV DR JAYME DA FONTE,,AV GOVERNADOR AGAMENON MAGALHAES,AO LADO DO CAMPO DO ONZE,AV DR JAYME DA FONTE,,AO LADO DO CAMPO DO ONZE,SANTO AMARO,,,COLISÃO,SEM VITIMAS,1,,,,,,1,,,0,,,,,,,,,,,,,,,,,,
2018-12-04,11:21:00,SEM VÍTIMA,FINALIZADA,COELHOS,RUA PADRE VENANCIO,25,,EM FRENTE AO HOSPITAL DO IMIP,RUA PADRE VENANCIO,25,EM FRENTE AO HOSPITAL DO IMIP,COELHOS,,CIDADE,ABALROAMENTO LONGITUDINAL,COLISÃO SEM VITIMAS,1,,,,,,1,,,0,,Longo da via,Bom,Não existe,Incompleta,Seca,Mal conservada,Não existe,Não há placas,,Dupla,Não existe,,,,,,
2018-12-04,12:01:00,SEM VÍTIMA,FINALIZADA,MADALENA,RUA BENFICA,,,EM FRENTE AO INTERNACIONAL,RUA BENFICA,,EM FRENTE AO INTERNACIONAL,MADALENA,,CIDADE,ABALROAMENTO LONGITUDINAL,COLISÃO SEM VÍTIMA,2,,,,,,,,,0,,Longo da via,Bom,Não existe,Perfeito estado,Seca,Perfeito estado,Não existe,R-6a,,Única,Faixa contínua,,Faixa seccionada,,,,
2018-12-04,12:34:00,SEM VÍTIMA,CANCELADA,CORDEIRO,AV INACIO MONTEIRO,556,RUA MATHUZALEM WANDERLEY,E/F AO MERCADINHO TUDO DE BOM,AV INACIO MONTEIRO,556,E/F AO MERCADINHO TUDO DE BOM,CORDEIRO,,,COLISÃO,COLISAO ENTRE DOIS AUTOS S/V,2,,,,,,,,,0,,,,,,,,,,,,,,,,,,
2018-12-04,12:50:00,SEM VÍTIMA,FINALIZADA,DERBY,PRC DO DERBY,,,AO LADO DA ESTAÇÃO DO BRT - SENTIDO SUB/CID,PRC DO DERBY,,AO LADO DA ESTAÇÃO DO BRT - SENTIDO SUB/CID,DERBY,75,CIDADE,ABALROAMENTO LONGITUDINAL,COLISÃO SEM VÍTIMA,1,,,,,1,,,,0,,Longo da via,Bom,Sem defeito,Perfeito estado,Seca,Perfeito estado,,,,Dupla,Outros,,,,,,
2018-12-04,12:53:00,SEM VÍTIMA,FINALIZADA,AREIAS,AV DR JOSE RUFINO,955,,E/F A HONDA,AV DR JOSE RUFINO,955,E/F A HONDA,AREIAS,,CIDADE,COLISÃO TRASEIRA,,2,,,,,,,,,0,,Longo da via,Bom,Não existe,Perfeito estado,Seca,Perfeito estado,Não existe,Não há placas,,Dupla,Faixa contínua,,Faixa seccionada,,,,
2018-12-04,13:00:00,SEM VÍTIMA,FINALIZADA,AFOGADOS,EST DOS REMEDIOS,,RUA DO ACRE,E/F AO TODO DIA,EST DOS REMEDIOS,,E/F AO TODO DIA,AFOGADOS,,SUBURBIO,ABALROAMENTO TRANSVERSAL,COLISA ENTRE DOIS AUTOS S/V,2,,,,,,,,,0,,Cruzamento,Bom,Não existe,Incompleta,Seca,Perfeito estado,Não existe,Outras,,Dupla,Não existe,,,,,,
2018-12-04,13:37:00,SEM VÍTIMA,CANCELADA,BOA VISTA,RUA DO HOSPICIO,,,EM FRENTE A PRAÇA MACIEL PINHEIRO,RUA DO HOSPICIO,,EM FRENTE A PRAÇA MACIEL PINHEIRO,BOA VISTA,33,,COLISÃO,AUTO E CAMINHAO S/V,1,,,,,,1,,,0,,,,,,,,,,,,,,,,,,
2018-12-04,13:45:00,SEM VÍTIMA,FINALIZADA,BOA VIAGEM,RUA COSMORAMA,,,EM FRENTE AO Nº 25,RUA COSMORAMA,,EM FRENTE AO Nº 25,BOA VIAGEM,,SUBURBIO,COLISÃO TRASEIRA,COLISAO ENTRE DOIS AUTOS S/V,2,,,,,,,,,0,,Longo da via,Bom,Sem defeito,Perfeito estado,Seca,Perfeito estado,Não existe,Não há placas,,Dupla,Não existe,,,,,,
2018-12-04,13:54:00,SEM VÍTIMA,CANCELADA,BOA VIAGEM,AV ENGENHEIRO DOMINGOS FERREIRA,1835,,EM FRENTE A PIZZARIA BENVINDA,AV ENGENHEIRO DOMINGOS FERREIRA,1835,EM FRENTE A PIZZARIA BENVINDA,BOA VIAGEM,,,COLISÃO,COLISÃO SEM VÍTIMA,1,,,,,,1,,,0,,,,,,,,,,,,,,,,,,
2018-12-04,13:59:00,SEM VÍTIMA,FINALIZADA,GUABIRABA,AV VEREADOR OTACILIO AZEVEDO,,,PROX. AO MERCADINHO CORDEIRO, E AO NUCLEO DA PM,AV VEREADOR OTACILIO AZEVEDO,,PROX. AO MERCADINHO CORDEIRO, E AO NUCLEO DA PM,GUABIRABA,,SUBURBIO,CHOQUE VEÍCULO PARADO,DOIS CAMINHOES,,,,,,,2,,,0,,Longo da via,Bom,Não existe,Não existente,Seca,Perfeito estado,Não existe,Não há placas,,Dupla,Não existe,,,,
2018-12-04,14:50:00,SEM VÍTIMA,FINALIZADA,CAMPO GRANDE,AV GOVERNADOR AGAMENON MAGALHAES,,,EM FRENTE A PARADA DE ÔNIBUS 180148,AV GOVERNADOR AGAMENON MAGALHAES,,EM FRENTE A PARADA DE ÔNIBUS 180148,CAMPO GRANDE,,CIDADE,ABALROAMENTO LONGITUDINAL,COLISÃO SEM VÍTIMA,2,,,,,,,,,0,,Longo da via,Bom,Não existe,Perfeito estado,Seca,Perfeito estado,Não existe,Não há placas,,Dupla,Canal,,,,,,
2018-12-04,15:03:00,SEM VÍTIMA,FINALIZADA,AREIAS,AV RECIFE,5453,,,AV RECIFE,5453,,AREIAS,,,COLISÃO TRASEIRA,COLISAO ENNTRE DOIS AUTOS S/V VT 07 NO LOCAL,2,,,,,,,,,0,,Longo da via,Bom,Não existe,Perfeito estado,Seca,Perfeito estado,Não existe,Não há placas,,Única,Faixa seccionada,,,,,,
2018-12-04,15:19:00,SEM VÍTIMA,FINALIZADA,IMBIRIBEIRA,AV MARECHAL MASCARENHAS DE MORAES,,,EM FRENTE A FLOR ARTE, SENTIDO AFOGADOS,AV MARECHAL MASCARENHAS DE MORAES,,EM FRENTE A FLOR ARTE, SENTIDO AFOGADOS,IMBIRIBEIRA,,,COLISÃO,COLISAO ENTRE DOIS AUTOS S/V,2,,,,,,,,,0,,,,,,,,,,,,,,,,
2018-12-04,15:24:00,SEM VÍTIMA,FINALIZADA,CORDEIRO,AV ENGENHEIRO ABDIAS DE CARVALHO,,,SOB O SEMÁFORO 422,AV ENGENHEIRO ABDIAS DE CARVALHO,,SOB O SEMÁFORO 422,CORDEIRO,422,SUBURBIO,COLISÃO TRASEIRA,AUTO E CAMINHAO S/V,1,,,,,,1,,,0,,Longo da via,Bom,Sem defeito,Perfeito estado,Seca,Perfeito estado,Faixa de retenção,R-4a,,,Canteiro central,,,,,,
2018-12-04,15:30:00,SEM VÍTIMA,FINALIZADA,ILHA DO RETIRO,RUA BENFICA,140,,PRÓXIMO AO QUARTEL DO CHOQUE PMPE,RUA BENFICA,140,PRÓXIMO AO QUARTEL DO CHOQUE PMPE,ILHA DO RETIRO,,CIDADE,ABALROAMENTO LONGITUDINAL,COLISAO ENTRE CAMINHAO E AUTO S/V,1,,,,,,1,,,0,,Longo da via,Bom,Não existe,Perfeito estado,Seca,Perfeito estado,,Outras,,Única,,,,,,,
2018-12-04,15:37:00,SEM VÍTIMA,FINALIZADA,IBURA,RUA RIO DA PRATA,124,,,RUA RIO DA PRATA,124,,IBURA,,CIDADE,ABALROAMENTO LONGITUDINAL,COLISÃO COM VÍTIMA,1,1,,,,,,,,0,,Longo da via,Bom,Não existe,Perfeito estado,Seca,Perfeito estado,Não existe,Não há placas,,Dupla,Não existe,,,,,,
2018-12-04,15:49:00,SEM VÍTIMA,FINALIZADA,BOA VISTA,RUA BARAO DE SAO BORJA,385,,,RUA BARAO DE SAO BORJA,385,,BOA VISTA,,SUBURBIO,ABALROAMENTO LONGITUDINAL,COLISAO ENTRE DOIS AUTOS S/V,1,1,,,,,,,,0,,Longo da via,Bom,Não existe,Não existente,Seca,Perfeito estado,Agente,R-6a,,Única,Não existe,,,,,,
2018-12-04,16:12:00,SEM VÍTIMA,FINALIZADA,BAIRRO DO RECIFE,RUA MADRE DEUS,,RUA BUARQUE DE MACEDO,E/F AO BANCO DO BRASIL,RUA MADRE DEUS,,E/F AO BANCO DO BRASIL,BAIRRO DO RECIFE,19,,ABALROAMENTO LONGITUDINAL,COLISAO ENTE DOIS AUTOS S/V,2,,,,,,,,,0,,Cruzamento,Bom,Sem defeito,Perfeito estado,Seca,Perfeito estado,Faixa de pedestre,Outras,30 km/h,Única,Faixa seccionada,,,,,,
2018-12-04,16:55:00,SEM VÍTIMA,FINALIZADA,DOIS IRMÃOS,RUA MANUEL DE MEDEIROS,300,,PROXIMO AO PREDIO DA UFRPE DE ZOOTECNIA,RUA MANUEL DE MEDEIROS,300,PROXIMO AO PREDIO DA UFRPE DE ZOOTECNIA,DOIS IRMÃOS,,CIDADE,COLISÃO TRASEIRA,COLISÃO SEM VÍTIMA,3,,,,,,,,,0,,Longo da via,Bom,Sem defeito,Perfeito estado,Seca,Perfeito estado,Não existe,Não há placas,,Dupla,Faixa contínua,,,,,,
2018-12-04,17:22:00,SEM VÍTIMA,CANCELADA,TORRÕES,AV ENGENHEIRO ABDIAS DE CARVALHO,170,,EM FRENTEA DISQUE PEDRAS/ LADO OPOSTO DA UPA,AV ENGENHEIRO ABDIAS DE CARVALHO,170,EM FRENTEA DISQUE PEDRAS/ LADO OPOSTO DA UPA,TORRÕES,,CIDADE,COLISÃO,COLISÃO SEM VÍTIMA,1,,,,,,1,,,0,,,,,,,,,,,,,,,,,,
2018-12-04,18:37:00,SEM VÍTIMA,FINALIZADA,SÃO JOSÉ,C SANTA RITA,,,NA ENTRADA DO TERMINAL DE CAIS DE SANTA RITA,C SANTA RITA,,NA ENTRADA DO TERMINAL DE CAIS DE SANTA RITA,SÃO JOSÉ,76,CIDADE,ABALROAMENTO LONGITUDINAL,ONIBUS X AUTO,1,,,,,1,,,,0,,Não informado,Bom,Sem defeito,Incompleta,Seca,Perfeito estado,,Outras,60 km/h,Dupla,Canteiro central,,,,,,
2018-12-04,18:43:00,COM VÍTIMA,FINALIZADA,JARDIM SÃO PAULO,AV LIBERDADE,327,,EM FRENTE AO SUPERMERCADO SUPREMAIS E IGREJA DO AMOR.,AV LIBERDADE,327,EM FRENTE AO SUPERMERCADO SUPREMAIS E IGREJA DO AMOR.,JARDIM SÃO PAULO,,CIDADE,ATROPELAMENTO,ATROPELAMENTO DE PEDESTRE.,1,,,,1,,,,,1,,Longo da via,Bom,Não existe,Não existente,Seca,Perfeito estado,Não existe,R-6a,,Dupla,Faixa contínua,,,,,,
2018-12-04,18:46:00,COM VÍTIMA,FINALIZADA,SANTO AMARO,AV GOVERNADOR AGAMENON MAGALHAES,,,AO LADO DO SHOPPING TACARUNA. ANTIGA FÁBRICA TACARUNA, NA PISTA LOCAL.,AV GOVERNADOR AGAMENON MAGALHAES,,AO LADO DO SHOPPING TACARUNA. ANTIGA FÁBRICA TACARUNA, NA PISTA LOCAL.,SANTO AMARO,,CIDADE,ATROPELAMENTO,LOGAN X PEDESTRE,1,,,,1,,,,,1,,Longo da via,Bom,Não existe,Incompleta,Seca,Mal iluminada,Não existe,Não há placas,,Única,Faixa seccionada,,,,
2018-12-04,19:31:00,COM VÍTIMA,FINALIZADA,BOA VIAGEM,AV BOA VIAGEM,,RUA ARTUR MUNIZ,E/F AO RESTAURANTE ALFAIATE // SEGUNDO JARDIM,AV BOA VIAGEM,,E/F AO RESTAURANTE ALFAIATE // SEGUNDO JARDIM,BOA VIAGEM,,SUBURBIO,ABALROAMENTO TRANSVERSAL,FORD K X MOTO,1,1,,,,,,,,1,,Cruzamento,Bom,Não existe,Perfeito estado,Seca,Perfeito estado,Outros,Outras,,Dupla,Faixa,,,,,,
2018-12-04,20:32:00,SEM VÍTIMA,FINALIZADA,IMBIRIBEIRA,AV MARECHAL MASCARENHAS DE MORAES,4741,RUA JOAO PEDRO DA SILVA,ENF AO HOTEL AEROPORTO,AV MARECHAL MASCARENHAS DE MORAES,4741,ENF AO HOTEL AEROPORTO,IMBIRIBEIRA,,CIDADE,ABALROAMENTO LONGITUDINAL,DOIS ONIBUS,,,,,,2,,,,0,,Longo da via,Bom,Sem defeito,Perfeito estado,Seca,Perfeito estado,Agente,Outras,,Única,Faixa contínua,,Faixa seccionada,,,,
2018-12-04,20:45:00,SEM VÍTIMA,FINALIZADA,DOIS UNIDOS,RUA DA BELA VISTA,15,,,RUA DA BELA VISTA,15,,DOIS UNIDOS,,CIDADE,CHOQUE VEÍCULO PARADO,FORD K X MOTO,1,1,,,,,,,,0,,Longo da via,Bom,Não existe,Não existente,Seca,Perfeito estado,Não existe,Não há placas,,Dupla,Não existe,,,,,,
2018-12-04,21:13:00,SEM VÍTIMA,FINALIZADA,ENCRUZILHADA,AV BEBERIBE,,,EM FRENTE A FARMÁCIA PAGUE MENOS,AV BEBERIBE,,EM FRENTE A FARMÁCIA PAGUE MENOS,ENCRUZILHADA,186,SUBURBIO,COLISÃO TRASEIRA,GOL X JAC,2,,,,,,,,,0,,Longo da via,Bom,Sem defeito,Perfeito estado,Seca,Perfeito estado,Faixa de pedestre,,,Dupla,Faixa seccionada,,Canteiro central,,,,