data,hora,natureza_acidente,situacao,bairro,endereco,numero,detalhe_endereco_acidente,complemento,endereco_cruzamento,numero_cruzamento,referencia_cruzamento,bairro_cruzamento,num_semaforo,sentido_via,tipo,descricao,auto,moto,ciclom,ciclista,pedestre,onibus,caminhao,viatura,outros,vitimas,vitimasfatais,acidente_verificado,tempo_clima,situacao_semaforo,sinalizacao,condicao_via,conservacao_via,ponto_controle,situacao_placa,velocidade_max_via,mao_direcao,divisao_via1,divisao_via2,divisao_via3,,,,
2018-12-05,07:17:00,SEM VÍTIMA,FINALIZADA,SANTO AMARO,AV CRUZ CABUGA,,,EM FRENTE A PRAÇA CARLOS PINTO,AV CRUZ CABUGA,,EM FRENTE A PRAÇA CARLOS PINTO,SANTO AMARO,470,CIDADE,ABALROAMENTO LONGITUDINAL,COLISÃO SEM VITIMAS,2,,,,,,,,,0,,Longo da via,Bom,Sem defeito,Perfeito estado,Seca,Perfeito estado,Faixa de pedestre,Não há placas,,Dupla,Canteiro central,,,,,,
2018-12-05,07:21:00,SEM VÍTIMA,CANCELADA,MADALENA,RUA BENFICA,,,APÓS AO COLEGIO GGE/ SENTIDO DERBY,RUA BENFICA,,APÓS AO COLEGIO GGE/ SENTIDO DERBY,MADALENA,,,COLISÃO,COLISÃO SEM VÍTIMA,1,,,,,1,,,,0,,,,,,,,,,,,,,,,,,
2018-12-05,07:33:00,SEM VÍTIMA,FINALIZADA,IPSEP,AV RECIFE,2300 A,,DRIVE SHOW,AV RECIFE,2300 A,DRIVE SHOW,IPSEP,,,ABALROAMENTO LONGITUDINAL,SEM VITIMAS,CTTU NO LOCAL,1,,,,,,1,,,0,,Longo da via,Bom,Sem defeito,Perfeito estado,Seca,Perfeito estado,Outros,Outras,,Única,Faixa contínua,,,,,
2018-12-05,08:01:00,SEM VÍTIMA,FINALIZADA,BOA VIAGEM,AV DOM JOAO VI,930,,E/F A GB SERVIÇOS, NA SAIDA DO TUNEO, SENTIDO SHOPPING,AV DOM JOAO VI,930,E/F A GB SERVIÇOS, NA SAIDA DO TUNEO, SENTIDO SHOPPING,BOA VIAGEM,,CIDADE,COLISÃO TRASEIRA,SEM VÍTIMAS. BATEDORES NO LOCAL. MT 21 MT 13,2,,,,,,,,,0,,Longo da via,Bom,Não existe,Perfeito estado,Seca,Perfeito estado,Não existe,Não há placas,,Dupla,Canal,,
2018-12-05,08:05:00,SEM VÍTIMA,FINALIZADA,AFOGADOS,RUA VINTE E UM DE ABRIL,398,,,RUA VINTE E UM DE ABRIL,398,,AFOGADOS,,CIDADE,COLISÃO FRONTAL,COLISÃO SEM VITIMAS,1,1,,,,,,,,0,,Longo da via,Bom,Sem defeito,Perfeito estado,Seca,Perfeito estado,Não existe,Não há placas,,Dupla,Não existe,,,,,,
2018-12-05,08:10:00,SEM VÍTIMA,CANCELADA,BOA VISTA,RUA JOSE DE ALENCAR,137,RUA BARAO DE SAO BORJA,E/F AO HOTEL BOA VISTA,RUA JOSE DE ALENCAR,137,E/F AO HOTEL BOA VISTA,BOA VISTA,,,COLISÃO,SEM VÍTIMAS.,2,,,,,,,,,0,,,,,,,,,,,,,,,,,,
2018-12-05,08:25:00,SEM VÍTIMA,FINALIZADA,IMBIRIBEIRA,AV MARECHAL MASCARENHAS DE MORAES,,,EM FRENTE A CONCESSIONARIA TAMBAÍ,AV MARECHAL MASCARENHAS DE MORAES,,EM FRENTE A CONCESSIONARIA TAMBAÍ,IMBIRIBEIRA,439,SUBURBIO,COLISÃO TRASEIRA,SEM VITIMAS.,2,,,,,,,,,0,,Longo da via,Bom,Sem defeito,Perfeito estado,Seca,Perfeito estado,Faixa de pedestre,R-6a,60 km/h,Dupla,Canteiro central,,,,,,
2018-12-05,08:33:00,SEM VÍTIMA,FINALIZADA,SAN MARTIN,RUA JOSE VELOSO,225 A,RUA APULCRO DE ASSUNCAO,ACADEMINA TOP TRAINING,RUA JOSE VELOSO,225 A,ACADEMINA TOP TRAINING,SAN MARTIN,,CIDADE,ABALROAMENTO TRANSVERSAL,COLISÃO SEM VITIMAS,2,,,,,,,,,0,,Cruzamento,Bom,Não existe,Incompleta,Seca,Perfeito estado,Não existe,Não há placas,,Dupla,Não existe,,,,,,
2018-12-05,08:38:00,SEM VÍTIMA,FINALIZADA,AFOGADOS,RUA SAO MIGUEL,1541,,EM FRENTE A O POSTO IPIRANGA,RUA SAO MIGUEL,1541,EM FRENTE A O POSTO IPIRANGA,AFOGADOS,,CIDADE,COLISÃO,SEM VITIMAS,1,,,,,,1,,,0,,,,,,,,,,,,,,,,,,
2018-12-05,08:39:00,SEM VÍTIMA,FINALIZADA,BAIRRO DO RECIFE,AV RECIFE,,AV DOM HELDER CAMARA,EM FRENTE AO NUCLEO DA POLICIA SEMAFORO 016,AV RECIFE,,EM FRENTE AO NUCLEO DA POLICIA SEMAFORO 016,BAIRRO DO RECIFE,16,,COLISÃO TRASEIRA,COLISÃO SEM VITIMAS - GM QTH,1,1,,,,,,,,0,,Longo da via,Bom,Sem defeito,Perfeito estado,Seca,Perfeito estado,Outros,Outras,,Única,Faixa contínua,,,,,,
2018-12-05,08:44:00,SEM VÍTIMA,DUPLICIDADE,IMBIRIBEIRA,AV MARECHAL MASCARENHAS DE MORAES,2508,RUA JEAN EMILE FAVRE,EM FRENTE A DIVEPE CAMINHÕES,AV MARECHAL MASCARENHAS DE MORAES,2508,EM FRENTE A DIVEPE CAMINHÕES,IMBIRIBEIRA,,,COLISÃO,SEM VITIMAS,2,,,,,,,,,0,,,,,,,,,,,,,,,,,,
2018-12-05,09:20:00,SEM VÍTIMA,FINALIZADA,CAMPO GRANDE,RUA FRANKLIN TAVORA,,RUA OLIVEIRA FONSECA,,RUA FRANKLIN TAVORA,,,CAMPO GRANDE,,CIDADE,ABALROAMENTO TRANSVERSAL,COLISÃO SEM VÍTIMA,2,,,,,,,,,0,,Cruzamento,Bom,Não existe,Não existente,Seca,Perfeito estado,Não existe,Outras,,Dupla,Faixa seccionada,,,,,,
2018-12-05,09:50:00,SEM VÍTIMA,FINALIZADA,BOA VIAGEM,RUA PROFESSOR JOSE BRANDAO,38,RUA POETA ZEZITO NEVES,AO LADO DO Nº 38,RUA PROFESSOR JOSE BRANDAO,38,AO LADO DO Nº 38,BOA VIAGEM,,,ABALROAMENTO TRANSVERSAL,SEM VITMAS,3,,,,,,,,,0,,Longo da via,Bom,Não existe,Não existente,Seca,Perfeito estado,Não existe,Não há placas,40 km/h,Única,Faixa seccionada,,,,,,
2018-12-05,10:39:00,SEM VÍTIMA,FINALIZADA,ILHA DO LEITE,PRC MIGUEL DE CERVANTES,,,EM FRENTE A PRAÇA E EM FRENTE A ANTIGA GEAP,PRC MIGUEL DE CERVANTES,,EM FRENTE A PRAÇA E EM FRENTE A ANTIGA GEAP,ILHA DO LEITE,,CIDADE,COLISÃO TRASEIRA,COLISÃO SEM VÍTIMA,2,,,,,,,,,0,,Não informado,Bom,Não existe,Perfeito estado,Seca,Perfeito estado,Não existe,Outras,30 km/h,Única,Não existe,,,,,,
2018-12-05,10:57:00,COM VÍTIMA,FINALIZADA,ESPINHEIRO,AV JOAO DE BARROS,1629,RUA ALFREDO DE CASTRO,APOS O SUPERMERCADO COMPRE BEM EM FRENTE A FEDERAÇÃO ESPIRITA,AV JOAO DE BARROS,1629,APOS O SUPERMERCADO COMPRE BEM EM FRENTE A FEDERAÇÃO ESPIRITA,ESPINHEIRO,,,ABALROAMENTO LONGITUDINAL,MOTOCICLISTA A ESPERA DO SAMU,1,1,,,,,,,,1,,Esquina,Bom,Não existe,Perfeito estado,Seca,Perfeito estado,Não existe,R-6a,,Única,Faixa,,,,,,
2018-12-05,11:30:00,SEM VÍTIMA,FINALIZADA,SÃO JOSÉ,C SANTA RITA,,,PRÓXIMO A PONTE GIRATÓRIA,C SANTA RITA,,PRÓXIMO A PONTE GIRATÓRIA,SÃO JOSÉ,,SUBURBIO,ABALROAMENTO LONGITUDINAL,COLISÃO SEM VITIMAS,1,,,,,1,,,,0,,Longo da via,Bom,Não existe,Perfeito estado,Seca,Perfeito estado,Não existe,Não há placas,,Dupla,Canteiro central,,,,,,
2018-12-05,12:04:00,SEM VÍTIMA,FINALIZADA,CABANGA,AV SUL,,,EM BAIXO DO PONTIHAO DO METRO /,AV SUL,,EM BAIXO DO PONTIHAO DO METRO /,CABANGA,,CIDADE,COLISÃO TRASEIRA,TRES AUTOS E UMA MOTO,2,1,,,,,,,,0,,Longo da via,Bom,Não existe,Perfeito estado,Seca,Perfeito estado,Não existe,Outras,,Dupla,Faixa seccionada,,Canteiro central,,,,
2018-12-05,12:11:00,SEM VÍTIMA,FINALIZADA,BOA VISTA,RUA BERNARDO GUIMARAES,409,,EM FRENTE A CATOLICA,RUA BERNARDO GUIMARAES,409,EM FRENTE A CATOLICA,BOA VISTA,,CIDADE,ABALROAMENTO LONGITUDINAL,DOIS AUTOS,2,,,,,,,,,0,,Longo da via,Bom,Não existe,Incompleta,Seca,Perfeito estado,Não existe,Outras,,Única,Não existe,,,,,,
2018-12-05,12:23:00,SEM VÍTIMA,CANCELADA,IBURA,RUA EXP FRANCISCO VITORIANO,82,,UR5, APOS O MERCARDO TREVO, E EM FRENTE A CARNEIRO PISOS,RUA EXP FRANCISCO VITORIANO,82,UR5, APOS O MERCARDO TREVO, E EM FRENTE A CARNEIRO PISOS,IBURA,,,COLISÃO,AUTO E MOTO S/V,1,1,,,,,,,,0,,,,,,,,,,,,,,
2018-12-05,12:25:00,SEM VÍTIMA,DUPLICIDADE,BOA VISTA,RUA BERNARDO GUIMARAES,395,,AO LADO DA CATOLICA,RUA BERNARDO GUIMARAES,395,AO LADO DA CATOLICA,BOA VISTA,,,COLISÃO,,2,,,,,,,,,0,,,,,,,,,,,,,,,,,,
2018-12-05,12:29:00,SEM VÍTIMA,FINALIZADA,BOA VIAGEM,AV ENGENHEIRO DOMINGOS FERREIRA,2640,,,AV ENGENHEIRO DOMINGOS FERREIRA,2640,,BOA VIAGEM,,,COLISÃO TRASEIRA,ENTRE TRES AUTOS S/V,3,,,,,,,,,0,,Longo da via,Bom,Sem defeito,Perfeito estado,Seca,Perfeito estado,Não existe,Outras,,Única,Faixa contínua,,Canteiro central,,,,
2018-12-05,13:03:00,SEM VÍTIMA,FINALIZADA,SANTO AMARO,RUA DOM VITAL,,AV JOAO DE BARROS,EM FRENTE A CENTRAL DA CELPE,RUA DOM VITAL,,EM FRENTE A CENTRAL DA CELPE,SANTO AMARO,,SUBURBIO,ABALROAMENTO TRANSVERSAL,CAMINHAO E AUTO,1,,,,,,1,,,0,,Longo da via,Bom,Sem defeito,Perfeito estado,Seca,Perfeito estado,Faixa de pedestre,Outras,60 km/h,Única,Faixa seccionada,,Canteiro central,,,,
2018-12-05,13:06:00,SEM VÍTIMA,CANCELADA,SANTO ANTÔNIO,PTE PRINCESA IZABEL,,,AO LADO DO TEATRO,PTE PRINCESA IZABEL,,AO LADO DO TEATRO,SANTO ANTÔNIO,,,COLISÃO,AUTO E ONIBUS S/V,1,,,,,1,,,,0,,,,,,,,,,,,,,,,,,
2018-12-05,13:10:00,COM VÍTIMA,FINALIZADA,MACAXEIRA,AV NORTE,,,APOS A ACADEMIA DA CIDADE S/T CID,AV NORTE,,APOS A ACADEMIA DA CIDADE S/T CID,MACAXEIRA,,CIDADE,ATROPELAMENTO,ATROPELAMENTO DE MOTO COM PEDESTRE,,1,,,1,,,,,1,,Longo da via,Bom,Não existe,Perfeito estado,Seca,Perfeito estado,Não existe,R-6a,,Dupla,Faixa seccionada,,Canteiro central,,,,
2018-12-05,13:25:00,SEM VÍTIMA,CANCELADA,SÃO JOSÉ,C SANTA RITA,,,NA DESCIDA DA PONTE SENTIDO MARCO ZERO,C SANTA RITA,,NA DESCIDA DA PONTE SENTIDO MARCO ZERO,SÃO JOSÉ,473,,COLISÃO,AUTO E MOTO S/V,1,1,,,,,,,,0,,,,,,,,,,,,,,,,,,
2018-12-05,13:43:00,SEM VÍTIMA,FINALIZADA,SÃO JOSÉ,RUA IMPERIAL,,AV DANTAS BARRETO,,RUA IMPERIAL,,,SÃO JOSÉ,35,SUBURBIO,ABALROAMENTO LONGITUDINAL,AUTO E ONIBUS S/V,1,,,,,1,,,,0,,Cruzamento,Bom,Sem defeito,Incompleta,Seca,Perfeito estado,Faixa de retenção,Não há placas,,Única,Não existe,,,,,,
2018-12-05,13:53:00,SEM VÍTIMA,FINALIZADA,IMBIRIBEIRA,RUA DUQUE ESTRADA,252,AV ANTONIO TORRES GALVAO,BORRACHARIA DO IRMÃO PAULO,RUA DUQUE ESTRADA,252,BORRACHARIA DO IRMÃO PAULO,IMBIRIBEIRA,,CIDADE,COLISÃO TRASEIRA,DOIS AUTOS,2,,,,,,,,,0,,Não informado,Bom,Não existe,Não existente,Seca,Perfeito estado,Não existe,Não há placas,,Única,Não existe,,,,,,
2018-12-05,13:58:00,SEM VÍTIMA,FINALIZADA,CORDEIRO,RUA ODETE MONTEIRO,,RUA PIERRE CURIE,EM FRENTE AO POSTE Nº H 027787,RUA ODETE MONTEIRO,,EM FRENTE AO POSTE Nº H 027787,CORDEIRO,,CIDADE,ABALROAMENTO LONGITUDINAL,DOIS AUTOS,2,,,,,,,,,0,,Cruzamento,Bom,Não existe,Perfeito estado,Seca,Perfeito estado,Faixa de pedestre,Outras,,Dupla,Faixa seccionada,,,,,,
2018-12-05,14:06:00,SEM VÍTIMA,FINALIZADA,BOA VIAGEM,AV BOA VIAGEM,6234,,EDF PARQUE AVENIDA LIVING,AV BOA VIAGEM,6234,EDF PARQUE AVENIDA LIVING,BOA VIAGEM,,SUBURBIO,ABALROAMENTO LONGITUDINAL,DOIS AUTOS,2,,,,,,,,,0,,Longo da via,Bom,Não existe,Perfeito estado,Seca,Perfeito estado,Não existe,Outras,60 km/h,Única,Faixa seccionada,,,,,,
2018-12-05,14:15:00,SEM VÍTIMA,FINALIZADA,AREIAS,AV RECIFE,,,LADO OPOSTO AO MAKRO EM FRENTE AO POSTO DE COMBUSTÍVEL BR,AV RECIFE,,LADO OPOSTO AO MAKRO EM FRENTE AO POSTO DE COMBUSTÍVEL BR,AREIAS,620,,COLISÃO TRASEIRA,AUTO E CARRO DO EXERCITO,2,,,,,,,1,,0,,Longo da via,Bom,Sem defeito,Perfeito estado,Seca,Perfeito estado,Faixa de pedestre,Outras,,Dupla,Canteiro central,,,,,,
2018-12-05,15:30:00,SEM VÍTIMA,FINALIZADA,BOA VIAGEM,AV CONSELHEIRO AGUIAR,,,E/F AO PONTO DO AÇAI BATEDOR DA MOTO 24 E 02 NO LOCAL,AV CONSELHEIRO AGUIAR,,E/F AO PONTO DO AÇAI BATEDOR DA MOTO 24 E 02 NO LOCAL,BOA VIAGEM,,CIDADE,COLISÃO TRASEIRA,COLISAO ENTRE DOIS AUTOS S/V,2,,,,,,,,,0,,Longo da via,Bom,Não existe,Perfeito estado,Seca,Perfeito estado,Não existe,Outras,60 km/h,Única,Faixa contínua,,,,,,
2018-12-05,15:34:00,SEM VÍTIMA,FINALIZADA,VÁRZEA,RUA RIBEIRO PESSOA,,,EM FRENTE A UPA, E AO HOTEL TURQUESA, SENTIDO DOIS IRMAOS,RUA RIBEIRO PESSOA,,EM FRENTE A UPA, E AO HOTEL TURQUESA, SENTIDO DOIS IRMAOS,VÁRZEA,,CIDADE,ABALROAMENTO LONGITUDINAL,AUTO E ONIBUS S/V,1,,,,,1,,,,0,,Longo da via,Bom,Não existe,Não existente,Seca,Perfeito estado,Não existe,Não há placas,,Dupla,Não existe,,
2018-12-05,16:03:00,SEM VÍTIMA,FINALIZADA,BOA VIAGEM,RUA VISCONDE DE JEQUITINHONHA,,RUA BALTAZAR PASSOS,,RUA VISCONDE DE JEQUITINHONHA,,,BOA VIAGEM,154,SUBURBIO,ABALROAMENTO TRANSVERSAL,,2,,,,,,,,,0,,Cruzamento,Bom,Sem defeito,Perfeito estado,Seca,Perfeito estado,Faixa de pedestre,Outras,60 km/h,Dupla,Canteiro central,,,,,,
2018-11-30,16:11:00,SEM VÍTIMA,FINALIZADA,AFOGADOS,AV SUL,,,BORRACHARIA SUL,AV SUL,,BORRACHARIA SUL,AFOGADOS,,CIDADE,ABALROAMENTO LONGITUDINAL,CAMINHÃO X AUTO,1,,,,,,1,,,0,,Longo da via,Bom,Não existe,Perfeito estado,Seca,Perfeito estado,Não existe,Não há placas,,Única,Faixa contínua,,Faixa seccionada,,,,
2018-12-05,16:48:00,SEM VÍTIMA,FINALIZADA,IMBIRIBEIRA,AV MARECHAL MASCARENHAS DE MORAES,5001,,GESSO E CIA,AV MARECHAL MASCARENHAS DE MORAES,5001,GESSO E CIA,IMBIRIBEIRA,,SUB/CID,ABALROAMENTO LONGITUDINAL,CAMINHAO E AUTO,1,,,,,,1,,,0,,Longo da via,Bom,Não existe,Perfeito estado,Seca,Perfeito estado,,Outras,60 km/h,Dupla,Canteiro central,,,,,,
2018-12-05,17:21:00,SEM VÍTIMA,FINALIZADA,ILHA DO RETIRO,RUA SPORT CLUBE DO RECIFE,,,NO TUNEL CHICO SCIENCE,RUA SPORT CLUBE DO RECIFE,,NO TUNEL CHICO SCIENCE,ILHA DO RETIRO,,,COLISÃO,COLISO ENTRE DOIS AUTOS S/,2,,,,,,,,,0,,,,,,,,,,,,,,,,,,
2018-12-05,18:19:00,SEM VÍTIMA,FINALIZADA,CASA AMARELA,RUA PADRE LEMOS,,,EM FRENTE A FEIRA LIVRE DE CASA AMARELA,RUA PADRE LEMOS,,EM FRENTE A FEIRA LIVRE DE CASA AMARELA,CASA AMARELA,,CIDADE,COLISÃO TRASEIRA,ENTRE AUTOS S/V.,2,,,,,,,,,0,,Não informado,,,,,,Agente,,40 km/h,Dupla,Faixa contínua,,,,,,
2018-12-05,18:21:00,SEM VÍTIMA,FINALIZADA,SANTO AMARO,AV GOVERNADOR AGAMENON MAGALHAES,,,ENCIMA DO VIADUTO,AV GOVERNADOR AGAMENON MAGALHAES,,ENCIMA DO VIADUTO,SANTO AMARO,,,ABALROAMENTO LONGITUDINAL,GOL X MOTO,1,1,,,,,,,,0,,Viaduto,Bom,Não existe,Perfeito estado,Seca,Perfeito estado,,,,Única,,,,,,,
2018-12-05,18:24:00,COM VÍTIMA,FINALIZADA,IPSEP,RUA IRAPUA,,RUA FRANCISCO BARRETO,PRÓX À FLAVINHO BAR, praça do ipê,RUA IRAPUA,,PRÓX À FLAVINHO BAR, praça do ipê,IPSEP,,CIDADE,ABALROAMENTO TRANSVERSAL,AUTO X MOTO C/V.,1,1,,,,,,,,1,,Cruzamento,Bom,Não existe,Não existente,Seca,Perfeito estado,Não existe,Não há placas,,Dupla,Não existe,,,,
2018-12-05,18:36:00,SEM VÍTIMA,CANCELADA,CASA FORTE,RUA JACO VELOSINO,,AV DEZESSETE DE AGOSTO,ENF A FARMACIA DROGASIL,RUA JACO VELOSINO,,ENF A FARMACIA DROGASIL,CASA FORTE,,,ENGAVETAMENTO,TAXI X PRISMA X HYUNDAI,3,,,,,,,,,0,,,,,,,,,,,,,,,,,,
2018-12-05,18:42:00,SEM VÍTIMA,CANCELADA,BOA VIAGEM,RUA RIBEIRO DE BRITO,,RUA VISCONDE DE JEQUITINHONHA,EM FRENTE À PADARIA RIO TEJO,RUA RIBEIRO DE BRITO,,EM FRENTE À PADARIA RIO TEJO,BOA VIAGEM,,,COLISÃO,ENTRE AUTOS S/V.,2,,,,,,,,,0,,,,,,,,,,,,,,,,,,
2018-12-05,20:39:00,SEM VÍTIMA,FINALIZADA,CASA AMARELA,EST DO ARRAIAL,1365,RUA PROFESSOR ALVARO LIMA,,EST DO ARRAIAL,1365,,CASA AMARELA,,SUBURBIO,COLISÃO TRASEIRA,CLASSIC X S 10,2,,,,,,,,,0,,Longo da via,Bom,Não existe,Perfeito estado,Seca,Perfeito estado,,,,Única,,,,,,,
2018-12-05,20:59:00,SEM VÍTIMA,FINALIZADA,DERBY,AV GOVERNADOR AGAMENON MAGALHAES,,RUA DOM BOSCO,,AV GOVERNADOR AGAMENON MAGALHAES,,,DERBY,174,SUBURBIO,ABALROAMENTO LONGITUDINAL,ENTRE AUTOS S/V.,2,,,,,,,,,0,,Cruzamento,Bom,Sem defeito,Perfeito estado,Seca,Perfeito estado,Não existe,Não há placas,,Dupla,Canteiro central,,,,,,
2018-12-05,22:42:00,SEM VÍTIMA,FINALIZADA,MADALENA,AV VISCONDE DE ALBUQUERQUE,401,RUA LOPES DE CARVALHO,,AV VISCONDE DE ALBUQUERQUE,401,,MADALENA,,SUBURBIO,ABALROAMENTO TRANSVERSAL,FRONTIE X FOX,2,,,,,,,,,0,,Longo da via,Bom,Sem defeito,Perfeito estado,Seca,Perfeito estado,Não existe,"Placas ""Pare""",,Única,Faixa seccionada,,,,,,
2018-12-05,23:01:00,SEM VÍTIMA,FINALIZADA,SAN MARTIN,AV JOAO CABRAL DE MELO NETO,,,ENCIMA DA PONTE // SENTIDO AV RECIFE,AV JOAO CABRAL DE MELO NETO,,ENCIMA DA PONTE // SENTIDO AV RECIFE,SAN MARTIN,,,COLISÃO TRASEIRA,DOIS AUTO,2,,,,,,,,,0,,Longo da via,Bom,Não existe,Perfeito estado,Seca,Perfeito estado,Não existe,Não há placas,,Dupla,Canteiro central,,,,,,
2018-12-06,06:00:00,COM VÍTIMA,FINALIZADA,CASA AMARELA,EST DAS UBAIAS,,763,RUA CONS NABUCO,EM FRENTE AO POSTO BR,EST DAS UBAIAS,,763,EM FRENTE AO POSTO BR,CASA AMARELA,655,CIDADE,COLISÃO FRONTAL,COM UMA VITIMA AGUARDANDO SAMU,1,1,,,,,,,,1,,Longo da via,Chuvoso,Sem defeito,Perfeito estado,Seca,Perfeito estado,Não existe,Outras,,Dupla,Faixa contínua,,,,
2018-12-06,06:57:00,COM VÍTIMA,FINALIZADA,VASCO DA GAMA,RUA ALTO DO EUCALIPTO,86,,SUBIDA DA RUA ALTO DO EUCALIPTO,RUA ALTO DO EUCALIPTO,86,SUBIDA DA RUA ALTO DO EUCALIPTO,VASCO DA GAMA,,CIDADE,CHOQUE VEÍCULO PARADO,MOTO R AUTO,1,1,,,,,,,,1,,Longo da via,Bom,Não existe,Não existente,Molhada,Perfeito estado,Não existe,Não há placas,,Dupla,Não existe,,,,,,
2018-12-06,07:21:00,SEM VÍTIMA,FINALIZADA,MADALENA,RUA JOSE OSORIO,975,,FRENTE CERTIFICAR - VISTORIAS AUTOMOTIVAS,RUA JOSE OSORIO,975,FRENTE CERTIFICAR - VISTORIAS AUTOMOTIVAS,MADALENA,,SUBURBIO,COLISÃO TRASEIRA,SEM VITIMAS,3,,,,,,,,,0,,Longo da via,Bom,Não existe,Perfeito estado,Seca,Perfeito estado,Não existe,R-6a,,Dupla,Faixa contínua,,,,,,
2018-12-06,07:42:00,SEM VÍTIMA,CANCELADA,DOIS IRMÃOS,RUA MANUEL DE MEDEIROS,,,EM FRENTE UNIVERSIDADE RURAL,RUA MANUEL DE MEDEIROS,,EM FRENTE UNIVERSIDADE RURAL,DOIS IRMÃOS,,,COLISÃO,SEM VITIMAS,2,,,,,,,,,0,,,,,,,,,,,,,,,,,,
2018-12-06,07:50:00,SEM VÍTIMA,FINALIZADA,IMBIRIBEIRA,RUA SARGENTO SILVINO DE MACEDO,445,RUA BARAO DE AGUA BRANCA,,RUA SARGENTO SILVINO DE MACEDO,445,,IMBIRIBEIRA,,CIDADE,ABALROAMENTO TRANSVERSAL,SEM VITIMAS,2,,,,,,,,,0,,Outros,Bom,Não existe,Ilegível,Seca,Perfeito estado,Não existe,Não há placas,,Dupla,Não existe,,,,,,
2018-12-06,07:54:00,COM VÍTIMA,CANCELADA,JORDÃO,AV BEIRA RIO,31A,RUA DA PAZ,PROX. A RECICLAGEM,AV BEIRA RIO,31A,PROX. A RECICLAGEM,JORDÃO,,,COLISÃO,DOIS AUTOS C/V,2,,,,,,,,,2,,,,,,,,,,,,,,,,,,
2018-12-06,08:02:00,SEM VÍTIMA,FINALIZADA,JARDIM SÃO PAULO,AV SAO PAULO,668,,,AV SAO PAULO,668,,JARDIM SÃO PAULO,507,,COLISÃO TRASEIRA,SEM VITIMAS,2,,,,,,,,,0,,Longo da via,Bom,Sem defeito,Perfeito estado,Seca,Perfeito estado,Faixa de pedestre,Não há placas,,Dupla,Faixa contínua,,,,,,
2018-12-06,08:02:00,SEM VÍTIMA,FINALIZADA,ESPINHEIRO,RUA AMELIA,,RUA DR VICENTE MEIRA,ESPINHEIRO SHOPPING,RUA AMELIA,,ESPINHEIRO SHOPPING,ESPINHEIRO,,SUBURBIO,COLISÃO FRONTAL,DOIS AUTOS S/V,2,,,,,,,,,0,,Longo da via,Bom,Sem defeito,Perfeito estado,Seca,Perfeito estado,,Outras,40 km/h,Única,,,,,,,
2018-12-06,08:08:00,SEM VÍTIMA,FINALIZADA,ZUMBI,AV CAXANGA,916,,,AV CAXANGA,916,,ZUMBI,,SUBURBIO,COLISÃO TRASEIRA,SEM VÍTIMAS VT 20 NO LOCAL,3,,,,,,,,,0,,Longo da via,Bom,Não existe,Perfeito estado,Seca,Perfeito estado,Não existe,R-6a,,Dupla,Canteiro central,,,,,,
2018-12-06,08:34:00,SEM VÍTIMA,CANCELADA,AFOGADOS,RUA SAO MIGUEL,1316,RUA MADRESSILVA,E/F A UM GALPÃO NOME NÃO INFORMADO.,RUA SAO MIGUEL,1316,E/F A UM GALPÃO NOME NÃO INFORMADO.,AFOGADOS,,,COLISÃO,SEM VÍTIMAS.,,,,,,,,,,0,,,,,,,,,,,,,,,,,,
2018-12-06,08:48:00,SEM VÍTIMA,CANCELADA,IMBIRIBEIRA,AV MARECHAL MASCARENHAS DE MORAES,69 97B,,SAIDA DO VIADUTO DO JORDAO PARA MASCARENHAS DE MORAIS / EM FRENTE A MADEIRA PORTA LARGA,AV MARECHAL MASCARENHAS DE MORAES,69 97B,SAIDA DO VIADUTO DO JORDAO PARA MASCARENHAS DE MORAIS / EM FRENTE A MADEIRA PORTA LARGA,IMBIRIBEIRA,,,COLISÃO,,2,,,,,,,,,0,,,,,,,,,,,,,,,,,,