data,hora,natureza_acidente,situacao,bairro,endereco,numero,detalhe_endereco_acidente,complemento,endereco_cruzamento,numero_cruzamento,referencia_cruzamento,bairro_cruzamento,num_semaforo,sentido_via,tipo,descricao,auto,moto,ciclom,ciclista,pedestre,onibus,caminhao,viatura,outros,vitimas,vitimasfatais,acidente_verificado,tempo_clima,situacao_semaforo,sinalizacao,condicao_via,conservacao_via,ponto_controle,situacao_placa,velocidade_max_via,mao_direcao,divisao_via1,divisao_via2,divisao_via3,,,,
2018-12-16,12:35:00,SEM VÍTIMA,FINALIZADA,IMBIRIBEIRA,RUA JAMAICA,,RUA IZABEL DE SOUZA,EM FRENTE A CASA DO MARCENEIRO, PROX. AO MARTELINHO DE OURO,RUA JAMAICA,,EM FRENTE A CASA DO MARCENEIRO, PROX. AO MARTELINHO DE OURO,IMBIRIBEIRA,,SUBURBIO,ABALROAMENTO TRANSVERSAL,ENTRE DOIS AUTOS S/V,2,,,,,,,,,0,,Cruzamento,Bom,Não existe,Perfeito estado,Seca,Perfeito estado,Não existe,"Placas ""Pare""",,Única,Não existe,,,,
2018-12-16,15:00:00,SEM VÍTIMA,FINALIZADA,BOA VIAGEM,RUA ERNESTO DE PAULA SANTOS,,AV CONSELHEIRO AGUIAR,SEMÁFORO Nº 127,RUA ERNESTO DE PAULA SANTOS,,SEMÁFORO Nº 127,BOA VIAGEM,127,CIDADE,ABALROAMENTO LONGITUDINAL,COLISÃO SEM VÍTIMA,1,,,,,1,,,,0,,Não informado,Bom,Sem defeito,Perfeito estado,Seca,Perfeito estado,Faixa de pedestre,R-6a,,Única,Faixa contínua,,,,,,
2018-12-16,15:49:00,COM VÍTIMA,FINALIZADA,PORTO DA MADEIRA,AV BEBERIBE,3467,RUA PASCOAL SIVINI,EM FRENTE AO POSTO SIVINI, QUASE EM FRENTE A INOCOOP,AV BEBERIBE,3467,EM FRENTE AO POSTO SIVINI, QUASE EM FRENTE A INOCOOP,PORTO DA MADEIRA,3433,SUBURBIO,ABALROAMENTO TRANSVERSAL,COLISÃO COM VÍTIMA,2,1,,,,,,,,1,,Esquina,Bom,Não existe,Perfeito estado,Seca,Perfeito estado,Não existe,Outras,30 km/h,Dupla,Faixa contínua,Faixa seccionada,,,
2018-12-16,16:19:00,SEM VÍTIMA,FINALIZADA,BEBERIBE,PRC DA CONVENCAO,156,,EM FRENTE A FARMÁCIA DO TRABALHADOR,PRC DA CONVENCAO,156,EM FRENTE A FARMÁCIA DO TRABALHADOR,BEBERIBE,,SUBURBIO,ABALROAMENTO LONGITUDINAL,COLISÃO SEM VÍTIMA,1,,,,,,1,,,0,,Longo da via,Bom,Não existe,Não existente,Seca,Perfeito estado,Não existe,Não há placas,,Única,,,,,,,
2018-12-16,17:43:00,SEM VÍTIMA,FINALIZADA,BOA VISTA,RUA BARAO DE SAO BORJA,137,RUA JOSE DE ALENCAR,EM FRENTE AO HOTEL BOA VISTA,RUA BARAO DE SAO BORJA,137,EM FRENTE AO HOTEL BOA VISTA,BOA VISTA,,SUBURBIO,ABALROAMENTO TRANSVERSAL,COLISÃO SEM VÍTIMA,2,,,,,,,,,0,,Cruzamento,Bom,Não existe,Perfeito estado,Seca,Perfeito estado,Não existe,"Placas ""Pare""",40 km/h,Única,Faixa seccionada,,,,,,
2018-12-16,19:09:00,COM VÍTIMA,FINALIZADA,BOA VIAGEM,RUA FELIX DE BRITO E MELO,1657,RUA DOS NAVEGANTES,POR TRÁS DO ACAIACA // AO LADO DA PADARIA GLOBO // ADF. MIRAGE,RUA FELIX DE BRITO E MELO,1657,POR TRÁS DO ACAIACA // AO LADO DA PADARIA GLOBO // ADF. MIRAGE,BOA VIAGEM,,CIDADE,ABALROAMENTO TRANSVERSAL,AUTO X MOTO C/V.,1,1,,,,,,,,1,,Longo da via,Chuvoso,Não existe,Perfeito estado,Molhada,Perfeito estado,Faixa de retenção,"Placas ""Pare""",,Única,Faixa,,,,,,
2018-12-16,19:40:00,SEM VÍTIMA,FINALIZADA,ROSARINHO,RUA TREZE DE JULHO,,RUA SALVADOR DE SA,,RUA TREZE DE JULHO,,,ROSARINHO,,,ABALROAMENTO LONGITUDINAL,GOL X AUTO,2,,,,,,,,,0,,Longo da via,Bom,Não existe,Incompleta,Molhada,Mal iluminada,Não existe,Outras,,Única,Não existe,,,,,,
2018-12-16,20:09:00,SEM VÍTIMA,FINALIZADA,DERBY,PRC DO DERBY,,,PRÓX AO BRADESCO,PRC DO DERBY,,PRÓX AO BRADESCO,DERBY,,SUBURBIO,ABALROAMENTO LONGITUDINAL,ENTRE AUTOS S/V.,2,,,,,,,,,0,,Longo da via,Bom,Não existe,Incompleta,Seca,Mal conservada,Não existe,Não há placas,,Dupla,Faixa seccionada,,,,,,
2018-12-16,21:44:00,COM VÍTIMA,FINALIZADA,BOA VIAGEM,RUA ERNESTO DE PAULA SANTOS,417,AV FERNANDO SIMOES BARBOSA,ENTRE A FARMACIA INDEPENDENTE E DROGASIL,RUA ERNESTO DE PAULA SANTOS,417,ENTRE A FARMACIA INDEPENDENTE E DROGASIL,BOA VIAGEM,329,SUBURBIO,ABALROAMENTO TRANSVERSAL,ECOSPORT X MOTO,1,1,,,,,,,,1,,Longo da via,Chuvoso,Não existe,Perfeito estado,Molhada,Perfeito estado,Não existe,Outras,,Única,Faixa seccionada,,,,,,
2018-12-16,23:31:00,SEM VÍTIMA,CANCELADA,BOA VIAGEM,RUA SERINHAEM,,RUA BRUNO VELOSO,PRÓX AO HOTEL PALACE,RUA SERINHAEM,,PRÓX AO HOTEL PALACE,BOA VIAGEM,160,,COLISÃO,ENTRE AUTOS S/V.,2,,,,,,,,,0,,,,,,,,,,,,,,,,,,
2018-12-17,02:55:00,COM VÍTIMA,FINALIZADA,MACAXEIRA,AV NORTE,138,,PROX AO TERMINAL DA MACAXEIRA,AV NORTE,138,PROX AO TERMINAL DA MACAXEIRA,MACAXEIRA,,SUBURBIO,CHOQUE OBJETO FIXO,CONDUTOR PERDEU O CONTROLE DO VEÍCULO E CHOCOU-SE CONTRA UM POSTE,1,,,,,,,,,1,,Longo da via,Chuvoso,Não existe,Ilegível,Molhada,Mal conservada,Não existe,Outras,,Única,Faixa seccionada,,,,,,
2018-12-17,06:12:00,SEM VÍTIMA,FINALIZADA,SANTO ANTÔNIO,RUA IMPERADOR PEDRO SEGUNDO,,RUA DOUTOR MOACIR BARACHO,EM FRENTE A SECRETARIA DA FAZENDA,RUA IMPERADOR PEDRO SEGUNDO,,EM FRENTE A SECRETARIA DA FAZENDA,SANTO ANTÔNIO,,CIDADE,ABALROAMENTO LONGITUDINAL,SEM VITIMAS,1,1,,,,,,,,0,,Não informado,Bom,Não existe,Incompleta,Seca,Perfeito estado,,Não há placas,,Única,Não existe,,,,,,
2018-12-17,06:42:00,SEM VÍTIMA,FINALIZADA,BAIRRO DO RECIFE,AV GOVERNADOR AGAMENON MAGALHAES,,,EM FRENTE AO SEMÁFORO Nº 069,AV GOVERNADOR AGAMENON MAGALHAES,,EM FRENTE AO SEMÁFORO Nº 069,BAIRRO DO RECIFE,69,,COLISÃO TRASEIRA,COLISÃO SEM VITIMAS,2,,,,,,,,,0,,Longo da via,Bom,Sem defeito,Perfeito estado,Seca,Perfeito estado,Faixa de pedestre,,60 km/h,Dupla,Canteiro central,Blocos,Canal,,,,
2018-12-17,07:01:00,SEM VÍTIMA,FINALIZADA,SÃO JOSÉ,AV DANTAS BARRETO,,1BE DONA BENVINDA DE FARIAS,EM FRENTE A PRAÇA SERGIO LOURETO,AV DANTAS BARRETO,,EM FRENTE A PRAÇA SERGIO LOURETO,SÃO JOSÉ,,,COLISÃO,DOIS AUTOS,2,,,,,,,,,0,,,,,,,,,,,,,,,,,,
2018-12-17,07:27:00,SEM VÍTIMA,FINALIZADA,IMBIRIBEIRA,AV MARECHAL MASCARENHAS DE MORAES,,AV CENTENARIO ALBERTO SANTOS DUMONT,,AV MARECHAL MASCARENHAS DE MORAES,,,IMBIRIBEIRA,,SUBURBIO,ABALROAMENTO LONGITUDINAL,DOIS AUTOS,2,,,,,,,,,0,,Outros,Bom,Não existe,Perfeito estado,Seca,Perfeito estado,Não existe,Não há placas,60 km/h,Dupla,Canteiro central,,,,,,
2018-12-17,07:52:00,SEM VÍTIMA,FINALIZADA,,AV ARMINDO MOURA,196,,E/F A PADARIA DANIELE,AV ARMINDO MOURA,196,E/F A PADARIA DANIELE,,,CIDADE,COLISÃO TRASEIRA,SEM VÍTIMAS,2,,,,,,,1,,0,,Longo da via,Bom,Não existe,Perfeito estado,Seca,Perfeito estado,Não existe,Outras,40 km/h,Dupla,Faixa seccionada,,,,,,
2018-12-17,08:03:00,SEM VÍTIMA,FINALIZADA,SÃO JOSÉ,RUA IMPERIAL,,TRV DO RAPOSO,,RUA IMPERIAL,,,SÃO JOSÉ,510,SUBURBIO,COLISÃO FRONTAL,COLISÃO SEM VITIMAS VT 20 QTH,2,,,,,,,,,0,,Cruzamento,Chuvoso,Sem defeito,Perfeito estado,Molhada,Perfeito estado,Faixa de pedestre,Outras,,Única,Faixa contínua,,,,,,
2018-12-17,09:11:00,SEM VÍTIMA,CANCELADA,SANTO AMARO,RUA COELHO LEITE,80,,EM FRENTE AO GRE RECIFE NORTE,RUA COELHO LEITE,80,EM FRENTE AO GRE RECIFE NORTE,SANTO AMARO,,,CHOQUE,SEM VITIMAS,2,,,,,,,,,0,,,,,,,,,,,,,,,,,,
2018-12-17,09:18:00,SEM VÍTIMA,FINALIZADA,BOA VISTA,RUA DOM BOSCO,,AV CONDE DA BOA VISTA,DE ESQUINA COM O POSTO IPIRANGA E O BR,RUA DOM BOSCO,,DE ESQUINA COM O POSTO IPIRANGA E O BR,BOA VISTA,27,SUBURBIO,ABALROAMENTO LONGITUDINAL,COLISÃO SEM VITIMAS,,1,,,,1,,,,0,,Cruzamento,Bom,Sem defeito,Perfeito estado,Seca,Perfeito estado,Faixa de pedestre,R-6a,,Única,Faixa contínua,,,,,,
2018-12-17,09:28:00,COM VÍTIMA,FINALIZADA,AFOGADOS,RUA ALBATROZ,561,RUA VINTE E UM DE ABRIL,EM FRENTE A OFICINA JLX,RUA ALBATROZ,561,EM FRENTE A OFICINA JLX,AFOGADOS,,CIDADE,COLISÃO FRONTAL,COM UMA VITIMA ,SAMU NO LOCAL ,CTTU VT 17,1,1,,,,,,,,1,,Cruzamento,Bom,Não existe,Perfeito estado,Seca,Perfeito estado,Não existe,,,,,,,,
2018-12-17,09:40:00,SEM VÍTIMA,FINALIZADA,MADALENA,RUA BENFICA,,,AO LADO DO MUSEU A ABOLISAO/ EM FRENTE AO BRADESCO,RUA BENFICA,,AO LADO DO MUSEU A ABOLISAO/ EM FRENTE AO BRADESCO,MADALENA,257,CIDADE,ABALROAMENTO TRANSVERSAL,DOIS AUTOS,2,,,,,,,,,0,,Longo da via,,,,,,Não existe,Não há placas,,Dupla,Blocos,,,,,,
2018-12-17,10:01:00,SEM VÍTIMA,CANCELADA,SÃO JOSÉ,C SANTA RITA,,,PONTE 12 DE SETEMBRO,EM FRENTE A AGEMAR,C SANTA RITA,,PONTE 12 DE SETEMBRO,EM FRENTE A AGEMAR,SÃO JOSÉ,473,CIDADE,COLISÃO,SEM VITIMAS,2,,,,,,,,,0,,,,,,,,,,,,,,,,
2018-12-17,10:09:00,SEM VÍTIMA,FINALIZADA,MADALENA,RUA DEMOCRITO DE SOUZA FILHO,,RUA JOSE OSORIO,EM FRENTE AO POSTO DE GASOLINA NVC,RUA DEMOCRITO DE SOUZA FILHO,,EM FRENTE AO POSTO DE GASOLINA NVC,MADALENA,,,COLISÃO,COLISÃO SEM VITIMAS,2,,,,,,,,,0,,,,,,,,,,,,,,,,,,
2018-12-17,10:31:00,SEM VÍTIMA,FINALIZADA,JIQUIÁ,RUA MANOEL FERNANDES DE ALBUQUERQUE,80 B,,EM FRENTE A IGREJA CATOLICA NOSSA SENHORA DA CONCEIÇÃO,RUA MANOEL FERNANDES DE ALBUQUERQUE,80 B,EM FRENTE A IGREJA CATOLICA NOSSA SENHORA DA CONCEIÇÃO,JIQUIÁ,,,COLISÃO,COLISÃO SEM VITIMAS,2,,,,,,,,,0,,,,,,,,,,,,,,,,,,
2018-12-17,11:25:00,SEM VÍTIMA,FINALIZADA,JOANA BEZERRA,,,,FORUM RODOLFO AURELIANO,,,FORUM RODOLFO AURELIANO,JOANA BEZERRA,,CIDADE,ABALROAMENTO LONGITUDINAL,COLISÃO SEM VITIMAS,2,,,,,,,,,0,,Longo da via,Bom,Não existe,Perfeito estado,Seca,Perfeito estado,Não existe,Não há placas,60 km/h,Dupla,Canteiro central,,,,,,
2018-12-17,11:43:00,SEM VÍTIMA,FINALIZADA,IPSEP,AV RECIFE,,,LADO OPOSTO Nº 2528,AV RECIFE,,LADO OPOSTO Nº 2528,IPSEP,,SUBURBIO,COLISÃO TRASEIRA,CAMINHAO E AUTO,1,,,,,,1,,,0,,Longo da via,Bom,Não existe,Perfeito estado,Molhada,Perfeito estado,,,60 km/h,Dupla,,,,,,,
2018-12-17,11:51:00,SEM VÍTIMA,FINALIZADA,BOA VIAGEM,RUA BARAO DE SOUZA LEAO,626,,E/F AO EDF. COSTA DOURADA,RUA BARAO DE SOUZA LEAO,626,E/F AO EDF. COSTA DOURADA,BOA VIAGEM,,,ABALROAMENTO LONGITUDINAL,SEM VÍTIMAS,1,1,,,,,,,,0,,Longo da via,Bom,Não existe,Perfeito estado,Seca,Perfeito estado,Não existe,Outras,,Única,Faixa seccionada,,,,,,
2018-12-17,11:56:00,SEM VÍTIMA,FINALIZADA,IMBIRIBEIRA,AV SUL,,RUA GUADALAJARA,POR TRAS DO GERALDÃO,AV SUL,,POR TRAS DO GERALDÃO,IMBIRIBEIRA,,,ABALROAMENTO LONGITUDINAL,XX,2,,,,,,,,,0,,Longo da via,,Não existe,Não existente,Molhada,Perfeito estado,Não existe,Não há placas,30 km/h,Dupla,Não existe,,,,,,
2018-12-17,12:45:00,SEM VÍTIMA,FINALIZADA,DERBY,RUA JENER DE SOUZA,,PRC DO DERBY,SEMÁFORO Nº 418,RUA JENER DE SOUZA,,SEMÁFORO Nº 418,DERBY,,,ABALROAMENTO LONGITUDINAL,AUTO E ONIBUS ,1,,,,,1,,,,0,,Cruzamento,Bom,Sem defeito,Perfeito estado,Seca,Perfeito estado,Faixa de pedestre,R-6a,,Dupla,,,,,,,
2018-12-17,13:00:00,COM VÍTIMA,FINALIZADA,BOA VIAGEM,RUA ERNESTO DE PAULA SANTOS,819,RUA DOS NAVEGANTES,EM FRENTE AO EDIFICIO VIANA DE CASTELO,RUA ERNESTO DE PAULA SANTOS,819,EM FRENTE AO EDIFICIO VIANA DE CASTELO,BOA VIAGEM,,AV BOA VIAGEM,ABALROAMENTO TRANSVERSAL,COLISÃO COM VÍTIMA,1,1,,,,,,,,1,,Cruzamento,Chuvoso,Não existe,Perfeito estado,Seca,Perfeito estado,Faixa de retenção,R-4b,30 km/h,Única,Faixa seccionada,,,,,,
2018-12-17,13:30:00,SEM VÍTIMA,FINALIZADA,JIQUIÁ,RUA SAO MIGUEL,2059,,EM FRENTE AO POSTO IPIRANGA,RUA SAO MIGUEL,2059,EM FRENTE AO POSTO IPIRANGA,JIQUIÁ,,CIDADE,ABALROAMENTO TRANSVERSAL,COLKISAO ENTRE DOIS AUTOS S/V,2,,,,,,,,,0,,Longo da via,Bom,Não existe,Perfeito estado,Seca,Perfeito estado,Não existe,Não há placas,,Dupla,Faixa contínua,,,,,,
2018-12-17,13:42:00,SEM VÍTIMA,FINALIZADA,DERBY,RUA HENRIQUE DIAS,609,,EM FRENTE AO COLÉGIO DA POLÍCIA MILITAR,RUA HENRIQUE DIAS,609,EM FRENTE AO COLÉGIO DA POLÍCIA MILITAR,DERBY,68,CIDADE,COLISÃO TRASEIRA,COLISÃO SEM VÍTIMA,4,,,,,,,,,0,,Longo da via,Bom,Sem defeito,Perfeito estado,Seca,Perfeito estado,Agente,R-6a,40 km/h,Única,Faixa seccionada,,,,,,
2018-12-17,13:44:00,SEM VÍTIMA,FINALIZADA,CORDEIRO,RUA ODETE MONTEIRO,5,RUA DR JOAO LACERDA,CONJ HAB DO CORDEIRO,RUA ODETE MONTEIRO,5,CONJ HAB DO CORDEIRO,CORDEIRO,597,SUBURBIO,COLISÃO TRASEIRA,COLISAO ENTRE TRES VECULO E UM ONIBUS S/V,3,,,,,1,,,,0,,Cruzamento,Bom,Sem defeito,Perfeito estado,Seca,Perfeito estado,Não existe,Outras,,Dupla,Faixa contínua,,,,,,
2018-12-17,13:54:00,COM VÍTIMA,FINALIZADA,JARDIM SÃO PAULO,AV LIBERDADE,612,EST DO CURADO,NA ENTRADA DO PLANETA DOS MACACOS,AV LIBERDADE,612,NA ENTRADA DO PLANETA DOS MACACOS,JARDIM SÃO PAULO,,,ABALROAMENTO TRANSVERSAL,AUTO E MOTO C/V,1,1,,,,,,,,1,,Cruzamento,Bom,Não existe,Perfeito estado,Seca,Perfeito estado,Não existe,Não há placas,,Dupla,Faixa contínua,,,,,,
2018-12-17,14:06:00,SEM VÍTIMA,CANCELADA,BOA VIAGEM,AV FERNANDO SIMOES BARBOSA,266,,PROX. A ENTRADA DO SHOPPING,AV FERNANDO SIMOES BARBOSA,266,PROX. A ENTRADA DO SHOPPING,BOA VIAGEM,,,COLISÃO,ENTRE DOIS AUTOS S/V,2,,,,,,,,,0,,,,,,,,,,,,,,,,,,
2018-12-17,14:17:00,SEM VÍTIMA,FINALIZADA,CASA FORTE,AV FLOR DE SANTANA,360,,EM FRENTE AO IMÓVEL Nº 360 LA TRATORIA,AV FLOR DE SANTANA,360,EM FRENTE AO IMÓVEL Nº 360 LA TRATORIA,CASA FORTE,,SUBURBIO,ABALROAMENTO LONGITUDINAL,COLISAO ENTRE DOIS AUTOS,2,,,,,,,,,0,,Longo da via,Bom,Não existe,Perfeito estado,Seca,Perfeito estado,Não existe,R-6a,40 km/h,Dupla,Faixa seccionada,,,,,,
2018-12-17,14:35:00,COM VÍTIMA,FINALIZADA,CASA AMARELA,RUA MANDACARU,680,AV NORTE,E/F A FARMACIA MANDACARU,RUA MANDACARU,680,E/F A FARMACIA MANDACARU,CASA AMARELA,,CIDADE,ABALROAMENTO TRANSVERSAL,COLISAO ENTRE AUTO E MOTO COM UMA VITIMA,1,1,,,,,,,,1,,Cruzamento,Bom,Não existe,Perfeito estado,Seca,Mal conservada,Outros,Outras,30 km/h,Dupla,Faixa seccionada,,,,,,
2018-12-17,16:03:00,SEM VÍTIMA,FINALIZADA,IMBIRIBEIRA,AV MARECHAL MASCARENHAS DE MORAES,2056,,E/F AO TACAREJO ASSAI S/T JABOATAO,AV MARECHAL MASCARENHAS DE MORAES,2056,E/F AO TACAREJO ASSAI S/T JABOATAO,IMBIRIBEIRA,,,COLISÃO,COLISÃO SEM VÍTIMA,3,,,,,,,,,0,,,,,,,,,,,,,,,,,,
2018-12-17,16:43:00,SEM VÍTIMA,FINALIZADA,PARNAMIRIM,AV PARNAMIRIM,196,RUA JOAO TUDE DE MELO,NA ESQUINA DO POSTO SHELL,AV PARNAMIRIM,196,NA ESQUINA DO POSTO SHELL,PARNAMIRIM,10,CIDADE,ABALROAMENTO LONGITUDINAL,DOIS AUTOS S/V,2,,,,,,,,1,0,,Cruzamento,Bom,Sem defeito,Perfeito estado,Seca,Perfeito estado,Faixa de retenção,R-6a,60 km/h,Única,Não existe,,,,,,
2018-12-17,16:59:00,SEM VÍTIMA,FINALIZADA,MADALENA,AV BEIRA RIO,80,,,AV BEIRA RIO,80,,MADALENA,,SUBURBIO,ABALROAMENTO LONGITUDINAL,COLISAO ENTRE DOIS AUTOS S/V,2,,,,,,,,,0,,Longo da via,Bom,,Perfeito estado,Seca,Perfeito estado,,,,Única,Faixa seccionada,,,,,,
2018-12-17,17:11:00,SEM VÍTIMA,FINALIZADA,BOA VIAGEM,RUA CARLOS PEREIRA FALCAO,77,RUA DOS NAVEGANTES,EDF COMODORO,RUA CARLOS PEREIRA FALCAO,77,EDF COMODORO,BOA VIAGEM,,SUBURBIO,ABALROAMENTO TRANSVERSAL,COLISAO ENTRE DOIS AUTOS S/V,2,,,,,,,,,0,,Cruzamento,Bom,Não existe,Perfeito estado,Seca,Perfeito estado,Faixa de pedestre,"Placas ""Pare""",,Dupla,Faixa seccionada,,,,,,
2018-12-17,17:21:00,SEM VÍTIMA,FINALIZADA,DOIS IRMÃOS,RUA MANUEL DE MEDEIROS,,,EM FRENTE AO PRÉDIO DA REITORIA DA UNIVERSIDADE RURAL,RUA MANUEL DE MEDEIROS,,EM FRENTE AO PRÉDIO DA REITORIA DA UNIVERSIDADE RURAL,DOIS IRMÃOS,,,COLISÃO FRONTAL,AUTO E MOTO S/V,1,1,,,,,,,,0,,Longo da via,Bom,Não existe,Perfeito estado,Seca,Perfeito estado,Não existe,Não há placas,,Dupla,,,,,,,
2018-12-17,18:07:00,SEM VÍTIMA,FINALIZADA,BOA VISTA,AV MANOEL BORBA,167,,D'OCULOS,AV MANOEL BORBA,167,D'OCULOS,BOA VISTA,169,,ABALROAMENTO LONGITUDINAL,,2,,,,,,,,,0,,Longo da via,Bom,Sem defeito,Perfeito estado,Seca,Perfeito estado,Faixa de pedestre,Outras,,Única,Faixa contínua,,,,,,
2018-12-17,18:08:00,COM VÍTIMA,FINALIZADA,VÁRZEA,AV CAXANGA,,AV AFONSO OLINDENSE,PROX AO CENTER CAXANGA,AV CAXANGA,,PROX AO CENTER CAXANGA,VÁRZEA,568,SUBURBIO,ABALROAMENTO TRANSVERSAL,VT DA CIVIL X MOTO,,1,,,,,,1,,1,,Cruzamento,Bom,Sem defeito,Perfeito estado,Seca,Perfeito estado,Faixa de pedestre,Outras,60 km/h,Dupla,Canteiro central,,,,,,
2018-12-17,18:35:00,SEM VÍTIMA,FINALIZADA,BOA VIAGEM,AV CONSELHEIRO AGUIAR,2333,,EM FRENTE À PIZZA HUT,AV CONSELHEIRO AGUIAR,2333,EM FRENTE À PIZZA HUT,BOA VIAGEM,,CIDADE,ABALROAMENTO LONGITUDINAL,ÔNIBUS () X AUTO S/V.,1,,,,,1,,,,0,,Longo da via,Bom,Não existe,Perfeito estado,Seca,Perfeito estado,Não existe,Não há placas,60 km/h,Única,Faixa seccionada,,,,,,
2018-12-17,20:06:00,SEM VÍTIMA,CANCELADA,IMBIRIBEIRA,AV PRESIDENTE DUTRA,,AV MARECHAL MASCARENHAS DE MORAES,APÓS O VIADUTO TANCREDO NEVES,AV PRESIDENTE DUTRA,,APÓS O VIADUTO TANCREDO NEVES,IMBIRIBEIRA,,,COLISÃO,ÔNIBUS X AUTO S/V,1,,,,,1,,,,0,,,,,,,,,,,,,,,,,,
2018-12-17,20:52:00,COM VÍTIMA,FINALIZADA,DERBY,AV GOVERNADOR AGAMENON MAGALHAES,,RUA DOM BOSCO,PROX. A DOM BOSCO,AV GOVERNADOR AGAMENON MAGALHAES,,PROX. A DOM BOSCO,DERBY,174,SUBURBIO,ATROPELAMENTO,,,1,,,1,,,,,1,,Cruzamento,Bom,Sem defeito,Perfeito estado,Seca,Perfeito estado,Faixa de pedestre,Outras,60 km/h,Dupla,Faixa contínua,,,,,,
2018-12-17,21:53:00,SEM VÍTIMA,FINALIZADA,DOIS UNIDOS,RUA EXP TEODORO SATIVA,84,,,RUA EXP TEODORO SATIVA,84,,DOIS UNIDOS,,SUBURBIO,ABALROAMENTO LONGITUDINAL,TAXI X ONIBUS,1,,,,,1,,,,0,,Outros,Bom,Não existe,Não existente,Seca,Mal iluminada,Não existe,Não há placas,,Dupla,Não existe,,,,,,
2018-12-17,22:00:00,COM VÍTIMA,FINALIZADA,TORRE,AV BEIRA RIO,701,,,AV BEIRA RIO,701,,TORRE,387,SUBURBIO,ABALROAMENTO LONGITUDINAL,MERIVA X MOTO,1,1,,,,,,,,1,,Longo da via,Bom,Sem defeito,Perfeito estado,Seca,Perfeito estado,,,,Dupla,Faixa contínua,,,,,,
2018-12-18,06:03:00,SEM VÍTIMA,FINALIZADA,AREIAS,AV RECIFE,,,E/F AO MAKRO, SENTIDO VÁRZEA,AV RECIFE,,E/F AO MAKRO, SENTIDO VÁRZEA,AREIAS,,SUBURBIO,COLISÃO TRASEIRA,SEM VÍTIMAS,1,,,,,1,,,,0,,Longo da via,Bom,Não existe,Perfeito estado,Seca,Perfeito estado,Não existe,Outras,,Dupla,Canteiro central,,,,
2018-12-18,07:17:00,SEM VÍTIMA,FINALIZADA,ESPINHEIRO,RUA CONS PORTELA,169,RUA SANTO ELIAS,EM FRENTE AO Nº 169,RUA CONS PORTELA,169,EM FRENTE AO Nº 169,ESPINHEIRO,,SUBURBIO,ABALROAMENTO LONGITUDINAL,COLISÃO SEM VITIMAS,2,,,,,,,,,0,,Outros,Bom,Não existe,Perfeito estado,Seca,Perfeito estado,Não existe,,,Única,Faixa seccionada,,,,,,
2018-12-18,07:40:00,SEM VÍTIMA,FINALIZADA,DOIS IRMÃOS,RUA RIBEIRO PESSOA,,,ENTRADA DE DOIS IRMÃOS ,EM FRENTE A UPA DA CAXANGA,RUA RIBEIRO PESSOA,,ENTRADA DE DOIS IRMÃOS ,EM FRENTE A UPA DA CAXANGA,DOIS IRMÃOS,281,SUBURBIO,COLISÃO TRASEIRA,SEM VITIMAS,1,,,,,,1,,,0,,Longo da via,Bom,Sem defeito,Perfeito estado,Seca,Perfeito estado,Faixa de pedestre,Outras,,Dupla,Não existe,,,,
2018-12-18,08:01:00,SEM VÍTIMA,FINALIZADA,MADALENA,RUA PADRE LANDIM,104,,,RUA PADRE LANDIM,104,,MADALENA,,CIDADE,COLISÃO TRASEIRA,SEM VITIMAS,2,,,,,,,,,0,,Longo da via,Bom,Não existe,Perfeito estado,Seca,Perfeito estado,Não existe,R-6a,,Única,Faixa contínua,,,,,,
2018-12-18,08:05:00,SEM VÍTIMA,FINALIZADA,BAIRRO DO RECIFE,AV MILITAR,,,AO LADO DO POSTO BR,AV MILITAR,,AO LADO DO POSTO BR,BAIRRO DO RECIFE,,CIDADE,ABALROAMENTO LONGITUDINAL,COLISÃO ENTRE AUTO E CARRETA SEM VÍTIMAS,1,,,,,,1,,,0,,Outros,Bom,Não existe,Perfeito estado,Seca,,Não existe,Não há placas,,Dupla,Canteiro central,,,,,,