data,hora,natureza_acidente,situacao,bairro,endereco,numero,detalhe_endereco_acidente,complemento,endereco_cruzamento,numero_cruzamento,referencia_cruzamento,bairro_cruzamento,num_semaforo,sentido_via,tipo,descricao,auto,moto,ciclom,ciclista,pedestre,onibus,caminhao,viatura,outros,vitimas,vitimasfatais,acidente_verificado,tempo_clima,situacao_semaforo,sinalizacao,condicao_via,conservacao_via,ponto_controle,situacao_placa,velocidade_max_via,mao_direcao,divisao_via1,divisao_via2,divisao_via3,,,,
2018-12-19,08:21:00,COM VÍTIMA,DUPLICIDADE,ILHA DO LEITE,AV GOVERNADOR AGAMENON MAGALHAES,,,EM FRENTE AO HOSPITAL PORTUGUES,AV GOVERNADOR AGAMENON MAGALHAES,,EM FRENTE AO HOSPITAL PORTUGUES,ILHA DO LEITE,69,OLINDA,COLISÃO,COM DUAS VITIMAS,CTTU NO LOCAL,1,1,,,,,,,,2,,,,,,,,,,,,,,,,,
2018-12-19,08:36:00,SEM VÍTIMA,FINALIZADA,IPSEP,AV RECIFE,,,LADO OPOSTO AO 130 SEMÁFORO,AV RECIFE,,LADO OPOSTO AO 130 SEMÁFORO,IPSEP,130,SUBURBIO,COLISÃO TRASEIRA,SEM VÍTIMAS,3,,,,,,,,,0,,Longo da via,Bom,Não existe,Incompleta,Seca,Mal conservada,Outros,Não há placas,60 km/h,Dupla,Canteiro central,,,,,,
2018-12-19,09:25:00,SEM VÍTIMA,FINALIZADA,MONTEIRO,AV DEZESSETE DE AGOSTO,,RUA PINTO CAMPOS,E/F AO EDF. ESTAÇÃO MONTEIRO. AO LADO DO COLÉGIO SILVA JARDIM,AV DEZESSETE DE AGOSTO,,E/F AO EDF. ESTAÇÃO MONTEIRO. AO LADO DO COLÉGIO SILVA JARDIM,MONTEIRO,,SUBURBIO,ABALROAMENTO TRANSVERSAL,SEM VÍTIMAS,2,,,,,,,,,0,,Longo da via,Bom,Sem defeito,Perfeito estado,Seca,Perfeito estado,Não existe,"Placas ""Pare""",,Dupla,Não existe,,,,,,
2018-12-19,10:24:00,COM VÍTIMA,FINALIZADA,ENGENHO DO MEIO,RUA GOVERNADOR LOPO GARRO,338,,EM FRENTE A PRAÇA DO ENGENHO DO MEIO,RUA GOVERNADOR LOPO GARRO,338,EM FRENTE A PRAÇA DO ENGENHO DO MEIO,ENGENHO DO MEIO,,SUBURBIO,ATROPELAMENTO,PEDESTRE A ESPERA DO SAMU,,,,,1,1,,,,1,,Longo da via,Bom,Não existe,Não existente,Seca,Perfeito estado,Não existe,Não há placas,,Dupla,Não existe,,,,,,
2018-12-19,10:59:00,SEM VÍTIMA,FINALIZADA,CASA FORTE,EST DO ENCANAMENTO,1166,,EM FRENTE AO EDIFICIO VILA PRINCE,EST DO ENCANAMENTO,1166,EM FRENTE AO EDIFICIO VILA PRINCE,CASA FORTE,,CIDADE,COLISÃO TRASEIRA,COLISÃO SEM VITIMAS,1,1,,,,,,,,0,,Longo da via,Bom,Não existe,Perfeito estado,Seca,Perfeito estado,Não existe,Outras,40 km/h,Única,Faixa seccionada,,,,,,
2018-12-19,11:06:00,SEM VÍTIMA,CANCELADA,CASA FORTE,EST DO ENCANAMENTO,937,EST DAS UBAIAS,,E/F AO RESTAURANTE, AO LADO DA DROGASIL,EST DO ENCANAMENTO,937,E/F AO RESTAURANTE, AO LADO DA DROGASIL,CASA FORTE,593,,COLISÃO,SEM VÍTIMAS. HÁ UMA CRIANÇA DE CINCO ANOS EM UM DOS VEÍCULOS.,2,,,,,,,,,0,,,,,,,,,,,,,,,
2018-12-19,11:17:00,SEM VÍTIMA,CANCELADA,BONGI,EST DO BONGI,835,,HA 100 METROS DA DELEGACIA DO BONGI,EST DO BONGI,835,HA 100 METROS DA DELEGACIA DO BONGI,BONGI,,,COLISÃO,SEM VITIMAS,2,,,,,,,,,0,,,,,,,,,,,,,,,,,,
2018-12-19,11:36:00,SEM VÍTIMA,CANCELADA,TORRE,RUA REAL DA TORRE,,RUA JOSE OSORIO,DENTRO DO POSTO DE GASOLINA BR,RUA REAL DA TORRE,,DENTRO DO POSTO DE GASOLINA BR,TORRE,,,COLISÃO,COLISÃO SEM VITIMAS,2,,,,,,,,,0,,,,,,,,,,,,,,,,,,
2018-12-19,11:39:00,SEM VÍTIMA,FINALIZADA,TORRE,RUA PROFESSOR TRAJANO DE MENDONCA,133,RUA VITORIANO PALHARES,RESIDENCIA POR TRAS DO ATACADO DA CONSTRUÇÃO,RUA PROFESSOR TRAJANO DE MENDONCA,133,RESIDENCIA POR TRAS DO ATACADO DA CONSTRUÇÃO,TORRE,,,COLISÃO,COLISÃO SEM VITIMAS,2,,,,,,,,,0,,,,,,,,,,,,,,,,,,
2018-12-19,11:39:00,COM VÍTIMA,FINALIZADA,CAMPO GRANDE,EST DE BELEM,935,RUA BARAO DE VERA CRUZ,EM FRENTE AO SUPERMERCADO STTILOS,EST DE BELEM,935,EM FRENTE AO SUPERMERCADO STTILOS,CAMPO GRANDE,,CIDADE,ATROPELAMENTO,AUTO E PEDESTRE,1,,,,1,,,,,1,,Longo da via,Bom,Não existe,Perfeito estado,Seca,Perfeito estado,Faixa de pedestre,R-6a,60 km/h,Dupla,Faixa contínua,Faixa contínua,,,,,
2018-12-19,12:28:00,SEM VÍTIMA,FINALIZADA,IPSEP,AV RECIFE,3129,,EM FRENTE A VILA DO PAO, SENTIDO BOA VIAGEM,AV RECIFE,3129,EM FRENTE A VILA DO PAO, SENTIDO BOA VIAGEM,IPSEP,,CIDADE,COLISÃO TRASEIRA,DOIS AUTOS S/V,2,,,,,,,,,0,,Longo da via,Bom,Não existe,Perfeito estado,Seca,Perfeito estado,Não existe,Não há placas,60 km/h,Dupla,Canteiro central,,,,
2018-12-19,12:41:00,SEM VÍTIMA,FINALIZADA,PINA,RUA MANOEL DE BRITO,,,DENTRO DO ESTACIONAMENTO DO 19º BPM PE,RUA MANOEL DE BRITO,,DENTRO DO ESTACIONAMENTO DO 19º BPM PE,PINA,,CIDADE,CHOQUE OBJETO FIXO,,,,,,,1,,,,0,,Não informado,Bom,Não existe,,Seca,Perfeito estado,,Outras,,Dupla,,,,,,,
2018-12-19,12:55:00,SEM VÍTIMA,FINALIZADA,PRADO,RUA SANTA EDWIRGES,,RUA PADRE TEOFILO TWORZ,POSTE BO 29653,RUA SANTA EDWIRGES,,POSTE BO 29653,PRADO,,CIDADE,ABALROAMENTO TRANSVERSAL,COLISAO ENTRE DOIS AUTOS S/V,2,,,,,,,,,0,,Cruzamento,Bom,Não existe,Perfeito estado,Seca,Mal conservada,Faixa de retenção,"Placas ""Pare""",,Única,Não existe,,,,,,
2018-12-19,13:02:00,SEM VÍTIMA,FINALIZADA,IPSEP,AV RECIFE,,,PONTO DE IMPACTO SEMÁFORO Nº 337,AV RECIFE,,PONTO DE IMPACTO SEMÁFORO Nº 337,IPSEP,616,,COLISÃO TRASEIRA,COLISÃO SEM VÍTIMA,2,,,,,,,,,0,,Longo da via,Bom,Sem defeito,Perfeito estado,Seca,Perfeito estado,Faixa de pedestre,Não há placas,,Dupla,Canteiro central,,,,,,
2018-12-19,14:01:00,SEM VÍTIMA,FINALIZADA,CAXANGÁ,RUA EMILIANO BRAGA,150,,EM FRENTE A LOJA SHOPPING FASHION,RUA EMILIANO BRAGA,150,EM FRENTE A LOJA SHOPPING FASHION,CAXANGÁ,,,COLISÃO,COLISÃO SEM VÍTIMA,1,1,,,,,,,,0,,,,,,,,,,,,,,,,,,
2018-12-19,14:05:00,SEM VÍTIMA,FINALIZADA,BOA VIAGEM,AVENIDA CELSO FURTADO (VIA MANGUE),,,,AVENIDA CELSO FURTADO (VIA MANGUE),,,BOA VIAGEM,,SUBURBIO,ABALROAMENTO LONGITUDINAL,DOIS AUTOS S/V,2,,,,,,,,,0,,Ponte,Bom,Não existe,Perfeito estado,Seca,Perfeito estado,Outros,Não há placas,60 km/h,Dupla,Canteiro central,,,,,,
2018-12-19,15:33:00,SEM VÍTIMA,FINALIZADA,PARNAMIRIM,RUA JOAO TUDE DE MELO,,,EM FRENTE AO SHOPPING PARNAMIRIM,RUA JOAO TUDE DE MELO,,EM FRENTE AO SHOPPING PARNAMIRIM,PARNAMIRIM,10,SUBURBIO,ABALROAMENTO LONGITUDINAL,AUTO E ONIBUS S/V (AUTO PASSEIO SE EVADIU DO LOCAL),1,,,,,1,,,,0,,Longo da via,Bom,Sem defeito,Perfeito estado,Seca,Perfeito estado,Faixa de pedestre,,,Dupla,Canteiro central,,,,,,
2018-12-19,15:39:00,SEM VÍTIMA,FINALIZADA,SANTO AMARO,VDO ENG ROBERTO PEREIRA DE CARVALHO,,,EM FRENTE AO SHOPPING TACARUNA,VDO ENG ROBERTO PEREIRA DE CARVALHO,,EM FRENTE AO SHOPPING TACARUNA,SANTO AMARO,,SUBURBIO,COLISÃO TRASEIRA,ENTRE TRES AUTOS S/V,3,,,,,,,,,0,,Viaduto,Bom,Não existe,Incompleta,Seca,Perfeito estado,Não existe,Não há placas,,Única,,,,,,,
2018-12-19,15:49:00,SEM VÍTIMA,FINALIZADA,SANTO AMARO,AV GOVERNADOR AGAMENON MAGALHAES,,,EM CIMA DO VIADUTO ENG ROBERTO PEREIRA DE CARVALHO,AV GOVERNADOR AGAMENON MAGALHAES,,EM CIMA DO VIADUTO ENG ROBERTO PEREIRA DE CARVALHO,SANTO AMARO,,,COLISÃO TRASEIRA,ENGAVETAMENTO ENTRE TRES AUTOS S/V,3,,,,,,,,,0,,Viaduto,Bom,Não existe,Perfeito estado,Seca,Perfeito estado,Não existe,Não há placas,,Dupla,Canal,,,,,,
2018-12-19,16:01:00,COM VÍTIMA,FINALIZADA,PINA,AV ENGENHEIRO DOMINGOS FERREIRA,,RUA TOME GIBSON,EM FRENTE A ESCOLA MUNICIPAL OSWALDO LIMA FILHO, SENTIDO BOA VIAGEM,AV ENGENHEIRO DOMINGOS FERREIRA,,EM FRENTE A ESCOLA MUNICIPAL OSWALDO LIMA FILHO, SENTIDO BOA VIAGEM,PINA,200,,COLISÃO COM CICLISTA,AUTO E CICLISTA,1,,,1,,,,,,1,,,,,,,,,,,,,,,,
2018-12-19,16:03:00,SEM VÍTIMA,FINALIZADA,IMBIRIBEIRA,AV PRESIDENTE DUTRA,,,E/F AO SAL E BRASA S/T BOA VIAGEM,AV PRESIDENTE DUTRA,,E/F AO SAL E BRASA S/T BOA VIAGEM,IMBIRIBEIRA,,SUBURBIO,ABALROAMENTO LONGITUDINAL,,1,,,,,,1,,,0,,Longo da via,Bom,Não existe,Perfeito estado,Seca,Perfeito estado,Não existe,Outras,60 km/h,Dupla,Canteiro central,,,,,,
2018-12-19,16:20:00,SEM VÍTIMA,FINALIZADA,MADALENA,AV VISCONDE DE ALBUQUERQUE,,RUA LOPES DE CARVALHO,,AV VISCONDE DE ALBUQUERQUE,,,MADALENA,,,ABALROAMENTO TRANSVERSAL,COLISAO ENTRE TAXI E AUTO S/V,2,,,,,,,,,0,,Cruzamento,Bom,Não existe,Perfeito estado,Seca,Perfeito estado,Outros,"Placas ""Pare""",,Única,Faixa seccionada,,,,,,
2018-12-19,16:31:00,SEM VÍTIMA,FINALIZADA,PARNAMIRIM,AV PARNAMIRIM,,,E/F AO BANCO SANTANDER,AV PARNAMIRIM,,E/F AO BANCO SANTANDER,PARNAMIRIM,,,ABALROAMENTO LONGITUDINAL,COLISAO ENTRE TRASPORTE COMPLEMENTAR E AUTO S/V,1,,,,,1,,,,0,,Longo da via,Bom,Não existe,,Seca,Perfeito estado,,R-6a,,Única,Faixa seccionada,,,,,,
2018-12-19,16:40:00,SEM VÍTIMA,FINALIZADA,CAMPO GRANDE,RUA DONA ELVIRA,303,,E/F A QUITANDARIA,RUA DONA ELVIRA,303,E/F A QUITANDARIA,CAMPO GRANDE,,CIDADE,ABALROAMENTO LONGITUDINAL,COLISAO ENTRE DOIS AUTOS S/V,2,,,,,,,,,0,,Longo da via,Bom,Não existe,Não existente,Seca,Perfeito estado,Não existe,Não há placas,,Dupla,Não existe,,,,,,
2018-12-19,16:55:00,SEM VÍTIMA,FINALIZADA,ENCRUZILHADA,AV JOAO DE BARROS,1860,AV NORTE,SEMÁFORO Nº 043,AV JOAO DE BARROS,1860,SEMÁFORO Nº 043,ENCRUZILHADA,43,CIDADE,ABALROAMENTO LONGITUDINAL,COLISÃO SEM VÍTIMA,1,,,,,1,,,,0,,Longo da via,Bom,Sem defeito,Perfeito estado,Seca,Perfeito estado,Faixa de pedestre,R-6a,,Única,Faixa contínua,,,,,,
2018-12-19,17:17:00,SEM VÍTIMA,FINALIZADA,SÃO JOSÉ,RUA FLORIANO PEIXOTO,,,EM FRENTE A ESTAÇÃO RECIFE,RUA FLORIANO PEIXOTO,,EM FRENTE A ESTAÇÃO RECIFE,SÃO JOSÉ,,,COLISÃO,COLISÃO SEM VÍTIMA,1,,,,,1,,,,0,,,,,,,,,,,,,,,,,,
2018-12-19,17:33:00,SEM VÍTIMA,FINALIZADA,ENCRUZILHADA,RUA MARQUES DO PARANA,,,,RUA MARQUES DO PARANA,,,ENCRUZILHADA,56,SUBURBIO,COLISÃO TRASEIRA,AUTO E ONIBUS S/V,1,,,,,1,,,,0,,Cruzamento,Bom,Sem defeito,Perfeito estado,Seca,Perfeito estado,Faixa de pedestre,Não há placas,,Dupla,Canteiro central,,,,,,
2018-12-19,17:36:00,SEM VÍTIMA,FINALIZADA,ESPINHEIRO,AV GOVERNADOR AGAMENON MAGALHAES,2279,,EM FRENTE AO EDIFICIO SÃO PAULO/ SENTIDO BOA VIAGEM,AV GOVERNADOR AGAMENON MAGALHAES,2279,EM FRENTE AO EDIFICIO SÃO PAULO/ SENTIDO BOA VIAGEM,ESPINHEIRO,,CIDADE,COLISÃO TRASEIRA,COLISÃO SEM VÍTIMA,1,,,,,1,,,,0,,Longo da via,Bom,Não existe,Perfeito estado,Seca,Perfeito estado,Não existe,Outras,60 km/h,Dupla,Canteiro central,,,,,,
2018-12-19,18:06:00,SEM VÍTIMA,FINALIZADA,SANTO AMARO,RUA AURORA,,,,RUA AURORA,,,SANTO AMARO,,CIDADE,ABALROAMENTO LONGITUDINAL,COLISÃO SEM VÍTIMA/ UM DOS VEICULOS E UM CARRO FORTE..EMPRESA PRESERVE,1,,,,,,,,1,0,,Longo da via,Bom,Sem defeito,Perfeito estado,Seca,Perfeito estado,Não existe,Não há placas,,Dupla,Canteiro central,,,,,,
2018-12-19,18:17:00,SEM VÍTIMA,FINALIZADA,ILHA DO LEITE,RUA GENERAL JOAQUIM INACIO,,,SEMÁFORO 069,RUA GENERAL JOAQUIM INACIO,,SEMÁFORO 069,ILHA DO LEITE,69,CIDADE,ABALROAMENTO LONGITUDINAL,HB20 X FORD KA,2,,,,,,,,,0,,Cruzamento,Bom,Sem defeito,Perfeito estado,Seca,Perfeito estado,Agente,Outras,60 km/h,Única,Faixa seccionada,,,,,,
2018-12-19,18:29:00,SEM VÍTIMA,FINALIZADA,DERBY,RUA JENER DE SOUZA,635,RUA DA BAIXA VERDE,QUARTEL DO DERBY,RUA JENER DE SOUZA,635,QUARTEL DO DERBY,DERBY,,,ABALROAMENTO LONGITUDINAL,ENTRE AUTOS S/V.,2,,,,,,,,,0,,Cruzamento,Bom,Não existe,Perfeito estado,Seca,Perfeito estado,Não existe,Não há placas,30 km/h,Dupla,Canteiro central,,,,,,
2018-12-19,19:00:00,SEM VÍTIMA,FINALIZADA,TORRE,RUA REAL DA TORRE,1335,,,RUA REAL DA TORRE,1335,,TORRE,,SUBURBIO,ABALROAMENTO LONGITUDINAL,ATUOS X CAMINHÃO S/V,2,,,,,,1,,,0,,Longo da via,Bom,Não existe,Perfeito estado,Seca,Perfeito estado,,,,Única,,,,,,,
2018-12-19,19:02:00,SEM VÍTIMA,CANCELADA,IMBIRIBEIRA,AV MARECHAL MASCARENHAS DE MORAES,,,EMBAIXO DO VIADULTO DO AEROPORTO, SENTIDO PRAZERES, SENTIDO OPOSTO DA MOVIDA RENT CAR,AV MARECHAL MASCARENHAS DE MORAES,,EMBAIXO DO VIADULTO DO AEROPORTO, SENTIDO PRAZERES, SENTIDO OPOSTO DA MOVIDA RENT CAR,IMBIRIBEIRA,,SUBURBIO,COLISÃO,COLISÃO SEM VITIMAS,1,,,,,,1,,,0,,,,,,,,,,,,,,
2018-12-19,19:09:00,COM VÍTIMA,FINALIZADA,ILHA DO LEITE,AV GOVERNADOR AGAMENON MAGALHAES,,,EM FRENTE AO HOSPITAL REAL PORTUGUÊS,AV GOVERNADOR AGAMENON MAGALHAES,,EM FRENTE AO HOSPITAL REAL PORTUGUÊS,ILHA DO LEITE,69,SUBURBIO,ACID. DE PERCURSO,ÓLEO NA PISTA MOTOQUEIRO ACIDENTOU-SE,,1,,,,,,,,2,,Longo da via,Bom,Sem defeito,Perfeito estado,Oleosa,Perfeito estado,Não existe,Outras,,Dupla,Faixa seccionada,Canteiro central,,,,,
2018-12-19,19:20:00,COM VÍTIMA,FINALIZADA,IPUTINGA,AV CAXANGA,3489,RUA GENERAL CANDIDO BORGES CASTELO BRANCO,ENFRENTE AO PERNAMBUCO DA SORTE E O BANCO DO BRASIL,AV CAXANGA,3489,ENFRENTE AO PERNAMBUCO DA SORTE E O BANCO DO BRASIL,IPUTINGA,229,CIDADE,COLISÃO COM CICLISTA,COLISÃO COM VITIMA/ VITIMA AGUARDANDO ATENDIMENTO NO LOCAL,,,,1,,1,,,,1,,Cruzamento,Bom,Sem defeito,Perfeito estado,Seca,Perfeito estado,Faixa de pedestre,,60 km/h,Dupla,Canteiro central,,,,,,
2018-12-19,20:27:00,SEM VÍTIMA,FINALIZADA,IMBIRIBEIRA,RUA BARAO DE SOUZA LEAO,,,EM FRENTE AO HOTEL IBIS,RUA BARAO DE SOUZA LEAO,,EM FRENTE AO HOTEL IBIS,IMBIRIBEIRA,,CIDADE,ABALROAMENTO LONGITUDINAL,ENTRE AUTOS S/V.,2,,,,,,,,,0,,Longo da via,Bom,Não existe,Perfeito estado,Seca,Perfeito estado,,Outras,,Única,Não existe,,,,,,
2018-12-19,20:35:00,SEM VÍTIMA,FINALIZADA,ZUMBI,AV CAXANGA,1118,,DELICIA DOS PRAZERES,AV CAXANGA,1118,DELICIA DOS PRAZERES,ZUMBI,,SUBURBIO,ABALROAMENTO TRANSVERSAL,COLISÃO SEM VITIMAS,2,,,,,,,,,0,,Longo da via,Bom,Sem defeito,Perfeito estado,Seca,Perfeito estado,,,,Dupla,Canteiro central,,,,,,
2018-12-19,21:05:00,SEM VÍTIMA,FINALIZADA,GRAÇAS,RUA ESMERALDINO BANDEIRA,,RUA BRUNO MAIA,,RUA ESMERALDINO BANDEIRA,,,GRAÇAS,,CIDADE,ABALROAMENTO LONGITUDINAL,ENTRE AUTOS S/V.,2,,,,,,,,,0,,Cruzamento,Bom,Não existe,,Seca,Mal iluminada,,"Placas ""Dê a preferência""",,Única,Faixa seccionada,,,,,,
2018-12-19,21:56:00,SEM VÍTIMA,FINALIZADA,IPUTINGA,RUA MAURICIO DE NASSAU,408,,,RUA MAURICIO DE NASSAU,408,,IPUTINGA,,CIDADE,COLISÃO FRONTAL,COLISÃO SEM VITIMAS,2,,,,,,,,,0,,Longo da via,Bom,Sem defeito,Perfeito estado,Seca,Perfeito estado,Não existe,Não há placas,40 km/h,Dupla,Faixa seccionada,,,,,,
2018-12-19,23:34:00,SEM VÍTIMA,FINALIZADA,CAMPO GRANDE,RUA DR MACHADO,353,RUA VOLUNTARIOS DA PATRIA,,RUA DR MACHADO,353,,CAMPO GRANDE,,,ABALROAMENTO TRANSVERSAL,COLISÃO SEM VITIMAS,2,,,,,,,,,0,,Cruzamento,Bom,Não existe,Perfeito estado,Seca,Perfeito estado,Faixa de retenção,"Placas ""Pare""",,Dupla,,,,,,,
2018-12-20,00:00:00,SEM VÍTIMA,FINALIZADA,IBURA,RUA RIO TAPADO,,,ALÇA DE SAÍDA BR 101,RUA RIO TAPADO,,ALÇA DE SAÍDA BR 101,IBURA,,,COLISÃO TRASEIRA,COLISÃO SEM VITIMAS,2,,,,,,,,,0,,Longo da via,Bom,Não existe,Perfeito estado,Seca,Perfeito estado,Não existe,Não há placas,60 km/h,Única,Não existe,,,,,,
2018-12-20,00:48:00,SEM VÍTIMA,FINALIZADA,IMBIRIBEIRA,AV MARECHAL MASCARENHAS DE MORAES,,,LADO OPOSTO A IGREJA BATISTA,AV MARECHAL MASCARENHAS DE MORAES,,LADO OPOSTO A IGREJA BATISTA,IMBIRIBEIRA,,CIDADE,COLISÃO TRASEIRA,COLISÃO ENTRE AUTO E MOTO S/V,2,,,,,,,,,0,,Longo da via,Bom,Não existe,Incompleta,Seca,Mal iluminada,Não existe,Não há placas,,Única,Faixa seccionada,,,,,,
2018-12-20,06:36:00,SEM VÍTIMA,CANCELADA,BARRO,AV CENTRAL,,,ESTAÇÃO DE METRO DO BARRO,AV CENTRAL,,ESTAÇÃO DE METRO DO BARRO,BARRO,,,COLISÃO,SEM VITIMAS,1,,,,,1,,,,0,,,,,,,,,,,,,,,,,,
2018-12-20,09:16:00,SEM VÍTIMA,FINALIZADA,IMBIRIBEIRA,AV MARECHAL MASCARENHAS DE MORAES,533,,EM FRENTE A COOPERGAS,AV MARECHAL MASCARENHAS DE MORAES,533,EM FRENTE A COOPERGAS,IMBIRIBEIRA,,CIDADE,COLISÃO TRASEIRA,MOTO E AUTO (BATEDOR ITALO E LUCIANO BARROS NO LOCAL),1,1,,,,,,,,0,,Longo da via,Bom,Sem defeito,Perfeito estado,Seca,Perfeito estado,Não existe,Outras,60 km/h,Dupla,Canteiro central,,,,,,
2018-12-20,09:47:00,SEM VÍTIMA,FINALIZADA,AFOGADOS,RUA LUIZ PEREIRA DE FARIAS,82 A,RUA MANOEL RODRIGUES DO PASSO,,RUA LUIZ PEREIRA DE FARIAS,82 A,,AFOGADOS,,CIDADE,ABALROAMENTO TRANSVERSAL,COLISÃO SEM VITIMAS,2,,,,,,,,,0,,Cruzamento,Bom,Não existe,Não existente,Seca,Mal conservada,Não existe,Não há placas,,Dupla,Não existe,,,,,,
2018-12-20,10:11:00,SEM VÍTIMA,FINALIZADA,MADALENA,RUA DR SEVERINO PINHEIRO,520,RUA BENFICA,,RUA DR SEVERINO PINHEIRO,520,,MADALENA,590,SUBURBIO,COLISÃO TRASEIRA,COLISÃO SEM VITIMAS,2,,,,,,,,,0,,Cruzamento,Bom,Sem defeito,Perfeito estado,Seca,Perfeito estado,Faixa de pedestre,"Placas ""Pare""",,Única,Faixa seccionada,,,,,,
2018-12-20,10:47:00,SEM VÍTIMA,CANCELADA,AREIAS,RUA IPOJUCA,428,,EM FRENTE AO ARMAZEM COMPANHIA DO CIMETO,RUA IPOJUCA,428,EM FRENTE AO ARMAZEM COMPANHIA DO CIMETO,AREIAS,,,COLISÃO,COLISÃO SEM VITIMAS,2,,,,,,,,,0,,,,,,,,,,,,,,,,,,
2018-12-20,10:53:00,SEM VÍTIMA,FINALIZADA,MADALENA,RUA JOSE OSORIO,,AV VISCONDE DE ALBUQUERQUE,SEMÁFORO 050,RUA JOSE OSORIO,,SEMÁFORO 050,MADALENA,50,,ABALROAMENTO LONGITUDINAL,COLISÃO ENTRE UM AUTO PASSEIO E UM CARRO FORTE DA PRESERVE,1,,,,,,,1,,0,,Cruzamento,Bom,Sem defeito,Perfeito estado,Seca,Perfeito estado,Faixa de pedestre,R-6a,,Única,,,,,,,
2018-12-20,11:01:00,COM VÍTIMA,FINALIZADA,DERBY,PTE ESTACIO COIMBRA,,,SOBRE A PONTE DO DERBY. QUARTEL DO DERBY.,PTE ESTACIO COIMBRA,,SOBRE A PONTE DO DERBY. QUARTEL DO DERBY.,DERBY,,CIDADE,COLISÃO TRASEIRA,DUAS MOTOS,,2,,,,,,,,1,,Ponte,Bom,Não existe,Perfeito estado,Seca,Perfeito estado,Não existe,Não há placas,,Dupla,Faixa contínua,,,,,,
2018-12-20,11:22:00,SEM VÍTIMA,FINALIZADA,BOA VISTA,RUA GERVASIO PIRES,165,RUA PALMARES,,RUA GERVASIO PIRES,165,,BOA VISTA,,CIDADE,CHOQUE OBJETO FIXO,VEÍCULO CHOCOU SE COM UM POSTE,1,,,,,,,,,0,,Cruzamento,Bom,Não existe,Perfeito estado,Seca,Perfeito estado,Não existe,Não há placas,30 km/h,Única,Não existe,,,,,,
2018-12-20,12:24:00,SEM VÍTIMA,FINALIZADA,IPSEP,AV RECIFE,,,E/F AO ATACAMAX ATACADO S/T,AV RECIFE,,E/F AO ATACAMAX ATACADO S/T,IPSEP,,,COLISÃO,COLISAO ENTRE CAMINHAO E AUTO S/V,1,,,,,,1,,,0,,,,,,,,,,,,,,,,,,
2018-12-20,12:36:00,SEM VÍTIMA,FINALIZADA,SAN MARTIN,RUA FARROUPILHA,165 B,RUA SIGISMUNDO CABRAL DE MELO,,RUA FARROUPILHA,165 B,,SAN MARTIN,,SUBURBIO,ABALROAMENTO TRANSVERSAL,COLISAO ENRE DOIS AUTOS S/V,2,,,,,,,,,0,,Cruzamento,Bom,Não existe,Perfeito estado,Seca,Perfeito estado,Não existe,Não há placas,,Dupla,Não existe,,,,,,
2018-12-20,12:56:00,SEM VÍTIMA,CANCELADA,CORDEIRO,RUA ODETE MONTEIRO,,,NA FRENTYE DA ESCOLA MUNICIPAL DARCY RIBEIRO,RUA ODETE MONTEIRO,,NA FRENTYE DA ESCOLA MUNICIPAL DARCY RIBEIRO,CORDEIRO,,,COLISÃO,COLISÃO SEM VITIMA,1,1,,,,,,,,0,,,,,,,,,,,,,,,,,,
2018-12-20,13:13:00,SEM VÍTIMA,FINALIZADA,SAN MARTIN,AV GENERAL SAN MARTIN,,,LADO OPOSTO AO 1449,AV GENERAL SAN MARTIN,,LADO OPOSTO AO 1449,SAN MARTIN,,SUBURBIO,COLISÃO TRASEIRA,COLISAO ENTRE ONIBUS E AUTO S/V,1,,,,,,1,,,0,,Longo da via,Bom,Não existe,Perfeito estado,Seca,Perfeito estado,Não existe,R-6a,,Dupla,Faixa contínua,,,,,,