data,hora,natureza_acidente,situacao,bairro,endereco,numero,detalhe_endereco_acidente,complemento,endereco_cruzamento,numero_cruzamento,referencia_cruzamento,bairro_cruzamento,num_semaforo,sentido_via,tipo,descricao,auto,moto,ciclom,ciclista,pedestre,onibus,caminhao,viatura,outros,vitimas,vitimasfatais,acidente_verificado,tempo_clima,situacao_semaforo,sinalizacao,condicao_via,conservacao_via,ponto_controle,situacao_placa,velocidade_max_via,mao_direcao,divisao_via1,divisao_via2,divisao_via3,,,,
2018-12-23,10:16:00,SEM VÍTIMA,FINALIZADA,IPSEP,RUA ADERBAL DE MELO,329,RUA PROFESSOR JOSE VICENTE,,RUA ADERBAL DE MELO,329,,IPSEP,,SUBURBIO,ABALROAMENTO LONGITUDINAL,SEM VITIMAS,1,,,,,1,,,,0,,Cruzamento,Bom,Não existe,Não existente,Seca,Perfeito estado,Não existe,Outras,,Dupla,Não existe,,,,,,
2018-12-23,10:50:00,SEM VÍTIMA,FINALIZADA,MADALENA,RUA REAL DA TORRE,1335,,EM FRENTE A DROGARIA SÃO PAULO,RUA REAL DA TORRE,1335,EM FRENTE A DROGARIA SÃO PAULO,MADALENA,,SUBURBIO,COLISÃO TRASEIRA,COLISÃO SEM VITIMAS,3,,,,,,,,,0,,Longo da via,Bom,Sem defeito,Perfeito estado,Seca,,Outros,Não há placas,,Única,Faixa seccionada,,,,,,
2018-12-23,11:41:00,SEM VÍTIMA,FINALIZADA,JIQUIÁ,AV DR JOSE RUFINO,14,,EM FRENTE A FABRICA IOLANDA,AV DR JOSE RUFINO,14,EM FRENTE A FABRICA IOLANDA,JIQUIÁ,,SUBURBIO,ABALROAMENTO LONGITUDINAL,DOIS AUTOS,2,,,,,,,,,0,,Longo da via,Bom,Não existe,Incompleta,Seca,Mal conservada,Outros,Outras,60 km/h,Dupla,Faixa contínua,,,,,,
2018-12-23,11:46:00,SEM VÍTIMA,FINALIZADA,BOA VISTA,AV JOAO DE BARROS,,,AO LADO DO CONSERVATORIO PERNAMBUCANO,AV JOAO DE BARROS,,AO LADO DO CONSERVATORIO PERNAMBUCANO,BOA VISTA,,,COLISÃO,SEM VITIMAS,1,1,,,,,,,,0,,,,,,,,,,,,,,,,,,
2018-12-23,12:02:00,SEM VÍTIMA,FINALIZADA,CAMPINA DO BARRETO,RUA DOS PEIXINHOS,936,,,RUA DOS PEIXINHOS,936,,CAMPINA DO BARRETO,,SUBURBIO,CHOQUE VEÍCULO PARADO,AUTO E ONIBUS ,1,,,,,1,,,,0,,Longo da via,Bom,Não existe,Perfeito estado,Seca,Perfeito estado,Não existe,Não há placas,,Dupla,Não existe,,,,,,
2018-12-23,12:15:00,SEM VÍTIMA,FINALIZADA,SÃO JOSÉ,TRV DO FORTE,,,LADO OPOSTO AO FORTE DAS CINCO PONTAS,TRV DO FORTE,,LADO OPOSTO AO FORTE DAS CINCO PONTAS,SÃO JOSÉ,,SUBURBIO,CHOQUE OBJETO FIXO,VEICULO SE CHOCOU NA QUINA DO VIADUTO, SENTIDO IMPERIAL,1,,,,,,,,,0,,Longo da via,Bom,Não existe,Perfeito estado,Seca,Perfeito estado,Outros,Outras,,Única,Faixa seccionada,,,,,
2018-12-23,13:11:00,SEM VÍTIMA,FINALIZADA,TOTÓ,AV LIBERDADE,1498,,LADO OPOSTO A FARMÁCIA DO TRABALHADOR,AV LIBERDADE,1498,LADO OPOSTO A FARMÁCIA DO TRABALHADOR,TOTÓ,,SUBURBIO,ABALROAMENTO LONGITUDINAL,COLISÃO SEM VÍTIMA,1,,,,,1,,,,0,,Longo da via,Bom,Não existe,Perfeito estado,Seca,Perfeito estado,Não existe,R-19,50 km/h,Dupla,Não existe,,,,,,
2018-12-23,13:14:00,SEM VÍTIMA,FINALIZADA,MACAXEIRA,RUA DO MONTE,7931,,,RUA DO MONTE,7931,,MACAXEIRA,,CIDADE,ABALROAMENTO LONGITUDINAL,DOIS AUTOS S/V,2,,,,,,,,,0,,Longo da via,Bom,Sem defeito,Perfeito estado,Seca,Perfeito estado,Faixa de pedestre,Outras,,Única,Não existe,,,,,,
2018-12-23,13:15:00,SEM VÍTIMA,FINALIZADA,AREIAS,AV RECIFE,3600,,EM FRENTE A IGREJA UNIVERSAL/ SENTIDO BR 101,AV RECIFE,3600,EM FRENTE A IGREJA UNIVERSAL/ SENTIDO BR 101,AREIAS,,,COLISÃO TRASEIRA,COLISÃO SEM VÍTIMA,3,,,,,,,,,0,,Longo da via,Bom,Não existe,Perfeito estado,Seca,Perfeito estado,Não existe,Não há placas,60 km/h,Única,Faixa seccionada,,,,,,
2018-12-23,13:37:00,SEM VÍTIMA,FINALIZADA,IMBIRIBEIRA,AV MARECHAL MASCARENHAS DE MORAES,,RUA ITACARI,EM FRENTE AO POSTO IPIRANGA,AV MARECHAL MASCARENHAS DE MORAES,,EM FRENTE AO POSTO IPIRANGA,IMBIRIBEIRA,225,,COLISÃO,AUTO E CAMINHAO DA CELPE S/V,1,,,,,,1,,,0,,,,,,,,,,,,,,,,,,
2018-12-23,13:43:00,SEM VÍTIMA,DUPLICIDADE,CAÇOTE,AV RECIFE,3585,,PROX. AO GALETUS,AV RECIFE,3585,PROX. AO GALETUS,CAÇOTE,,,COLISÃO,DOIS AUTOS S/V,2,,,,,,,,,0,,,,,,,,,,,,,,,,,,
2018-12-23,14:04:00,SEM VÍTIMA,CANCELADA,SÃO JOSÉ,RUA IMPERIAL,,,EM FRENTE A ESCOLA ESTADUAL JOAQUIM NABUCO,RUA IMPERIAL,,EM FRENTE A ESCOLA ESTADUAL JOAQUIM NABUCO,SÃO JOSÉ,302,,COLISÃO,DOIS AUTOS SV,,,,,,,,,,0,,,,,,,,,,,,,,,,,,
2018-12-23,14:34:00,SEM VÍTIMA,FINALIZADA,SANTO AMARO,RUA ALVARES DE AZEVEDO,,RUA PALMARES,POSTE DE ILUMINAÇÃO PÚBLICA BO 22017,RUA ALVARES DE AZEVEDO,,POSTE DE ILUMINAÇÃO PÚBLICA BO 22017,SANTO AMARO,,CIDADE,CHOQUE OBJETO FIXO,VEÍCULO CHOCOU SE NO POSTE,1,,,,,,,,,0,,Cruzamento,Bom,Sem defeito,Perfeito estado,Seca,Perfeito estado,Faixa de pedestre,Outras,,Única,Faixa seccionada,,,,,,
2018-12-23,14:48:00,SEM VÍTIMA,FINALIZADA,BOA VIAGEM,AV ENGENHEIRO DOMINGOS FERREIRA,2986,RUA MARIA CAROLINA,ROMARRI,AV ENGENHEIRO DOMINGOS FERREIRA,2986,ROMARRI,BOA VIAGEM,,SUBURBIO,ABALROAMENTO TRANSVERSAL,COLISÃO SEM VÍTIMA,1,,,,,,,,1,0,,Longo da via,Bom,,Perfeito estado,Seca,Perfeito estado,Outros,Outras,60 km/h,Única,Canteiro central,,,,,,
2018-12-23,16:10:00,SEM VÍTIMA,FINALIZADA,JIQUIÁ,RUA SAO MIGUEL,,,CENTRO AUTOMOTIVO,RUA SAO MIGUEL,,CENTRO AUTOMOTIVO,JIQUIÁ,,CIDADE,COLISÃO TRASEIRA,DOIS AUTOS,2,,,,,,,,,0,,Longo da via,Bom,Não existe,Perfeito estado,Seca,Perfeito estado,Não existe,Não há placas,60 km/h,Dupla,Faixa contínua,,,,,,
2018-12-23,17:06:00,SEM VÍTIMA,FINALIZADA,IMBIRIBEIRA,AV MARECHAL MASCARENHAS DE MORAES,,AV GENERAL MAC ARTHUR,OPOSTO SEMINOVOS MOVIDAS,AV MARECHAL MASCARENHAS DE MORAES,,OPOSTO SEMINOVOS MOVIDAS,IMBIRIBEIRA,225,CIDADE,COLISÃO TRASEIRA,ENTRE DOIS AUTOS S/V,2,,,,,,,,,0,,Longo da via,Bom,,Perfeito estado,Seca,Perfeito estado,Faixa de pedestre,Outras,60 km/h,Dupla,Canteiro central,,,,,,
2018-12-23,17:10:00,SEM VÍTIMA,FINALIZADA,CAÇOTE,AV RECIFE,,,LADO OPOSTO SPV VEÍCULOS,AV RECIFE,,LADO OPOSTO SPV VEÍCULOS,CAÇOTE,212,,ABALROAMENTO LONGITUDINAL,ENTRE DOIS AUTOS S/V,2,,,,,,,,,0,,Longo da via,Bom,Sem defeito,Perfeito estado,Seca,Perfeito estado,Outros,Outras,60 km/h,Dupla,Faixa seccionada,Canteiro central,,,,,
2018-12-23,17:38:00,SEM VÍTIMA,FINALIZADA,IPSEP,AV RECIFE,,,MARAVLHA MOTOS,AV RECIFE,,MARAVLHA MOTOS,IPSEP,,,COLISÃO TRASEIRA,TRÊS VEÍCULOS ENGAVETAMENTO,3,,,,,,,,,0,,Longo da via,Bom,Não existe,Perfeito estado,Seca,Perfeito estado,Não existe,Não há placas,60 km/h,Única,Faixa seccionada,,,,,,
2018-12-23,17:49:00,SEM VÍTIMA,FINALIZADA,SANTO AMARO,AV GOVERNADOR AGAMENON MAGALHAES,,,EM FRENTE À UPE,AV GOVERNADOR AGAMENON MAGALHAES,,EM FRENTE À UPE,SANTO AMARO,,SUBURBIO,COLISÃO TRASEIRA,ENTRE AUTOS S/V.,2,,,,,,,,,0,,Longo da via,Bom,Não existe,Perfeito estado,Seca,Perfeito estado,,,,Dupla,Canteiro central,,,,,,
2018-12-23,18:06:00,SEM VÍTIMA,FINALIZADA,DERBY,RUA DR BANDEIRA FILHO,,AV GOVERNADOR AGAMENON MAGALHAES,,RUA DR BANDEIRA FILHO,,,DERBY,173,SUBU,ABALROAMENTO LONGITUDINAL,ENTRE AUTOS S/V.,2,,,,,,,,,0,,Cruzamento,Bom,Sem defeito,Perfeito estado,Seca,Perfeito estado,Faixa de retenção,R-6a,,Única,,,,,,,
2018-12-23,18:11:00,SEM VÍTIMA,FINALIZADA,IPSEP,AV RECIFE,2996,,ENF A IGREJA KADOSH// SENTIDO BR 101,AV RECIFE,2996,ENF A IGREJA KADOSH// SENTIDO BR 101,IPSEP,,SUBURBIO,COLISÃO TRASEIRA,,3,,,,,,,,,0,,Longo da via,Bom,Não existe,Perfeito estado,Seca,Perfeito estado,Outros,Outras,,Dupla,Canteiro central,,,,,,
2018-12-23,18:47:00,SEM VÍTIMA,CANCELADA,MADALENA,RUA ANTONIO RABELO,258,RUA PADRE ANCHIETA,SEGUNDA RUA A DIREITA APÓS À PADARIA MASSA NOBRE // PRÓX À PRAÇA DOMINGOS GIOVANETTI,RUA ANTONIO RABELO,258,SEGUNDA RUA A DIREITA APÓS À PADARIA MASSA NOBRE // PRÓX À PRAÇA DOMINGOS GIOVANETTI,MADALENA,,,COLISÃO,ENTRE AUTOS S/V.,2,,,,,,,,,0,,,,,,,,,,,,,,,,,,
2018-12-23,19:48:00,SEM VÍTIMA,FINALIZADA,SANTANA,RUA LEONARDO BEZERRA CAVALCANTE,,,WALMART CASA FORTE,RUA LEONARDO BEZERRA CAVALCANTE,,WALMART CASA FORTE,SANTANA,,SUBURBIO,COLISÃO TRASEIRA,ENTRE AUTOS S/V.,2,,,,,,,,,0,,Longo da via,Bom,Não existe,Perfeito estado,Seca,Perfeito estado,Faixa de retenção,Não há placas,40 km/h,Única,Faixa seccionada,,,,,,
2018-12-23,20:03:00,SEM VÍTIMA,FINALIZADA,IBURA,AV DOM HELDER CAMARA,,AV RECIFE,AO LADO DO POSTO SHELL E FARMÁCIA EXTRAFARMA,AV DOM HELDER CAMARA,,AO LADO DO POSTO SHELL E FARMÁCIA EXTRAFARMA,IBURA,,CIDADE,COLISÃO TRASEIRA,ENTRE AUTOS S/V.,2,,,,,,,,,0,,Longo da via,Bom,Não existe,Não existente,Seca,Mal iluminada,Não existe,Não há placas,,Dupla,Faixa seccionada,Canteiro central,,,,,
2018-12-23,21:22:00,SEM VÍTIMA,FINALIZADA,PINA,RUA TOME GIBSON,470,,,RUA TOME GIBSON,470,,PINA,,CIDADE,ABALROAMENTO TRANSVERSAL,HB 20 X NISSAN,2,,,,,,,,,0,,Longo da via,Bom,Sem defeito,Perfeito estado,Seca,,,,,Dupla,,,,,,,
2018-12-23,22:25:00,SEM VÍTIMA,FINALIZADA,CAMPO GRANDE,RUA PRUDENTE DE MORAES,124,RUA MARQUES DE ABRANTES,FRENTE AO Nº 124,RUA PRUDENTE DE MORAES,124,FRENTE AO Nº 124,CAMPO GRANDE,,SUBURBIO,ABALROAMENTO TRANSVERSAL,ENTRE AUTOS S/V.,2,,,,,,,,,0,,Cruzamento,Bom,Não existe,Perfeito estado,Seca,Perfeito estado,Faixa de retenção,"Placas ""Pare""",,Dupla,Faixa seccionada,,,,,,
2018-12-23,22:46:00,COM VÍTIMA,CANCELADA,BEBERIBE,AV BEBERIBE,4250,,EM FRENTE À OPÇÃO MÓVEIS E ELETRO,AV BEBERIBE,4250,EM FRENTE À OPÇÃO MÓVEIS E ELETRO,BEBERIBE,,,COLISÃO,AUTO X MOTO C/V.,1,1,,,,,,,,1,,,,,,,,,,,,,,,,,,
2018-12-24,07:29:00,SEM VÍTIMA,FINALIZADA,MADALENA,TUNEL DA ABOLICAO,,,APÓS A RUA REAL DA TORRE,TUNEL DA ABOLICAO,,APÓS A RUA REAL DA TORRE,MADALENA,,SUBURBIO,CHOQUE OBJETO FIXO,VEÍCULO CHOCOU SE COM PAREDE DO TÚNEL DA ABOLIÇÃO,1,,,,,,,,,0,,Longo da via,Bom,Não existe,Perfeito estado,Seca,Perfeito estado,,Não há placas,,Única,,,,,,,
2018-12-24,07:53:00,COM VÍTIMA,FINALIZADA,MANGABEIRA,AV NORTE,4413,AV PROFESSOR JOSE DOS ANJOS,POSTO DE COMBUSTÍVEL BR,AV NORTE,4413,POSTO DE COMBUSTÍVEL BR,MANGABEIRA,364,CIDADE,ABALROAMENTO LONGITUDINAL,COLISÃO ENVOLVENDO DUAS MOTOCICLETAS C/ VÍTIMA - SOCORRO PRESTADO PELOS BOMBEIROS E SAMU.,,2,,,,,,,,2,,Cruzamento,Bom,Sem defeito,Perfeito estado,Seca,Perfeito estado,,Outras,,Dupla,Canteiro central,,,,,,
2018-12-24,07:58:00,SEM VÍTIMA,FINALIZADA,GRAÇAS,RUA JOAQUIM NABUCO,,RUA DAS CREOULAS,E/F A FARMACIA QUATRO CANTOS,RUA JOAQUIM NABUCO,,E/F A FARMACIA QUATRO CANTOS,GRAÇAS,71,SUBURBIO,ABALROAMENTO LONGITUDINAL,SEM VÍTIMAS,1,,,,,1,,,,0,,Cruzamento,Bom,Sem defeito,Perfeito estado,Seca,Perfeito estado,Faixa de pedestre,Não há placas,40 km/h,Única,Faixa seccionada,,,,,,
2018-12-24,08:07:00,SEM VÍTIMA,FINALIZADA,IBURA,LAD DA COHAB,87,,,LAD DA COHAB,87,,IBURA,,SUBURBIO,ABALROAMENTO LONGITUDINAL,SEM VITIMAS ,CTTU NO LOCAL,2,,,,,1,,,,0,,Longo da via,Bom,Não existe,Perfeito estado,Seca,Mal conservada,Não existe,Não há placas,,Dupla,Faixa contínua,,,,,
2018-12-24,09:16:00,SEM VÍTIMA,CANCELADA,ROSARINHO,AV SANTOS DUMONT,275,,EM FRENTE AO EDF ARTEMIS,AV SANTOS DUMONT,275,EM FRENTE AO EDF ARTEMIS,ROSARINHO,,,COLISÃO,DOIS AUTOS,2,,,,,,,,,0,,,,,,,,,,,,,,,,,,
2018-12-24,09:43:00,SEM VÍTIMA,FINALIZADA,CASA FORTE,EST DAS UBAIAS,,,RUA CASA FORTE,CRUZAMENTO DAS RUAS,EST DAS UBAIAS,,,CRUZAMENTO DAS RUAS,CASA FORTE,,,ABALROAMENTO TRANSVERSAL,SEM VITIMAS.,VT 01,2,,,,,,,,,0,,Cruzamento,Bom,Não existe,Perfeito estado,Seca,Perfeito estado,,"Placas ""Pare""",,Dupla,Não existe,,,
2018-12-24,10:35:00,SEM VÍTIMA,FINALIZADA,AREIAS,AV RECIFE,,,EM FRENTE AO RESTAURANTE GALETUS,AV RECIFE,,EM FRENTE AO RESTAURANTE GALETUS,AREIAS,336,CIDADE,COLISÃO TRASEIRA,SEM VÍTIMAS. VT 15 NO LOCAL.,1,,,,,,1,,,0,,Longo da via,Bom,Sem defeito,Perfeito estado,Seca,Perfeito estado,Faixa de pedestre,R-6a,60 km/h,Dupla,Faixa seccionada,,,,,,
2018-12-24,10:59:00,SEM VÍTIMA,FINALIZADA,TEJIPIÓ,AV LIBERDADE,208,,E/F AO CEMITÉRIO PARQUE DAS FLORES,AV LIBERDADE,208,E/F AO CEMITÉRIO PARQUE DAS FLORES,TEJIPIÓ,,SUBURBIO,COLISÃO TRASEIRA,SEM VÍTIMAS,2,,,,,,,,,0,,Longo da via,Bom,Não existe,Perfeito estado,Seca,Perfeito estado,Não existe,Não há placas,,Dupla,Faixa contínua,,,,,,
2018-12-24,12:21:00,SEM VÍTIMA,CANCELADA,AFOGADOS,RUA QUITERIO INACIO DE MELLO,234,,APOS O POSTO DP E/F FUNILARIA E PINTURA AFOGADOS CENTER,RUA QUITERIO INACIO DE MELLO,234,APOS O POSTO DP E/F FUNILARIA E PINTURA AFOGADOS CENTER,,,,COLISÃO,COLISAO ENTRE TRATOR E AUTO S/V,1,,,,,,,,1,0,,,,,,,,,,,,,,,,,,
2018-12-24,12:24:00,SEM VÍTIMA,FINALIZADA,ALTO JOSÉ DO PINHO,RUA MARAGOGI,134,,EM FRENTE AO CLUBE BOM SUCESSO,RUA MARAGOGI,134,EM FRENTE AO CLUBE BOM SUCESSO,ALTO JOSÉ DO PINHO,,SUBURBIO,COLISÃO TRASEIRA,COLISÃO ENTRE 3 AUTOS SEM VÍTIMA,3,,,,,,,,,0,,Longo da via,Bom,Não existe,Perfeito estado,Seca,Perfeito estado,Agente,Outras,30 km/h,Dupla,Não existe,,,,,,
2018-12-24,12:26:00,SEM VÍTIMA,FINALIZADA,JARDIM SÃO PAULO,AV SAO PAULO,411,,SUPERMERCADO RENDE MAIS,AV SAO PAULO,411,SUPERMERCADO RENDE MAIS,JARDIM SÃO PAULO,,CIDADE,ABALROAMENTO TRANSVERSAL,AUTO E CAMINHAO S/V,1,,,,,,1,,,0,,Longo da via,Bom,Não existe,Não existente,Seca,Perfeito estado,Não existe,Não há placas,,Dupla,Não existe,,,,,,
2018-12-24,12:50:00,COM VÍTIMA,FINALIZADA,ESPINHEIRO,RUA AMELIA,,RUA DR VICENTE MEIRA,E/F AO ESPINHEIRO SHOPPING ESPINHEIRO,RUA AMELIA,,E/F AO ESPINHEIRO SHOPPING ESPINHEIRO,ESPINHEIRO,,CIDADE,ABALROAMENTO TRANSVERSAL,COLISAO ENTRE AUTO E MOTO COM UMA VITIMA,1,1,,,,,,,,1,,Esquina,Bom,Não existe,Perfeito estado,Seca,,Não existe,Outras,,Única,Faixa,,,,,,
2018-12-24,15:19:00,SEM VÍTIMA,FINALIZADA,BARRO,AV DR JOSE RUFINO,3162,,PROX A ESTAÇAO DO BARRO,AV DR JOSE RUFINO,3162,PROX A ESTAÇAO DO BARRO,BARRO,,,COLISÃO,COLISAO ENTRE DOIS CAMINHOES S/V,,,,,,,2,,,0,,,,,,,,,,,,,,,,,,
2018-12-24,15:43:00,SEM VÍTIMA,FINALIZADA,ÁGUA FRIA,RUA JOAO UZEDA LUNA,,,EM FRENTE AO NÚMERO 165,RUA JOAO UZEDA LUNA,,EM FRENTE AO NÚMERO 165,ÁGUA FRIA,,,CHOQUE VEÍCULO PARADO,COLISAO ENTRE DOIS AUTOS S/V,2,,,,,,,,,0,,Longo da via,Bom,Não existe,Não existente,Seca,Perfeito estado,Não existe,Não há placas,,Dupla,,,,,,,
2018-12-24,16:58:00,SEM VÍTIMA,FINALIZADA,MACAXEIRA,RUA MARIA AMALIA,,RUA DA UNIAO,ESQUINA DAS RUAS,RUA MARIA AMALIA,,ESQUINA DAS RUAS,MACAXEIRA,,,ABALROAMENTO TRANSVERSAL,COLISAO ENTRE DOIS AUTOS S/V,2,,,,,,,,,0,,Não informado,Bom,Não existe,Incompleta,Seca,Mal conservada,Não existe,Não há placas,,Dupla,Não existe,,,,,,
2018-12-24,17:14:00,SEM VÍTIMA,FINALIZADA,TAMARINEIRA,RUA JOSE CARVALHEIRA,447,,,RUA JOSE CARVALHEIRA,447,,TAMARINEIRA,,,CHOQUE VEÍCULO PARADO,COLISAO ENTRE DOIS AUTOS S/V,2,,,,,,,,,0,,Longo da via,Bom,Não existe,Perfeito estado,Seca,Perfeito estado,,Outras,30 km/h,Única,,,,,,,
2018-12-24,17:58:00,SEM VÍTIMA,FINALIZADA,JAQUEIRA,RUA MUNIZ TAVARES,,PRC PROFESSOR FLEMING,,RUA MUNIZ TAVARES,,,JAQUEIRA,,SUBURBIO,ABALROAMENTO TRANSVERSAL,OBS:: VT DA CTTU 08 ESTA NO LOCAL,2,,,,,,,,,0,,Não informado,Bom,Não existe,Perfeito estado,Seca,Perfeito estado,Faixa de pedestre,"Placas ""Pare""",40 km/h,Dupla,Faixa contínua,,,,,,
2018-12-24,22:17:00,SEM VÍTIMA,FINALIZADA,,AV CHAPADA DO ARARIPE,,,LADEIRA MONTE VERDE,AV CHAPADA DO ARARIPE,,LADEIRA MONTE VERDE,,,SUBURBIO,COLISÃO TRASEIRA,DOIS AUTOS,2,,,,,,,,,0,,Cruzamento,Bom,Não existe,Perfeito estado,Seca,Perfeito estado,,,,,,,,,,,
2018-12-24,22:22:00,SEM VÍTIMA,FINALIZADA,VASCO DA GAMA,RUA CORREGO DO OURO,72,,ANTIGO CÓRREGO DO EUCLIDES,RUA CORREGO DO OURO,72,ANTIGO CÓRREGO DO EUCLIDES,VASCO DA GAMA,,SUBURBIO,ABALROAMENTO LONGITUDINAL,ENTRE AUTOS S/V.,2,,,,,,,,,0,,Longo da via,Bom,Não existe,Incompleta,Seca,Mal iluminada,Não existe,Não há placas,,Dupla,Não existe,,,,,,
2018-12-24,22:23:00,SEM VÍTIMA,FINALIZADA,GUABIRABA,AV DA RECUPERACAO,,,POSTO SERRA II,AV DA RECUPERACAO,,POSTO SERRA II,GUABIRABA,,SUBURBIO,COLISÃO TRASEIRA,FORD K X SIENA OBS:: VT DA CTTU 03 ESTA NO LOCAL,2,,,,,,,,,0,,Longo da via,Bom,Não existe,Perfeito estado,Seca,Perfeito estado,,Outras,,Única,Não existe,,,,,,
2018-12-25,02:35:00,SEM VÍTIMA,CANCELADA,IBURA,RUA ESCRITOR DULCE CHACON,55,AV JOAO RIO BRANCO DE LIMA,PROX DA PARÓQUIA SÃO PEDRO,RUA ESCRITOR DULCE CHACON,55,PROX DA PARÓQUIA SÃO PEDRO,IBURA,,,CHOQUE VEÍCULO PARADO,AUTO PERDEU O CONTROLE E CHOCOU-SE COM UM VEÍCULO ESTACIONADO S/V,2,,,,,,,,,0,,,,,,,,,,,,,,,,,,
2018-12-25,03:10:00,SEM VÍTIMA,FINALIZADA,MACAXEIRA,RUA CORREGO DA AREIA,839,,PROX DO CAMPO DO UNIÃO, PROX DO MERCADINHO UNIÃO,RUA CORREGO DA AREIA,839,PROX DO CAMPO DO UNIÃO, PROX DO MERCADINHO UNIÃO,MACAXEIRA,,SUBURBIO,CHOQUE VEÍCULO PARADO,AUTO PERDEU O CONTROLE E CHOCOU-SE EM UM VEÍCULO ESTACIONADO S/V,2,,,,,,,,,0,,Longo da via,Bom,Não existe,Incompleta,Seca,Mal conservada,Não existe,Não há placas,,Dupla,Não existe,,,,
2018-12-25,07:57:00,SEM VÍTIMA,FINALIZADA,PARNAMIRIM,RUA PADRE ROMA,,,PRAÇA HELVIN JONES,RUA PADRE ROMA,,PRAÇA HELVIN JONES,PARNAMIRIM,,SUBURBIO,ABALROAMENTO TRANSVERSAL,COM DUAS VITIMAS VT 08 CTTU GM,SAMU NO LOCAL,1,1,,,,,,,,0,,Cruzamento,Bom,Não existe,Perfeito estado,Seca,Perfeito estado,Não existe,"Placas ""Pare""",,Única,Não existe,,,,,
2018-12-25,09:23:00,COM VÍTIMA,FINALIZADA,CAMPO GRANDE,RUA MARQUES DE BAIPENDI,766,RUA JERONIMO VILELA,EM FRENTE AO SUPERMERCADO DOIS E BOM.,RUA MARQUES DE BAIPENDI,766,EM FRENTE AO SUPERMERCADO DOIS E BOM.,CAMPO GRANDE,341,SUBURBIO,ABALROAMENTO LONGITUDINAL,COLISÃO COM VITIMA.,1,1,,,,,,,,1,,Cruzamento,Bom,Sem defeito,Perfeito estado,Seca,Perfeito estado,Faixa de pedestre,R-6a,,Dupla,Faixa,,,,,,
2018-12-25,10:35:00,SEM VÍTIMA,FINALIZADA,BOA VISTA,RUA DOM BOSCO,821,,,RUA DOM BOSCO,821,,BOA VISTA,,SUBURBIO,CHOQUE OBJETO FIXO,AGENTES CHEGANDO AO LOCAL VERIFICOU UM VEÍCULO QUE HAVIA SE CHOCADO COM UM POSTE. VEÍCULO NOTIFICADO E FEITO UM BOLETIM ESTATÍSTICO,1,,,,,,,,,0,,Longo da via,Bom,Não existe,Perfeito estado,Seca,Perfeito estado,Outros,R-6a,,Única,Faixa contínua,Faixa seccionada,,,,,
2018-12-25,10:41:00,SEM VÍTIMA,FINALIZADA,MANGABEIRA,AV NORTE,,AV PROFESSOR JOSE DOS ANJOS,EM FRENTE AO SESC DE CASA AMARELA,AV NORTE,,EM FRENTE AO SESC DE CASA AMARELA,MANGABEIRA,364,SUB,ABALROAMENTO LONGITUDINAL,SEM VITIMAS,2,,,,,,,,,0,,Cruzamento,Bom,Sem defeito,Perfeito estado,Seca,Perfeito estado,Faixa de pedestre,"Placas ""Pare""",,Única,Blocos,,,,,,
2018-12-25,11:47:00,SEM VÍTIMA,FINALIZADA,IPSEP,AV MARECHAL MASCARENHAS DE MORAES,4831,,LADO OPOSTO A JUSTIÇA DO TRABALHO,AV MARECHAL MASCARENHAS DE MORAES,4831,LADO OPOSTO A JUSTIÇA DO TRABALHO,IPSEP,,,ABALROAMENTO LONGITUDINAL,SEM VITIMAS,1,,,,,1,,,,0,,Longo da via,Bom,Sem defeito,Perfeito estado,Seca,Perfeito estado,Faixa de pedestre,Outras,60 km/h,Única,Faixa seccionada,,,,,,