data,hora,natureza_acidente,situacao,bairro,endereco,numero,detalhe_endereco_acidente,complemento,endereco_cruzamento,numero_cruzamento,referencia_cruzamento,bairro_cruzamento,num_semaforo,sentido_via,tipo,descricao,auto,moto,ciclom,ciclista,pedestre,onibus,caminhao,viatura,outros,vitimas,vitimasfatais,acidente_verificado,tempo_clima,situacao_semaforo,sinalizacao,condicao_via,conservacao_via,ponto_controle,situacao_placa,velocidade_max_via,mao_direcao,divisao_via1,divisao_via2,divisao_via3,,,,
2018-12-25,12:17:00,SEM VÍTIMA,FINALIZADA,IMBIRIBEIRA,AV MARECHAL MASCARENHAS DE MORAES,,,EM FRENTE A TAMBAI CHEVROLET,AV MARECHAL MASCARENHAS DE MORAES,,EM FRENTE A TAMBAI CHEVROLET,IMBIRIBEIRA,161,,COLISÃO TRASEIRA,ONIBUS E AUTO,1,,,,,1,,,,0,,Longo da via,Bom,Sem defeito,Perfeito estado,Seca,Perfeito estado,Faixa de pedestre,Não há placas,60 km/h,Dupla,Canteiro central,,,,,,
2018-12-25,13:25:00,SEM VÍTIMA,FINALIZADA,VÁRZEA,RUA AZEREDO COUTINHO,169,,EM FRENTE A PADARIA PRAÇA DOS PÃES,RUA AZEREDO COUTINHO,169,EM FRENTE A PADARIA PRAÇA DOS PÃES,VÁRZEA,,,COLISÃO,COLISÃO SEM VÍTIMA,2,,,,,,,,,0,,,,,,,,,,,,,,,,,,
2018-12-25,14:58:00,SEM VÍTIMA,FINALIZADA,IMBIRIBEIRA,RUA BARAO DE AGUA BRANCA,95,,,RUA BARAO DE AGUA BRANCA,95,,IMBIRIBEIRA,,SUBURBIO,CHOQUE VEÍCULO PARADO,COLISÃO SEM VÍTIMA,2,,,,,,,,,0,,Longo da via,Bom,Não existe,Perfeito estado,Seca,Perfeito estado,Não existe,Não há placas,30 km/h,Dupla,Não existe,,,,,,
2018-12-25,16:41:00,SEM VÍTIMA,FINALIZADA,CAXANGÁ,AV CAXANGA,54,,UPA CAXANGÁ,AV CAXANGA,54,UPA CAXANGÁ,CAXANGÁ,,SUBURBIO,COLISÃO TRASEIRA,CHOQUE ENTRE TRES AUTOS S/V,3,,,,,,,,,0,,Longo da via,Bom,Não existe,Perfeito estado,Seca,Perfeito estado,Agente,Não há placas,,Dupla,Canteiro central,,,,,,
2018-12-25,18:04:00,SEM VÍTIMA,FINALIZADA,ENCRUZILHADA,AV NORTE,1851,RUA MARQUES DO PARANA,CAPOTARIA NORTE,AV NORTE,1851,CAPOTARIA NORTE,ENCRUZILHADA,56,CIDADE,ABALROAMENTO TRANSVERSAL,COLISÃO SEM VÍTIMA,2,,,,,,,,,0,,Cruzamento,Bom,Sem defeito,Perfeito estado,Seca,Perfeito estado,Faixa de pedestre,"Placas ""Pare""",,Dupla,Canteiro central,,,,,,
2018-12-25,23:54:00,COM VÍTIMA,FINALIZADA,ÁGUA FRIA,RUA DA REGENERACAO,107,RUA DAS MOCAS,JUNTO A PIZZARIA ATLÂNTICO,RUA DA REGENERACAO,107,JUNTO A PIZZARIA ATLÂNTICO,ÁGUA FRIA,472,SUBURBIO,ABALROAMENTO TRANSVERSAL,COLISÃO COM VITIMA / SAMU NO LOCAL,1,1,,,,,,,,1,,Cruzamento,Bom,Intermitente,Perfeito estado,Seca,Perfeito estado,Faixa de pedestre,Não há placas,,Dupla,Faixa,,,,,,
2018-12-26,07:44:00,SEM VÍTIMA,FINALIZADA,DERBY,RUA JENER DE SOUZA,,PRC DO DERBY,DE ESQUINA COM A PRAÇA DO DERBY EM BAIXO DO SEMAFORO 418,RUA JENER DE SOUZA,,DE ESQUINA COM A PRAÇA DO DERBY EM BAIXO DO SEMAFORO 418,DERBY,418,SUBURBIO,COLISÃO TRASEIRA,COLISÃO SEM VITIMAS,2,,,,,,,,,0,,Longo da via,Bom,Sem defeito,Perfeito estado,Seca,Perfeito estado,Faixa de pedestre,R-4a,60 km/h,Dupla,Canteiro central,,,,,,
2018-12-26,07:56:00,SEM VÍTIMA,FINALIZADA,DERBY,PRC DO DERBY,,,EM FRENTE A PRAÇA DO DERBY EM BAIXO DO SEMAFORO 075,PRC DO DERBY,,EM FRENTE A PRAÇA DO DERBY EM BAIXO DO SEMAFORO 075,DERBY,75,CIDADE,COLISÃO TRASEIRA,COLISÃO SEM VITIMAS,1,1,,,,,,,,0,,Ponte,Bom,Sem defeito,Perfeito estado,Seca,Perfeito estado,Faixa de retenção,Não há placas,60 km/h,Dupla,Faixa contínua,,,,,,
2018-12-26,08:38:00,SEM VÍTIMA,FINALIZADA,PINA,RUA MANOEL DE BRITO,,AV REPUBLICA ARABE UNIDA,,RUA MANOEL DE BRITO,,,PINA,659,CIDADE,ABALROAMENTO LONGITUDINAL,ONIBUS / ONIBUS EMLURB,1,,,,,1,,,,0,,Não informado,Bom,Sem defeito,Perfeito estado,Seca,Perfeito estado,Não existe,Outras,,Única,Faixa seccionada,,,,,,
2018-12-26,09:57:00,SEM VÍTIMA,CANCELADA,ESPINHEIRO,RUA DA HORA,906,,AO LADO DO LABORATORIO DO HOSPITAL DO SERVIDOR ESTADO,RUA DA HORA,906,AO LADO DO LABORATORIO DO HOSPITAL DO SERVIDOR ESTADO,ESPINHEIRO,,,COLISÃO,COLISÃO SEM VITIMAS,2,,,,,,,,,0,,,,,,,,,,,,,,,,,,
2018-12-26,10:10:00,SEM VÍTIMA,FINALIZADA,BOA VISTA,PTE PRINCESA IZABEL,5,,AO LADO DA DELEGACIA DA POLICIA CIVIL,PTE PRINCESA IZABEL,5,AO LADO DA DELEGACIA DA POLICIA CIVIL,BOA VISTA,,CIDADE,COLISÃO TRASEIRA,COLISÃO SEM VITIMAS,1,,,,,1,,,,0,,Longo da via,Bom,Não existe,Perfeito estado,Seca,Perfeito estado,Não existe,Não há placas,,Única,Faixa seccionada,,,,,,
2018-12-26,11:27:00,SEM VÍTIMA,FINALIZADA,JARDIM SÃO PAULO,AV SAO PAULO,218,,BOLO.COM,AV SAO PAULO,218,BOLO.COM,JARDIM SÃO PAULO,,SUBURBIO,ABALROAMENTO TRANSVERSAL,DOIS AUTOS,2,,,,,,,,,0,,Longo da via,Bom,Não existe,Perfeito estado,Seca,Perfeito estado,Não existe,Não há placas,,Dupla,Não existe,,,,,,
2018-12-26,11:28:00,SEM VÍTIMA,FINALIZADA,BOA VIAGEM,AV ENGENHEIRO DOMINGOS FERREIRA,1930,,EM FRENTE A SONIARE,AV ENGENHEIRO DOMINGOS FERREIRA,1930,EM FRENTE A SONIARE,BOA VIAGEM,,SUBURBIO,COLISÃO TRASEIRA,SEM VITIMAS,1,1,,,,,,,,0,,Longo da via,Bom,Não existe,Perfeito estado,Seca,Perfeito estado,Não existe,Outras,,Única,Canteiro central,,,,,,
2018-12-26,11:56:00,SEM VÍTIMA,FINALIZADA,SANTO AMARO,AV GOVERNADOR AGAMENON MAGALHAES,,,EM FRENTE A UPE,AV GOVERNADOR AGAMENON MAGALHAES,,EM FRENTE A UPE,SANTO AMARO,,SUBURBIO,COLISÃO TRASEIRA,COLISÃO SEM VITIMAS,2,,,,,,,,,0,,Longo da via,Bom,Sem defeito,Perfeito estado,Seca,Perfeito estado,Outros,Outras,,Dupla,Canteiro central,,,,,,
2018-12-26,12:14:00,SEM VÍTIMA,FINALIZADA,IPSEP,RUA JEAN EMILE FAVRE,1324,RUA DR RAPOSO PINTO,EM FRENTE AO SUPERMERCADO IGUAÇU,RUA JEAN EMILE FAVRE,1324,EM FRENTE AO SUPERMERCADO IGUAÇU,IPSEP,,SUBURBIO,ABALROAMENTO LONGITUDINAL,COLISÃO SEM VITIMAS,1,,,,,1,,,,0,,Longo da via,Bom,Não existe,Perfeito estado,Seca,Perfeito estado,Não existe,Outras,,Dupla,Faixa contínua,,,,,,
2018-12-26,12:17:00,SEM VÍTIMA,CANCELADA,MADALENA,RUA LUIZ FARIAS,,,PROX. AO MULTIRIM,RUA LUIZ FARIAS,,PROX. AO MULTIRIM,MADALENA,,,COLISÃO,COLISÃO SEM VITIMAS,1,1,,,,,,,,0,,,,,,,,,,,,,,,,,,
2018-12-26,13:05:00,COM VÍTIMA,FINALIZADA,PORTO DA MADEIRA,AV BEBERIBE,4216,,APOS A PIZZARIA HUTZ / BATERIAS HELIAR,AV BEBERIBE,4216,APOS A PIZZARIA HUTZ / BATERIAS HELIAR,PORTO DA MADEIRA,,SUBURBIO,ABALROAMENTO LONGITUDINAL,COLISÃO COM VITIMA,1,1,,,,,,,,1,,Longo da via,Bom,Sem defeito,Perfeito estado,Seca,Perfeito estado,Não existe,Não há placas,,Dupla,Faixa contínua,Faixa seccionada,,,,,
2018-12-26,14:51:00,SEM VÍTIMA,FINALIZADA,IMBIRIBEIRA,RUA DUQUE ESTRADA,,RUA BARAO DE AGUA BRANCA,,RUA DUQUE ESTRADA,,,IMBIRIBEIRA,,SUBURBIO,ABALROAMENTO TRANSVERSAL,COLISÃO SEM VITIMAS,2,,,,,,,,,0,,Cruzamento,Bom,Não existe,Não existente,Seca,,,,,,,,,,,,
2018-12-26,15:17:00,SEM VÍTIMA,FINALIZADA,NOVA DESCOBERTA,RUA MANDACARU,,AV NORTE,FARMACIA MANDACARU,RUA MANDACARU,,FARMACIA MANDACARU,NOVA DESCOBERTA,,CIDADE,ABALROAMENTO LONGITUDINAL,COLISÃO SEM VITIMAS,1,,,,,,1,,,0,,Não informado,Bom,Não existe,Perfeito estado,Seca,Perfeito estado,Não existe,Outras,,Dupla,Não existe,,,,,,
2018-12-26,15:42:00,COM VÍTIMA,FINALIZADA,VÁRZEA,AV CAXANGA,,,E/F AO GOLF CLUB S/T CID / FIAT ITALIANA,AV CAXANGA,,E/F AO GOLF CLUB S/T CID / FIAT ITALIANA,VÁRZEA,,CIDADE,COLISÃO TRASEIRA,COLISAO ENTRE DUAS MOTOS COM UMA VITIMA,,2,,,,,,,,1,,Longo da via,Bom,Não existe,Perfeito estado,Seca,Perfeito estado,Não existe,Outras,,Dupla,Faixa contínua,Faixa seccionada,Canteiro central,,,,
2018-12-26,15:49:00,SEM VÍTIMA,FINALIZADA,IMBIRIBEIRA,AV MARECHAL MASCARENHAS DE MORAES,2555,,REVEST, PISO E REVESTIMENTO,AV MARECHAL MASCARENHAS DE MORAES,2555,REVEST, PISO E REVESTIMENTO,IMBIRIBEIRA,,CIDADE,ABALROAMENTO LONGITUDINAL,COLISAO ENTRE AUTO S/V,1,1,,,,,,,,0,,Longo da via,Bom,Não existe,Perfeito estado,Seca,Perfeito estado,Não existe,Outras,60 km/h,Dupla,Canteiro central,,,,
2018-12-26,16:15:00,COM VÍTIMA,FINALIZADA,DERBY,AV GOVERNADOR AGAMENON MAGALHAES,,,EM FRENTE AO BANCO BRADESCO NA PRAÇA DO DERBY,AV GOVERNADOR AGAMENON MAGALHAES,,EM FRENTE AO BANCO BRADESCO NA PRAÇA DO DERBY,DERBY,,,ATROPELAMENTO,ATROPELAMENTO ENTRE MOTO E PEDESTRE,,1,,,1,,,,,1,,Longo da via,Bom,Sem defeito,Perfeito estado,Seca,Perfeito estado,,R-6a,60 km/h,Única,Faixa,,,,,,
2018-12-26,16:29:00,SEM VÍTIMA,FINALIZADA,DERBY,AV GOVERNADOR AGAMENON MAGALHAES,422,,PISTA LOCAL EM FRENTE AO Nº 422,AV GOVERNADOR AGAMENON MAGALHAES,422,PISTA LOCAL EM FRENTE AO Nº 422,DERBY,,,COLISÃO TRASEIRA,COLISAO ENTRE TRES AUTOS S/V,3,,,,,,,,,0,,Longo da via,Bom,Sem defeito,Perfeito estado,Seca,Perfeito estado,Faixa de pedestre,,,Dupla,Canteiro central,,,,,,
2018-12-26,16:37:00,COM VÍTIMA,FINALIZADA,DERBY,AV GOVERNADOR AGAMENON MAGALHAES,,,EM FRENTE A RESTAURAÇÃO,AV GOVERNADOR AGAMENON MAGALHAES,,EM FRENTE A RESTAURAÇÃO,DERBY,,BOA VIAGEM,COLISÃO TRASEIRA,COLISÃO COM VITIMA,1,1,,,,,,,,1,,Longo da via,Bom,Não existe,Perfeito estado,Seca,Perfeito estado,Não existe,Não há placas,,Dupla,Canteiro central,,,,,,
2018-12-26,16:45:00,SEM VÍTIMA,FINALIZADA,MADALENA,AV VISCONDE DE ALBUQUERQUE,,,AO LADO DO BOMPREÇO,AV VISCONDE DE ALBUQUERQUE,,AO LADO DO BOMPREÇO,MADALENA,,,COLISÃO,COLISAO ENTRE AUTO E CAMINHAO S/V,1,,,,,,1,,,0,,,,,,,,,,,,,,,,,,
2018-12-26,16:49:00,COM VÍTIMA,FINALIZADA,IMBIRIBEIRA,AV MARECHAL MASCARENHAS DE MORAES,2666,,RUA DOUTOR TAVARES CORREIA/ LOJAS CENTER AÇO,AV MARECHAL MASCARENHAS DE MORAES,2666,RUA DOUTOR TAVARES CORREIA/ LOJAS CENTER AÇO,IMBIRIBEIRA,289,CIDADE,ABALROAMENTO LONGITUDINAL,COLISÃO COM VITIMA- VITMA AO SOLO. OUTRA PARTE SE AVADIU,1,1,,,,,,,,1,,Longo da via,Bom,Sem defeito,Perfeito estado,Seca,Perfeito estado,Não existe,Outras,60 km/h,Dupla,Canteiro central,,,,,,
2018-12-26,17:31:00,SEM VÍTIMA,FINALIZADA,VÁRZEA,RUA RIBEIRO PESSOA,,,NA FRENTE DA UPA, E O POSTO SHELL,RUA RIBEIRO PESSOA,,NA FRENTE DA UPA, E O POSTO SHELL,VÁRZEA,281,SUBURBIO,ABALROAMENTO LONGITUDINAL,COLISÃO SEM VITIMAS,2,,,,,,,,,0,,Longo da via,Bom,Sem defeito,Perfeito estado,Seca,Perfeito estado,Faixa de pedestre,Não há placas,,Dupla,Faixa contínua,Faixa seccionada,,,
2018-12-26,17:34:00,SEM VÍTIMA,FINALIZADA,CAXANGÁ,AV CAXANGA,4855,RUA DR PAULO CORREIA,,AV CAXANGA,4855,,CAXANGÁ,,CIDADE,COLISÃO TRASEIRA,COLISAO ENTRE AUTO E MOTO S/V,1,1,,,,,,,,0,,Longo da via,Bom,Não existe,Perfeito estado,Seca,Perfeito estado,Não existe,R-6a,,Dupla,Faixa seccionada,,,,,,
2018-12-26,18:11:00,SEM VÍTIMA,FINALIZADA,TORRE,RUA REAL DA TORRE,,,EM FRENTE A DROGARIA SÃO PAULO,RUA REAL DA TORRE,,EM FRENTE A DROGARIA SÃO PAULO,TORRE,,SUBURBIO,ABALROAMENTO LONGITUDINAL,COLISÃO SEM VITIMAS,1,,,,,,1,,,0,,Longo da via,Bom,Não existe,Perfeito estado,Seca,Perfeito estado,Não existe,Não há placas,,Única,Não existe,,,,,,
2018-12-26,18:38:00,COM VÍTIMA,FINALIZADA,IPUTINGA,RUA MAURICIO DE NASSAU,,RUA SAO MATEUS,GALERIA AMANDA MARANHAO,RUA MAURICIO DE NASSAU,,GALERIA AMANDA MARANHAO,IPUTINGA,,SUBURBIO,ABALROAMENTO LONGITUDINAL,MOTO X AUTO,1,1,,,,,,,,1,,Cruzamento,Bom,Sem defeito,Incompleta,Seca,Perfeito estado,Faixa de pedestre,,,Dupla,Faixa,,,,,,
2018-12-26,20:29:00,SEM VÍTIMA,FINALIZADA,CAMPINA DO BARRETO,RUA DR ELIAS GOMES,41,,,RUA DR ELIAS GOMES,41,,CAMPINA DO BARRETO,,SUBURBIO,CHOQUE VEÍCULO PARADO,COLISÃO SEM VITIMAS,1,,,,,,,,1,0,,Longo da via,Bom,Não existe,Não existente,Seca,Perfeito estado,Não existe,Não há placas,,Dupla,Não existe,,,,,,
2018-12-26,21:06:00,SEM VÍTIMA,CANCELADA,CORDEIRO,AV CAXANGA,,,G.L.A VEICULOS APOS O PARQUE EXPOSIÇÃO,AV CAXANGA,,G.L.A VEICULOS APOS O PARQUE EXPOSIÇÃO,CORDEIRO,,SUBURBIO,COLISÃO,COLISÃO SEM VITIMAS,2,,,,,,,,,0,,,,,,,,,,,,,,,,,,
2018-12-26,21:25:00,COM VÍTIMA,FINALIZADA,BOA VIAGEM,AV CONSELHEIRO AGUIAR,3303,RUA FELIX DE BRITO E MELO,DE ESQUINA COM BRADESCO E FARMACIA INDEPENDENTE,AV CONSELHEIRO AGUIAR,3303,DE ESQUINA COM BRADESCO E FARMACIA INDEPENDENTE,BOA VIAGEM,546,CIDADE,ABALROAMENTO LONGITUDINAL,BROS X UP,1,1,,,,,,,,1,,Cruzamento,Bom,Sem defeito,Perfeito estado,Seca,Perfeito estado,Faixa de pedestre,R-25d,,Única,Faixa,,,,,,
2018-12-27,00:05:00,COM VÍTIMA,FINALIZADA,VÁRZEA,AV CAXANGA,,RUA RAUL MORAIS,EM FRENTE AO RESTAURANTE BOI E BRASA // PRÓX AO POSTO DISLUB,AV CAXANGA,,EM FRENTE AO RESTAURANTE BOI E BRASA // PRÓX AO POSTO DISLUB,VÁRZEA,230,CIDADE,COLISÃO TRASEIRA,COLISÃO ENTRE AUTO E MOTO, COM VÍTIMA.,1,1,,,,,,,,1,,Outros,Bom,Sem defeito,Perfeito estado,Seca,Perfeito estado,Outros,Outras,,Única,Não existe,,,,,
2018-12-27,00:27:00,COM VÍTIMA,FINALIZADA,CABANGA,PRC GOVERNADOR PAULO GUERRA,,LARGO DO CABANGA,COM LARGO DO CABANGA , SEMAFORO Nº662,PRC GOVERNADOR PAULO GUERRA,,COM LARGO DO CABANGA , SEMAFORO Nº662,CABANGA,662,SUBURBIO,COLISÃO COM CICLISTA,AUTO E CICLISTA,1,,,1,,,,,,1,,Longo da via,Bom,Com defeito,Perfeito estado,Seca,Perfeito estado,Faixa de pedestre,Não há placas,,Dupla,Faixa contínua,Canteiro central,,,
2018-12-27,04:25:00,COM VÍTIMA,FINALIZADA,ÁGUA FRIA,AV BEBERIBE,,RUA ALEGRE,PRÓX A ANTIGA EMPRESA SÃO PAULO // PRÓX AO ARMAZÉN CANAL DA CONSTRUÇÃO,AV BEBERIBE,,PRÓX A ANTIGA EMPRESA SÃO PAULO // PRÓX AO ARMAZÉN CANAL DA CONSTRUÇÃO,ÁGUA FRIA,64,SUBURBIO,ABALROAMENTO TRANSVERSAL,COLISÃO ENTRE ÔNIBUS E CAMINHÃO, COM VÍTIMAS.,,,,,,1,1,,,4,,Cruzamento,Bom,Intermitente,Perfeito estado,Seca,Perfeito estado,Faixa de pedestre,Não há placas,,Dupla,Faixa contínua,Faixa seccionada,,,,
2018-12-27,08:32:00,SEM VÍTIMA,FINALIZADA,PINA,AV HERCULANO BANDEIRA,,,AO LADO DO ATACADO DA CONSTRUÇÃO,AV HERCULANO BANDEIRA,,AO LADO DO ATACADO DA CONSTRUÇÃO,PINA,,SUBURBIO,COLISÃO TRASEIRA,COLISÃO SEM VITIMAS GM QTH,1,,,,,1,,,,0,,Longo da via,Bom,Sem defeito,Perfeito estado,Seca,Perfeito estado,Faixa de pedestre,Não há placas,60 km/h,Única,Faixa contínua,,,,,,
2018-12-27,10:17:00,SEM VÍTIMA,FINALIZADA,TORRE,RUA REAL DA TORRE,955,RUA ANTONIO VIEIRA,EM FRENTE A ACADEMIA TOP FIT,RUA REAL DA TORRE,955,EM FRENTE A ACADEMIA TOP FIT,TORRE,,,ABALROAMENTO LONGITUDINAL,ONIBUS E AUTO,1,,,,,1,,,,0,,Longo da via,Bom,,Perfeito estado,Seca,Perfeito estado,Não existe,Outras,,Única,Faixa seccionada,,,,,,
2018-12-27,10:30:00,SEM VÍTIMA,FINALIZADA,SÃO JOSÉ,TRV DO RAPOSO,981,RUA IMPERIAL,,TRV DO RAPOSO,981,,SÃO JOSÉ,510,SUBURBIO,ABALROAMENTO TRANSVERSAL,SEM VITIMAS/CTTU BATEDORES VT 12 E 18 VÃO FAZER O B.O,1,1,,,,,,,,0,,Cruzamento,Bom,Sem defeito,Perfeito estado,Seca,Perfeito estado,Faixa de pedestre,R-6a,,Única,Faixa contínua,Faixa seccionada,,,,,
2018-12-27,10:37:00,SEM VÍTIMA,CANCELADA,SANTO AMARO,AV GOVERNADOR AGAMENON MAGALHAES,,,EM FRENTE AO MINISTERIO DO TRABALHO,AV GOVERNADOR AGAMENON MAGALHAES,,EM FRENTE AO MINISTERIO DO TRABALHO,SANTO AMARO,,CIDADE,COLISÃO,COLISÃO SEM VITIMAS,2,,,,,,,,,0,,,,,,,,,,,,,,,,,,
2018-12-27,11:13:00,SEM VÍTIMA,CANCELADA,IPSEP,RUA PADRE LIMA E SA,109,AV RECIFE,RESIDENCIA APOS O POSTO DE GASOLINA FEDERAL 1 RUA A DIREITA,RUA PADRE LIMA E SA,109,RESIDENCIA APOS O POSTO DE GASOLINA FEDERAL 1 RUA A DIREITA,IPSEP,,JEAM EMILE FAVRE,COLISÃO,COLISÃO SEM VITIMAS,2,,,,,,,,,0,,,,,,,,,,,,,,,,,,
2018-12-27,12:16:00,SEM VÍTIMA,FINALIZADA,ESPINHEIRO,RUA BARAO DE ITAMARACA,55,,EM FRENTE AO SUPERMERCADO SOBERANO,RUA BARAO DE ITAMARACA,55,EM FRENTE AO SUPERMERCADO SOBERANO,ESPINHEIRO,464,SUBURBIO,ABALROAMENTO LONGITUDINAL,COLISÃO SEM VÍTIMA,2,,,,,,,,,0,,Longo da via,Bom,Sem defeito,Perfeito estado,Seca,Perfeito estado,Faixa de pedestre,R-6a,30 km/h,Dupla,Faixa seccionada,,,,,,
2018-12-27,12:33:00,SEM VÍTIMA,FINALIZADA,IMBIRIBEIRA,AV GENERAL MAC ARTHUR,,,EM FRENTE A GRAFICA LAFITTE,AV GENERAL MAC ARTHUR,,EM FRENTE A GRAFICA LAFITTE,IMBIRIBEIRA,,SUBURBIO,ABALROAMENTO LONGITUDINAL,COLISÃO SEM VÍTIMA,2,,,,,,,,,0,,Longo da via,Bom,Não existe,Perfeito estado,Seca,Perfeito estado,Não existe,,40 km/h,Única,Não existe,,,,,,
2018-12-27,12:46:00,SEM VÍTIMA,FINALIZADA,IMBIRIBEIRA,AV MARECHAL MASCARENHAS DE MORAES,440,,EM FRENTE AO Nº 440,AV MARECHAL MASCARENHAS DE MORAES,440,EM FRENTE AO Nº 440,IMBIRIBEIRA,279,CIDADE,COLISÃO TRASEIRA,COLISÃO SEM VÍTIMA,2,,,,,,1,,,0,,Longo da via,Bom,Sem defeito,Perfeito estado,Seca,Perfeito estado,,Outras,,Dupla,Canteiro central,,,,,,
2018-12-27,13:26:00,COM VÍTIMA,CANCELADA,IMBIRIBEIRA,RUA JACI,150,RUA CONDE PEREIRA CARNEIRO,POR TRAS DO BANCO SANTANDER,RUA JACI,150,POR TRAS DO BANCO SANTANDER,IMBIRIBEIRA,,,COLISÃO,COISAO ENTRE AUTO E MOTO S/V,1,1,,,,,,,,1,,,,,,,,,,,,,,,,,,
2018-12-27,13:35:00,SEM VÍTIMA,FINALIZADA,IMBIRIBEIRA,AV MARECHAL MASCARENHAS DE MORAES,,,E/F A LOCALIZA S/T AEROPORTO,AV MARECHAL MASCARENHAS DE MORAES,,E/F A LOCALIZA S/T AEROPORTO,IMBIRIBEIRA,,SUBURBIO,ABALROAMENTO LONGITUDINAL,COLISAO ENTRE AUTO E ONIBUS S/V,1,,,,,1,,,,0,,Longo da via,Bom,Não existe,Perfeito estado,Seca,Perfeito estado,Não existe,Outras,,Única,Faixa seccionada,Canteiro central,,,,,
2018-12-27,13:55:00,SEM VÍTIMA,FINALIZADA,SANTO AMARO,AV NORTE,245,,LADO OPOSTO AO Nº 245,AV NORTE,245,LADO OPOSTO AO Nº 245,SANTO AMARO,587,SUBURBIO,COLISÃO TRASEIRA,COLISÃO SEM VÍTIMA,2,,,,,,,,,0,,Longo da via,Bom,Sem defeito,Perfeito estado,Seca,Perfeito estado,Faixa de retenção,R-6a,,Dupla,Faixa seccionada,Canteiro central,,,,,
2018-12-27,14:25:00,SEM VÍTIMA,FINALIZADA,SÃO JOSÉ,AV SUL,18525,,RECIFE MANGUEIRA E CONEXÕES,AV SUL,18525,RECIFE MANGUEIRA E CONEXÕES,SÃO JOSÉ,260,CIDADE,COLISÃO TRASEIRA,AUTO E CAMINHAO,1,,,,,,1,,,0,,Não informado,Bom,Sem defeito,Perfeito estado,Seca,Perfeito estado,Faixa de pedestre,Não há placas,,Dupla,Canteiro central,,,,,,
2018-12-27,14:41:00,COM VÍTIMA,FINALIZADA,IPSEP,RUA HELIO BRANDAO,43,RUA ADERBAL DE MELO,ESQUINA COM A FEIJOADA DO JOAO,RUA HELIO BRANDAO,43,ESQUINA COM A FEIJOADA DO JOAO,IPSEP,,,ABALROAMENTO TRANSVERSAL,CAMINHAO E MOTO C/V,,1,,,,,1,,,1,,Longo da via,Bom,Não existe,Perfeito estado,Seca,Perfeito estado,,"Placas ""Pare""",,Dupla,Faixa,,,,,,
2018-12-27,14:48:00,SEM VÍTIMA,FINALIZADA,PINA,PTE GOVERNADOR PAULO GUERRA,,,PRÓXIMO AO ATACADO DOS PRESENTES,PTE GOVERNADOR PAULO GUERRA,,PRÓXIMO AO ATACADO DOS PRESENTES,PINA,,SUBURBIO,COLISÃO TRASEIRA,COLISAO ENTRE DOIS AUTOS S/V,2,,,,,,,,,0,,Ponte,Bom,Não existe,Perfeito estado,Seca,Perfeito estado,Não existe,R-6a,,Única,Faixa seccionada,,,,,,
2018-12-27,15:18:00,SEM VÍTIMA,FINALIZADA,SÃO JOSÉ,C SANTA RITA,,,EM FRENTE AO SEMÁFORO 076,C SANTA RITA,,EM FRENTE AO SEMÁFORO 076,SÃO JOSÉ,76,CIDADE,ABALROAMENTO LONGITUDINAL,AUTO E ONIBUS S/V,1,,,,,1,,,,0,,Não informado,Bom,Sem defeito,Perfeito estado,Seca,Perfeito estado,Faixa de retenção,Outras,,Dupla,Canteiro central,,,,,,
2018-12-27,15:26:00,SEM VÍTIMA,DUPLICIDADE,SÃO JOSÉ,C SANTA RITA,,,E/F A GRANDE RECIFE PROX AS TORRES GEMEAS,C SANTA RITA,,E/F A GRANDE RECIFE PROX AS TORRES GEMEAS,SÃO JOSÉ,,,COLISÃO,COLISAO ENTRE AUTO E MOTO S/V,1,1,,,,,,,,0,,,,,,,,,,,,,,,,,,